open_time,close_time,return_1,return_2,return_3,range_percent,body_percent,upper_wick_percent,lower_wick_percent,volume,volume_change_1,ema_fast_gap,ema_slow_gap,ema_trend_gap,ema_fast_slow_gap,ema_fast_slope,ema_slow_slope,ema_trend_slope,rsi,rsi_delta,rsi_centered,macd,macd_signal,macd_histogram,macd_histogram_delta,atr_percent,atr_change_1,distance_to_prev_high,distance_to_prev_low,three_candle_momentum,hour_sin,hour_cos,weekday_sin,weekday_cos,target_up
2026-01-19T05:00:00+00:00,2026-01-19T06:00:00+00:00,-0.003087486033171682,-0.002876452624140343,-0.00044001173364618517,0.006019262890057975,-0.0030843832478461776,0.0008460685908743342,0.002079268197499355,33144.2543,0.3370272299779279,-0.021611381524961046,-0.027721649114240642,-0.012648162268804136,-0.006245235762046513,-0.0022697189224603,-0.0011302170462800637,-0.0001271010520008124,0.24342212724943352,-0.015286591570747134,-0.513155745501133,-28.933487625911766,-14.19842735215602,-14.735060273755746,0.9037077256886406,0.007097837959546013,-0.011554040234778734,-0.004651928825799653,-0.0007487248280271526,-0.0004323296290128652,0.9659258262890683,0.25881904510252074,0.0,1.0,0
2026-01-19T06:00:00+00:00,2026-01-19T07:00:00+00:00,-0.002332152167465464,-0.005412437713392865,-0.005201896466383806,0.005222839046432903,-0.0023352669010258996,0.00047252767885648875,0.002409578229930034,18341.0265,-0.4466302866859189,-0.02166690003881293,-0.028847030481625048,-0.014804254994334133,-0.007339147007391417,-0.0022755364440153743,-0.0011760451050054222,-0.000148764348231098,0.23229133150369777,-0.011130795745735753,-0.5354173369926045,-31.377766311816686,-17.634295144088153,-13.743471167728533,0.9915891060272131,0.00697931626076845,-0.018991491083738783,-0.006247531618605188,-0.0002534108791480218,-0.005207951210981842,1.0,6.123233995736766e-17,0.0,1.0,1
2026-01-19T07:00:00+00:00,2026-01-19T08:00:00+00:00,0.0037207643056972046,0.0013799347496915807,-0.001711811812746462,0.004314927341487262,0.0037207643056972046,0.0006079558031720555,0.0,9992.5605,-0.45517986684114986,-0.01633796910184883,-0.024268060798513614,-0.011028964609350479,-0.008061805221275102,-0.001716833634418569,-0.0009895529089124513,-0.00011083158041985794,0.28809159104372367,0.05580025954002593,-0.4238168179125526,-31.98672805932847,-20.504781727136216,-11.481946332192255,2.261524835536278,0.0067649786488510515,-0.027103904417582834,0.0009049576074167941,0.006145149754695814,-0.0016988738949399412,0.9659258262890683,-0.25881904510252085,0.0,1.0,1
2026-01-19T08:00:00+00:00,2026-01-19T09:00:00+00:00,0.001995342123231111,0.005723530626678088,0.0033780303148560615,0.00768232691428079,0.001995342123231111,0.002526548989224795,0.0031644092635979733,16942.2718,0.6954885386983646,-0.013023988337511238,-0.021464591658614345,-0.008966331200252156,-0.008551984264425567,-0.0013690692206261273,-0.0008753388925193977,-9.010576162969599e-05,0.3168737616941854,0.028782170650461722,-0.3662524766116292,-31.588772413540482,-22.72157986441707,-8.867192549123413,2.614753783068842,0.006817994213224762,0.009847746590392864,0.001386543362975185,0.005723530626678088,0.003383954261462851,0.8660254037844387,-0.4999999999999998,0.0,1.0,0
2026-01-19T09:00:00+00:00,2026-01-19T10:00:00+00:00,-0.001372177468285853,0.0006204266914422384,0.004343499458627263,0.0029070310893421097,-0.001372177468285853,0.0003115788948919756,0.001221389267976567,5601.1018,-0.6694007824853807,-0.013026771551631695,-0.021932527905488428,-0.010224507510617833,-0.009023300832442611,-0.0013693613888050345,-0.0008944045450141834,-0.0001027483111530891,0.30764398594242565,-0.009229775751759775,-0.3847120281151487,-31.26879266355263,-24.431022424244183,-6.837770239308448,2.029422309814965,0.0065473388893800685,-0.0410149123041965,-0.003888900958724188,0.003803208957557894,0.004343928960642463,0.7071067811865476,-0.7071067811865475,0.0,1.0,1
2026-01-19T10:00:00+00:00,2026-01-19T11:00:00+00:00,0.0018725891583006996,0.00049784216536447,0.0024941776540388532,0.0034396215794269412,0.0018725891583006996,0.00034520614404741064,0.0012253263131050997,11163.0134,0.9930031266348345,-0.010124728933956679,-0.01932797023760953,-0.008288460859081314,-0.009297374702311177,-0.0010646263032862953,-0.0007882748769080789,-8.329417566394791e-05,0.33602808699453846,0.028384101052112812,-0.3279438260109231,-30.182326561270656,-25.581283251649477,-4.601043309621179,2.2367269296872685,0.006313995633049574,-0.03383355288387431,0.00018663274098172213,0.0030977619995382483,0.0024957538132459574,0.49999999999999994,-0.8660254037844387,0.0,1.0,1
2026-01-19T11:00:00+00:00,2026-01-19T12:00:00+00:00,0.002624810680864712,0.00450231503118899,0.0031239595876622153,0.005555365999671161,0.0026216925622301606,0.0022829421416851363,0.0006575865951592604,28599.4564,1.5619835231945525,-0.006814569565500876,-0.01610745930225502,-0.005629153064586317,-0.009356651287855369,-0.000716808928546554,-0.0006570153654691602,-5.657120217723459e-05,0.37479160074593054,0.03876351375139208,-0.2504167985081389,-28.313872189839003,-26.127801039287384,-2.1860711505516193,2.41497215906956,0.006244458835846285,-0.008417217566093106,0.0022788178748857258,0.0057369787117222395,0.0031252223708795584,0.258819045102521,-0.9659258262890682,0.0,1.0,1
2026-01-19T12:00:00+00:00,2026-01-19T13:00:00+00:00,0.0003691170038866019,0.002994896547005604,0.0048730939161104585,0.005202939443738241,0.0003691170038866019,0.0034603578183623174,0.001373600818579218,17269.5153,-0.3961593165106453,-0.005837460489681269,-0.015136210228234694,-0.005210027328358443,-0.0093533495469801,-0.0006140921842966531,-0.0006174230523720604,-5.235934205790762e-05,0.3802851688986427,0.005493568152712172,-0.23942966220271458,-26.432389452223106,-26.18871872187453,-0.24367073034857611,1.9424004202030432,0.006167925085626398,-0.011891673264913038,-0.0019094659375416083,0.0036534966514800028,0.004866516843052013,1.2246467991473532e-16,-1.0,0.0,1.0,0
2026-01-19T13:00:00+00:00,2026-01-19T14:00:00+00:00,-0.002117763790270047,-0.0017494284890086488,0.0008707902732727041,0.003738033166887721,-0.002120857893219191,3.1072594902738213e-06,0.0016095604159998497,5767.7086,-0.6660179223443521,-0.007191839238309011,-0.016557732309414826,-0.0072444813780940115,-0.009433739005449172,-0.0007564630397618159,-0.0006753693764925849,-7.280355732748115e-05,0.3606954244026837,-0.019589744495958995,-0.2786091511946326,-25.201912783695207,-25.991357534238666,0.7894447505434599,1.033115480892036,0.006006516311947053,-0.028231399378737546,-0.005558885874435378,-0.00037583709170426166,0.000876163894481267,-0.25881904510252035,-0.9659258262890684,0.0,1.0,0
2026-01-19T14:00:00+00:00,2026-01-19T15:00:00+00:00,-0.0016375257514130207,-0.00375182164894109,-0.003384089506220662,0.005250544662309334,-0.0016375257514130207,0.0004512916277621594,0.0031590413943355404,10163.4651,0.7621322096612162,-0.007984523031391907,-0.01746811371498899,-0.008782659123076408,-0.009559922101797194,-0.0008397703016923121,-0.0007124762489327749,-8.826014034516925e-05,0.34588963635276826,-0.014805788049915449,-0.3082207272944635,-24.371061686886605,-25.667298364768254,1.296236677881648,0.5067919273381882,0.005961666583661196,-0.009092143931968858,-0.0037579997023366235,-2.8010419876239233e-05,-0.0033861725377964656,-0.5000000000000001,-0.8660254037844386,0.0,1.0,1
2026-01-19T15:00:00+00:00,2026-01-19T16:00:00+00:00,0.0009990662931839516,-0.0006400954550115265,-0.0027565036743046334,0.003308241688198181,0.0009990662931839516,0.0014800028605096568,0.000830169671756531,6477.4171,-0.36267630810283397,-0.006331609604761619,-0.015850217475333224,-0.0077154295191541895,-0.00957926000522721,-0.0006660413148604893,-0.0006465293813891745,-7.753599292123843e-05,0.36304033927706664,0.017150702924298357,-0.2739193214458668,-23.18630870007746,-25.171100431830094,1.9847917317526331,0.688555053870985,0.005766611089559813,-0.031751904384369714,-0.001090156908054043,0.004171284949342032,-0.0027562232484991157,-0.7071067811865475,-0.7071067811865477,0.0,1.0,1
2026-01-19T16:00:00+00:00,2026-01-19T17:00:00+00:00,0.002160928546332428,0.003162153750388999,0.0015194498907797893,0.004483177999230654,0.002164044524594253,0.0012441206766031529,0.001079685774209167,7947.476,0.2269514032066887,-0.003787361736536103,-0.013192461966001559,-0.0055160446823990465,-0.009440856166872008,-0.0003985107823208089,-0.0005381780437807763,-5.5434561837918554e-05,0.39973782636724176,0.03669748709017512,-0.20052434726551652,-21.43943603291882,-24.42476755204784,2.9853315191290193,1.0005397873763862,0.005663391101558529,-0.01577734358843785,0.0006799194031611765,0.003996473882747234,0.0015224690881033586,-0.8660254037844384,-0.5000000000000004,0.0,1.0,0
2026-01-19T17:00:00+00:00,2026-01-19T18:00:00+00:00,-0.0009804043237071243,0.0011784056389352571,0.002178649237472767,0.0027577639751553136,-0.0009804043237071243,0.0008819875776397968,0.0008944099378882327,4280.4405,-0.4614088170885952,-0.0043122901586190865,-0.013612199616786455,-0.006426868674102991,-0.009340187054883806,-0.0004537193251829594,-0.0005552914644297331,-6.458747315475146e-05,0.3887704043485077,-0.010967422018734041,-0.2224591913029846,-20.078559316108112,-23.555525904859895,3.4769665887517824,0.49163506962276315,0.005461007178742062,-0.03668083558791004,-0.0022217608616837887,0.002265992679100638,0.002179590515809255,-0.9659258262890683,-0.25881904510252063,0.0,1.0,0
2026-01-19T18:00:00+00:00,2026-01-19T19:00:00+00:00,-0.0015838509316769905,-0.002562702441082591,-0.0004073117116108542,0.003913029954275383,-0.0015838509316769905,0.00033593579893618066,0.0019907306603627146,4601.5665,0.07502171797505426,-0.005331414617281107,-0.014588093835498922,-0.007921563651466788,-0.009306294935067362,-0.0005608867681439017,-0.0005950780726830513,-7.960736720236992e-05,0.3710750664798271,-0.017695337868680595,-0.2578498670403458,-19.190367480247005,-22.68249421993732,3.4921267396903133,0.015160150938530847,0.00535848172354045,-0.020328208302664793,-0.0034407935523868287,-0.0006900581886904436,-0.0004033267090516866,-1.0,-1.8369701987210297e-16,0.0,1.0,1
2026-01-19T19:00:00+00:00,2026-01-19T20:00:00+00:00,0.0015708109116923472,-1.5527950310615497e-05,-0.000995917050348117,0.0030062578611468617,0.0015708109116923472,0.0014379105265610054,0.0,3617.4817,-0.21385865009231098,-0.00341125250098509,-0.012535228013539042,-0.006300279539741954,-0.009155206232712326,-0.00035895031903278096,-0.0005113803161091913,-6.331538326762788e-05,0.40018804666349317,0.029112980183666082,-0.19962390667301363,-17.87294803642135,-21.720584983234126,3.847636946812777,0.35551020712246384,0.005182662055735833,-0.031292200729027456,-0.0003508140126914293,0.0035686457846345076,-0.0009934443436917675,-0.9659258262890684,0.2588190451025203,0.0,1.0,0
2026-01-19T20:00:00+00:00,2026-01-19T21:00:00+00:00,-0.0017515799934781202,-0.0001835204827522304,-0.0017670807453416318,0.004153301952829661,-0.0017515799934781202,0.001704876007603504,0.0006937725359408452,6035.3193,0.6683759036016687,-0.004668020737068904,-0.013713116808225822,-0.00796145287124103,-0.00908751678797163,-0.0004911292774124206,-0.0005594059432318936,-8.000819989670346e-05,0.37908262005379517,-0.021105426609697987,-0.2418347598924096,-17.087016015915196,-20.79387118977034,3.7068551738551427,-0.1407817729576344,0.005117580554341715,-0.014287127409005396,-0.0031849109031253627,-0.0001835204827522304,-0.0017646200134627634,-0.8660254037844386,0.5000000000000001,0.0,1.0,0
2026-01-19T21:00:00+00:00,2026-01-19T22:00:00+00:00,-0.00047599640358264925,-0.0022267426512832867,-0.0006594295312451059,0.003504752893132976,-0.00047910600064709287,0.002231712099801299,0.0007937051400967952,3662.3617,-0.39317846861888484,-0.004654379625964618,-0.013633988931271997,-0.008350443384681355,-0.00902159925306446,-0.0004896947790065916,-0.0005561798359814166,-8.391701146154062e-05,0.37333059700442806,-0.005752023049367168,-0.25333880599114394,-16.398584763200233,-19.914813904456317,3.5162291412560833,-0.19062603259905941,0.005004641609250272,-0.022534308014131508,-0.003921957692462598,0.0002179273243506615,-0.0006567654853684222,-0.7071067811865477,0.7071067811865474,0.0,1.0,0
2026-01-19T22:00:00+00:00,2026-01-19T23:00:00+00:00,-0.007401689502549256,-0.007874162728548257,-0.00961195049612566,0.0086767011602382,-0.007398599962026532,0.0005393540294762622,0.0006835998745687791,12147.2767,2.3167878257355086,-0.010889169960002047,-0.02013031915939942,-0.015536628475798423,-0.009342885467166181,-0.001144916081494782,-0.0008209711325910741,-0.0001561226417720327,0.29771761331627816,-0.07561298368814988,-0.40456477336744373,-17.56931714625034,-19.445714552815122,1.8763974065647808,-1.6398317346913025,0.0053015849594985395,0.05149273107395984,-0.010085395267407251,-0.00661323331973099,-0.009629265899610025,-0.5000000000000004,0.8660254037844384,0.0,1.0,1
2026-01-19T23:00:00+00:00,2026-01-20T00:00:00+00:00,0.00017246785826283533,-0.007230498197822452,-0.0077030529102668265,0.010198930883666895,0.00016933154803527227,0.002621059397093531,0.007408568606856801,22326.197,0.837959038176845,-0.009707672736853735,-0.019193550802226487,-0.015216262929798434,-0.009578866567197091,-0.0010208171555772484,-0.0007827969856536422,-0.00015290388245339925,0.301242658574055,0.0035250452577768954,-0.3975146828518899,-18.2424628350077,-19.20506420925364,0.9626013742459385,-0.9137960323188423,0.005650546486986089,0.06600593366163346,-0.007758618007833156,0.0008566533409480354,-0.00770521804786907,-0.2588190451025207,0.9659258262890683,0.0,1.0,0
2026-01-20T00:00:00+00:00,2026-01-20T01:00:00+00:00,-0.0017024345127056451,-0.001530260269677049,-0.008920623260852068,0.007433765059105836,-0.0017055644038676352,0.003435800158285509,0.0022894865771390413,9601.2838,-0.5699543545190433,-0.010319675570801079,-0.020061554291454283,-0.016727516947613597,-0.009843460034705511,-0.0010851029116623163,-0.0008181690020244679,-0.00016808749006310157,0.28598066000771355,-0.015261998566341504,-0.4280386799845729,-18.995127259703168,-19.163076819343544,0.16794955964037683,-0.7946518146055617,0.005786867040150234,0.022381691980736456,-0.0043121914000081195,0.00592030024831135,-0.008931656156992067,0.0,1.0,0.7818314824680298,0.6234898018587336,1
2026-01-20T01:00:00+00:00,2026-01-20T02:00:00+00:00,0.0028767760009045856,0.0011694439654496773,0.001342113515208592,0.007537704178775337,0.0028767760009045856,0.0019791562280788745,0.002690024050505966,7419.1627,-0.22727388810233892,-0.006765727014304219,-0.016577524101017,-0.01376246843902621,-0.009878633222369771,-0.0007116749490395967,-0.0006761761132735214,-0.00013829713697525038,0.34615991494134773,0.06017925493363421,-0.3076801701173045,-18.63764067210377,-19.05798958989559,0.42034891779182004,0.2523993581514432,0.005896512766955266,0.02187862142738108,-0.0022558975160130606,0.005178117809262779,0.0013468093464617757,0.25881904510252074,0.9659258262890683,0.7818314824680298,0.6234898018587336,0
2026-01-20T02:00:00+00:00,2026-01-20T03:00:00+00:00,-0.00010021044192810016,0.0027762772759821067,0.0010691163330249893,0.006533122870314732,-0.00010021044192810016,0.0021359490879934947,0.004296953297254038,8796.6457,0.18566556034685683,-0.006215489125050091,-0.016032594377110125,-0.013725269392985883,-0.009878504992412124,-0.0006538342342607926,-0.0006539636588992398,-0.00013792338047676476,0.34506576235886754,-0.0010941525824802057,-0.3098684752822649,-18.170690887835008,-18.880529849483473,0.7098389616484653,0.28949004385664523,0.005942533657752815,0.007703771477966088,-0.0020752594074258885,0.005488847530963284,0.0010741310462708401,0.49999999999999994,0.8660254037844387,0.7818314824680298,0.6234898018587336,0
2026-01-20T03:00:00+00:00,2026-01-20T04:00:00+00:00,-0.0013435808779314379,-0.0014436566790259943,0.001428966244990824,0.0034058086913978784,-0.0013467085503464573,0.0006084041308758995,0.0014488799405394384,5432.0602,-0.3824850533652844,-0.006836519147247024,-0.016685415937291923,-0.014902885731745053,-0.009916692447841931,-0.0007191160943471958,-0.0006805738889338454,-0.00014975531603397146,0.33000610516743945,-0.015059657191428074,-0.33998778966512105,-17.939995861552234,-18.692423051897226,0.7524271903449922,0.0425882286965269,0.005768762961229228,-0.030546145227262563,-0.003571763382394249,0.0029661176885042626,0.0014329846810450476,0.7071067811865475,0.7071067811865476,0.7818314824680298,0.6234898018587336,0
2026-01-20T04:00:00+00:00,2026-01-20T05:00:00+00:00,-0.00498954109393567,-0.006326418119863643,-0.006425994588636129,0.006448644082754459,-0.004992661540198333,0.00017335064738592954,0.0012575801510357658,7734.3455,0.42383280288388564,-0.010680901481211577,-0.020762551302302715,-0.019624743451376617,-0.010190493477974311,-0.0011230427759960498,-0.0008467335083426948,-0.000197194709103459,0.28102239112844063,-0.04898371403899887,-0.4379552177431188,-18.823981286982416,-18.718734698914265,-0.10524658806815168,-0.8576737784131439,0.005844187442266951,0.008019859360629808,-0.006932902648274799,-0.003545798589846253,-0.006433332413795208,0.8660254037844386,0.5000000000000001,0.7818314824680298,0.6234898018587336,0
2026-01-20T05:00:00+00:00,2026-01-20T06:00:00+00:00,-0.0004444080232984244,-0.0054317317251393726,-0.00676801463219086,0.0070790042095636935,-0.0004444080232984244,0.0006716382613081667,0.005962760338656993,24441.4708,2.160121409109536,-0.01007212900878998,-0.020383393043080716,-0.019864788948180768,-0.010416177113960956,-0.0010591012215424534,-0.0008312836188712628,-0.00019960626946496682,0.2770968909095613,-0.003925500218879279,-0.44580621818087734,-19.41452278796669,-18.85789231672475,-0.5566304712419381,-0.4513838831737864,0.005934801401414211,0.015053672842783306,-0.005606368935448402,0.000814196044521984,-0.0067775299951655325,0.9659258262890683,0.25881904510252074,0.7818314824680298,0.6234898018587336,0
2026-01-20T06:00:00+00:00,2026-01-20T07:00:00+00:00,-0.017166191054282895,-0.017602970284547322,-0.022504680634872914,0.020180242612074167,-0.01716929014681407,0.0002919558152143804,0.0024190624689195274,42669.4242,0.7457797261529778,-0.02455104515081116,-0.03579308328299782,-0.0363381689749771,-0.011524988648867598,-0.0025776590449698945,-0.0014588109363942307,-0.00036507440039922285,0.17528737005749334,-0.10180952085206797,-0.6494252598850133,-23.99874165297706,-19.886062183975213,-4.112679469001847,-3.556048997759909,0.007048586157372768,0.16728232541731725,-0.018262050023780358,-0.01127063480986163,-0.022600140171516993,1.0,6.123233995736766e-17,0.7818314824680298,0.6234898018587336,1
2026-01-20T07:00:00+00:00,2026-01-20T08:00:00+00:00,0.0020725654574562744,-0.015129203651441821,-0.015566888135251429,0.006192029762724284,0.0020725654574562744,0.0025517309828807524,0.0015720199656140178,18041.7187,-0.5771745450457707,-0.020427540115951912,-0.032512507182050204,-0.03401083761293541,-0.012336981245398414,-0.0021456536515693653,-0.00132528240523809,-0.0003417006641922369,0.21227288098836739,0.03698551093087403,-0.5754542380232652,-26.80154855117098,-21.269159457414368,-5.532389093756613,-1.4197096247547663,0.006973866433579709,-0.008550073415059407,-0.015414829128668144,0.00450251980304692,-0.015538033620125045,0.9659258262890683,-0.25881904510252085,0.7818314824680298,0.6234898018587336,0
2026-01-20T08:00:00+00:00,2026-01-20T09:00:00+00:00,-0.005292360495234233,-0.003230763801328787,-0.02034149494694681,0.012446730439932559,-0.005292360495234233,0.00015127911318260826,0.006974932729075225,42275.7364,1.3432211256015203,-0.02322923371126023,-0.036210442928657306,-0.03874899934428504,-0.013289923967236902,-0.0024392181623678322,-0.001475796069359714,-0.00038928557706241414,0.1889251934962617,-0.023347687492105678,-0.6221496130074766,-30.010681607577226,-23.01746388744694,-6.993217720130286,-1.4608286263736723,0.007399239549658361,0.05538013620846201,-0.007824126412334655,-0.0016580976863752746,-0.020385986092060854,0.8660254037844387,-0.4999999999999998,0.7818314824680298,0.6234898018587336,0
2026-01-20T09:00:00+00:00,2026-01-20T10:00:00+00:00,-0.004100629578607278,-0.009371288063854101,-0.007318145214330843,0.0065899615397047055,-0.004100629578607278,0.0006334636889564127,0.00183898387253161,11484.0512,-0.7283536094713656,-0.024704915464285333,-0.03864845493455214,-0.04228391171543114,-0.014296739203709382,-0.0025937722673355324,-0.001575003407605323,-0.0004247834192043885,0.1731207322597558,-0.015804461236505887,-0.6537585354804883,-33.19925386991781,-25.053821883941115,-8.145431985976696,-1.1522142658464105,0.007369724273201713,-0.008073233120324704,-0.009520333947961559,0.002894492037715859,-0.007320424616385237,0.7071067811865476,-0.7071067811865475,0.7818314824680298,0.6234898018587336,1
2026-01-20T10:00:00+00:00,2026-01-20T11:00:00+00:00,0.0028796742186743512,-0.001232763837210776,-0.006518600101813001,0.005588122500410938,0.0028796742186743512,0.0017756952120682058,0.0009410217820761366,15142.1648,0.31853860073351126,-0.01985241313419906,-0.03452158789125505,-0.03914810453790565,-0.014966291764246777,-0.002085369843214035,-0.001407061791182084,-0.00039329354614118454,0.22213123020312522,0.04901049794336942,-0.5557375395937495,-34.60831471511392,-26.964720450175676,-7.643594264938244,0.5018377210384521,0.007222817070205901,-0.017111609365237805,-0.0018624549665465656,0.004727351614584969,-0.00651331585516716,0.49999999999999994,-0.8660254037844387,0.7818314824680298,0.6234898018587336,1
2026-01-20T11:00:00+00:00,2026-01-20T12:00:00+00:00,0.0022139793297475323,0.005100029087618435,0.0009784861788827116,0.003247713738150639,0.0022139793297475323,0.0010354097264202477,3.2155581566550085e-06,11514.5753,-0.23956875043388776,-0.01602533707194909,-0.031153640292453877,-0.03666593864087732,-0.01537468777446659,-0.0016840368225501058,-0.0012699622997462143,-0.00036836615226275906,0.25861938923428185,0.03648815903115661,-0.4827612215314363,-34.769848827844726,-28.525746125709485,-6.24410270213524,1.3994915628030036,0.00692406497910932,-0.03923986328327778,0.0004375072381712607,0.006049469781766275,0.0009930239698146054,0.258819045102521,-0.9659258262890682,0.7818314824680298,0.6234898018587336,1
2026-01-20T12:00:00+00:00,2026-01-20T13:00:00+00:00,0.00045660925823506784,0.002671599511442104,0.005558967066352178,0.004091537299521106,0.00045660925823506784,0.0011892135120367107,0.0024459229261080983,13552.4661,0.17698358358036873,-0.014113548763512304,-0.02954247295233812,-0.03587854569185573,-0.01564979838142114,-0.0014834328696178554,-0.0012043629833256415,-0.0003604584217879604,0.2662805039650097,0.007661114730727832,-0.46743899206998063,-34.386892946618445,-29.697975489891277,-4.688917456727168,1.5551852454080723,0.006718807149148092,-0.029201048953564297,-0.0005782017924254689,0.002674830808894677,0.0055502628066569516,1.2246467991473532e-16,-1.0,0.7818314824680298,0.6234898018587336,0
2026-01-20T13:00:00+00:00,2026-01-20T14:00:00+00:00,-0.010384726641596889,-0.009932859145690615,-0.007740870960776934,0.012591791464083997,-0.010387907344494815,0.0006365723825020661,0.0014582704068541248,18796.1387,0.38691648894808894,-0.022083716363892246,-0.03812590535777756,-0.04545481547502859,-0.016404460445465664,-0.002319210481834012,-0.0015537415328630364,-0.00045662371586209516,0.21247844275351951,-0.05380206121149016,-0.575043114492961,-36.2724187610811,-31.012864144129242,-5.259554616951856,-0.5706371602246882,0.007203775098812041,0.06104635917809442,-0.011560192616372462,-0.007504182421259336,-0.007714138053614289,-0.25881904510252035,-0.9659258262890684,0.7818314824680298,0.6234898018587336,0
2026-01-20T14:00:00+00:00,2026-01-20T15:00:00+00:00,-0.010230627575925872,-0.020509111946774787,-0.020061867338932796,0.017978730036850136,-0.010230627575925872,0.0032879517242059655,0.004354403131757605,55486.5486,1.9520184696232317,-0.02912137032078362,-0.046172294386608574,-0.054701010773007465,-0.017562364176723792,-0.003056039396400623,-0.0018810384703919051,-0.0005494568334557106,0.17529233317144843,-0.03718610958207108,-0.6494153336571031,-39.84914219108896,-32.780119753521184,-7.069022437567774,-1.809467820615918,0.008042557022087664,0.10501459404934095,-0.021128909474603937,-0.008785168320052113,-0.02015874495928769,-0.5000000000000001,-0.8660254037844386,0.7818314824680298,0.6234898018587336,0
2026-01-20T15:00:00+00:00,2026-01-20T16:00:00+00:00,-0.004758013972154133,-0.014939964079129845,-0.025169543277729692,0.017995443440301462,-0.004758013972154133,0.0007978925087125487,0.012416790032278332,63693.7372,0.1479131214155209,-0.030625825949834706,-0.048819052269036996,-0.058644258169543974,-0.01876801219408264,-0.0032134118481964877,-0.0019886517622331942,-0.000589042353946326,0.1612984514233898,-0.01399388174805864,-0.6774030971532204,-43.35399226085519,-34.89489425498799,-8.459098005867205,-1.3900755682994301,0.008789180626805917,0.08763438773968098,-0.018135260164259887,-0.0004053760109682285,-0.025373368189676893,-0.7071067811865475,-0.7071067811865477,0.7818314824680298,0.6234898018587336,0
2026-01-20T16:00:00+00:00,2026-01-20T17:00:00+00:00,-0.007804180033564113,-0.012525061608077342,-0.02262754994332545,0.014691026544202688,-0.007807451368282175,0.0032964257706060082,0.0035257134502147086,24027.0356,-0.622772400298094,-0.034679897793732005,-0.05415610712471147,-0.06537707148917664,-0.020175907749632488,-0.003637237764191366,-0.002205578024691179,-0.0006566245557653379,0.14144733299281712,-0.019851118430572683,-0.7171053340143658,-47.494099953568366,-37.41473539470407,-10.079364558864299,-1.6202665529970943,0.00927493492456884,0.047031805735254166,-0.01330858943378647,0.00467060390674825,-0.02279282158164412,-0.8660254037844384,-0.5000000000000004,0.7818314824680298,0.6234898018587336,0
2026-01-20T17:00:00+00:00,2026-01-20T18:00:00+00:00,-0.0032233195539192482,-0.011002344221378867,-0.015708008886001233,0.013128329588414417,-0.0032200072441855624,0.004777271787759759,0.005120648615491187,25515.9493,0.061968264616047805,-0.03431575759281274,-0.05508511020079055,-0.06775527278758796,-0.02150739516698075,-0.0035991840909489654,-0.002243328009394986,-0.000680494127862569,0.13416051918757688,-0.007286813805240228,-0.7316789616248462,-50.97031994126564,-40.125852304016384,-10.84446763724926,-0.7651030783849606,0.009578027816229228,0.029350054693241714,-0.014229753000407562,0.00030346382277707896,-0.015785513559637497,-0.9659258262890683,-0.25881904510252063,0.7818314824680298,0.6234898018587336,0
2026-01-20T18:00:00+00:00,2026-01-20T19:00:00+00:00,-0.0026036631306631994,-0.005818590246301562,-0.013577360954041998,0.007049244437313916,-0.0026036631306631994,0.0031352258331913156,0.0013035587152927797,15018.3357,-0.411413797565431,-0.03343974206260882,-0.05541372091660026,-0.06953274749226723,-0.022734204798450137,-0.0035076261000600165,-0.0022566804023912384,-0.0006983335722644819,0.12842394140261917,-0.005736577784957717,-0.7431521171947617,-53.73601571577183,-42.847884986367475,-10.888130729404352,-0.0436630921550929,0.009420617556775899,-0.018995390026504515,-0.010527046870659182,0.0025299404207407288,-0.013631162718146562,-1.0,-1.8369701987210297e-16,0.7818314824680298,0.6234898018587336,1
2026-01-20T19:00:00+00:00,2026-01-20T20:00:00+00:00,0.0015642704583512443,-0.0010434655056307497,-0.004263421636781858,0.007742391931893589,0.0015642704583512443,0.0022759962489446533,0.003904568344963547,15884.6582,0.05768432117281812,-0.028975145326069585,-0.051930831159204424,-0.06744554617031721,-0.023640677911219217,-0.0030407409909429246,-0.002115142451171189,-0.0006773855229523162,0.15182802169120124,0.023404080288582065,-0.6963439566175975,-54.917161798752204,-45.26174034884442,-9.655421449907784,1.232709279496568,0.009287081875389205,-0.01263273589523184,-0.004157527417746832,0.0028715724369207667,-0.004262712226231203,-0.9659258262890684,0.2588190451025203,0.7818314824680298,0.6234898018587336,1
2026-01-20T20:00:00+00:00,2026-01-20T21:00:00+00:00,0.0033939709460068523,0.004963550492845438,0.0023469639487668317,0.0069312792267832565,0.0033939709460068523,0.0001629715365223326,0.0033858168199928946,12226.3577,-0.2303040111999388,-0.023290808656983367,-0.04689237317981423,-0.06368160783740628,-0.024164372294252407,-0.002445668112519552,-0.0019103181155040434,-0.000639606800482133,0.20197693365920244,0.05014891196800122,-0.5960461326815951,-54.40544249853747,-47.09048077878303,-7.314961719754436,2.3404597301533485,0.009089640607237768,-0.01793795879654028,0.0011154359689808607,0.008909067114972174,0.0023545782736948974,-0.8660254037844386,0.5000000000000001,0.7818314824680298,0.6234898018587336,0
2026-01-20T21:00:00+00:00,2026-01-20T22:00:00+00:00,-0.004366971988851302,-0.0009878224188966363,0.0005749028180266309,0.005752406022321406,-0.004366971988851302,0.00018707011454702154,0.001179209829198371,12764.7295,0.044033702694629896,-0.024997285252433304,-0.04915083443380125,-0.06714142654550959,-0.02477280197893749,-0.002624387651126801,-0.002002139901509678,-0.0006743331744141692,0.18663437840782734,-0.015342555251375102,-0.6267312431843454,-54.431925183571366,-48.5587696597407,-5.873155523830668,1.4418061959237676,0.00888828728161944,-0.02642219176573228,-0.00452920539381138,0.002417699435088874,0.0005912694155067947,-0.7071067811865477,0.7071067811865474,0.7818314824680298,0.6234898018587336,0
2026-01-20T22:00:00+00:00,2026-01-20T23:00:00+00:00,-0.014026918053268294,-0.018332634883891058,-0.015000884368043884,0.026792792914885087,-0.014026918053268294,0.0018803743130703726,0.010685946997160791,37596.9297,1.9453761397764051,-0.035119724303178966,-0.06018528086590384,-0.07949173931332205,-0.025977893002966546,-0.003683196993705826,-0.0024505222651066056,-0.0007982742020959882,0.14793297284190232,-0.03870140556592503,-0.7041340543161954,-57.181996515907485,-50.283415030974055,-6.89858148493343,-1.025425961102762,0.010284597438719668,0.14086504091802174,-0.018515439508915158,-0.012862876254180615,-0.014999919096112743,-0.5000000000000004,0.8660254037844384,0.7818314824680298,0.6234898018587336,0
2026-01-20T23:00:00+00:00,2026-01-21T00:00:00+00:00,-0.003950480088360603,-0.017921985081158394,-0.022210692263175666,0.007408465651659319,-0.003947105399572456,0.0003027334449024697,0.0031429854279767322,19050.9531,-0.4932843385878928,-0.03535479312069055,-0.06154641953105995,-0.08236917405629186,-0.027151564350898535,-0.0037077585352353116,-0.0025058039294349305,-0.0008271461578939217,0.13929507217815199,-0.008637900663750316,-0.721409855643696,-59.61510657382405,-52.149753339544056,-7.465353234279995,-0.5667717493465645,0.010117036103894002,-0.020178571474855897,-0.01973938674526849,0.006808219178082229,-0.0223443701304802,-0.2588190451025207,0.9659258262890683,0.7818314824680298,0.6234898018587336,1
2026-01-21T00:00:00+00:00,2026-01-21T01:00:00+00:00,0.006843816754425313,0.002866300304247964,-0.011200823108504072,0.016087837837837956,0.006843816754425313,0.0032128378378379115,0.006077702702702782,24100.4816,0.2650538518201486,-0.026085996276939503,-0.05307683411147602,-0.07538904903740498,-0.027713779380270167,-0.0027383750563594153,-0.002161718242894017,-0.0007571052421425594,0.22354571459079453,0.08425064241264252,-0.5529085708184109,-59.23700070382938,-53.56720281240112,-5.66979789142826,1.7955553428517348,0.010479665475736174,0.04293256221934491,0.00256738539909631,0.010018289520377845,-0.011133581387203583,0.0,1.0,0.9749279121818236,-0.22252093395631434,1
2026-01-21T01:00:00+00:00,2026-01-21T02:00:00+00:00,0.0017398648648648957,0.008595588935602807,0.004611152144304373,0.006394280221911214,0.0017364806199978622,0.003052122152336215,0.0016086875874746426,10659.339,-0.5577126143404537,-0.022119900417425765,-0.049512338114665565,-0.07309988311024208,-0.02801206171281403,-0.0023230016686153717,-0.0020168359123694125,-0.0007341328450762207,0.24394597436858476,0.02040025977779024,-0.5121080512628304,-57.8548721651855,-54.424736682958,-3.4301354822274988,2.2396624092007613,0.010170950819311188,-0.027769834554929294,-0.0014682557054868067,0.014805485490555846,0.004633201530929606,0.25881904510252074,0.9659258262890683,0.9749279121818236,-0.22252093395631434,0
2026-01-21T02:00:00+00:00,2026-01-21T03:00:00+00:00,-0.0012242213716001245,0.0005135135135135074,0.007360844660326229,0.0058787379453793505,-0.0012208529782741762,0.003467813825332931,0.0011885788378940482,9378.8659,-0.12012687653521473,-0.021143323814009633,-0.04878560468719199,-0.07355028929935568,-0.028239354693771437,-0.0022206706794474103,-0.0019872919774034698,-0.0007386528760465115,0.23917594143015264,-0.004770032938432109,-0.5216481171396947,-56.40226579257069,-54.82024250488054,-1.5820232876901485,1.8481121945373502,0.009875940460218481,-0.03019390241133376,-0.004263331315984075,0.002125038913929224,0.007359460247690084,0.49999999999999994,0.8660254037844387,0.9749279121818236,-0.22252093395631434,1
2026-01-21T03:00:00+00:00,2026-01-21T04:00:00+00:00,0.006834328317890893,0.0056017402155034745,0.007351351351351425,0.007971801888817336,0.006834328317890893,0.0009658725048292465,0.00021799205838165744,8605.1952,-0.08249085851627333,-0.013094998064052437,-0.04069394959971878,-0.06659432682594005,-0.027965155188723608,-0.0013765234202662347,-0.0016582232630948813,-0.0006688420677254426,0.3191201109805972,0.07994416955044457,-0.36175977803880555,-53.006836118384854,-54.4575612275814,1.4507251091965472,3.0327483968866957,0.0096776816734484,-0.013377797627465235,0.002134159662029893,0.00803245436105484,0.007349971811155664,0.7071067811865475,0.7071067811865476,0.9749279121818236,-0.22252093395631434,0
2026-01-21T04:00:00+00:00,2026-01-21T05:00:00+00:00,-0.0007545878943979394,0.006074583322077932,0.0048429253157513535,0.0036113320646684243,-0.0007512366898632621,0.0012955150343513285,0.0015640155596055422,5848.5744,-0.3203437848800919,-0.01253816366479662,-0.03985834075049754,-0.06667367225924778,-0.027667071354468855,-0.001318067107755684,-0.0016242286404851737,-0.0006696384422634393,0.31515564818645997,-0.003964462794137234,-0.36968870362708,-49.92201986518057,-53.550452955101235,3.6284330899206623,2.177707980724115,0.009251157150626391,-0.04479433697498087,-0.0017188002573173496,0.00629544694633683,0.004855519051892829,0.8660254037844386,0.5000000000000001,0.9749279121818236,-0.22252093395631434,1
2026-01-21T05:00:00+00:00,2026-01-21T06:00:00+00:00,0.004537658876795171,0.003779646919939895,0.010639806585807363,0.008175661453443433,0.00454103037422393,0.0029969629439062753,0.0006581958750830429,13125.9514,1.2442992945426152,-0.0072956258470389555,-0.034156881767120915,-0.061855706262746044,-0.027058665821838152,-0.0007673713045384356,-0.00139221746774206,-0.0006212791618231766,0.3661145230644391,0.0509588748779791,-0.2677709538711218,-45.85771060850857,-52.0119044857827,6.154193877274132,2.5257607873534695,0.009135531984649494,-0.00801750926558233,0.002485254269646763,0.006111232499117701,0.010617399300288124,0.9659258262890683,0.25881904510252074,0.9749279121818236,-0.22252093395631434,0
2026-01-21T06:00:00+00:00,2026-01-21T07:00:00+00:00,-0.004253214969445684,0.0002651442686884634,-0.0004896437003648974,0.00612354460960306,-0.004253214969445684,0.00018454518001534312,0.0016676173539577406,6624.2495,-0.49533185838247124,-0.010432320145687485,-0.03681948962567664,-0.06523339294624272,-0.026665350957979915,-0.0010969343763256938,-0.001500581183361728,-0.0006551824439439265,0.3404288634709897,-0.025685659593449373,-0.31914227305802056,-43.16632631215862,-50.24278885105788,7.076462538899264,0.9222686616251323,0.008956624137747426,-0.023753657162501805,-0.007228514323784083,0.0009303012899953927,-0.00047014398704845254,1.0,6.123233995736766e-17,0.9749279121818236,-0.22252093395631434,0
2026-01-21T07:00:00+00:00,2026-01-21T08:00:00+00:00,-0.003254705902090485,-0.007494077907672255,-0.002990424600018227,0.006621557934424047,-0.003258050337045487,0.0018043492897058262,0.0015485087187773207,18355.0756,1.7708913439930063,-0.012368862490517522,-0.03844776271339233,-0.06764237590509425,-0.02640550629928313,-0.0013002925632217127,-0.0015668376046106356,-0.0006793610282517161,0.3218970154543648,-0.018531848016624934,-0.35620596909127045,-41.33955711915314,-48.46214250467693,7.1225853855237915,0.04612284662452737,0.008816991034290154,-0.018793890826102198,-0.007676427554967637,-0.0015897396255205366,-0.002970261994740998,0.9659258262890683,-0.25881904510252085,0.9749279121818236,-0.22252093395631434,0
2026-01-21T08:00:00+00:00,2026-01-21T09:00:00+00:00,-0.0017201912071635789,-0.004969298392779384,-0.009201377867913257,0.006268778515523622,-0.0017201912071635789,0.0013454774758978236,0.0032001456757567155,15077.8309,-0.17854705539867127,-0.012745064301739785,-0.03858988339768645,-0.0686044619251966,-0.026178465319767977,-0.0013397882751601468,-0.00157262025165497,-0.0006890170078805779,0.3122535400992601,-0.009643475355104698,-0.37549291980147986,-39.84485695803323,-46.73868539534819,6.8938284373149585,-0.22875694820883297,0.008649083682244043,-0.02073104407563283,-0.006758951927038249,-0.0001719487525287317,-0.009228112078699748,0.8660254037844387,-0.4999999999999998,0.9749279121818236,-0.22252093395631434,0
2026-01-21T09:00:00+00:00,2026-01-21T10:00:00+00:00,-0.003844221359707717,-0.005557799771089936,-0.008794416669462818,0.008303741592165351,-0.003844221359707717,0.0031752587091118108,0.001269426456201402,9638.3813,-0.3607580981691472,-0.014988636107034803,-0.040694974785700284,-0.07151806275017307,-0.02609750467960979,-0.001575265791717008,-0.0016582649687595528,-0.0007182582342985488,0.291287919017972,-0.020965621081288077,-0.417424161964056,-39.12912484367371,-45.216773285013296,6.087648441339589,-0.8061799959753699,0.008655409599068029,-0.00311563567006424,-0.006891706083863658,-0.0006461434370770821,-0.00881911846896178,0.7071067811865476,-0.7071067811865475,0.9749279121818236,-0.22252093395631434,1
2026-01-21T10:00:00+00:00,2026-01-21T11:00:00+00:00,0.0033275898838559174,-0.0005294234679596657,-0.0022487039655287944,0.0059718211017840625,0.00333098629691821,0.00209182434073788,0.0005600690976813998,6687.776,-0.30613079189967296,-0.01060742706626704,-0.036085173401678966,-0.06779373490150745,-0.025750897098272805,-0.001115325929243984,-0.0014706980818926768,-0.0006808801557057771,0.3328824360952423,0.0415945170772703,-0.3342351278095154,-37.33829056782315,-43.64107674157527,6.302786173752118,0.2151377324125292,0.00843706901315635,-0.02198226187176541,-0.0036808331120350866,0.0046028593314668565,-0.002236822683015378,0.49999999999999994,-0.8660254037844387,0.9749279121818236,-0.22252093395631434,0
2026-01-21T11:00:00+00:00,2026-01-21T12:00:00+00:00,-0.007058220194877079,-0.0037541171731396623,-0.00758390687542355,0.01143730886850148,-0.007058220194877079,0.0026299694189601706,0.0016989466530750934,16453.5334,1.4602399063605003,-0.015942173660236595,-0.04127620968644093,-0.07368794925297194,-0.025744458656901448,-0.0016753121624008141,-0.0016819096665457347,-0.0007400343481354803,0.2934148002362903,-0.03946763585895198,-0.41317039952741935,-37.17853960448929,-42.34856931415807,5.170029709668782,-1.1327564640833359,0.008707062003377668,0.02471671489540363,-0.009130944204274538,-0.003190602962993095,-0.007574851670728879,0.258819045102521,-0.9659258262890682,0.9749279121818236,-0.22252093395631434,0
2026-01-21T12:00:00+00:00,2026-01-21T13:00:00+00:00,-0.0039143730886850095,-0.010944964776377249,-0.007653795246590363,0.015169811835659734,-0.0039143730886850095,0.001183702430171722,0.010056353787165533,39943.8258,1.427674641606161,-0.0179428116522936,-0.043339699803840795,-0.07660351837562018,-0.02586090550823929,-0.001885156488892525,-0.0017658436192441996,-0.0007692923404591324,0.27413965845772537,-0.019275141778564944,-0.45172068308454927,-37.5486658912846,-41.388588629583374,3.8399227382987746,-1.3301069713700073,0.00920045957252275,0.05253018039993708,-0.013521062301878358,-0.0022191967324710626,-0.007645003399706172,1.2246467991473532e-16,-1.0,0.9749279121818236,-0.22252093395631434,0
2026-01-21T13:00:00+00:00,2026-01-21T14:00:00+00:00,-0.0011427674758142333,-0.0050526673462452905,-0.012075224702421105,0.00858226922984965,-0.0011427674758142333,0.004835850867277018,0.002602343475187198,15478.8032,-0.612485712372599,-0.01728073026140302,-0.04276498847600097,-0.07694547960929157,-0.02593238883102064,-0.0018157213968120816,-0.0017424682384435098,-0.0007727238392249387,0.2686135364315048,-0.0055261220262205766,-0.4627729271369904,-37.677982316651196,-40.64646736699694,2.968485050345741,-0.8714376879530334,0.00916607727602762,-0.004875516394957113,-0.0062243973296859266,0.009004135079255723,-0.012115360759376321,-0.25881904510252035,-0.9659258262890684,0.9749279121818236,-0.22252093395631434,1
2026-01-21T14:00:00+00:00,2026-01-21T15:00:00+00:00,0.018086628667443056,0.01692319238064054,0.012942575603126111,0.023907362743157697,0.018086628667443056,0.004944500166046574,0.001197548547678924,51363.2491,2.318295893832412,0.0004463417350220796,-0.024478155046483457,-0.059686810154708045,-0.024913376901634005,4.6985548066668795e-05,-0.0009981111480427804,-0.0005995078135241258,0.4554860626058695,0.1868725261743647,-0.08902787478826099,-33.12519054374252,-39.14221200234606,6.017021458603537,3.048536408257796,0.010067819299683574,0.11824414088836442,0.012034736084518228,0.02074295242954139,0.013029488102943812,-0.5000000000000001,-0.8660254037844386,0.9749279121818236,-0.22252093395631434,1
2026-01-21T15:00:00+00:00,2026-01-21T16:00:00+00:00,0.007245671885115816,0.025463350329391093,0.02429148416499517,0.017204573232667993,0.007245671885115816,0.008039457952702368,0.0019715654962717006,45958.4767,-0.10522645071532287,0.006957268088097078,-0.016738532915815202,-0.05237505855633944,-0.023532082000761897,0.0007328807300856149,-0.0006827389741642081,-0.0005261055652919832,0.5104281817653562,0.05494211915948668,0.020856363530712373,-27.45761647045265,-36.805292895967376,9.347676425514727,3.3306549669111902,0.010510337175504487,0.0515178426387586,0.0022898495575517062,0.02671512979730288,0.024189533076744638,-0.7071067811865475,-0.7071067811865477,0.9749279121818236,-0.22252093395631434,0
2026-01-21T16:00:00+00:00,2026-01-21T17:00:00+00:00,-0.03700348687343686,-0.03002593011281116,-0.012482369293713115,0.041230054157242686,-0.03700348687343686,0.0008749541773009031,0.0019297408337310147,63238.7042,0.3759965242712233,-0.02749695687060076,-0.051145944399002975,-0.0866458176453088,-0.024317648870591273,-0.002886063044163089,-0.0020832406159302453,-0.0008700545834626701,0.3274158956976464,-0.18301228606770978,-0.34516820860470715,-31.567777906246192,-35.75778989802314,4.190011991776949,-5.157664433737779,0.013079618763436853,0.1984037288137598,-0.04468371200232587,-0.028095873513110225,-0.011671186320877987,-0.8660254037844384,-0.5000000000000004,0.9749279121818236,-0.22252093395631434,1
2026-01-21T17:00:00+00:00,2026-01-21T18:00:00+00:00,0.0042641047455024336,-0.03289716887191158,-0.025889859078390885,0.016556986958962204,0.004260631693981411,0.003540054616017783,0.008774376616355196,52720.4294,-0.16632653899318828,-0.021173368532821882,-0.04533661445927401,-0.0819952994237829,-0.02468593022467469,-0.0022238192408930604,-0.0018470561301068133,-0.0008233948233035404,0.3550512733206327,0.027635377622986255,-0.2898974533587346,-33.44465335701034,-35.29516258982058,1.8505092328102393,-2.3395027589667095,0.013276433014003374,0.019375668065594792,-0.03371134226445983,0.0062058212058211555,-0.025493710242818608,-0.9659258262890683,-0.25881904510252063,0.9749279121818236,-0.22252093395631434,1
2026-01-21T18:00:00+00:00,2026-01-21T19:00:00+00:00,0.008089093670258458,0.012387691158467055,-0.02507418348214433,0.015686274509803946,0.008089093670258458,0.002186240349798487,0.005475848876135733,17887.3425,-0.6607132623240736,-0.012008274703986492,-0.03619257069821177,-0.07388230815140438,-0.024478237393111155,-0.0012624331641847852,-0.0014750687415712811,-0.0007419848100604732,0.40519302273171065,0.05014174941107797,-0.18961395453657873,-32.660158016646164,-34.768161675185695,2.1080036585395305,0.25749442572929127,0.013349641459462542,0.013647863511080908,0.004532992014933836,0.021384385107340597,-0.024650288457675966,-1.0,-1.8369701987210297e-16,0.9749279121818236,-0.22252093395631434,1
2026-01-21T19:00:00+00:00,2026-01-21T20:00:00+00:00,0.04377946300471403,0.052222692852051236,0.056709480629967016,0.049899200146618056,0.043783028568110186,0.00442144811425736,0.003531267590883492,75387.9538,3.2145977693444405,0.02818583892665433,0.005765655554487365,-0.03301660987945687,-0.0218055749489527,0.0029757592840547248,0.0002353882743754196,-0.0003317151534637949,0.5917037598456276,0.18651073711391702,0.18340751969125535,-21.449739638677784,-32.104477267884114,10.65473762920633,8.5467339706668,0.015440392158874749,0.20725071793960603,0.04150248824050711,0.058063354433009626,0.056132661420474926,-0.9659258262890684,0.2588190451025203,0.9749279121818236,-0.22252093395631434,0
2026-01-21T20:00:00+00:00,2026-01-21T21:00:00+00:00,-0.007762897799421318,0.03567670970827357,0.044054395625208874,0.01790002110929336,-0.007759650472091779,0.0007157369782045286,0.00936395060425363,33543.4474,-0.5550556062446147,0.018244827022999545,-0.0019620791113837987,-0.040136170703604104,-0.019844840453018986,0.0019242035562147236,-8.007844861761005e-05,-0.0004032159513503063,0.556898060914988,-0.03480569893063972,0.11379612182997591,-14.314400571737679,-28.54646192865483,14.23206135691715,3.5773237277108194,0.015728251317555092,0.010735630898032058,-0.012130710606144538,0.03951176026880623,0.04410565887555117,-0.8660254037844386,0.5000000000000001,0.9749279121818236,-0.22252093395631434,0
2026-01-21T21:00:00+00:00,2026-01-21T22:00:00+00:00,-0.00012203810227464035,-0.007883988532380364,0.03555031768805073,0.007540896000949927,-0.00012203810227464035,0.004064034940144455,0.0033548080634146532,11046.1957,-0.670689909469472,0.01636654964807589,-0.0020023206996132937,-0.039868748857502564,-0.01807307644476251,0.0017257678434912454,-8.172069667642137e-05,-0.0004005304543658397,0.5563483118142645,-0.00054974910072346,0.11269662362852899,-8.590423803374506,-24.555254303598765,15.96483050022426,1.7327691433071095,0.015145222783713387,-0.03718638622183921,-0.008584827910992505,0.00932927133796134,0.035894527103018076,-0.7071067811865477,0.7071067811865474,0.9749279121818236,-0.22252093395631434,0
2026-01-21T22:00:00+00:00,2026-01-21T23:00:00+00:00,-0.006910838636041201,-0.0070320333526835725,-0.014740342195865886,0.01192817187728376,-0.006910838636041201,0.004497561882997096,0.00047167931121536237,10684.0157,-0.0327877587756299,0.008445318171689253,-0.008553313662315553,-0.046062648458397894,-0.01685627522652722,0.000889771850322638,-0.0003489930047216475,-0.00046272697515982317,0.5247606781167004,-0.03158763369756414,0.0495213562334007,-5.679155123849341,-20.780034467648882,15.10087934379954,-0.8639511564247186,0.015013299806247694,-0.015561175506418936,-0.011050667507621108,-0.0035680005295734285,-0.01479577453773716,-0.5000000000000004,0.8660254037844384,0.9749279121818236,-0.22252093395631434,0
2026-01-21T23:00:00+00:00,2026-01-22T00:00:00+00:00,-0.009383760944953032,-0.016229749923304476,-0.016349807377698086,0.017657690282905255,-0.009380470418633465,0.004976075271521254,0.0032123181335023078,15992.5504,0.496866987943494,-0.0009208578609706814,-0.017168567789392724,-0.05449659555028057,-0.016262685550251486,-9.69230114372867e-05,-0.0007002671512382075,-0.0005474046619076574,0.484789867075011,-0.03997081104168934,-0.030420265849977993,-5.5870881512996675,-17.74144520437904,12.154357053079373,-2.946522290720168,0.015334242308355773,0.011792853023610706,-0.02060420162823775,-0.008916287261971995,-0.016416637683268873,-0.2588190451025207,0.9659258262890683,0.9749279121818236,-0.22252093395631434,1
2026-01-22T00:00:00+00:00,2026-01-22T01:00:00+00:00,0.007752483846197658,-0.0017040245538977017,-0.008603086951215064,0.010241599259996273,0.007749104711831106,0.0020363413733326943,0.0005157400537035733,11865.4604,-0.2580632792628248,0.006170525361920305,-0.00917814223360662,-0.04671920254699112,-0.015254539075278515,0.0006499511475747334,-0.00037447776422141007,-0.00046931936000752585,0.5172015515660443,0.03241168449103334,0.03440310313208869,-3.606954903276346,-14.914547144158501,11.307592240882155,-0.8467648121972182,0.01486094413504267,-0.02335224243664207,-0.006597583750640434,0.011000137922218536,-0.008542115734796575,0.0,1.0,0.43388373911755823,-0.900968867902419,1
2026-01-22T01:00:00+00:00,2026-01-22T02:00:00+00:00,0.00769617254333052,0.015508320842847898,0.005979033522447949,0.010308665618850065,0.007692819591402106,0.0017929549747070636,0.0008816187444692698,10091.251,-0.14952722778460412,0.01257236622911428,-0.001491810567822918,-0.039006007639804934,-0.013889552259176409,0.0013251606983922647,-6.088651986401927e-05,-0.0003918665576870409,0.5478476032958388,0.03064605172979448,0.09569520659167764,-0.16933535108364595,-11.96550478554353,11.796169434459884,0.4885771935777292,0.014430389563742742,-0.02149902458730765,0.005648329243469144,0.01603298520832144,0.0060648954445751465,0.25881904510252074,0.9659258262890683,0.43388373911755823,-0.900968867902419,0
2026-01-22T02:00:00+00:00,2026-01-22T03:00:00+00:00,-0.003566098292235211,0.00410262894333179,0.011886918354139572,0.007681295812732738,-0.003566098292235211,0.003250798616173782,0.0008516363347161795,9545.4884,-0.054082749502514606,0.008101049770464046,-0.004855410229683928,-0.04202853294689113,-0.012852342533616097,0.0008534698707752808,-0.00019814074184080008,-0.00042221897188861584,0.5309020454905538,-0.016945557805285106,0.06180409098110744,1.6643476069143617,-9.239534307051951,10.903881913966313,-0.8922875204935714,0.013996266912499222,-0.033542733731459336,-0.005349461922576186,0.0049921238339776745,0.011882558097292967,0.49999999999999994,0.8660254037844387,0.43388373911755823,-0.900968867902419,0
2026-01-22T03:00:00+00:00,2026-01-22T04:00:00+00:00,-0.0014282305846798065,-0.004989235666266073,0.0026685388585175242,0.010303941382022421,-0.0014282305846798065,0.004347234528325175,0.0045264335088819226,9405.7311,-0.014641189024963804,0.006023023316173146,-0.006032045588925017,-0.04298348939482305,-0.011982895645231662,0.0006344046684509341,-0.00024614533995965425,-0.0004318083293072956,0.5239371675594768,-0.006964877931076927,0.04787433511895358,2.738209210965124,-6.843985603448536,9.58219481441366,-1.321687099552653,0.013751117970136183,-0.018918523866178885,-0.008201874055813579,-0.0005770857171285795,0.0027018436664155024,0.7071067811865475,0.7071067811865476,0.43388373911755823,-0.900968867902419,1
2026-01-22T04:00:00+00:00,2026-01-22T05:00:00+00:00,0.0031957151532649424,0.001762920350463318,-0.0018094646890230272,0.004607944320948396,0.0031957151532649424,0.0007905948978511276,0.0006318143325923092,5226.8296,-0.4442931076351949,0.00835083098404705,-0.0027439298194838896,-0.03954358146564512,-0.011002877632087227,0.0008798082225064738,-0.00011198459353542204,-0.0003972650470642608,0.5385051584727685,0.014567990913291737,0.07701031694553706,4.316554237375385,-4.611877635283751,8.928431872659136,-0.6537629417545237,0.013057358374140052,-0.04741665364185829,-0.002566962076269854,0.007757261390039897,-0.001798613723650075,0.8660254037844386,0.5000000000000001,0.43388373911755823,-0.900968867902419,0
2026-01-22T05:00:00+00:00,2026-01-22T06:00:00+00:00,-0.001071768815496911,0.002120521269923551,0.0006892620919105756,0.004344658586661332,-0.0010684644214579472,0.001612689582091493,0.0016623617458109748,5095.4171,-0.02514191394339704,0.006573169181221259,-0.0036637856726760166,-0.040185480898252676,-0.01017010503292507,0.0006923916198398266,-0.00014951991280667023,-0.00040371113137989276,0.532599887072245,-0.005905271400523517,0.06519977414449002,5.245496303795335,-2.6404028474679335,7.885899151263269,-1.042532721395867,0.012448031482020673,-0.04768715740461873,-0.001860892501231116,0.0027561016104931703,0.0006957157530882248,0.9659258262890683,0.25881904510252074,0.43388373911755823,-0.900968867902419,0
2026-01-22T06:00:00+00:00,2026-01-22T07:00:00+00:00,-0.00022186899794690798,-0.001293400021170694,0.0018981817940473599,0.006220334997168124,-0.00022186899794690798,0.002586837930132172,0.00341157883231268,10859.0486,1.1311402750522623,0.0057416227344473615,-0.0037330637733821543,-0.04001254353720162,-0.009420596993956946,0.0006047468381727782,-0.0001523467368692808,-0.0004019744675007723,0.5313023904376832,-0.00129749663456181,0.0626047808753664,5.860074887983956,-0.9403073003775555,6.800382188361511,-1.0855169629017576,0.012005761146476885,-0.035743325551641454,-0.002896396842696252,0.0014428913552564063,0.0019020773398211236,1.0,6.123233995736766e-17,0.43388373911755823,-0.900968867902419,0
2026-01-22T07:00:00+00:00,2026-01-22T08:00:00+00:00,-0.006024914462113276,-0.006245446718325759,-0.007310521858791121,0.007327703986084288,-0.006028206707870393,0.0010829939952148326,0.0001799436176664524,9422.4078,-0.1322989566507695,-0.00028761850551037755,-0.009357275503892936,-0.04536137093165536,-0.009072266350071757,-3.027471557275498e-05,-0.0003817837978658064,-0.0004556854313143083,0.4959753054351108,-0.03532708500257236,-0.008049389129778319,4.823746714479512,0.21250350259385797,4.611243211885654,-2.1891389764758573,0.011739188326993628,-0.028094880523840387,-0.00880892849475331,-0.00262228175071369,-0.007318552275557095,0.9659258262890683,-0.25881904510252085,0.43388373911755823,-0.900968867902419,1
2026-01-22T08:00:00+00:00,2026-01-22T09:00:00+00:00,0.0016028311129179342,-0.004431740269547886,-0.004652626001722028,0.005206687182899473,0.0016028311129179342,0.0007984695999334911,0.002807951426432689,9275.3961,-0.015602349539573198,0.0011893882365079024,-0.007467033588578927,-0.0434140488775776,-0.008646138210008623,0.00012521443843026126,-0.00030468402052099256,-0.0004361318053272464,0.505341614192297,0.009366308757186132,0.010683228384593946,4.340540917979524,1.0381109856709911,3.302429932308533,-1.3088132795771208,0.011255137121329533,-0.039697047932547594,-0.005505576712469229,0.0017830955872550024,-0.00464395234714225,0.8660254037844387,-0.4999999999999998,0.43388373911755823,-0.900968867902419,1
2026-01-22T09:00:00+00:00,2026-01-22T10:00:00+00:00,0.0026216418531148995,0.004228675015161934,-0.001821716852205768,0.004383418004200926,0.0026216418531148995,0.0009191572953547654,0.0008494738902917562,6819.533,-0.2647717761616671,0.0034496429358761727,-0.004675076504516568,-0.040515686998778506,-0.008096788411445911,0.0003632522132955244,-0.00019078304404858475,-0.0004070270956418733,0.5210444359925304,0.01570282180023341,0.04208887198506076,4.541100012824245,1.738708791101642,2.802391221722603,-0.5000387105859301,0.010736972384790607,-0.0435371186576301,0.0018217176670046434,0.00706098579782794,-0.0018004414960804422,0.7071067811865476,-0.7071067811865475,0.43388373911755823,-0.900968867902419,0
2026-01-22T10:00:00+00:00,2026-01-22T11:00:00+00:00,-0.003646764864963594,-0.001034683523247152,0.000566489166727698,0.0048723789731703136,-0.003646764864963594,0.0003330402579063757,0.0008792262808727895,7328.6677,0.07465829405034034,-0.0001897341392549106,-0.007981713798541144,-0.04359583657063785,-0.007793458344397027,-1.9971615785064215e-05,-0.00032567813587230395,-0.0004379572206956185,0.49733206685985965,-0.02371236913267076,-0.005335866280280754,3.7697876225988693,2.1449245574010876,1.6248630651977818,-1.1775281565248212,0.010354564343941493,-0.039132884693434636,-0.0045617292136322166,-0.00018313859595969016,0.0005777081010692397,0.49999999999999994,-0.8660254037844387,0.43388373911755823,-0.900968867902419,0
2026-01-22T11:00:00+00:00,2026-01-22T12:00:00+00:00,-0.0052753576852368885,-0.008902884561143845,-0.006304582882807891,0.009910271862863387,-0.005272044840689638,0.0014028391589661357,0.0032074460961565494,13087.3376,0.7857730948832624,-0.004946275288927655,-0.012703314452017916,-0.048180537480568636,-0.00779559833851446,-0.0005203896103849359,-0.000518233925041123,-0.0004839921455161997,0.4645190697486987,-0.03281299711116091,-0.07096186050260257,1.858932757065304,2.087726197333931,-0.2287934402686269,-1.8536565054664087,0.010373820478247208,-0.003425492188884656,-0.009231647001456207,-0.0043999999999999395,-0.006300480697085584,0.258819045102521,-0.9659258262890682,0.43388373911755823,-0.900968867902419,1
2026-01-22T12:00:00+00:00,2026-01-22T13:00:00+00:00,0.0013593143163251457,-0.003923214238137022,-0.007555672063259252,0.006697070407842627,0.0013593143163251457,0.0025477621821148066,0.0027918391365695364,7449.8362,-0.4307599889529862,-0.0032525420482323398,-0.010920593574331125,-0.046441847897996644,-0.00769307357136981,-0.0003422556681347481,-0.00044553991893690395,-0.00046653448416519297,0.4740967607878375,0.009577691039138827,-0.051806478424324925,0.6645144691738096,1.8030838517019068,-1.1385693825280971,-0.9097759422594702,0.010098119199770876,-0.02525345035895488,-0.005307933298301872,0.004581455183023199,-0.0075628082338753365,1.2246467991473532e-16,-1.0,0.43388373911755823,-0.900968867902419,0
2026-01-22T13:00:00+00:00,2026-01-22T14:00:00+00:00,-0.0060517710625037305,-0.0047006830052229685,-0.009951242906242393,0.016096153069874428,-0.0060517710625037305,0.0064990110200620664,0.003508524065178585,18870.8896,1.5330610087776158,-0.008407813657897098,-0.016254060799893465,-0.051719905472793815,-0.007912776290564055,-0.0008842504257989382,-0.0006629912041041943,-0.0005195279953165093,0.4366044509361549,-0.03749230985168261,-0.12679109812769013,-1.7227307930679672,1.097920922747932,-2.8206517158158992,-1.682082333287802,0.010583642095651066,0.041737783895380846,-0.008577679357541088,-0.001910389632191106,-0.009967814431415475,-0.25881904510252035,-0.9659258262890684,0.43388373911755823,-0.900968867902419,0
2026-01-22T14:00:00+00:00,2026-01-22T15:00:00+00:00,-0.010572666478289633,-0.016560454183746548,-0.015223650729878215,0.0159485674847774,-0.010572666478289633,0.003185633709920305,0.0020772915653803304,34628.086,0.8350001899221543,-0.017123196386556135,-0.02563638660289939,-0.06116895034529945,-0.008661502830309354,-0.001799198773958992,-0.0010452893535069915,-0.0006143856183107981,0.38035539026975035,-0.05624906066640456,-0.23928921946049925,-6.080683852738275,-0.33780003234930933,-5.742883820388966,-2.9222321045730664,0.011071865992388281,0.03506966193234102,-0.02287238636892143,-0.007089014390699214,-0.015265123224468219,-0.5000000000000001,-0.8660254037844386,0.43388373911755823,-0.900968867902419,1
2026-01-22T15:00:00+00:00,2026-01-22T16:00:00+00:00,0.00023118793199004907,-0.01034392281919832,-0.016333094828912053,0.021199791978953126,0.0002345885520786771,0.00896665884888211,0.011998599596874307,45630.1979,0.31772220676591817,-0.015311465691892378,-0.024438964556903576,-0.060382038227557076,-0.009269427384390787,-0.0016091397267550458,-0.0009965147252592288,-0.000606486606332742,0.382209849588059,0.0018544593183086279,-0.235580300823882,-9.371493983787786,-2.144538822637005,-7.226955161150782,-1.4840713407618162,0.011792912979126718,0.06537049548827649,-0.01345347117664216,0.0023132848645077437,-0.016393249608803315,-0.7071067811865475,-0.7071067811865477,0.43388373911755823,-0.900968867902419,1
2026-01-22T16:00:00+00:00,2026-01-22T17:00:00+00:00,0.0014377925295969637,0.001669312861868561,-0.008921002704557528,0.011723416965352592,0.0014343886173444776,0.004171418485934757,0.006119664385793486,17646.4965,-0.6132715326224785,-0.012588949229080168,-0.022152938100357143,-0.05847803724923369,-0.009685924482828002,-0.0013233988450746972,-0.0009033847132539945,-0.0005873737566313501,0.3943524235132411,0.012142573925182134,-0.21129515297351772,-11.50553047980884,-4.016737154071372,-7.488793325737468,-0.2618381645866865,0.011772226946848678,-0.0003188366032884695,-0.0074619574921085475,0.013840235098175443,-0.008903686016702621,-0.8660254037844384,-0.5000000000000004,0.43388373911755823,-0.900968867902419,1
2026-01-22T17:00:00+00:00,2026-01-22T18:00:00+00:00,0.005271125230802719,0.006716496544879101,0.006949237249815578,0.00974417324775392,0.005271125230802719,0.0006955300377814433,0.003805157051357797,10980.2225,-0.3777675642301009,-0.006685628208930807,-0.016342866988872884,-0.05301089567635004,-0.009722238048895713,-0.000703255421541685,-0.0006666111286475356,-0.0005324891251344872,0.4380244149434146,0.043671991430173446,-0.12395117011317083,-11.80751884016945,-5.574893491290988,-6.232625348878463,1.2561679768590057,0.011570047567079456,-0.011993670420582329,0.0010951384640344299,0.0129207008231903,0.006940105692389732,-0.9659258262890683,-0.25881904510252063,0.43388373911755823,-0.900968867902419,0
2026-01-22T18:00:00+00:00,2026-01-22T19:00:00+00:00,-0.007509023320514349,-0.0022774790919950793,-0.0008429611048228993,0.011668532044238426,-0.007505672302955005,0.0037420948246828572,0.00036400376931011545,11212.245,0.021130947027712867,-0.01281462106394725,-0.022819850744287745,-0.059559261478048624,-0.01013510723905141,-0.0013470903801249456,-0.0009305557388252055,-0.0005982274521889643,0.3941880551438345,-0.04383635979958008,-0.21162388971233098,-13.683691842273674,-7.196653161487525,-6.487038680786149,-0.25441333190768667,0.011658366599318749,6.707712836987156e-05,-0.008198850811281256,0.0015536785725238761,-0.0008001055601146662,-1.0,-1.8369701987210297e-16,0.43388373911755823,-0.900968867902419,1
2026-01-22T19:00:00+00:00,2026-01-22T20:00:00+00:00,0.0049021442203344935,-0.0026436894154508715,0.0026135005973716577,0.011902746839813894,0.0048987256509522206,0.003232970202509099,0.003794931515196665,8618.6074,-0.23132188067599307,-0.007221228866410337,-0.017334787079502197,-0.05443208940862273,-0.010187121750743967,-0.0007595519965901404,-0.00070704206758388,-0.0005467570681306985,0.43373132544877896,0.03954327030494447,-0.13253734910244205,-13.84817277734328,-8.526957084658676,-5.3212156926846035,1.1658229881015458,0.01162301243196836,0.0018547637597125816,-0.006330817153083384,0.005268065585374658,0.0026642461306228635,-0.9659258262890684,0.2588190451025203,0.43388373911755823,-0.900968867902419,0
2026-01-22T20:00:00+00:00,2026-01-22T21:00:00+00:00,-0.005050881195962028,-0.0001734971236899158,-0.007681217650256434,0.009428312838973548,-0.005050881195962028,0.00133377792597535,0.003018012806990048,9826.5634,0.14015674968556965,-0.011083253080191036,-0.021442426572853966,-0.05865346064634898,-0.010475273601067809,-0.0011652987136455944,-0.0008744357774653726,-0.0005891347322162881,0.4043051670304457,-0.02942615841833323,-0.1913896659391085,-15.00942510222876,-9.823450688172693,-5.1859744140560675,0.13524127862853597,0.011521038049193076,-0.013780057291807644,-0.008257156258330482,0.003650544849794953,-0.007657760296141883,-0.8660254037844386,0.5000000000000001,0.43388373911755823,-0.900968867902419,1
2026-01-22T21:00:00+00:00,2026-01-22T22:00:00+00:00,0.002511041095331134,-0.0025525230708815898,0.002337108313233711,0.00600733098017914,0.002511041095331134,0.0017139560141188322,0.0017886234048330102,6588.3296,-0.3295387887081662,-0.007787369080829155,-0.018254300204178057,-0.055760835726042936,-0.010549080708287797,-0.0008190516656013686,-0.0007445187565423968,-0.0005600965253839341,0.4250825337103397,0.020777366679893987,-0.14983493257932054,-15.159472649051168,-10.890655080348388,-4.268817568702779,0.9171568453532881,0.011100405730368594,-0.03409056911223243,-0.0038744227245373465,0.005545791171100455,0.0023623041197035994,-0.7071067811865477,0.7071067811865474,0.43388373911755823,-0.900968867902419,1
2026-01-22T22:00:00+00:00,2026-01-22T23:00:00+00:00,0.0018666847678522943,0.004382413185347534,-0.0006906030589653017,0.005362647786171594,0.0018972884726997992,0.0024594329076187416,0.0010095192926589714,6729.5611,0.02143661725727867,-0.0053729988818320825,-0.015787869795772555,-0.053489682739532654,-0.01047113229605871,-0.0005652591310687832,-0.0006439878611947538,-0.0005372959090635691,0.44073824498855885,0.015655711278219117,-0.1185235100228823,-14.665527306543481,-11.645629525587406,-3.019897780956075,1.2489197877467042,0.010671360837123169,-0.03685674528087076,0.00015246743126269219,0.006186621218576938,-0.0006731553327785997,-0.5000000000000004,0.8660254037844384,0.43388373911755823,-0.900968867902419,1
2026-01-22T23:00:00+00:00,2026-01-23T00:00:00+00:00,0.00026762424201360604,0.002134808579961975,0.004651210267368059,0.005103820583942002,0.00026762424201360604,0.0010837575228011807,0.0037525104226992768,5457.1313,-0.18908065193137186,-0.004622697790922285,-0.014924754226928624,-0.05273459278607036,-0.010349900900033187,-0.0004863631032924572,-0.0006088027753116247,-0.0005297151605305954,0.44308412601478636,0.0023458810262275164,-0.11383174797042728,-14.048384632994384,-12.126180547068802,-1.922204085925582,1.0976936950304932,0.01027102817905876,-0.037257092886427805,-0.002186431284553657,0.0031800715516099544,0.004645350105197035,-0.2588190451025207,0.9659258262890683,0.43388373911755823,-0.900968867902419,1
2026-01-23T00:00:00+00:00,2026-01-23T01:00:00+00:00,0.0003115802878053818,0.0005792879162573381,0.0024470540320391107,0.0036937848937403073,0.0003081925017781384,0.00119176194555137,0.0021939253997650394,5040.1625,-0.0764080571050214,-0.003903441270496194,-0.014052631833765445,-0.051944762073892724,-0.010188962580308769,-0.0004107197947261867,-0.0005732480077779921,-0.000521785508038498,0.44599851294976106,0.0029143869349746864,-0.1080029741004779,-13.331382428555571,-12.367220923366157,-0.9641615051894146,0.9580425807361674,0.009798254352236403,-0.04573260590103292,-0.0007713412880722034,0.004349127114206229,0.0024458892976712823,0.0,1.0,-0.433883739117558,-0.9009688679024191,1
2026-01-23T01:00:00+00:00,2026-01-23T02:00:00+00:00,0.005169944576298151,0.0054831357169225535,0.005752227378976259,0.005699118859637329,0.0051665413966590894,0.0003772466384629526,0.00018188677211607192,7415.3464,0.4712514527061379,0.0011274914975329111,-0.008607171587184341,-0.0465970875952552,-0.009723699695985466,0.00011869740293116127,-0.00035118974843911934,-0.0004680932242641759,0.49338670004799207,0.047388187098231,-0.013226599904015899,-11.399584320479335,-12.173693602788791,0.7741092823094569,1.7382707874988714,0.009458662778195737,-0.029667612338023428,0.003973447227548332,0.007691211111186643,0.005749149106117139,0.25881904510252074,0.9659258262890683,-0.433883739117558,-0.9009688679024191,0
2026-01-23T02:00:00+00:00,2026-01-23T03:00:00+00:00,-0.005406079060117007,-0.0002640836129347477,4.7414391622511225e-05,0.00651916974563385,-0.005409429113237589,0.0010803195578479136,0.0,5463.6639,-0.2631950545155922,-0.0038782003934293803,-0.013426358914587797,-0.05126271833082089,-0.009585332360891577,-0.00040806503531047453,-0.0005477144940085202,-0.000514937901650337,0.44983244192570465,-0.04355425812228738,-0.10033511614859066,-11.036499371753052,-11.946254756581643,0.9097553848285909,0.135646102519134,0.009296438906213626,-0.022464185548137356,-0.005781144781144805,-8.465737467322254e-05,7.544580398652546e-05,0.49999999999999994,0.8660254037844387,-0.433883739117558,-0.9009688679024191,1
2026-01-23T03:00:00+00:00,2026-01-23T04:00:00+00:00,0.003925048174124533,-0.0015022500067365593,0.00365992802028702,0.00456413058878288,0.003925048174124533,0.0003474541394268509,0.0003069740455130698,4150.2135,-0.24039736412043936,2.8613603774811925e-05,-0.009182783279569302,-0.047088128925612094,-0.00921113331962499,3.011967363981321e-06,-0.0003746670527845205,-0.0004730236696087091,0.48517484105771097,0.03534239913200629,-0.029650317884578073,-9.701700629910192,-11.497343931247354,1.7956433013371615,0.8858879165085707,0.008924666738968256,-0.03622273257040805,-0.002577319587628817,0.003925048174124533,0.0036889136903056766,0.7071067811865475,0.7071067811865476,-0.433883739117558,-0.9009688679024191,1
2026-01-23T04:00:00+00:00,2026-01-23T05:00:00+00:00,0.004577623953420807,0.008520639522085543,0.0030684972110693837,0.007290152082444884,0.004577623953420807,0.0022565555962243845,0.00047683168848789716,10015.3261,1.4132074410147817,0.0041658392128275,-0.004465765581400707,-0.04231891307292534,-0.0085957960898118,0.0004387017656679961,-0.0001822429276411297,-0.00042513489272719124,0.5237507731310008,0.03857593207328989,0.04750154626200171,-7.462850326416628,-10.690445210281208,3.2275948838645796,1.431951582527418,0.00877015291393379,-0.012814748866880363,0.004228700534488852,0.008831540150139471,0.003096593067428333,0.8660254037844386,0.5000000000000001,-0.433883739117558,-0.9009688679024191,0
2026-01-23T05:00:00+00:00,2026-01-23T06:00:00+00:00,-0.0031665653679158884,0.0013965632400266739,0.005327092992146523,0.004911472228959471,-0.0031665653679158884,0.0001414827391058536,0.0015933651332632717,7833.1727,-0.21788141276797768,0.000892086051005896,-0.007321624623054595,-0.044920485147995036,-0.008206389868130017,9.391261359346941e-05,-0.0002987525415954514,-0.0004512584361820417,0.49594065062661535,-0.027810122504385505,-0.008118698746769298,-6.375969315685779,-9.827550031362122,3.451580715676343,0.22398583181176335,0.008520402383410374,-0.03155371911381019,-0.00541091094277169,0.0018764765440431811,0.0053361067596294515,0.9659258262890683,0.25881904510252074,-0.433883739117558,-0.9009688679024191,0
2026-01-23T06:00:00+00:00,2026-01-23T07:00:00+00:00,-0.009661249898940846,-0.012797222287515968,-0.008278179205375744,0.012769228676000367,-0.009664585979107803,0.0023198225777921917,0.0006905043743282719,16426.048,1.0969852994559919,-0.007948447965001042,-0.01625970113725297,-0.05363786266014417,-0.008377844029579942,-0.0008359792870671063,-0.0006632211167389912,-0.0005387835523814542,0.42246822001009804,-0.07347243061651731,-0.15506355997980392,-7.739626993139609,-9.409965423717619,1.6703384305780098,-1.7812422850983332,0.008901073564004972,0.034584714578461205,-0.012936432526079266,-0.0080807603674974,-0.008250191313435927,1.0,6.123233995736766e-17,-0.433883739117558,-0.9009688679024191,1
2026-01-23T07:00:00+00:00,2026-01-23T08:00:00+00:00,0.0029286909669781324,-0.00676085374727146,-0.009906010429853694,0.005463813680901115,0.0029286909669781324,0.0009937289934848995,0.0015499459045138916,12271.1076,-0.25294826850621643,-0.004564938936593084,-0.012860725067754547,-0.05038563024958929,-0.00833382955418429,-0.00048028909959799685,-0.0005246521494165833,-0.0005061319444479923,0.44886560480201715,0.026397384791919123,-0.10226879039596568,-8.032981276123337,-9.134568594198763,1.1015873180754259,-0.5687511125025839,0.008631419228668386,-0.027454618148266077,-0.009040831622073104,0.003621696138332411,-0.009899124299878602,0.9659258262890683,-0.25881904510252085,-0.433883739117558,-0.9009688679024191,0
2026-01-23T08:00:00+00:00,2026-01-23T09:00:00+00:00,-0.007071416216436179,-0.004163435242254866,-0.01378446115288223,0.010294981623423757,-0.0071017235415013515,0.0009427388613354846,0.0021997240097826423,16274.5508,0.32624953920215005,-0.010510540333996288,-0.01907795585224364,-0.05656472023725823,-0.008658420192913662,-0.001105149959029201,-0.0007780861860546275,-0.0005681666537631843,0.40105969120661483,-0.047805913595402316,-0.1978806175867703,-9.834521169901109,-9.274559109339233,-0.559962060561876,-1.661549378637302,0.00880732537031227,0.013164217284155299,-0.008057138597692026,-0.002613011913562817,-0.013803975148398893,0.8660254037844387,-0.4999999999999998,-0.433883739117558,-0.9009688679024191,0
2026-01-23T09:00:00+00:00,2026-01-23T10:00:00+00:00,-0.0022099711713188096,-0.009265759761776269,-0.00636420534171464,0.006788375890482213,-0.0022099711713188096,0.002526384975882988,0.002047124953357736,15019.2137,-0.07713497689902449,-0.011501927296816792,-0.020429619314879348,-0.05810001199654388,-0.00903157250843045,-0.0012092650965887309,-0.0008331672663184585,-0.0005835789552989034,0.38727590046325006,-0.01378379074336479,-0.2254481990734999,-11.650035090440724,-9.749654305559531,-1.900380784881193,-1.340418724319317,0.008681228377984386,-0.01649561594085999,-0.010222475214648285,-1.0269752156560777e-05,-0.0063526964207768575,0.7071067811865476,-0.7071067811865475,-0.433883739117558,-0.9009688679024191,1
2026-01-23T10:00:00+00:00,2026-01-23T11:00:00+00:00,0.0033479735859261,0.0011306034895000566,-0.005948807694786133,0.006847609136969298,0.003351408344630203,0.0013818045343660526,0.0021255906787901596,13413.5463,-0.10690755402195258,-0.0074180151879376195,-0.016488582235131076,-0.054429582207221064,-0.009138355507138181,-0.0007802344628254492,-0.0006725507276388829,-0.000546731897672825,0.41973987159402787,0.032463971130777834,-0.16052025681194423,-12.159511408920935,-10.231625726231812,-1.9278856826891229,-0.02750489780792975,0.008523357144366079,-0.014898267088969791,-0.0013867026459786181,0.005406165635858988,-0.005933413801828889,0.49999999999999994,-0.8660254037844387,-0.433883739117558,-0.9009688679024191,1
2026-01-23T11:00:00+00:00,2026-01-23T12:00:00+00:00,0.003319742745526201,0.006678830742476392,0.004454099547758592,0.006195845858780895,0.003319742745526201,0.002033543262102649,0.0008535440782403266,12030.9394,-0.10307541861617912,-0.0037317066400044943,-0.012711597554688564,-0.05080610720051013,-0.009013526752315544,-0.00039265698519216934,-0.000518571660426002,-0.0005103535489787502,0.4509100199100577,0.031170148316029794,-0.09817996017988463,-11.643921499936368,-10.514084880972723,-1.1298366189636457,0.7980490637254771,0.008330919017021248,-0.019332947872943186,0.0019352640545144246,0.008833831344148916,0.0044577451601334915,0.258819045102521,-0.9659258262890682,-0.433883739117558,-0.9009688679024191,0
2026-01-23T12:00:00+00:00,2026-01-23T13:00:00+00:00,-0.0019791340778322394,0.0013340384516966545,0.004686478363121645,0.003983154222007201,-0.0019791340778322394,3.407317555255882e-06,0.0019966880873364067,8042.3332,-0.3315290741136972,-0.005163073473679838,-0.014098561512537463,-0.052187821617838824,-0.008981862052565478,-0.0005431862066721272,-0.0005751205363378503,-0.0005242257629872804,0.4358291215611214,-0.015080898348936245,-0.12834175687775712,-11.571548534208432,-10.725577611619865,-0.8459709225885668,0.28386569637507897,0.008035705041045099,-0.03734494514070221,-0.00400453394690929,0.0021922935078062286,0.004688582253620062,1.2246467991473532e-16,-1.0,-0.433883739117558,-0.9009688679024191,0
2026-01-23T13:00:00+00:00,2026-01-23T14:00:00+00:00,-0.0013867782449589294,-0.003363167702708174,-5.458980876502652e-05,0.0057424789903063435,-0.0013833756410037807,0.00309472872501959,0.0012624582450464954,7776.2841,-0.03308108398194695,-0.00592326905614533,-0.014868304330723446,-0.05299808054309448,-0.008998334832850374,-0.000623113493396919,-0.000606501497219848,-0.000532360466936511,0.4251211755585688,-0.010707946002552617,-0.14975764888286236,-11.707648933889232,-10.921991876073738,-0.7856570578154933,0.06031386477307343,0.007882265309692242,-0.02045504216067559,-0.0033665568284994645,0.0006111300785250815,-4.616957726496758e-05,-0.25881904510252035,-0.9659258262890684,-0.433883739117558,-0.9009688679024191,0
2026-01-23T14:00:00+00:00,2026-01-23T15:00:00+00:00,-0.005022536585698669,-0.00640234968618604,-0.00836881265557615,0.017142935526239005,-0.005019141661946661,0.0039813859063738775,0.008117089095940794,31603.727,3.0641168189829893,-0.009886709908283184,-0.019053866676264335,-0.05721263980495794,-0.009258694797574097,-0.0010396243625050581,-0.0007771044829001263,-0.0005746709684606166,0.3879923530092792,-0.03712882254928964,-0.22401529398144163,-12.855104814734204,-11.308614463805831,-1.546490350928373,-0.7608332931128796,0.008580688502747773,0.083139344512318,-0.009460175548248562,-0.003764831282946538,-0.008388448908489837,-0.5000000000000001,-0.8660254037844386,-0.433883739117558,-0.9009688679024191,1
2026-01-23T15:00:00+00:00,2026-01-23T16:00:00+00:00,0.012578573216692273,0.007492860286816877,0.006095691106219674,0.022111590889848435,0.012578573216692273,0.004168995004656658,0.0055202777072221425,26850.2304,-0.15040936785715175,0.002322410661157889,-0.00645333136644987,-0.04492271192846503,-0.008755408373857522,0.00024452405751956895,-0.00026333191829882094,-0.0004512807956912292,0.5041948960328392,0.11620254302355995,0.008389792065678279,-10.681571902977794,-11.183205951640224,0.5016340486624298,2.0481243995908027,0.009448203204971155,0.11495110417857943,0.0035209472571617385,0.02086502558428983,0.006169258386034675,-0.7071067811865475,-0.7071067811865477,-0.433883739117558,-0.9009688679024191,1
2026-01-23T16:00:00+00:00,2026-01-23T17:00:00+00:00,0.005161290322580571,0.017804785207488027,0.012692823436684245,0.013996004029663162,0.0051919286338420025,0.004046509590665811,0.004784382696707138,25013.5039,-0.06840635900092688,0.006776974695149043,-0.0012734402936057426,-0.03961110063591535,-0.007996224775792515,0.00071387501137234,-5.197445335676274e-05,-0.0003979430921813323,0.5430186547253352,0.038823758692496,0.08603730945067029,-7.641207691168802,-10.47480629954594,2.8335986083771374,2.3319645597147076,0.009727996921803777,0.034927565172348435,0.0009881756187058058,0.023526003786507137,0.012717326953574176,-0.8660254037844384,-0.5000000000000004,-0.433883739117558,-0.9009688679024191,1
2026-01-23T17:00:00+00:00,2026-01-23T18:00:00+00:00,0.006576841566177931,0.011772076877487162,0.024498726025095438,0.019902862249833484,0.006573450134770963,0.010627579489273675,0.0027447606869934553,33119.1072,0.3240490949370751,0.012106901606620599,0.0050863218118681495,-0.03297440784354968,-0.006936599072299544,0.0012760368904947293,0.00020764808068701631,-0.00033129129356098406,0.5875658840581092,0.044547229332774024,0.17513176811621833,-3.614925671191486,-9.102830173875049,5.487904502683563,2.6543058943064253,0.010395751660156478,0.0756708658421725,0.0025201342281879926,0.016692417116448813,0.024316705105450774,-0.9659258262890683,-0.25881904510252063,-0.433883739117558,-0.9009688679024191,1
2026-01-23T18:00:00+00:00,2026-01-23T19:00:00+00:00,0.00036485233522220534,0.006944093477403943,0.012141224282448534,0.009737000602288819,0.00036485233522220534,0.006340761560597027,0.003031519775145687,15956.1797,-0.5182183020923945,0.011274567876794749,0.005238065463046348,-0.03230748017817775,-0.00596920223794636,0.0011882067783968331,0.00021384430994039055,-0.0003245928984878863,0.5899695257558273,0.0024036416977181573,0.17993905151165465,-0.33228390999875046,-7.348720921099789,7.016437011101038,1.5285325084174755,0.010345177305882435,-0.004501828603223783,-0.010154806144552078,0.009730387188323442,0.012102984223980708,-1.0,-1.8369701987210297e-16,-0.433883739117558,-0.9009688679024191,0
2026-01-23T19:00:00+00:00,2026-01-23T20:00:00+00:00,-0.009636619152780475,-0.009275282760559809,-0.002759443259579581,0.014146226096357824,-0.009636619152780475,0.0,0.004415838908034382,20079.1145,0.25839109846575614,0.0013834508912037872,-0.004275305050628775,-0.04123559019162705,-0.005650938146417763,0.0001456476197403121,-0.00017447180124310967,-0.00041425636267355476,0.5060506250919595,-0.08391890066386778,0.012101250183919063,-0.0540627704885992,-5.889789290977551,5.835726520488952,-1.1807104906120864,0.010710153187297478,0.02530321195483765,-0.015876710279130853,-0.006261646158236545,-0.002694925251380339,-0.9659258262890684,0.2588190451025203,-0.433883739117558,-0.9009688679024191,0
2026-01-23T20:00:00+00:00,2026-01-23T21:00:00+00:00,-0.006635583485370743,-0.01620825804724622,-0.015849319332822437,0.01131571070962124,-0.0066322272863953554,0.0013264584240313762,0.003312744884632055,13098.679,-0.347646580729444,-0.004762621649789849,-0.010460217985848595,-0.04714627282568288,-0.005724861686267817,-0.0005010773902908194,-0.0004267654663691018,-0.00047360747737021716,0.4581868941602447,-0.04786373093171484,-0.08362621167951062,-1.402190792006877,-4.992269591183416,3.5900787991765393,-2.2456477213124124,0.010819839937013147,0.0035378390815370775,-0.01620825804724622,-0.002229590087995902,-0.015907350302929012,-0.8660254037844386,0.5000000000000001,-0.433883739117558,-0.9009688679024191,1
2026-01-23T21:00:00+00:00,2026-01-23T22:00:00+00:00,0.0012992490204615272,-0.005344955740252775,-0.014930067590175965,0.005030604827478429,0.0013026546264646114,0.003087656845494924,0.0006419880569840395,3646.0107,-0.7216505038408836,-0.003140163749140998,-0.00881794532942931,-0.04547225143193096,-0.005695666907036972,-0.00033043432960393643,-0.00035978664287683235,-0.0004567987915821957,0.468712538999778,0.010525644839533327,-0.06257492200044396,-2.13770772291673,-4.421357217530079,2.283649494613349,-1.3064293045631903,0.010393286533868907,-0.03817523532698013,-0.006650493135246951,0.004627323045843239,-0.014972953617689692,-0.7071067811865477,0.7071067811865474,-0.433883739117558,-0.9009688679024191,1
2026-01-23T22:00:00+00:00,2026-01-23T23:00:00+00:00,0.005448406578849029,0.006754734436221202,7.432934657740385e-05,0.006233065992797438,0.005448406578849029,0.0006418875548138495,0.00017229613313430933,5647.058,0.5488319877942213,0.002072478486908926,-0.003283999789701256,-0.039886866929430415,-0.00534540005000263,0.00021820323246456494,-0.00013402284321274504,-0.00040071239967098317,0.511615454219646,0.04290291521986802,0.02323090843929208,-1.410061925505488,-3.8190981591251605,2.4090362336196725,0.12538673900632347,0.010043830784196735,-0.028358005428817317,0.0023534829855031605,0.007405743535289512,0.00011207211393981283,-0.5000000000000004,0.8660254037844384,-0.433883739117558,-0.9009688679024191,0
2026-01-23T23:00:00+00:00,2026-01-24T00:00:00+00:00,-0.0012195863541462988,0.004222175422387325,0.0055269101001306055,0.003050997662705776,-0.0012195863541462988,0.0,0.0018299221014676094,2229.8131,-0.6051372059575092,0.0007693151601251881,-0.004323889833109887,-0.04066588585790333,-0.005089289725494982,8.098710155054583e-05,-0.00017645415774581637,-0.0004085354010443789,0.501794123638485,-0.00982133058116105,0.00358824727696998,-1.111877190490759,-3.2776539653982804,2.1657767749075214,-0.24325945871215104,0.009555730960665476,-0.049757296130586805,-0.0018602798184961843,0.004396171865179552,0.005528069245164257,-0.2588190451025207,0.9659258262890683,-0.433883739117558,-0.9009688679024191,0
2026-01-24T00:00:00+00:00,2026-01-24T01:00:00+00:00,-0.001833304582246736,-0.003050655063141533,0.0023811303065916765,0.0032938098739744293,-0.001833304582246736,0.0008742828677833294,0.0005828552451888349,4133.8814,0.8539138549325056,-0.0009640309794435053,-0.00590954474017733,-0.04202024003218247,-0.0049502859897850825,-0.000101466648678999,-0.00024114774150252416,-0.0004221356963708363,0.4866879647085488,-0.015106158929936199,-0.02662407058290242,-1.2979503788355942,-2.881713248085743,1.5837628692501489,-0.5820139056573725,0.009124747999883647,-0.04685265888551991,-0.003050655063141533,-3.388681802852687e-06,0.0023955156424559938,0.0,1.0,-0.9749279121818236,-0.2225209339563146,1
2026-01-24T01:00:00+00:00,2026-01-24T02:00:00+00:00,0.0017383996557087992,-9.809194259252391e-05,-0.001317558665144185,0.0031967579123986234,0.0017350050830226673,0.001126476597702369,0.0003382812605712894,2183.2688,-0.4718598361336637,0.0006990515711175805,-0.0040180999260412366,-0.03996939652824282,-0.004713856268528279,7.358979096596321e-05,-0.0001639771856866945,-0.00040154117758490175,0.5019701893577091,0.01528222464916034,0.003940378715418262,-1.019711989318239,-2.509312996332242,1.489601007014003,-0.09416186223614575,0.008686616271674072,-0.046360832921524896,-0.0009699255489203719,0.002322608645529202,-0.0013144912806842357,0.25881904510252074,0.9659258262890683,-0.9749279121818236,-0.2225209339563146,1
2026-01-24T02:00:00+00:00,2026-01-24T03:00:00+00:00,0.0011738359741824604,0.002914276225944637,0.001075628887738944,0.0025780597988235223,0.0011738359741824604,0.0009224250656340973,0.00048317503437970673,3290.6754,0.5072241219221382,0.0016949572626712376,-0.002737561668289012,-0.03847085444022179,-0.0044250187133545935,0.00017844839211256672,-0.00011172472714123262,-0.00038649231910015813,0.5125417558419127,0.010571566484203671,0.025083511683825607,-0.5132891828384345,-2.1101082336334804,1.596819050795046,0.10721804378104283,0.00824083358093701,-0.05020473912777779,4.730608727984167e-05,0.0032508474576271678,0.0010789310476445237,0.49999999999999994,0.8660254037844387,-0.9749279121818236,-0.2225209339563146,1
2026-01-24T03:00:00+00:00,2026-01-24T04:00:00+00:00,0.0010575789214045373,0.002232656319770479,0.003974937224456884,0.004441864232867046,0.0010575789214045373,0.002595587838202751,0.0007898147648107637,9572.3536,1.9089327984157902,0.0024913581870929864,-0.001616989434849467,-0.037095109715670656,-0.004098137693049042,0.00026231702239511314,-6.599521311379093e-05,-0.00037267623366730806,0.5223899590418316,0.009848203199918828,0.04477991808366326,0.1390168813022683,-1.6602832106463308,1.799300091948599,0.20248104115355314,0.007961394369061191,-0.03288737799936185,0.00013502930135827197,0.002717713194954376,0.0039698145512957975,0.7071067811865475,0.7071067811865476,-0.9749279121818236,-0.2225209339563146,1
2026-01-24T04:00:00+00:00,2026-01-24T05:00:00+00:00,0.00023289409731599834,0.0012907193226087766,0.0024660703895646873,0.002486999773909228,0.00023289409731599834,0.0011641993514229462,0.0010899605522016929,3230.1982,-0.6625492188253472,0.0024646850440771346,-0.0013302511315152197,-0.03651737795583658,-0.0037856058494723887,0.0002595078578119543,-5.4293016659893e-05,-0.0003668741776163978,0.524669799341589,0.0022798402997572962,0.04933959868317785,0.7035413830499238,-1.18751829190708,1.8910596749570037,0.09175958300840459,0.007568644862949029,-0.04911034365014195,-0.0023565770381866477,0.002083016315833918,0.002464308992902996,0.8660254037844386,0.5000000000000001,-0.9749279121818236,-0.2225209339563146,0
2026-01-24T05:00:00+00:00,2026-01-24T06:00:00+00:00,-0.0007052685926009869,-0.0004725387481772278,0.0005845404262076903,0.002782542920049247,-0.0007052685926009869,0.0007496656896249829,0.0013271108829847132,3560.5846,0.10228053498389057,0.0015900140989408632,-0.0019549500090053147,-0.03684040897101581,-0.0035393365129896283,0.00016739792252609367,-7.97875113636212e-05,-0.0003701183282456045,0.5166254913912125,-0.008044307950376393,0.03325098278242507,0.9710914470056196,-0.7557963441245401,1.7268877911301597,-0.164171883826844,0.0072317405836647515,-0.04518703215446114,-0.0018672940415118892,0.000618349783239809,0.0005852044261195487,0.9659258262890683,0.25881904510252074,-0.9749279121818236,-0.2225209339563146,1
2026-01-24T06:00:00+00:00,2026-01-24T07:00:00+00:00,0.00015871300636196016,-0.0005466675215376512,-0.00031390073986061335,0.0016982973134488757,0.00015871300636196016,0.0008001917759192552,0.0007394177169887313,2039.1799,-0.42729070389171486,0.0015821464514236608,-0.0017262160609945712,-0.03633575721213067,-0.00330313646677875,0.00016656947249713637,-7.04528344563812e-05,-0.0003650501792707992,0.5184136787465241,0.0017881873553115212,0.036827357493048114,1.20713675127854,-0.36320972504392407,1.5703464763224642,-0.1565413148076955,0.00683542901729396,-0.054651669305510166,-0.0012948344871073416,0.0014877983627455597,-0.0003136614889230284,1.0,6.123233995736766e-17,-0.9749279121818236,-0.2225209339563146,0
2026-01-24T07:00:00+00:00,2026-01-24T08:00:00+00:00,-0.0015024697902281453,-0.0013439952453635602,-0.002048315960329387,0.0028437717678725842,-0.0015024697902281453,0.0002062664421406153,0.0011327747232311345,7722.5107,2.7870668988057403,6.993715870493777e-05,-0.003099971029575568,-0.03742174602202124,-0.003169686509412052,7.361860375999687e-06,-0.00012651342210748295,-0.00037595655348096716,0.4995697168824372,-0.018843961864086864,-0.0008605662351256171,1.0233302318197275,-0.08590173367119375,1.1092319654909213,-0.46111451083154287,0.006559861444471439,-0.04175649630020098,-0.0023008204685306156,-0.000604907523495069,-0.002049025376467172,0.9659258262890683,-0.25881904510252085,-0.9749279121818236,-0.2225209339563146,1
2026-01-24T08:00:00+00:00,2026-01-24T09:00:00+00:00,0.001954459074708943,0.00044905276876481024,0.0006078370456417162,0.0028382245740975237,0.001954459074708943,2.024892680686082e-05,0.0008673290315613825,2867.9166,-0.6286289897921411,0.0018313671526501095,-0.00110646105262278,-0.035199237857198515,-0.0029324577983843958,0.00019281265930739066,-4.5159636132465245e-05,-0.00035363608177526934,0.5237829729382729,0.024213256055835755,0.0475659458765459,1.3287430130776556,0.19702721567857617,1.1317157973990795,0.02248383190815817,0.006282148265884586,-0.040463503558239494,0.0002430461787738995,0.0030907349043158947,0.0006107022908427579,0.8660254037844387,-0.4999999999999998,-0.9749279121818236,-0.2225209339563146,0
2026-01-24T09:00:00+00:00,2026-01-24T10:00:00+00:00,-0.000867329031561229,0.0010854348840512204,-0.0004186657392994715,0.0016483423688166418,-0.0008707009142359354,0.0006248838898177396,0.00015199878400982007,1548.1336,-0.4601887656007849,0.0008707080340569367,-0.0018956111752926677,-0.035690267401200786,-0.0027639126484012098,9.166187839906382e-05,-7.736589876038658e-05,-0.00035856753798879345,0.5119224521861219,-0.011860520752151089,0.02384490437224372,1.3478699156235052,0.42719575566756196,0.9206741599559433,-0.2110416374431362,0.005956226019897442,-0.05270303082955342,-0.000887559986230892,0.001956159024221919,-0.0004153397470804312,0.7071067811865476,-0.7071067811865475,-0.9749279121818236,-0.2225209339563146,1
2026-01-24T10:00:00+00:00,2026-01-24T11:00:00+00:00,0.0003749303338905516,-0.0004927238856340737,0.0014607721804052658,0.0011648872591721597,0.0003749303338905516,0.00018233017969650927,0.0006077672656551333,1666.157,0.0762359269251698,0.0011271677528803946,-0.001461816364770345,-0.03498948873331626,-0.002586069183859975,0.0001186633164572633,-5.9662414256171845e-05,-0.0003515295366286462,0.5170094963976676,0.005087044211545688,0.034018992795335094,1.4360420482094014,0.6289650141759299,0.8070770340334715,-0.11359712592247173,0.005611914656493215,-0.05745371065925328,-0.001119737738534548,0.0005270092226613782,0.0014620603770382655,0.49999999999999994,-0.8660254037844387,-0.9749279121818236,-0.2225209339563146,0
2026-01-24T11:00:00+00:00,2026-01-24T12:00:00+00:00,-0.00016207127084135863,0.00021279829761350233,-0.0006547153000891138,0.001354189883762628,-0.00016207127084135863,0.000952323060401652,0.0002397692811649533,1562.9538,-0.06194086151545138,0.0008729370281941732,-0.001560077474184914,-0.03480835171334967,-0.002430892486316223,9.189655243132146e-05,-6.36725771441402e-05,-0.0003497103404303409,0.5145121701831642,-0.002497326214503346,0.029024340366328404,1.4504670290302784,0.7932654171467995,0.6572016118834788,-0.14987542214999272,0.005308636159044373,-0.05419520671178964,-0.00034433866720679965,0.000821292775665344,-0.0006544699685120361,0.258819045102521,-0.9659258262890682,-0.9749279121818236,-0.2225209339563146,1
2026-01-24T12:00:00+00:00,2026-01-24T13:00:00+00:00,0.000493046690846229,0.0003308955113011008,0.0007059499079561874,0.0018632030891368634,0.0004964253994197564,0.0007999621958794676,0.0005670618097373596,3850.6809,1.463720232805346,0.001236118577979146,-0.001025968427499714,-0.034002466382995165,-0.0022592942498834575,0.0001301346778813561,-4.1874508799026625e-05,-0.00034161658870776677,0.5220741168300242,0.0075619466468599935,0.04414823366004839,1.56170634985574,0.9469536036885876,0.6147527461671524,-0.042448865716326445,0.005060104546685863,-0.04634650731097023,-0.0006206822107081665,0.0007329917209092046,0.0007059057538954219,1.2246467991473532e-16,-1.0,-0.9749279121818236,-0.2225209339563146,0
2026-01-24T13:00:00+00:00,2026-01-24T14:00:00+00:00,-0.0046310047795209,-0.004140241390256507,-0.004301641646914157,0.005120518698370898,-0.00463436450475082,0.00028824111878243864,0.00017633574325515164,3715.0482,-0.03522304328047532,-0.0030777397699296915,-0.005431770163041917,-0.03810774914425525,-0.002361297853424358,-0.00032386768310322056,-0.00022165576244422022,-0.0003828458266485088,0.45098497472540067,-0.07108914210462353,-0.09803005054919865,0.5365895060599541,0.864880784162861,-0.3282912781029068,-0.9430440242700592,0.005086280636991416,0.000518072372116912,-0.00542662587984531,-0.0035715613163077795,-0.00430002935951603,-0.25881904510252035,-0.9659258262890684,-0.9749279121818236,-0.2225209339563146,1
2026-01-24T14:00:00+00:00,2026-01-24T15:00:00+00:00,0.0035809720168739558,-0.0010666162611724188,-0.0005740954619441635,0.005308364983037573,0.0035809720168739558,2.365280387100562e-05,0.0017165177666346545,6294.0764,0.6942112352674185,0.0004453128388759988,-0.0017970378590229743,-0.034330172797311403,-0.0022413525948120554,4.687723304320166e-05,-7.334310443630072e-05,-0.0003449078598078795,0.5066659337595091,0.05568095903410836,0.013331867519018062,0.5697134659799303,0.8058473205262748,-0.2361338545463445,0.09215742355656231,0.005085291311998765,0.0033857669527758154,-0.0013565041336257742,0.0037579704246370666,-0.0005569860718007155,-0.5000000000000001,-0.8660254037844386,-0.9749279121818236,-0.2225209339563146,0
2026-01-24T15:00:00+00:00,2026-01-24T16:00:00+00:00,-0.0007535107518888515,0.0028247629640681766,-0.0018193233062403372,0.004230281511539357,-0.0007568871663698076,0.002904725674190598,0.0005680953588637539,7226.6559,0.14816780743239785,-0.0002791575246832201,-0.0024494709806005517,-0.03472109330816312,-0.002170919484426891,-2.938413914522856e-05,-9.996841268880684e-05,-0.0003488339840286768,0.4952432881417266,-0.011422645617782478,-0.009513423716546896,0.411281087387124,0.7269340738984447,-0.3156529865113207,-0.07951913196497618,0.005027779986629546,-0.01205433629783193,-0.0007771451740974749,0.004555274743192515,-0.0018035435145357962,-0.7071067811865475,-0.7071067811865477,-0.9749279121818236,-0.2225209339563146,1
2026-01-24T16:00:00+00:00,2026-01-24T17:00:00+00:00,0.0005579507988841292,-0.0001959803749307065,0.0033842898417047657,0.0031734766298286096,0.0005579507988841292,0.0009192605360099361,0.0016965764304302212,3048.4388,-0.5781674342623675,0.00025209392176445025,-0.0018187910189334051,-0.03385390518552169,-0.002070363014765987,2.6536906479721375e-05,-7.423085749041823e-05,-0.00034012452906495637,0.5041508397014006,0.008907551559674048,0.008301679402801198,0.4140901231062344,0.6643652837400026,-0.2502751606337682,0.06537782587755248,0.00489272632085724,-0.026318527374855977,-0.0030929085469393806,0.0011266862229620436,0.0033854120638692337,-0.8660254037844384,-0.5000000000000004,-0.9749279121818236,-0.2225209339563146,1
2026-01-24T17:00:00+00:00,2026-01-24T18:00:00+00:00,0.0018250025347257733,0.0023839715952321183,0.0016286644951140619,0.0027460108625982096,0.0018216167440038148,0.0006072259892722487,0.0003204803832270074,3149.78,0.0332436393343374,0.0018793221545794895,2.7787969604693553e-06,-0.03178152397224084,-0.0018730233433538108,0.0001978625265272793,1.1342029703696037e-07,-0.00031931030958776645,0.533185394860385,0.02903455515898436,0.06637078972076992,0.842341189574654,0.6999604649069329,0.14238072466772111,0.3926558853014893,0.004731113171507563,-0.03126658753984788,0.0009049101505258241,0.004088434844168701,0.001629442581721051,-0.9659258262890683,-0.25881904510252063,-0.9749279121818236,-0.2225209339563146,0
2026-01-24T18:00:00+00:00,2026-01-24T19:00:00+00:00,-0.00016192693047263035,0.00166278008719459,0.002221658635556738,0.0021931156413007536,-0.0001652998505553676,0.0014103420585595064,0.0006174464036278795,4188.8084,0.3298733244861545,0.0015533044277956612,-0.00015290841687351574,-0.03163056254768092,-0.0017035666869912283,0.0001635324677371134,-6.241120920626958e-06,-0.00031779407580191286,0.5302133972730484,-0.0029719975873366165,0.06042679454609669,1.1299756013140723,0.7859634921883607,0.34401210912571156,0.20163138445799045,0.0045505391224331705,-0.038323095925585256,-0.0007686861535348591,0.0019810950790410038,0.002221026403137272,-1.0,-1.8369701987210297e-16,-0.9749279121818236,-0.2225209339563146,0
2026-01-24T19:00:00+00:00,2026-01-24T20:00:00+00:00,-0.0033369097988407955,-0.0034982963937524357,-0.0016796782588124825,0.003984522314340551,-0.0033369097988407955,0.0001320275023442914,0.0005044127653667425,3763.0544,-0.10164083895553683,-0.0016187035516833635,-0.003352931167662435,-0.034527016093995846,-0.0017370393677730996,-0.00017036081979152944,-0.00013683560682826646,-0.0003468848160439873,0.47185318816811245,-0.058360209104935876,-0.056293623663775064,0.5535071136305305,0.7394722164767946,-0.1859651028462641,-0.5299772119719757,0.004524256673169265,-0.009093315006365408,-0.004904850614285359,-0.002721143555515024,-0.0016738341945876528,-0.9659258262890684,0.2588190451025203,-0.9749279121818236,-0.2225209339563146,1
2026-01-24T20:00:00+00:00,2026-01-24T21:00:00+00:00,0.0007853943729201991,-0.0025541362160995482,-0.0027156495631346965,0.0017048625792811716,0.0007820064050048225,0.0008625792811839939,6.088794925998691e-05,2357.1118,-0.37361739973783,-0.0007551566651004492,-0.002469628097286617,-0.033443969111103436,-0.0017157671051513826,-7.948385708808103e-05,-0.00010079098698089121,-0.0003360073536838625,0.486141664654485,0.014288476486372517,-0.02771667069103003,0.28062146529009624,0.6477020662394549,-0.3670806009493587,-0.18111549810309457,0.0043195744533850436,-0.04449120924302435,-0.0026853697949875467,0.0012904580618064872,-0.002713442356393227,-0.8660254037844386,0.5000000000000001,-0.9749279121818236,-0.2225209339563146,1
2026-01-24T21:00:00+00:00,2026-01-24T22:00:00+00:00,0.0005750528541225601,0.0013608988703185188,-0.001980552125297874,0.0029479876265656284,0.0005716682565131618,0.0,0.0023766459879308983,3613.1329,0.5328644572565459,-0.00016334677305315963,-0.0018217781029116942,-0.03257156193923735,-0.0016587022735223703,-1.7194101521304328e-05,-7.435276117051992e-05,-0.0003272452567847413,0.4968826996891809,0.01074103503469594,-0.006234600621638151,0.19923673835319278,0.5580090006622025,-0.3587722623090097,0.008308338640348967,0.004219298735167787,-0.022652555128555046,-0.00028727862647031353,0.0014185309571527814,-0.0019764625717980364,-0.7071067811865477,0.7071067811865474,-0.9749279121818236,-0.2225209339563146,1
2026-01-24T22:00:00+00:00,2026-01-24T23:00:00+00:00,0.001707263476394186,0.0022832980972515857,0.0030704857596490654,0.0022308471144111127,0.001707263476394186,0.0005231184610192986,3.37495781294753e-06,2303.2091,-0.3625451474536129,0.0013964194089629716,-0.00011301266257252553,-0.030621667023164528,-0.001507327210563009,0.00014701312641533538,-4.612740460259697e-06,-0.00030766076319320185,0.5284173273190635,0.03153462762988262,0.05683465463812709,0.5360522743617366,0.5536176554021093,-0.01756538104037264,0.3412068812686371,0.004070588954678278,-0.03359805065666574,0.001707263476394186,0.004669015302299238,0.003067710703436945,-0.5000000000000004,0.8660254037844384,-0.9749279121818236,-0.2225209339563146,0
2026-01-24T23:00:00+00:00,2026-01-25T00:00:00+00:00,-0.003300708741140803,-0.001599080444226582,-0.0010249471458774462,0.00401595546555967,-0.003300708741140803,0.00047405882392781136,0.00023025714305058084,5195.0935,1.2555891690424459,-0.0017274126916014315,-0.003279930623557752,-0.033496044622975014,-0.00155520441179529,-0.00018179985770739796,-0.00013385679928751873,-0.00033653037373424465,0.4673271197999061,-0.06109020751915743,-0.06534576040018777,0.013659292324518901,0.4456259827865912,-0.4319666904620723,-0.41440130942169967,0.0040792040055371214,-0.001191280552549151,-0.003821827933413294,-0.0015957051191032457,-0.0010183924106240572,-0.2588190451025207,0.9659258262890683,-0.9749279121818236,-0.2225209339563146,1
2026-01-25T00:00:00+00:00,2026-01-25T01:00:00+00:00,0.0019131659679942881,-0.0013938575767803271,0.0003110262174817265,0.002139330217278869,0.0019097733667881854,0.0,0.00023319713268918696,1835.3665,-0.6467115558170415,0.0001650695381805509,-0.00131926604828666,-0.03134193642550706,-0.0014840906083158781,1.7376042782694845e-05,-5.384469440037974e-05,-0.00031489514574747885,0.5030695775190426,0.03574245771913645,0.006139155038085136,0.05493363070172563,0.3674875123696181,-0.31255388166789244,0.11941280879417987,0.003933408678023809,-0.03389633460464725,-0.0018654702469303062,0.0021439167631937,0.00031972070324767093,0.0,1.0,-0.7818314824680299,0.6234898018587334,0
2026-01-25T01:00:00+00:00,2026-01-25T02:00:00+00:00,-0.0012572367153676235,0.0006535239501291103,-0.002649341883226429,0.003482056748388394,-0.001253861284413604,0.0004839009864134938,0.0017427203356851905,3953.2757,1.153943476684357,-0.0009884418553580611,-0.0024741196766310666,-0.032246238172897436,-0.0014871477803842402,-0.00010403568654002794,-0.00010097427976236662,-0.00032397780007637286,0.4802217542301517,-0.022847823288890866,-0.03955649153969659,-0.21010708573430747,0.251968592748833,-0.46207567848314046,-0.14952179681524802,0.0039057670303628764,-0.008275804534384758,-0.0012572367153676235,0.0008839846369566974,-0.0026447794885141387,0.25881904510252074,0.9659258262890683,-0.7818314824680299,0.6234898018587334,0
2026-01-25T02:00:00+00:00,2026-01-25T03:00:00+00:00,-0.0006023382907805696,-0.0018588177243339518,5.079201684943586e-05,0.0015914023640790937,-0.0006057201640520187,0.0008938940938657627,9.142098687261732e-05,1632.8242,-0.5869693075036482,-0.001438956525664739,-0.002954737044143837,-0.03251311575493986,-0.0015179648038393119,-0.00015144616854871935,-0.00012058696903503947,-0.00032665824198700754,0.46923995482570985,-0.01098179940444183,-0.061520090348580254,-0.5573599879476205,0.09010287660954228,-0.6474628645571628,-0.18538718607402238,0.0037426411357944934,-0.04234257428758032,-0.0023376088153525747,0.0011423728813558952,5.359096184609502e-05,0.49999999999999994,0.8660254037844387,-0.7818314824680299,0.6234898018587334,0
2026-01-25T03:00:00+00:00,2026-01-25T04:00:00+00:00,-0.0036466815874746416,-0.00424682334230079,-0.005498720795438793,0.005641269625501226,-0.003650055191001564,0.0002446815741180588,0.0017331611500033676,7212.5023,3.417194637365125,-0.004598769063223919,-0.006333824051573171,-0.03569541419622219,-0.001743070969197401,-0.00048384673303536864,-0.00025845661358601816,-0.0003586192274810045,0.40838671964996964,-0.060853235175740254,-0.18322656070006077,-1.682217845944706,-0.2643612679013073,-1.4178565780433985,-0.7703937134862356,0.0038909771889261654,0.03584284289951143,-0.005138954628440149,-0.0035555856557515832,-0.005506256593622835,0.7071067811865475,0.7071067811865476,-0.7818314824680299,0.6234898018587334,1
2026-01-25T04:00:00+00:00,2026-01-25T05:00:00+00:00,0.0009141575477469091,-0.002735857681225152,-0.0033365480601661936,0.0030251689986386093,0.0009175590211343809,0.001381867320365792,0.0007265837998975745,5221.9103,-0.27599187039427364,-0.0033386726799411446,-0.005213802916679142,-0.034479424944996104,-0.0018814116544283606,-0.0003513157633264067,-0.00021276300458382638,-0.00034640684458490706,0.42832816992334566,0.01994145027337602,-0.1433436601533087,-2.3297592692083526,-0.6774408681627164,-1.6523184010456362,-0.23446182300223772,0.0038258338662199177,-0.015843297148197943,-0.002982295792288665,0.002651914893617009,-0.0033348623305083022,0.8660254037844386,0.5000000000000001,-0.7818314824680299,0.6234898018587334,1
2026-01-25T05:00:00+00:00,2026-01-25T06:00:00+00:00,0.0007096075428905627,0.0016244137837287435,-0.002028191523581462,0.0021951699475465667,0.0007096075428905627,0.0004274983205422319,0.0010585672699142596,1735.8472,-0.6675838725150066,-0.0023814183092643886,-0.004331880717324833,-0.03346927715768517,-0.0019551183627262198,-0.00025061278898735266,-0.0001767802010848514,-0.0003362615349464602,0.4440088675402094,0.015680697616863738,-0.11198226491958124,-2.643818683226982,-1.0707164311755695,-1.5731022520514126,0.07921614899422358,0.0037068387362409277,-0.030415520725798725,-0.0006713320856050188,0.00235678212518502,-0.00202291649683717,0.9659258262890683,0.25881904510252074,-0.7818314824680299,0.6234898018587334,0
2026-01-25T06:00:00+00:00,2026-01-25T07:00:00+00:00,-0.0010653529575420635,-0.00035650139714601346,0.0005573302521579123,0.004333885824525095,-0.0010687421752805333,0.00012906556530721313,0.0031349346520662597,5987.1847,2.4491427010395843,-0.003117234431931411,-0.005182239365401255,-0.03416742892185897,-0.0020714621666602,-0.0003280223062636478,-0.0002114752428600775,-0.0003432733683762944,0.42514113294143985,-0.01886773459876956,-0.14971773411712036,-3.110231971324538,-1.4786195392053632,-1.6316124321191747,-0.058510180067762096,0.0037552987384443376,0.011993854264898487,-0.00149221335937927,0.0007035623366425832,0.0005584121330954083,1.0,6.123233995736766e-17,-0.7818314824680299,0.6234898018587334,0
2026-01-25T07:00:00+00:00,2026-01-25T08:00:00+00:00,-0.0015861478683801655,-0.0026498110185995513,-0.001942083801595021,0.002105750160737659,-0.0015861478683801655,0.0,0.0005170824304234911,2182.5704,-0.6354596510109334,-0.004252870662053988,-0.006496785158195955,-0.0353567237976803,-0.0022534983330897524,-0.000447470276720144,-0.00026510460532786173,-0.00035521773329037776,0.39804938723594296,-0.02709174570549685,-0.20390122552811404,-3.8127468611860422,-1.945445003601499,-1.8673018575845433,-0.23568942546536853,0.0036430136246799268,-0.031439169100188645,-0.0027817638418193478,0.0015536573981008396,-0.0019418932830316666,0.9659258262890683,-0.25881904510252085,-0.7818314824680299,0.6234898018587334,0
2026-01-25T08:00:00+00:00,2026-01-25T09:00:00+00:00,-0.00356854914154119,-0.00514903676330729,-0.006208904179305071,0.008125418220055506,-0.0035719388484069152,0.0017821295423819954,0.0027585453452961092,10209.794,3.677876140902488,-0.007068046241115818,-0.009652141498797718,-0.03842787552172578,-0.0026024897757589947,-0.0007434517357757014,-0.0003938098118681362,-0.0003860607038096181,0.34488493111883445,-0.053164456117108544,-0.31023013776233116,-5.15650927505294,-2.587657857891787,-2.568851417161153,-0.7015495595766099,0.003975300296365729,0.08731798724847924,-0.00514903676330729,-0.00305304538724673,-0.0062200499674634185,0.8660254037844387,-0.4999999999999998,-0.7818314824680299,0.6234898018587334,1
2026-01-25T09:00:00+00:00,2026-01-25T10:00:00+00:00,0.0022771655263769076,-0.0012995097922485817,-0.002883596445941833,0.004257855743847398,0.0022771655263769076,0.0011615430469215208,0.0008243208720088811,6039.7226,-0.4084383485112432,-0.004351160597199744,-0.007108940948200383,-0.035890578757487225,-0.0027698323363232985,-0.0004578072215216719,-0.00029007668612934416,-0.0003605792699376391,0.3997796031082514,0.054894671989416964,-0.20044079378349722,-5.618471174520437,-3.193820521217517,-2.42465065330292,0.14420076385823322,0.003987096110680554,0.0052511987955984225,-0.0030732138005977253,0.005049640534063677,-0.002877531483544448,0.7071067811865476,-0.7071067811865475,-0.7818314824680299,0.6234898018587334,1
2026-01-25T10:00:00+00:00,2026-01-25T11:00:00+00:00,0.0031780635272076734,0.005462466030289374,0.0018744238102850971,0.004200225460768586,0.0031780635272076734,0.001028834530810776,3.3954935010995556e-06,5745.8939,-0.04864937008861964,-0.0010740062329223567,-0.0037990210370977325,-0.03251056416555244,-0.002727944633715053,-0.00011304050807494286,-0.00015503804262500861,-0.00032663261462291895,0.46705214214822605,0.06727253903997464,-0.06589571570354792,-5.172105469835515,-3.5894775109411166,-1.5826279588943981,0.8420226944085218,0.00399059075499516,0.004057337670324338,0.00201418092244045,0.006293863995134411,0.001886679912043391,0.49999999999999994,-0.8660254037844387,-0.7818314824680299,0.6234898018587334,0
2026-01-25T11:00:00+00:00,2026-01-25T12:00:00+00:00,-0.0025602020997731686,0.000609724942518935,0.002888278913515519,0.004810147266079663,-0.0025635888886248576,0.0004765892549547023,0.0017633802433328011,4619.4614,-0.19604129829128936,-0.003286742184319424,-0.006102016399110091,-0.03465146137193257,-0.0028245578080905677,-0.0003458532056841082,-0.000248999877460188,-0.0003481346532405781,0.4255429000219712,-0.041509242126254835,-0.1489141999560576,-5.364928858246458,-3.944567780402185,-1.420361077844273,0.1622668810501251,0.0040586418098470765,0.014449016476055336,-0.0035853479008585713,0.0006131333156206551,0.0028950269538114124,0.258819045102521,-0.9659258262890682,-0.7818314824680299,0.6234898018587334,1
2026-01-25T12:00:00+00:00,2026-01-25T13:00:00+00:00,0.0016476371385581627,-0.0009167832452768068,0.002258366686536697,0.004187086644145117,0.0016476371385581627,0.0008734425872931807,0.0016687171609376947,6754.5443,0.4621930383485831,-0.0014881324861526673,-0.004290108453041622,-0.03274272410609349,-0.002806151892681533,-0.00015662099088088762,-0.00017507581056439673,-0.00032896435092573026,0.45879361921016837,0.033250719188197164,-0.08241276157966325,-5.068765657050335,-4.169407355731815,-0.8993583013185198,0.5210027765257532,0.0040616171410140295,0.0023819304250100337,-0.0013948800097742307,0.0034170429278806086,0.0022654985659926676,1.2246467991473532e-16,-1.0,-0.7818314824680299,0.6234898018587334,0
2026-01-25T13:00:00+00:00,2026-01-25T14:00:00+00:00,-0.00023790265023561634,0.0014093425110806568,-0.0011544677903486801,0.0033654238394387193,-0.00024130043943869998,0.0010130265698512478,0.0021110385901933716,4572.2923,-0.3230790861790631,-0.0015615871719879871,-0.004350233729677106,-0.032655463106756245,-0.0027930080832832328,-0.0001643505814977146,-0.00017752903823950228,-0.0003280879320943636,0.45469440686921553,-0.00409921234095286,-0.09061118626156897,-4.834805705605049,-4.302487025706462,-0.5323186798985873,0.3670396214199325,0.004012786511786736,-0.012257502380159836,-0.0011103753883767065,0.003085967203499837,-0.0011504676114506222,-0.25881904510252035,-0.9659258262890684,-0.7818314824680299,0.6234898018587334,0
2026-01-25T14:00:00+00:00,2026-01-25T15:00:00+00:00,-0.003107068069946382,-0.0033442315404536957,-0.001702104481981522,0.006114153600632843,-0.0031104569142228074,0.0003410013162650808,0.0026529902405422415,9012.2128,0.9710491387438198,-0.004221506616877737,-0.007153960512363612,-0.035318764314960685,-0.0029448857501661496,-0.0004441717413612968,-0.00029191315009037907,-0.00035483650179072147,0.40394425758759417,-0.05075014928162133,-0.19211148482481163,-5.325523057542796,-4.507094232073729,-0.8184288254690673,-0.28611014557048,0.004174497674320026,0.037066690107846495,-0.00435598923055505,-0.000998136584601388,-0.0016973335816238356,-0.5000000000000001,-0.8660254037844386,-0.7818314824680299,0.6234898018587334,0
2026-01-25T15:00:00+00:00,2026-01-25T16:00:00+00:00,-0.0019539375421989192,-0.005054934595197265,-0.005291634663095917,0.004797031580457892,-0.0019505341803835782,0.001226591408393333,0.0016160939726186593,4623.5708,-0.4869660867306639,-0.005583122895206914,-0.00874041240551033,-0.03684714551230242,-0.0031750160149089024,-0.0005873519617918088,-0.0003566243004918105,-0.0003701859820658982,0.37563812808361274,-0.02830612950398141,-0.24872374383277446,-6.106392514957861,-4.826953888650555,-1.2794386263073054,-0.46100980083823817,0.004226553295910561,0.01049160973330377,-0.0053964230007238646,0.0007009122116001747,-0.005298908262380918,-0.7071067811865475,-0.7071067811865477,-0.7818314824680299,0.6234898018587334,0
2026-01-25T16:00:00+00:00,2026-01-25T17:00:00+00:00,-0.010191983763893088,-0.012126006806386255,-0.01519539854776856,0.017749518464055695,-0.010195365618657842,0.0003313795745914837,0.007117757112579269,58280.185,11.605016235503518,-0.01424255249244849,-0.018117748710443592,-0.04622073044559278,-0.003931186345883953,-0.0014969717677333996,-0.0007389534912971597,-0.0004643142663421813,0.26968756178961356,-0.1059505662939992,-0.4606248764207729,-9.028197445810747,-5.667202600082594,-3.360994845728153,-2.0815562194208477,0.005232891293594707,0.22548028804077766,-0.01333051782624684,-0.00858977166949567,-0.01525298937603839,-0.8660254037844384,-0.5000000000000004,-0.7818314824680299,0.6234898018587334,0
2026-01-25T17:00:00+00:00,2026-01-25T18:00:00+00:00,-0.004339001304807131,-0.014486762037850114,-0.016412393351838375,0.006781282827337288,-0.004342438185841142,0.00056163998876732,0.0018582656418469194,10051.0689,-0.827538829878457,-0.016785575286664276,-0.021519447984933802,-0.04988308930914337,-0.004814690040425032,-0.0017637862231816214,-0.0008775740031355453,-0.000501086367569018,0.23908532055627008,-0.030602241233343506,-0.5218293588874598,-12.217210454931319,-6.977204171052339,-5.24000628387898,-1.879011438150827,0.005364666268871373,0.020733792324137208,-0.014813271488978114,0.0027986761045208967,-0.01648492261089914,-0.9659258262890683,-0.25881904510252063,-0.7818314824680299,0.6234898018587334,0
2026-01-25T18:00:00+00:00,2026-01-25T19:00:00+00:00,-0.012557160736511037,-0.016841676504497773,-0.02686201017490028,0.02129773645718855,-0.012557160736511037,0.0015097307412778578,0.007071157471938274,70206.1269,5.984941362803712,-0.026430816336717435,-0.03252376301759221,-0.06123646108971436,-0.006258360251244429,-0.0027744720815471515,-0.0013257406099661643,-0.0006150632843299837,0.17682261611027003,-0.062262704446000045,-0.64635476777946,-17.465842180539312,-9.074931772949734,-8.390910407589578,-3.150904123710598,0.0065660913829419095,0.20858215461736954,-0.017394544281569467,-0.010718813497507902,-0.02708814580521126,-1.0,-1.8369701987210297e-16,-0.7818314824680299,0.6234898018587334,0
2026-01-25T19:00:00+00:00,2026-01-25T20:00:00+00:00,-0.01236925907330621,-0.024771097035442197,-0.029002616517891038,0.021532478243558445,-0.012372726634365488,0.0034021102326375645,0.005602639212786608,55358.0255,-0.2114929573190855,-0.03493704983492327,-0.04282070359318125,-0.07217572928261226,-0.008169056492024138,-0.003664109123355829,-0.001744734401572311,-0.0007248584130453935,0.13892551675831882,-0.0378970993519512,-0.7221489664833624,-24.18934746777586,-12.09781491191496,-12.091532555860901,-3.7006221482713233,0.007711479966394252,0.15991298760130138,-0.02622277764123086,-0.005335832110464859,-0.02926542111462438,-0.9659258262890684,0.2588190451025203,-0.7818314824680299,0.6234898018587334,0
2026-01-25T20:00:00+00:00,2026-01-25T21:00:00+00:00,-0.0011518116148115283,-0.013506823631850493,-0.02589437701297668,0.013168571957348064,-0.0011518116148115283,0.003929217146192491,0.008086214996512037,38916.2688,-0.2970076434536128,-0.03272777967002577,-0.04227353086995727,-0.07256849589961525,-0.009868732916443178,-0.003433201957137815,-0.0017224781891858605,-0.0007288000801406545,0.13603786370506185,-0.0028876530532569687,-0.7279242725898762,-29.43985049945377,-15.566222029422722,-13.873628470031047,-1.7820959141701458,0.008109529493571523,0.05040652100632655,-0.016813809368843604,0.00447590447590447,-0.026078231424628777,-0.8660254037844386,0.5000000000000001,-0.7818314824680299,0.6234898018587334,1
2026-01-25T21:00:00+00:00,2026-01-25T22:00:00+00:00,0.003203166151787367,0.0020476650929980387,-0.01034692208033883,0.008212947720951226,0.003203166151787367,0.0024833967190781635,0.0025366123630582806,22999.7762,-0.4089932845771689,-0.02688345516283985,-0.037726296009157056,-0.06895301449803722,-0.011142386699561907,-0.00282185200326673,-0.0015374813278968148,-0.0006925152109211965,0.18661358536799186,0.05057572166292999,-0.6267728292640163,-32.50004688610261,-18.9529870007587,-13.54705988534391,0.3265685846871378,0.008092872796183342,0.00114262101526609,-0.0018696883852691926,0.011381413706494366,-0.010317904536330372,-0.7071067811865477,0.7071067811865474,-0.7818314824680299,0.6234898018587334,0
2026-01-25T22:00:00+00:00,2026-01-25T23:00:00+00:00,-0.004108247715274993,-0.0009182409635123527,-0.0020689949377169117,0.010444794345846721,-0.004111780837469409,0.00021017833097036328,0.006105858631917137,21128.4243,-0.08136391779325233,-0.028022603202201898,-0.040110622917756904,-0.0721060433278805,-0.012436523478199457,-0.0029410722842726756,-0.0016344923433352205,-0.000724159066159605,0.17261224202290948,-0.014001343345082375,-0.654775515954181,-35.4510264267974,-22.252594885966438,-13.19843154083096,0.34862834451294944,0.00829186725138532,0.02037958765259375,-0.006575315317865864,0.0016306461569201515,-0.002056893178299154,-0.5000000000000004,0.8660254037844384,-0.7818314824680299,0.6234898018587334,1
2026-01-25T23:00:00+00:00,2026-01-26T00:00:00+00:00,0.0034732859778992143,-0.0006492308565589798,0.0025518557009239617,0.01211974908498375,0.0034732859778992143,0.0015087561104622474,0.007149728956402228,21907.6836,0.03688203573230975,-0.022351814363438288,-0.03538546461715773,-0.06824457243259455,-0.013331636518338175,-0.00234729978467319,-0.0014422216707452573,-0.0006854049976038952,0.22531488552480228,0.05270264350189279,-0.5493702289503954,-36.58126935552673,-25.118329779878497,-11.462939575648232,1.735491965182728,0.008538637065007841,0.03333711619232706,-0.0008619099641049227,0.009637992831541172,0.0025682044144115885,-0.2588190451025207,0.9659258262890683,-0.7818314824680299,0.6234898018587334,1
2026-01-26T00:00:00+00:00,2026-01-26T01:00:00+00:00,0.008789835598834252,0.012293651189466938,0.00813489810978043,0.012278077877289718,0.008786254393127196,0.001974205127302844,0.0015941442471804057,31383.74,0.4325448811941031,-0.012464451725524208,-0.02587880460348137,-0.05949258752403971,-0.01358366582488712,-0.0013103283369708726,-0.0010551631935253227,-0.0005975581632432908,0.3402456462983723,0.11493076077357003,-0.31950870740325543,-35.074750062017756,-27.109613836306348,-7.965136225711408,3.4978033499368237,0.008736654954155144,0.03218448656217881,0.0072701106644832295,0.019608898457122385,0.008154873861458474,0.0,1.0,0.0,1.0,1
2026-01-26T01:00:00+00:00,2026-01-26T02:00:00+00:00,0.014442313444653621,0.023359094604333212,0.026913513397978078,0.020862458328852678,0.014438743551304591,0.005574654229209579,0.0010545705573613408,35818.2489,0.1412995678653977,0.0016263442844615724,-0.011352352066364806,-0.04547344664445816,-0.012957622795053435,0.00017122344765660482,-0.00046314670456799753,-0.00045681079279643536,0.4783812574232284,0.1381356111248561,-0.04323748515354325,-30.22087027294947,-27.73186512363497,-2.4890051493144973,5.476131076396911,0.009487286977395985,0.10160071562464636,0.012443542212513025,0.025003822398902052,0.026705435021387086,0.25881904510252074,0.9659258262890683,0.0,1.0,0
2026-01-26T02:00:00+00:00,2026-01-26T03:00:00+00:00,-0.005796669083390873,0.008561927049425483,0.0174270205794334,0.007697192583339711,-0.005800117944982066,0.0009385969197273025,0.000924640088207207,18026.5386,-0.49672194611389836,-0.0037831865217567524,-0.016424288432657405,-0.05052463627747154,-0.012689107170119777,-0.0003980716360534475,-0.0006699300126081796,-0.0005075275741848206,0.4381553976013003,-0.040225859821928084,-0.12368920479739941,-27.406567073275255,-27.666805513563027,0.26023844028777177,2.749243589602269,0.009410787306344107,-0.013813315776487709,-0.011308283541928341,0.009638486306726554,0.017435479960097,0.49999999999999994,0.8660254037844387,0.0,1.0,0
2026-01-26T03:00:00+00:00,2026-01-26T04:00:00+00:00,-0.00533848805644149,-0.011104211691163537,0.0031777312476905127,0.011085074438379583,-0.00533848805644149,0.002283665651704072,0.0034342683149283554,18228.1752,0.01118554174343829,-0.008241814712024315,-0.020842808336848217,-0.055070694369852326,-0.01270571174682563,-0.0008668074363940027,-0.0008500037498613473,-0.0005531681509113402,0.4046075382209564,-0.033547859380343895,-0.1907849235580872,-26.109815938792508,-27.355407598608924,1.2455916598164158,0.9853532195286441,0.009577280474810749,0.012258801233442267,-0.012029569659560766,-0.004417932966161809,0.003307156304821257,0.7071067811865475,0.7071067811865476,0.0,1.0,1
2026-01-26T04:00:00+00:00,2026-01-26T05:00:00+00:00,0.005367140471747156,0.0,-0.005796669083390873,0.009023091577750064,0.005363613721590199,0.003415934514546495,0.0002721582146421818,16354.4759,-0.10279138089478106,-0.002641652220001142,-0.014985418520862909,-0.04952626180943463,-0.012376460605496032,-0.00027799135405514496,-0.0006112758488341975,-0.0004975037417976344,0.4499614219058509,0.0453538836848945,-0.10007715618829821,-23.575782247231473,-26.599482528333432,3.0237002811019593,1.7781086212855435,0.009490219370266157,-0.0037720273695325685,-0.002266326427594096,0.008831739349288478,-0.005768016668085207,0.8660254037844386,0.5000000000000001,0.0,1.0,1
2026-01-26T05:00:00+00:00,2026-01-26T06:00:00+00:00,0.0012805392919699623,0.006654552597976713,0.0012805392919699623,0.004669559005453659,0.0012840329801080581,0.0012789016082100859,0.002108271043506953,14879.2022,-0.09020611293327961,-0.0012347041513964979,-0.013192970316082065,-0.047851456473579364,-0.011973049338408575,-0.0001299519683328954,-0.0005381987704359734,-0.00048068798847453794,0.4605759519533731,0.010614530047522166,-0.07884809609325387,-21.028994799458815,-25.485384982558507,4.456390183099693,1.4326899019977333,0.009134616362880002,-0.036237915984735775,-0.0021281256845992174,0.006926534522142888,0.001309191707275629,0.9659258262890683,0.25881904510252074,0.0,1.0,1
2026-01-26T06:00:00+00:00,2026-01-26T07:00:00+00:00,0.007662955412680913,0.008953307420149426,0.014368501550507262,0.008911897746607455,0.007659443975941408,6.570665781357797e-05,0.0012449682533095092,19629.3441,0.3192470830190075,0.0058039284474703185,-0.005411479128992975,-0.040167859566874124,-0.01115068977089309,0.0006113133122309189,-0.00022082792339971392,-0.0004035341755053406,0.5203087997080581,0.05973284775468507,0.040617599416116264,-17.039813809899442,-23.796270748026693,6.756456938127251,2.300066755027558,0.009054203892072165,-0.0012075504484665416,0.006375899656146795,0.011091219334806498,0.014310635176398032,1.0,6.123233995736766e-17,0.0,1.0,1
2026-01-26T07:00:00+00:00,2026-01-26T08:00:00+00:00,0.004385054847768149,0.01208161274022967,0.013377623012023861,0.008790353680035326,0.004385054847768149,0.002510053988541195,0.0019143895989422463,19586.5075,-0.0021822736298152076,0.009232649066206812,-0.0010090129612639242,-0.03561388522206398,-0.010147969387382423,0.000972803222839385,-4.118250643185524e-05,-0.00035780042772561287,0.5511720404976248,0.030863240789566645,0.10234408099524955,-12.70869122480417,-21.57875484338219,8.870063618578019,2.1136066804507685,0.008998651168213715,-0.0017774224130285843,0.0043190643986680535,0.013349336720096656,0.013328549552419026,0.9659258262890683,-0.25881904510252085,0.0,1.0,1
2026-01-26T08:00:00+00:00,2026-01-26T09:00:00+00:00,0.0027441879682678903,0.00714127623078948,0.014858954924816571,0.012794055537051674,0.0027441879682678903,0.007591963712405059,0.0024654138152451475,26086.0016,0.33183527486970305,0.010846710563020225,0.0016643555200736284,-0.03265010468336332,-0.009083825417834342,0.0011430641103769654,6.79374935597847e-05,-0.0003280341139216891,0.5699034097944716,0.018731369296846836,0.13980681958894323,-8.534749698307223,-18.969953814367194,10.435204116059971,1.565140497481952,0.009246884098847696,0.03040545895239087,0.0002335477622345837,0.009081522341723042,0.014792198228716953,0.8660254037844387,-0.4999999999999998,0.0,1.0,0
2026-01-26T09:00:00+00:00,2026-01-26T10:00:00+00:00,-0.0090718987463474,-0.006352605773468582,-0.001995407450443341,0.011455817483115992,-0.0090718987463474,0.0004400752632654908,0.0018607906801068278,13808.9506,-0.47063751617649213,0.0015165111897047139,-0.007133634574371851,-0.04103052058156875,-0.008637047584768251,0.00015965824349666255,-0.00029108400356986683,-0.00041219706453699825,0.4960050355867085,-0.0738983742077631,-0.007989928826582969,-7.27488383340733,-16.63093981817522,9.356055984767892,-1.0791481312920794,0.00948327306098411,0.016260360521003936,-0.016538304252998976,-0.003890043284066349,-0.0019426559303113615,0.7071067811865476,-0.7071067811865475,0.0,1.0,1
2026-01-26T10:00:00+00:00,2026-01-26T11:00:00+00:00,0.0036072310949558746,-0.005497392086639642,-0.0027682899955927594,0.00583507119477386,0.0036072310949558746,0.0018851768475422201,0.0003556285994447171,9764.3821,-0.2928947041059007,0.004638450377691948,-0.003413312163623644,-0.03721136354983214,-0.00801458727593847,0.0004884964467600168,-0.00013929945677926953,-0.00037384374185374755,0.5222896080279612,0.026284572441252648,0.04457921605592233,-5.374477428332739,-14.379647340206725,9.005169911873987,-0.35088607289390517,0.009191036481539086,-0.027319933232741463,-0.005930888672277127,0.005478215587571672,-0.002720479683123636,0.49999999999999994,-0.8660254037844387,0.0,1.0,0
2026-01-26T11:00:00+00:00,2026-01-26T12:00:00+00:00,-0.0014259671026282364,0.0021761201994546535,-0.006915520089002082,0.004349705236588672,-0.0014225193093184995,0.0015179019068858367,0.0014072575765434585,9041.6185,-0.07402041343711858,0.0028996628129861904,-0.004645707966804471,-0.038215017029453534,-0.0075235550071150745,0.0003053208568969851,-0.0001895847841331129,-0.00038392306937501283,0.5109054924387393,-0.011384115589221935,0.02181098487747846,-4.1537661146321625,-12.334471095091812,8.18070498045965,-0.8244649314143366,0.008857414450193411,-0.03767283631845763,-0.0033049136035618945,0.002533936024181565,-0.006890634754019763,0.258819045102521,-0.9659258262890682,0.0,1.0,1
2026-01-26T12:00:00+00:00,2026-01-26T13:00:00+00:00,0.003644347630655382,0.00221318380819529,0.005828398368602939,0.007906459180966557,0.003644347630655382,0.00427534459415227,0.0,8344.7501,-0.07707341334961226,0.0059266326421984735,-0.0009783970043747846,-0.03437643836323404,-0.006864347182494106,0.0006242455069470866,-3.993297690082131e-05,-0.00034537251945837224,0.5385487356510847,0.02764324321234554,0.07709747130216954,-2.3092342749564523,-10.32942373106474,8.020189456108287,-0.16051552435136252,0.008759624093209335,-0.0074363960323794165,0.0006998407259038289,0.005058724135065555,0.005825611622983021,1.2246467991473532e-16,-1.0,0.0,1.0,1
2026-01-26T13:00:00+00:00,2026-01-26T14:00:00+00:00,0.0024046660166948653,0.0060577770862507065,0.004623171792782422,0.004900899414710334,0.0024046660166948653,0.0005602009849914626,0.0019418009602463822,7171.4715,-0.1406008072069168,0.0075447392565779845,0.0013680000506906811,-0.0317456118363585,-0.006130486285348323,0.0007948143077143805,5.583985467811315e-05,-0.0003189496139268223,0.5564284029616569,0.0178796673105721,0.11285680592331375,-0.2809630697979628,-8.319731598811384,8.03876852901342,0.018579072905133387,0.0084644884218223,-0.031369086253756985,-0.0018627148296798863,0.0060577770862507065,0.004623046544722011,-0.25881904510252035,-0.9659258262890684,0.0,1.0,1
2026-01-26T14:00:00+00:00,2026-01-26T15:00:00+00:00,0.00449191832750783,0.006907385907554622,0.010576906453676224,0.02016258716136223,0.004495370593127695,0.0040920506100440126,0.011595283877457412,59545.1399,7.303057454805475,0.010908431871253144,0.005634725401964485,-0.0271310882145866,-0.0052167993687882355,0.0011495759939645711,0.00023004169892928752,-0.0002725999224325697,0.5885745958329002,0.03214619287124329,0.17714919166580032,2.353961242731202,-6.184993030502866,8.538954273234069,0.5001857442206479,0.00926491883697704,0.09948004320149437,0.003929516023769312,0.008871123629635703,0.010540931974858076,-0.5000000000000001,-0.8660254037844386,0.0,1.0,0
2026-01-26T15:00:00+00:00,2026-01-26T16:00:00+00:00,-0.008013028870169641,-0.003557104413902576,-0.001160992045309658,0.021908585461418533,-0.008016422889402049,0.009816094808437852,0.004011285404853589,40140.1945,-0.32588630125966006,0.002539886240101823,-0.002328638554722177,-0.03459120685507607,-0.004856190623081125,0.000267427944911549,-9.503743864817775e-05,-0.00034752950140904803,0.5163615447928526,-0.07221305104004756,0.032723089585705196,2.523272755479411,-4.443339873306411,6.966612628785822,-1.5723416444482465,0.010237531940017006,0.0961238279272292,-0.012055746754352968,0.008189111090247198,-0.001116444525966946,-0.7071067811865475,-0.7071067811865477,0.0,1.0,1
2026-01-26T16:00:00+00:00,2026-01-26T17:00:00+00:00,0.0007519004456216755,-0.007267153424526227,-0.002807878556674837,0.00908495605721183,0.0007519004456216755,0.005686713768740307,0.002646906772359225,20494.4224,-0.4894289214268755,0.002979076560543732,-0.0015166813684247612,-0.03353964903832742,-0.004482404502779387,0.0003136853740303682,-6.190152993986471e-05,-0.0003369683139632616,0.5222375273973668,0.005875982604514291,0.04447505479473378,2.8010721144073614,-2.9944574757636566,5.795529590171018,-1.1710830386148041,0.010148062685711615,-0.007994008900710826,-0.016843938587901244,0.004782369298643533,-0.0027692100970401357,-0.8660254037844384,-0.5000000000000004,0.0,1.0,1
2026-01-26T17:00:00+00:00,2026-01-26T18:00:00+00:00,0.0027296226089953725,0.0034835754590731302,-0.004557367401821479,0.010283836640980013,0.0027261667200870767,0.0022238109313883177,0.00534127076874443,15668.7681,-0.23546183472826246,0.00516955621921257,0.0011613422490988163,-0.030603508552578006,-0.00398759984851712,0.0005444600880259557,4.740397148304226e-05,-0.0003074783782451952,0.5439173916806225,0.021679864283255624,0.08783478336124503,3.6185950068506827,-1.6718469792407886,5.290441986091471,-0.5050876040795469,0.01013210906232905,0.0011532457921502662,-0.0029403701165181383,0.006148759873289967,-0.004531505815552593,-0.9659258262890683,-0.25881904510252063,0.0,1.0,1
2026-01-26T18:00:00+00:00,2026-01-26T19:00:00+00:00,0.007764434148387013,0.01051525073237988,0.011275057599713055,0.008414023144532119,0.007760970361892323,0.00022851218106337222,0.00048430939867177055,17587.109,0.12243086934192364,0.011724011153098922,0.008581402714877515,-0.022852321815548436,-0.003106191415423324,0.0012356313377561497,0.00035038406129037547,-0.00022961883911501544,0.5997120671870412,0.05579467550641866,0.19942413437408235,6.019918127632536,-0.1334939578661236,6.15341208549866,0.8629700994071889,0.009936900666524173,-0.011651471990121868,0.005528329257962525,0.015953041784911286,0.01124595720300406,-1.0,-1.8369701987210297e-16,0.0,1.0,0
2026-01-26T19:00:00+00:00,2026-01-26T20:00:00+00:00,-0.0030320496860516597,0.004708842312213368,0.007451318283646352,0.006034647910451802,-0.0030286493860846213,0.0013889269000246125,0.001607871041900373,12566.3805,-0.2854777610123415,0.007825541796064595,0.005305583267976998,-0.025564782373479325,-0.0025003916090444896,0.0008244203507344488,0.00021660132507518866,-0.00025686648882011006,0.5701516963096519,-0.029560370877389275,0.1403033926193038,7.123519796306482,1.3179087929683977,5.805611003338084,-0.3478010821605757,0.009686230505231248,-0.02818175433701801,-0.0032598169592318103,0.005195993136199556,0.007462007071330726,-0.9659258262890684,0.2588190451025203,0.0,1.0,0
2026-01-26T20:00:00+00:00,2026-01-26T21:00:00+00:00,-0.007286734721804007,-0.010296690666130079,-0.0026122044943665433,0.010541660061616396,-0.007283338635904897,0.002191727950045031,0.0010131572599265477,21876.3407,0.7408625100919077,0.0004358801959545971,-0.0019407572486180272,-0.03235072097497596,-0.0023756019667218594,4.588423115601135e-05,-7.920830712337178e-05,-0.00032502719709363355,0.5058199197122378,-0.06433177659741411,0.011639839424475582,6.207839966392385,2.295895027653195,3.9119449387391896,-1.8936660645988947,0.00981335318346688,0.005741694545292893,-0.011661887018657583,-0.00568800926528735,-0.0025543502594686535,-0.8660254037844386,0.5000000000000001,0.0,1.0,1
2026-01-26T21:00:00+00:00,2026-01-26T22:00:00+00:00,0.009356197145239758,0.0020012862968334893,-0.0010368313887061838,0.016510923635270992,0.009356197145239758,0.005192951788512698,0.0020485016917209807,24260.468,0.10898199715823588,0.008854926973286348,0.007105131183439465,-0.023070738678761298,-0.0017344374726865133,0.00093296719259417,0.0002900894819291004,-0.00023181297067623928,0.5720959430562012,0.06627602334396336,0.1441918861124023,7.585494345047664,3.353814891132089,4.231679453915575,0.3197345151763855,0.010207283958744685,0.04987409778931011,-0.00017067933790071243,0.010379870846671711,-0.0009625872626159086,-0.7071067811865477,0.7071067811865474,0.0,1.0,0
2026-01-26T22:00:00+00:00,2026-01-26T23:00:00+00:00,-0.000597479660085286,0.008753127347664444,0.001402610908891838,0.005838303919760096,-0.0006008917780251891,0.0026988063760154998,0.0025382444776955054,10070.1796,-0.584914042053929,0.007460373736598434,0.006246777658441024,-0.023424579923723165,-0.0012046092429980834,0.0007859196832803289,0.00025503554321534594,-0.00023536750290291424,0.5668191673739336,-0.00527677568226764,0.13363833474786702,8.43880766912207,4.370813446730085,4.067994222391985,-0.1636852315235897,0.009900880368608577,-0.03059767574171603,-0.005760517359672315,0.010843215393221828,0.0014719827633504646,-0.5000000000000004,0.8660254037844384,0.0,1.0,1
2026-01-26T23:00:00+00:00,2026-01-27T00:00:00+00:00,0.001069273918598571,0.0004711553890958628,0.009831760757042044,0.009220741549644234,0.001072693793748953,0.005108604774173821,0.0030405924207005494,14836.9277,0.4733528387120326,0.0077182419532599335,0.0070335453736661835,-0.022162598605842385,-0.0006794524015627651,0.000813107127453012,0.0002871659252339634,-0.00022269008256209805,0.574380737969291,0.007561570595357452,0.1487614759385819,9.260875855571612,5.348825928498391,3.9120499270732214,-0.15594429531876397,0.00984247896823098,-0.004835640118863596,-0.00222344801285725,0.0036166984611906835,0.009827991403753043,-0.2588190451025207,0.9659258262890683,0.0,1.0,0
2026-01-27T00:00:00+00:00,2026-01-27T01:00:00+00:00,-0.0031702697629975816,-0.0021043857311715056,-0.002700608063585443,0.004542871423387394,-0.0031702697629975816,0.00031495416047601653,0.0010475649250614317,10769.4464,-0.2741457923259948,0.004090931031544134,0.003689795029594024,-0.025017526365375447,-0.0003995016681786048,0.00043080983630227476,0.0001506265637036936,-0.0002513692234090475,0.5440265291464041,-0.030354208822886763,0.0880530582928084,9.058326704151114,6.090726083628935,2.9676006205221785,-0.9444493065510429,0.009493002226667801,-0.0385646868748833,-0.008236796001792748,0.0009457560908747433,-0.0026984755044842964,0.0,1.0,0.7818314824680298,0.6234898018587336,1
2026-01-27T01:00:00+00:00,2026-01-27T02:00:00+00:00,0.003967737739039987,0.0007848891770608228,0.0018550023571854153,0.009380594343000277,0.0039711747488060485,0.0024892162378735024,0.0029359112065879414,11889.3556,0.10398948640479792,0.0073002481986979015,0.007369086248348029,-0.02094302049950024,6.833915684348033e-05,0.000769038144002404,0.0003008695257891846,-0.0002104383244759262,0.5742553141260394,0.030228784979635107,0.1485106282520786,9.720963959258825,6.816773658754913,2.9041903005039114,-0.06341032001826719,0.009450135983666478,-0.0005657411313759656,0.00047078570039611127,0.0050205620287868714,0.0018667418946409764,0.25881904510252074,0.9659258262890683,0.7818314824680298,0.6234898018587336,1
2026-01-27T02:00:00+00:00,2026-01-27T03:00:00+00:00,0.004296455424274942,0.008281240371645928,0.005084716842698002,0.005014854426619126,0.004296455424274942,0.0007367795603089968,0.0,19317.0803,0.6247373659174599,0.010508995657885694,0.011233335908325806,-0.01657277294511841,0.0007168073253702541,0.0011074351251375376,0.0004587138283610568,-0.00016653279432086093,0.6049199628691481,0.030664648743108744,0.2098399257382961,11.134472190932684,7.680313365190467,3.4541588257422164,0.5499685252383051,0.00909578951101637,-0.033361088032208566,0.0018027517474787605,0.01126546812981553,0.005093923400317347,0.49999999999999994,0.8660254037844387,0.7818314824680298,0.6234898018587336,0
2026-01-27T03:00:00+00:00,2026-01-27T04:00:00+00:00,-0.0013818860877684964,0.0029086321245289227,0.006887910553018388,0.004209194948966099,-0.0013818860877684964,0.0012341985189618144,0.0015911980905622357,16777.9882,-0.13144285060511973,0.008237572769838648,0.009446560265098583,-0.01775650011372105,0.0011991097415052633,0.0008678654604972223,0.0003857226129390394,-0.00017842544625394895,0.5901340554163252,-0.014785907452822827,0.18026811083265046,11.790360723543927,8.50232283686116,3.2880378866827673,-0.16612093905944914,0.008758434727975375,-0.038419748139396304,-0.002117105807791301,0.0029086321245289227,0.006882307075546433,0.7071067811865475,0.7071067811865476,0.7818314824680298,0.6234898018587336,0
2026-01-27T04:00:00+00:00,2026-01-27T05:00:00+00:00,-0.0001631998041602412,-0.001544860368389842,0.002744957632175584,0.006954126568504036,-0.00015980035156086002,0.005396674261230283,0.0013976264154791963,20559.8451,0.22540586242634256,0.00729855716150272,0.008914581046507476,-0.017741688351663294,0.0016043147024439293,0.0007688598662300288,0.00036399289349619044,-0.00017827663741832897,0.5883076965876001,-0.0018263588287251763,0.17661539317520009,12.131579822045296,9.228174233897986,2.9034055881473098,-0.38463229853545755,0.00863088306700411,-0.01472411719706244,-0.002773934510729596,0.0014302741358759809,0.0027513695323462045,0.8660254037844386,0.5000000000000001,0.7818314824680298,0.6234898018587336,0
2026-01-27T05:00:00+00:00,2026-01-27T06:00:00+00:00,-0.0004828782262725263,-0.0006459992248008066,-0.0020269926152278414,0.0028918646743420155,-0.0004828782262725263,0.00046950273536379964,0.0019392504286765032,12073.6646,-0.4127550795604,0.006159381927279251,0.008094236927050698,-0.018038015234014174,0.0019230104439967248,0.0006487766305613269,0.0003304862024765838,-0.00018125372639729071,0.5825637462603389,-0.005743950327261089,0.16512749252067793,12.147388747400782,9.812017136598545,2.3353716108022375,-0.5680339773450722,0.008224825026556717,-0.047507262719751454,-0.006006006006005926,0.0009160284547723906,-0.002027964118201264,0.9659258262890683,0.25881904510252074,0.7818314824680298,0.6234898018587336,0
2026-01-27T06:00:00+00:00,2026-01-27T07:00:00+00:00,-0.003497455159086647,-0.003978644540415486,-0.004141195030565908,0.006206896551724237,-0.0035008454422666576,0.0011061795834756696,0.0015875725503585153,13485.2139,0.11691142223712266,0.0023883188264411325,0.0043885305208557004,-0.02126327070489409,0.0019954459333248625,0.0002514652005803831,0.00017915578577510646,-0.0002136555546632551,0.5413560272508132,-0.04120771900952569,0.08271205450162654,11.201285896925128,10.089870888663862,1.1114150082612664,-1.2239566025409712,0.008107492273149037,-0.0177132454022126,-0.004445834239721533,-0.001561232350915921,-0.0041435331895194145,1.0,6.123233995736766e-17,0.7818314824680298,0.6234898018587336,1
2026-01-27T07:00:00+00:00,2026-01-27T08:00:00+00:00,3.7555479685943096e-05,-0.0034600310280068834,-0.003941238480633758,0.003420834314860139,3.7555479685943096e-05,0.0028711793001969382,0.0005121009453383451,6762.7827,-0.49850386132918517,0.002194412803724344,0.00425193430639699,-0.021019744246328284,0.0020530163373357405,0.00023104419053197149,0.00017357846329056387,-0.00021120909231380888,0.5417295707729536,0.0003735435221403094,0.08345914154590715,10.341162171943779,10.140129145319845,0.20103302662393396,-0.9103819816373324,0.007772448268896303,-0.041289229141582715,-0.004560701165323742,0.0016277121411596485,-0.003942777905673231,0.9659258262890683,-0.25881904510252085,0.7818314824680298,0.6234898018587336,0
2026-01-27T08:00:00+00:00,2026-01-27T09:00:00+00:00,-0.0019459835922858045,-0.0019085011949471307,-0.005399281456683387,0.004327138512901061,-0.0019459835922858045,0.0012109146510410663,0.0011664460339124018,9925.1233,0.46760937624093696,0.00022090055298797066,0.002207372662929051,-0.022701894539009202,0.0019860333940660787,2.3253230488346178e-05,9.010496155747206e-05,-0.0002281076991163638,0.5181784427009872,-0.023551128071966403,0.036356885401974355,9.094727205967502,9.931048757449377,-0.8363215514818751,-1.037354578105809,0.007540426794535667,-0.03173968003992468,-0.004803371551512884,-0.0013970964987190932,-0.005405883271686509,0.8660254037844387,-0.4999999999999998,0.7818314824680298,0.6234898018587336,0
2026-01-27T09:00:00+00:00,2026-01-27T10:00:00+00:00,-0.005377282009707773,-0.007312801499431592,-0.007275520655513809,0.005667729365922783,-0.005377282009707773,0.0,0.00026137586881690215,17491.1512,0.7623107211171877,-0.004668665459800115,-0.0030573848517296085,-0.027686623807962978,0.0016188384231014378,-0.0004911970763133425,-0.00012477564753283392,-0.00027818011999629225,0.45892262324779787,-0.05925581945318932,-0.08215475350440428,6.760514885547764,9.296941983069054,-2.5364270975212904,-1.7001055460394152,0.007444517032921461,-0.018028293733295078,-0.008511073602373293,-0.004215753424657516,-0.007285710122307635,0.7071067811865476,-0.7071067811865475,0.7818314824680298,0.6234898018587336,0
2026-01-27T10:00:00+00:00,2026-01-27T11:00:00+00:00,-0.0015338636512145505,-0.006902897643505303,-0.008835448310237618,0.004829104135738465,-0.0015338636512145505,0.0027589960147834528,0.000533888117717226,16328.0809,-0.06649478280194612,-0.005608642261252452,-0.004407486589701512,-0.028896080753965433,0.0012079305217237355,-0.00059003504902533,-0.00017986505456676365,-0.00029032855674921695,0.44342935268849926,-0.01549327055929858,-0.11314129462300145,4.4988896785457655,8.337331522164396,-3.8384418436186305,-1.3020147460973401,0.007268321355104492,-0.025165405750356678,-0.006902897643505303,-0.0012728204669530461,-0.008857129253208128,0.49999999999999994,-0.8660254037844387,0.7818314824680298,0.6234898018587336,1
2026-01-27T11:00:00+00:00,2026-01-27T12:00:00+00:00,0.004749882027948169,0.003208732705343392,-0.002185803565014785,0.007655072642628411,0.004746421239718453,0.0017415033150269548,0.0011895701777841084,11564.7888,-0.29172394044176986,-0.0008011443091714693,0.00030885021337566344,-0.02404763585890977,0.0011108845013435308,-8.432386879834143e-05,1.260629007476827e-05,-0.0002416263850812303,0.49967278955450267,0.05624343686600341,-0.0006544208909946292,3.775748679572189,7.425014953645954,-3.6492662740737654,0.18917556954486514,0.007264040304859562,0.004158083107895095,0.0004527214734026696,0.005286592594634883,-0.0021612636329741545,0.258819045102521,-0.9659258262890682,0.7818314824680298,0.6234898018587336,1
2026-01-27T12:00:00+00:00,2026-01-27T13:00:00+00:00,0.0004319476726248769,0.005183881401060261,0.003642066382592417,0.004201104760338356,0.00042851804746608707,0.00331016900365964,0.00046260125827554715,8710.6261,-0.2467976501222401,-0.0003343599148040393,0.0007118544802533024,-0.023396490349820054,0.0010465643242156234,-3.5194541806336337e-05,2.9056129142386344e-05,-0.00023508532842408456,0.5045988476281725,0.00492605807366985,0.00919769525634507,3.2666695643697494,6.593345875790713,-3.3266763114209636,0.3225899626528017,0.007042346887576119,-0.030100533967200256,-0.00130727901166959,0.00638326487962846,0.003647966049358496,1.2246467991473532e-16,-1.0,0.7818314824680298,0.6234898018587336,0
2026-01-27T13:00:00+00:00,2026-01-27T14:00:00+00:00,-0.0019429252847567994,-0.0015118168541867572,0.003230884222056161,0.004617851342953665,-0.0019429252847567994,0.00037766813957237975,0.0022934756112216502,6205.0358,-0.2876475549788551,-0.002060259839189219,-0.0011841795928925552,-0.025048581084051277,0.0008778889255933328,-0.0002168224345931652,-4.833152488515564e-05,-0.00025168117414832555,0.4816190470299921,-0.022979800598180448,-0.03676190594001582,2.3782837098451637,5.750333442601603,-3.372049732756439,-0.045373421335475506,0.006881898782387706,-0.024681987853580122,-0.0052357630279308755,-0.0010529276189429942,0.003238904415816247,-0.25881904510252035,-0.9659258262890684,0.7818314824680298,0.6234898018587336,1
2026-01-27T14:00:00+00:00,2026-01-27T15:00:00+00:00,0.0020737414209248623,0.0001267870115273006,0.0005587894495067258,0.012474945608414955,0.0020737414209248623,0.00855875147756669,0.0018467442139346367,29037.7268,3.679703346755872,8.332067731145888e-06,0.0008522880196547971,-0.02280288636309969,0.0008439489200840874,8.770605303749488e-07,3.478847630433859e-05,-0.00022912222829109955,0.5073568241589882,0.02573777712899613,0.014713648317976436,2.136975320005604,5.027661818082403,-2.890686498076799,0.48136323467964015,0.007268177649730762,0.05831983309854676,-0.000250053093465057,0.004377256162399044,0.0005627638087929397,-0.5000000000000001,-0.8660254037844386,0.7818314824680298,0.6234898018587336,1
2026-01-27T15:00:00+00:00,2026-01-27T16:00:00+00:00,0.00644133417847283,0.00852843326088961,0.006568937867510868,0.009763570443752178,0.00644133417847283,0.0014502374508503016,0.0019132240548774928,23478.2224,-0.19145797597351874,0.005831878592090066,0.007010865593068675,-0.016346855362828747,0.0011721511577351203,0.0006142590396035034,0.00028623968902271815,-0.00016426301687489628,0.5776481860617445,0.0702913619027563,0.155296372123489,3.4232781448322385,4.70678508343237,-1.2835069386001319,1.6071795594766671,0.007403225515474472,0.02514172383970933,-0.002099448639944657,0.010398249874450514,0.006572150314640892,-0.7071067811865475,-0.7071067811865477,0.7818314824680298,0.6234898018587336,1
2026-01-27T16:00:00+00:00,2026-01-27T17:00:00+00:00,0.018165415581541857,0.024723759272266235,0.026848771376874973,0.021288547249741732,0.018161949439311483,0.002577896957680373,0.0008726732891758845,55579.6578,1.3672855999524054,0.021757740808924977,0.0242872367804461,0.0015064495634612854,0.002475631816127492,0.0022955459687503178,0.0009922994690860555,1.5140425846779122e-05,0.7059089761747737,0.12826079011302916,0.4118179523495473,8.648691718188275,5.495166410383551,3.153525307804723,4.437032246404855,0.008272385413879672,0.13770095415412625,0.016690972257632435,0.02670072055557263,0.02668049118093955,-0.8660254037844384,-0.5000000000000004,0.7818314824680298,0.6234898018587336,0
2026-01-27T17:00:00+00:00,2026-01-27T18:00:00+00:00,-0.020231977290432947,-0.0024340839844081215,0.003991571445702668,0.026075828413472973,-0.020231977290432947,0.0012592567313927088,0.00416680885916119,38519.0303,-0.3069581241646292,0.000982073067110067,0.0034236421525492187,-0.018572845446235758,0.002439173638702577,0.00010338680005283909,0.00013976002615778376,-0.00018662692716742114,0.5149369939410797,-0.19097198223369397,0.029873987882159413,7.817107575168848,5.959554643340611,1.8575529318282369,-1.2959723759764863,0.00970268108228584,0.14916994111790532,-0.022751223937142257,-0.0015503347700903717,0.0043747724695817405,-0.9659258262890683,-0.25881904510252063,0.7818314824680298,0.6234898018587336,1
2026-01-27T18:00:00+00:00,2026-01-27T19:00:00+00:00,0.016349861788895283,-0.004212905533952311,0.013875980867759527,0.021439052316659976,0.016353330216463242,0.0038815261516145423,0.0014673243324009693,23281.691,-0.3955795143679928,0.01566991227000631,0.019037049632640187,-0.0025015692374854245,0.003315188647371051,0.0016521896776113076,0.0007776266673511044,-2.5140767297596513e-05,0.6058568324124984,0.09091983847141875,0.21171366482499693,10.898378032060464,6.947319321084581,3.9510587109758823,2.0935057791476455,0.010396056760856079,0.08898053666176445,-0.005439973284354638,0.02060251740008015,0.014283300080004193,-1.0,-1.8369701987210297e-16,0.7818314824680298,0.6234898018587336,1
2026-01-27T19:00:00+00:00,2026-01-27T20:00:00+00:00,0.000762202799668251,0.01712452649899322,-0.0034539138226767755,0.00894486794073433,0.0007588425301019463,0.003955738672965416,0.004230862143010412,13249.5643,-0.4309019778675011,0.014854693941617262,0.019021971961697005,-0.001723976909787045,0.004106280480306356,0.0015661008305406599,0.0007770102950916695,-1.732610090439978e-05,0.6095907520604549,0.0037339196479563696,0.21918150412090967,13.369363398205678,8.231728136508801,5.137635261696877,1.1865765507209947,0.010285048110053683,-0.009923893329117764,-0.0031072624315582682,0.018647126373926813,-0.0031199127018694123,-0.9659258262890684,0.2588190451025203,0.7818314824680298,0.6234898018587336,1
2026-01-27T20:00:00+00:00,2026-01-27T21:00:00+00:00,0.013517956839166833,0.014290463063383692,0.030873971948264613,0.01624420263707588,0.013517956839166833,0.0023901190755998636,0.0005164246202127091,35359.6954,1.6687440129635054,0.025782014260001113,0.031470431512619176,0.011652189419026834,0.005545444522851848,0.0027212815135567977,0.0012861594900721082,0.00011712114710370627,0.6694468450520784,0.05985609299162362,0.33889369010415693,18.366980270277054,10.258778563262451,8.108201707014603,2.9705664453177256,0.010583322002660772,0.04291071640419953,0.009524541568775545,0.0185998833292307,0.030630021427730365,-0.8660254037844386,0.5000000000000001,0.7818314824680298,0.6234898018587336,0
2026-01-27T21:00:00+00:00,2026-01-27T22:00:00+00:00,-0.0016386550449057089,0.011857150526089806,0.01262839087908513,0.008246513386077533,-0.0016419600235700832,0.0031566870701832278,0.003445165825546726,24179.6599,-0.3161801982038567,0.021755830332358034,0.028578980022214914,0.009894009355220001,0.00667786714526252,0.002295343941653374,0.0011678512661313523,9.944716870789286e-05,0.6561369275228163,-0.013309917529262236,0.31227385504563243,21.678309953292683,12.542684841268498,9.135625112024185,1.027423405009582,0.010432537203283942,-0.01586270634626362,-0.0040191678308051275,0.01238703959824369,0.012641504593929376,-0.7071067811865477,0.7071067811865474,0.7818314824680298,0.6234898018587336,1
2026-01-27T22:00:00+00:00,2026-01-27T23:00:00+00:00,0.0013860243648493066,-0.0002549018958742247,0.01325960919046596,0.006350993377483389,0.0013860243648493066,0.0012814569536423479,0.003685430463576195,24001.5264,-0.007367080460879432,0.020918985596067002,0.028794083355545168,0.01118011509342458,0.007713734263527546,0.0022068579817262177,0.0011766515901841842,0.00011237559261794999,0.6622437932350009,0.006106865712184657,0.32448758647000175,24.35905759721345,14.905959392457488,9.453098204755962,0.3174730927317775,0.010127590031440419,-0.02788488357474233,-0.003399003399003459,0.004847891982178978,0.01326532615911043,-0.5000000000000004,0.8660254037844384,0.7818314824680298,0.6234898018587336,1
2026-01-27T23:00:00+00:00,2026-01-28T00:00:00+00:00,0.0022417218543046295,0.003630853300263218,0.00198624853927972,0.007882990778949219,0.0022417218543046295,0.0027455009795920885,0.0029007820217592352,30245.4416,0.26014658801033586,0.020951047182124843,0.029844333032091618,0.013311318605106181,0.008710785766381927,0.002210247809290739,0.0012196217072855766,0.00013379999657779038,0.6723918887673804,0.010148095532379529,0.3447837775347608,26.721819339918056,17.269131381949602,9.452687957968454,-0.0004102467875082283,0.009946227086827377,-0.015706231145891005,0.0009590359373915185,0.007348511826511197,0.001989091174248227,-0.2588190451025207,0.9659258262890683,0.7818314824680298,0.6234898018587336,0
2026-01-28T00:00:00+00:00,2026-01-28T01:00:00+00:00,-0.0008292668422112561,0.0014105960264901385,0.0027985755118011203,0.00464576458373294,-0.0008292668422112561,0.00099859139095183,0.002817218096327841,7944.3433,-0.7373375001408476,0.01815493960603926,0.02782181215894354,0.012345391509169266,0.009494500470276895,0.0019147053648739412,0.0011368751872184414,0.00012408968286313921,0.6644212258562916,-0.007970662911088767,0.3288424517125833,28.068235869502587,19.428952279460198,8.639283590042389,-0.813404367926065,0.009575287906906026,-0.03809280095655132,-0.0035649801652673768,0.004330470706225523,0.00279847937694268,0.0,1.0,0.9749279121818236,-0.22252093395631434,0
2026-01-28T01:00:00+00:00,2026-01-28T02:00:00+00:00,-0.0019971827819038105,-0.0028247934266561986,-0.00058940397351,0.006404437052302326,-0.0019971827819038105,0.0008514952521684003,0.003551762296982924,5944.6043,-0.25171860334887597,0.014563756409204738,0.024733518103537525,0.010219781010753201,0.01002377783563462,0.0015353807706045635,0.0010105515346208983,0.0001027219176508851,0.6446186031912414,-0.019802622665050222,0.28923720638248285,28.321431317245242,21.207448087017205,7.113983230228037,-1.5253003598143522,0.009366591725052113,-0.02374894413444208,-0.003818746513784838,0.0008223520595276843,-0.0005847277698104369,0.25881904510252074,0.9659258262890683,0.9749279121818236,-0.22252093395631434,0
2026-01-28T02:00:00+00:00,2026-01-28T03:00:00+00:00,-0.002451776212469481,-0.004444062349136666,-0.005269643877797063,0.004238048106495977,-0.002448471113673294,1.3285417261730565e-05,0.0017702818501273347,4589.7907,-0.22790643945804775,0.010913599912014193,0.021331096867407792,0.007665313353385483,0.01030503195950702,0.001150121250019755,0.0008714157192051687,7.704426052045517e-05,0.6202286751128734,-0.024389928078368043,0.24045735022574674,27.606739074682082,22.48730628455018,5.119432790131903,-1.994550440096134,0.009021644037007203,-0.03918893350613813,-0.005289362137946222,0.0011039068994181758,-0.005278225836584547,0.49999999999999994,0.8660254037844387,0.9749279121818236,-0.22252093395631434,0
2026-01-28T03:00:00+00:00,2026-01-28T04:00:00+00:00,-0.0018732438339058221,-0.004320427271703177,-0.006308981370649475,0.005230967862157941,-0.0018732438339058221,0.0004825002162931399,0.002871708183869071,8513.9202,0.8549691601405706,0.008153868489834334,0.01864221283631762,0.005719892026974744,0.01040351544967468,0.0008590392613683382,0.0007614860661892382,5.748965690059213e-05,0.6015472710710469,-0.018681404041826468,0.20309454214209383,26.282273766979415,23.246299781036026,3.0359739859433894,-2.0834588041885134,0.008766603519197952,-0.030090136862232074,-0.004330323863165796,-0.00010314457875419497,-0.006322202828279114,0.7071067811865475,0.7071067811865476,0.9749279121818236,-0.22252093395631434,0
2026-01-28T04:00:00+00:00,2026-01-28T05:00:00+00:00,-0.001843483585009871,-0.0037132741246571664,-0.006155946219957435,0.004667226733874732,-0.001843483585009871,0.0005700684082089973,0.0022502700324038886,7746.2299,-0.0901688390267036,0.005692383006421432,0.01609635449043485,0.003827250387103502,0.01034508330759326,0.0005995574649627666,0.0006574259858021949,3.8466307610920474e-05,0.5829725988475583,-0.018574672223488662,0.16594519769511648,24.50313685904166,23.497667196637153,1.0054696624045079,-2.0305043235388816,0.008488825333556762,-0.033471023887077976,-0.004192851238434838,0.0010311858637432015,-0.006168503631385174,0.8660254037844386,0.5000000000000001,0.9749279121818236,-0.22252093395631434,1
2026-01-28T05:00:00+00:00,2026-01-28T06:00:00+00:00,0.0016101932231867581,-0.00023625872659875164,-0.0021090599903017663,0.0041038852110355335,0.0016068541329820841,0.0014511710884116426,0.0010484378276368516,8328.537,0.0751729689819818,0.006610782218474053,0.017025235939982772,0.0053891490823458794,0.010346058184034406,0.0006963563872522919,0.0006953908217466108,5.4165236048985636e-05,0.5947222824968025,0.011749683649244247,0.18944456499360499,23.215287294599875,23.441191216229697,-0.22590392162982198,-1.2313735840343298,0.008162943412081538,-0.03684114032545416,-0.0008048182673792766,0.003869169932740571,-0.002106534195728935,0.9659258262890683,0.25881904510252074,0.9749279121818236,-0.22252093395631434,1
2026-01-28T06:00:00+00:00,2026-01-28T07:00:00+00:00,0.0033283740559899087,0.0049439266045258525,0.0030913289719750447,0.005082153745102691,0.003325034614974898,0.0012804904344711101,0.00048764791157311237,11630.243,0.39643289091469486,0.009003935709575877,0.019594190107042914,0.008647788574110445,0.010495751327292403,0.000948681850522904,0.0008004029941008523,8.692000241117232e-05,0.6186770561657666,0.02395477366896408,0.23735411233153314,22.739447467250102,23.300842466433778,-0.5613949991836762,-0.3354910775538542,0.007917742036455016,-0.0268099578059623,0.0018744827723732723,0.005996996495911831,0.0030950836941667954,1.0,6.123233995736766e-17,0.9749279121818236,-0.22252093395631434,0
2026-01-28T07:00:00+00:00,2026-01-28T08:00:00+00:00,-0.003118292767882791,0.0001997024433595156,0.001810217226067225,0.004379265707620739,-0.003118292767882791,0.0003261155314185753,0.0009251032421874366,7189.0754,-0.3818636979468099,0.005296747740397585,0.01576093380234869,0.00544747967476228,0.010409051939610291,0.000557863431817916,0.0006437175261904239,5.475153701151319e-05,0.5837487256626016,-0.03492833050316499,0.16749745132520316,21.357641933374907,22.912202359822004,-1.5545604264470967,-0.9931654272634205,0.007687991719618203,-0.03204495986954888,-0.004393157805806444,0.0006859784016703059,0.0018202745112938757,0.9659258262890683,-0.25881904510252085,0.9749279121818236,-0.22252093395631434,0
2026-01-28T08:00:00+00:00,2026-01-28T09:00:00+00:00,-0.0047852462671419,-0.007888617236197324,-0.004586499449154009,0.005968522314248673,-0.0047852462671419,0.0004948690770357403,0.0006653982860143433,8832.5764,0.22861090036696516,0.00043983436817139436,0.010468331303290238,0.0006298318802853088,0.010024087996708316,4.630049818119764e-05,0.00042746147394355835,6.330008714792795e-06,0.534074471753202,-0.049674253909399585,0.068148943506404,18.884516322123545,22.10666515228231,-3.2221488301587655,-1.6675884037116688,0.007599497884610247,-0.01624082184867906,-0.008211046444145904,-0.0038637173624133277,-0.004575164979034782,0.8660254037844387,-0.4999999999999998,0.9749279121818236,-0.22252093395631434,1
2026-01-28T09:00:00+00:00,2026-01-28T10:00:00+00:00,0.008944424196422898,0.004116376656783333,0.000985247821341813,0.01022721247149891,0.00894779782524383,3.3140675538746522e-06,0.0013554536295666826,13870.6946,0.5704018818337083,0.008486491158948846,0.018727106855479937,0.00948366327159119,0.01015444013014256,0.000894113583786637,0.00076495641943203,9.532228418126517e-05,0.6019338985033978,0.06785942675019584,0.2038677970067957,18.865577266902164,21.458447575206282,-2.592870308304118,0.6292785218546477,0.007724633423195655,0.02555799601940365,0.0036220917663101803,0.009616221099474768,0.0010408851613982074,0.7071067811865476,-0.7071067811865475,0.9749279121818236,-0.22252093395631434,1
2026-01-28T10:00:00+00:00,2026-01-28T11:00:00+00:00,0.0027904448804284667,0.011759827999558655,0.0069183080593796355,0.008814023120699593,0.002787121576165408,0.004600345025876964,0.001434302975021875,18858.1508,0.3595678762907806,0.010213375737189752,0.020706418805642376,0.01217668769201388,0.010386957172087994,0.0010762492500175523,0.000845874850798346,0.0001223937491705904,0.6206619697791326,0.018728071275734736,0.24132393955826514,19.3074275539293,21.028243570950885,-1.7208160170215834,0.8720542912825344,0.007782487160541312,0.010300856291879908,0.002787121576165408,0.013148775024358877,0.006949622809709464,0.49999999999999994,-0.8660254037844387,0.9749279121818236,-0.22252093395631434,1
2026-01-28T11:00:00+00:00,2026-01-28T12:00:00+00:00,0.004580515952489431,0.007383742510207243,0.016394210031798598,0.01001408024423304,0.004580515952489431,0.0018554340531365808,0.0035990156988143828,16338.2894,-0.13362187134488288,0.013408325381220415,0.024362167661744396,0.016642901585439573,0.010808912859881432,0.001413397544778329,0.000995363954501562,0.00016729332494257125,0.6498638386400191,0.029201868860886507,0.2997276772800382,20.539219914945534,20.930438839749815,-0.39121892480428144,1.329597092217302,0.00790893606259651,0.020902817634179633,-1.9738270532867568e-05,0.008831406752491503,0.016315385029340795,0.258819045102521,-0.9659258262890682,0.9749279121818236,-0.22252093395631434,0
2026-01-28T12:00:00+00:00,2026-01-28T13:00:00+00:00,-0.0028259181766740657,0.0017416536125266805,0.004536958481361702,0.0054534117639295394,-0.002822637685831848,0.0001979459805418801,0.002424838261638369,13341.1615,-0.18344196424871748,0.009530705606945923,0.02060819581783484,0.013631069830095644,0.010972910630022844,0.001004239654679307,0.0008418589801039992,0.0001370144470712123,0.6181052418714051,-0.03175859676861393,0.2362104837428103,20.584992050614346,20.861349481922723,-0.27635743130837653,0.11486149349590491,0.00775435386111417,-0.02231594358709246,-0.004672682375811076,0.005376593740464104,0.004545042656243833,1.2246467991473532e-16,-1.0,0.9749279121818236,-0.22252093395631434,1
2026-01-28T13:00:00+00:00,2026-01-28T14:00:00+00:00,0.0011678812851972577,-0.0016613372284288446,0.0029115689423833044,0.005348192719471975,0.001164578343461602,0.003661024098172166,0.0005239449429426233,15084.4603,0.13067069160357592,0.009679871309311076,0.020927346432521806,0.014665297103407391,0.011139644795162123,0.0010199731071292106,0.0008549076482058059,0.00014741164762832352,0.6262122165838409,0.008106974712435645,0.2524244331676816,20.66865976886629,20.822811539311438,-0.1541517704451465,0.12220566086323004,0.007574085721900262,-0.022106613822004517,-0.0018550739891655366,0.0036014524866226616,0.0029224790610126233,-0.25881904510252035,-0.9659258262890684,0.9749279121818236,-0.22252093395631434,0
2026-01-28T14:00:00+00:00,2026-01-28T15:00:00+00:00,-0.007111152118681743,-0.005951575814960085,-0.008760675325358801,0.008974176012000956,-0.007114423926081067,0.0,0.0018087743811171497,19228.2114,0.27470330509603974,0.002261261577522097,0.013124366870435623,0.00737518318046322,0.01083859639133952,0.00023808420507231737,0.0005359755596045873,7.412793856870036e-05,0.5496159951502151,-0.07659622143362575,0.09923199030043009,18.777189636227376,20.413687158694625,-1.6364975224672484,-1.482345752022102,0.007724463669470493,0.01260193175598865,-0.010732882874009302,-0.005433150137809257,-0.008769189010158551,-0.5000000000000001,-0.8660254037844386,0.9749279121818236,-0.22252093395631434,0
2026-01-28T15:00:00+00:00,2026-01-28T16:00:00+00:00,-0.0016063244045150145,-0.0087060537060043,-0.007548340057998208,0.012485664422837179,-0.0016063244045150145,0.0027058921299758574,0.00817086345882155,31672.6289,0.6471957917001058,0.0005892392697551812,0.01104112126689035,0.005699401656510935,0.010445726964606482,6.202903365244248e-05,0.0004508611951028047,5.7283699892665376e-05,0.533844277046036,-0.015771718104179086,0.06768855409207192,16.69518665896112,19.669987058747925,-2.9748003997868047,-1.3383028773195562,0.008076089684130141,0.04384164508992929,-0.008709320257819552,0.0002028168264819351,-0.007549595237999501,-0.7071067811865475,-0.7071067811865477,0.9749279121818236,-0.22252093395631434,0
2026-01-28T16:00:00+00:00,2026-01-28T17:00:00+00:00,-0.0028355356104047868,-0.004437305224868937,-0.011516902991099616,0.007287346819036486,-0.0028355356104047868,0.0032303014948062004,0.0012134465883482035,8458.6532,-0.7329349190840296,-0.002034310569939269,0.007851201455383072,0.0028192899290912505,0.009905663220714499,-0.00021409210948404033,0.00032055992799818865,2.8335375022422563e-05,0.5062708397008344,-0.027573437345201485,0.012541679401668943,14.193273367268375,18.574644320452016,-4.381370953183641,-1.4065705533968362,0.008041075698010353,-0.0071587544057448915,-0.007119616844795073,0.005379281220778346,-0.011553012133601544,-0.8660254037844384,-0.5000000000000004,0.9749279121818236,-0.22252093395631434,1
2026-01-28T17:00:00+00:00,2026-01-28T18:00:00+00:00,0.0050571386662755435,0.0022072633590957775,0.0005973933735798556,0.014020412021665794,0.0050571386662755435,0.0055690257355989654,0.003419693587494053,15003.7291,0.7737728152751314,0.0027248499222736152,0.012433964725620106,0.007811558526602651,0.00968273081503774,0.00028690860054231916,0.0005077664602397728,7.851428990522307e-05,0.5507154437327347,0.04444460403190021,0.10143088746546937,13.281480635973367,17.516011583556285,-4.234530947582918,0.14684000560072263,0.008430600943670132,0.05374404866986684,-0.001010623140287806,0.006278203519265155,0.0006152786513557423,-0.9659258262890683,-0.25881904510252063,0.9749279121818236,-0.22252093395631434,1
2026-01-28T18:00:00+00:00,2026-01-28T19:00:00+00:00,0.00020564597713360874,0.005263824623631679,0.0024133632510596587,0.00801522793822606,0.00020564597713360874,0.0029082974355913198,0.0049013268070740084,16085.9316,0.07212890160753431,0.002651167970375635,0.012140377564769036,0.007938388358580347,0.009464118626223721,0.0002791482146507274,0.0004957712822579423,7.978916337636345e-05,0.5524885111323747,0.001773067399640027,0.10497702226474942,12.465215896229893,16.505852446091005,-4.040636549861112,0.19389439772180594,0.008399321892193584,-0.003505297536465163,-0.0053336763774539594,0.008730819793872491,0.002427249033004365,-1.0,-1.8369701987210297e-16,0.9749279121818236,-0.22252093395631434,1
2026-01-28T19:00:00+00:00,2026-01-28T20:00:00+00:00,0.00036146456155001664,0.0005671848724165845,0.005627191871241353,0.00906318371676727,0.00036146456155001664,0.0025160777033747085,0.006185772061261125,25074.3802,0.558776999897227,0.0027257998560832513,0.012009899892838285,0.008219429172121975,0.009258862231417142,0.0002870086509708967,0.0004904404095126192,8.261415289748235e-05,0.5558074140706405,0.003318902938265751,0.11161482814128093,11.770590064279531,15.55879996972871,-3.788209905449179,0.2524266444119334,0.008443922416643925,0.005673398850057858,-0.002539447405663593,0.005496465129611841,0.005624249204959169,-0.9659258262890684,0.2588190451025203,0.9749279121818236,-0.22252093395631434,0
2026-01-28T20:00:00+00:00,2026-01-28T21:00:00+00:00,-0.0014552807796856969,-0.0010943422505646414,-0.0008889213205124685,0.010025861410724955,-0.0014552807796856969,0.007253810325309294,0.0013146493770354777,13430.9508,-0.464355621440246,0.0011457900365214094,0.01011973841703879,0.006684551768799219,0.008963677887703064,0.00012062402592924252,0.0004132212288890764,6.718593845911554e-05,0.5384858399914138,-0.017321574079226708,0.07697167998282751,10.742030337660253,14.595446043315018,-3.853415705654765,-0.06520580020558597,0.008568345232679771,0.013258467141330284,-0.0039613913146991486,0.005125381650733313,-0.0008881702410020714,-0.8660254037844386,0.5000000000000001,0.9749279121818236,-0.22252093395631434,1
2026-01-28T21:00:00+00:00,2026-01-28T22:00:00+00:00,0.003087434143037896,0.0016276602797852912,0.0019897131828446927,0.008892904541107043,0.003087434143037896,0.0006685399022343072,0.00514643340581371,9777.4609,-0.27202019830196983,0.003831714512529437,0.012712663169633385,0.009694240382647084,0.008847049289946595,0.00040350111722269386,0.000519153591607272,9.743904502678249e-05,0.5691210860545151,0.03063524606310132,0.13824217210903014,10.555642741731845,13.787485382998383,-3.231842641266539,0.621573064388226,0.008567039032832086,0.0029345186595795074,-0.005575211045105103,0.004407878334579978,0.001993617924902216,-0.7071067811865477,0.7071067811865474,0.9749279121818236,-0.22252093395631434,0
2026-01-28T22:00:00+00:00,2026-01-28T23:00:00+00:00,-0.0008571873003895885,0.0022276003333101067,0.0007690777696745222,0.006141269063108649,-0.0008571873003895885,0.0019410915161712375,0.0033422548461039528,4968.0787,-0.49188457506385935,0.0026875067198938903,0.011374801932961108,0.008740127306067463,0.008664010626287837,0.00028297549667821107,0.00046449328375761296,8.784819206484725e-05,0.5580119235310655,-0.011109162523449498,0.11602384706213115,10.08271066239513,13.046530438877733,-2.9638197764826035,0.26802286478393533,0.008400594616740947,-0.02026899824395053,-0.0015247078745704945,0.007428270140756782,0.000774966062962611,-0.5000000000000004,0.8660254037844384,0.9749279121818236,-0.22252093395631434,0
2026-01-28T23:00:00+00:00,2026-01-29T00:00:00+00:00,-0.002696328488333534,-0.0035512045301852443,-0.00047473449726275266,0.0048758129122685265,-0.002696328488333534,0.0013484877672895214,0.000823706813516769,4695.5533,-0.05485529043652236,-1.4537889773575912e-05,0.008305856941784819,0.0059599727327862805,0.008320515794299871,-1.530301844864881e-06,0.00033912953890686794,5.99028115770213e-05,0.5234303411866158,-0.034581582344449725,0.046860682373231696,8.947932416049753,12.226810834312136,-3.2788784182623836,-0.31505864177978005,0.008169914210765279,-0.030082296544317298,-0.005480004095964382,0.0006480924478951197,-0.00046608164568522634,-0.2588190451025207,0.9659258262890683,0.9749279121818236,-0.22252093395631434,0
2026-01-29T00:00:00+00:00,2026-01-29T01:00:00+00:00,-0.00042846039896651973,-0.0031236336173201974,-0.003978143378641949,0.0058348756766096405,-0.00042846039896651973,0.0009038076218893567,0.004502423998750529,7396.7959,0.5752767410818233,-0.00040081925029813493,0.007562724655984389,0.0054736430770656545,0.007966737127885445,-4.21897199838424e-05,0.0003087779534133701,5.5014514641979266e-05,0.5179521022386887,-0.0054782389479271386,0.03590420447737742,7.85398441773259,11.352245550996226,-3.498261133263636,-0.2193827150012524,0.008006377587406658,-0.020436816689456686,-0.004462484038928553,0.00039557225010790136,-0.003981976187689642,0.0,1.0,0.43388373911755823,-0.900968867902419,0
2026-01-29T01:00:00+00:00,2026-01-29T02:00:00+00:00,-0.005575695549744224,-0.006001766983970985,-0.008681912737005299,0.008143121117649336,-0.005572391243669997,0.0006916807843059179,0.0018478235445466484,8718.9806,0.1787510048776661,-0.0054083781645341365,0.0018684500665055181,-0.0001312528903765657,0.007316398078651271,-0.0005689790432315753,7.626908455023285e-05,-1.3191227863661582e-06,0.4517240183491228,-0.06622808388956593,-0.09655196330175443,5.568823058165435,10.195561052430069,-4.626737994264634,-1.1284768610009976,0.008057829876882213,0.0008148857856377184,-0.006898954703832741,-0.0010781257301548156,-0.008700484437044279,0.25881904510252074,0.9659258262890683,0.43388373911755823,-0.900968867902419,0
2026-01-29T02:00:00+00:00,2026-01-29T03:00:00+00:00,-0.011187184859207881,-0.016700504072118455,-0.017121808966447292,0.018494675979900184,-0.011187184859207881,0.002196517337280306,0.00498440472690531,25130.6276,1.882289656660091,-0.014983887159643655,-0.008976664991266517,-0.01120562456651092,0.006098602946762903,-0.0015747674759454594,-0.000366260293686065,-0.00011260666068894684,0.354364050203089,-0.09735996814603382,-0.29127189959382205,1.0442228698075269,8.36529341590556,-7.321070546098033,-2.6943325518333996,0.008887971452539396,0.09068324935609014,-0.0173731135129751,-0.009356650754222985,-0.017191340807918624,0.49999999999999994,0.8660254037844387,0.43388373911755823,-0.900968867902419,0
2026-01-29T03:00:00+00:00,2026-01-29T04:00:00+00:00,-0.002267481743561682,-0.01342929986533946,-0.01893011772758833,0.00843347377833176,-0.0022708533272055662,0.00456897836424486,0.0015884735751155131,12996.3442,-0.48284840287872477,-0.015603226896455538,-0.010788392089718516,-0.01331567156557717,0.004891152570073052,-0.0016397517345355338,-0.0004401487180722672,-0.00013380793791987076,0.33861219920648905,-0.015751850996599898,-0.32277560158702184,-3.0478624386760202,6.082662244989244,-9.130524683665264,-1.809454137567231,0.00887426365321527,-0.003806271242655555,-0.015567432757292771,0.0027305330652610863,-0.01903036215251379,0.7071067811865475,0.7071067811865476,0.43388373911755823,-0.900968867902419,1
2026-01-29T04:00:00+00:00,2026-01-29T05:00:00+00:00,0.0023471475214392576,7.434366372326582e-05,-0.011113672891793798,0.007795367382452722,0.0023471475214392576,0.0003953437294092054,0.005058372332696887,11696.74,-0.09999767473071387,-0.012041975588262886,-0.008137246046184897,-0.0108915194459194,0.0039523233230510935,-0.001265971661938357,-0.0003320222163150149,-0.00010945052626513975,0.36977065712599233,0.031158457919503276,-0.26045868574801534,-5.666358193884662,3.7328581572144626,-9.399216351099124,-0.26869166743385975,0.008777903519188765,-0.008536719495657626,-0.004467274189045154,0.003941882673017064,-0.011107519081330305,0.8660254037844386,0.5000000000000001,0.43388373911755823,-0.900968867902419,0
2026-01-29T05:00:00+00:00,2026-01-29T06:00:00+00:00,-0.0026491408876648335,-0.0003082112906940019,-0.0025749941707808757,0.0060102791357937654,-0.002652510931048201,0.0021107124586242825,0.0012400012196734356,6625.4673,-0.4335629158209894,-0.013281642526514637,-0.01034704802626998,-0.013379160094112313,0.002974095371812836,-0.0013961157700980262,-0.0004221502048092737,-0.00013444584242878078,0.3496990678441675,-0.020071589281824842,-0.300601864311665,-8.27872543008607,1.3305414397543562,-9.609266869840425,-0.21005051874130132,0.008601866327873884,-0.022650596088193788,-0.003043281474826139,0.0047863015097615175,-0.0025694751097872577,0.9659258262890683,0.25881904510252074,0.43388373911755823,-0.900968867902419,1
2026-01-29T06:00:00+00:00,2026-01-29T07:00:00+00:00,0.0014771599228894307,-0.001175894169524749,0.0011684933548290336,0.0031597073042013775,0.0014805529204498886,0.0011941934458063513,0.0004871497342666044,5890.8201,-0.11088232221748348,-0.010710057436991542,-0.008539709777265909,-0.011804539127245021,0.002193843853403374,-0.0011261049251120047,-0.000348438131295859,-0.00011862451074939684,0.3701741159767507,0.02047504813258321,-0.2596517680464986,-9.883301180043418,-0.9122270842051985,-8.971074095838219,0.6381927740022064,0.00820135934919613,-0.04515209194490048,-0.003277483486136533,0.002720534608795937,0.0011751665566638548,1.0,6.123233995736766e-17,0.43388373911755823,-0.900968867902419,1
2026-01-29T07:00:00+00:00,2026-01-29T08:00:00+00:00,0.0018843222360173358,0.0033642656041956206,0.0007062123029617481,0.003204413919784903,0.0018843222360173358,0.0011446747300390583,0.00017896094599422778,6729.7559,0.1424140927338793,-0.008010196507809477,-0.006411529901624275,-0.00984450440847175,0.001611575643779072,-0.0008424682286049867,-0.0002616266316184171,-9.892995469445914e-05,0.3963238896099147,0.026149773633163988,-0.2073522207801706,-10.58348672567945,-2.8464790125000485,-7.737007713179401,1.2340663826588179,0.007830111518735968,-0.0434675962893707,0.0006893056259503172,0.003857417902757854,0.000712341271241933,0.9659258262890683,-0.25881904510252085,0.43388373911755823,-0.900968867902419,0
2026-01-29T08:00:00+00:00,2026-01-29T09:00:00+00:00,-0.003018699730545613,-0.0011400656975544038,0.00033541016597713846,0.008883695725800996,-0.003018699730545613,0.0027941475309896362,0.0030617083248662075,15330.1663,1.2779676600157222,-0.009967093877053936,-0.009045159372778519,-0.012707412843430249,0.0009312160217843579,-0.0010480681771728468,-0.00036905392739539127,-0.00012769638344495456,0.3697860845260747,-0.026537805083840026,-0.26042783094785066,-11.724618002451734,-4.622106810490386,-7.102511191961348,0.6344965212180531,0.007927382405665834,0.00936646938200829,-0.004158614199997952,-0.0009609398262188187,0.00034278242836115365,0.8660254037844387,-0.4999999999999998,0.43388373911755823,-0.900968867902419,0
2026-01-29T09:00:00+00:00,2026-01-29T10:00:00+00:00,-0.0034613560929349727,-0.006469607028775521,-0.0045974756171408004,0.004360415717888215,-0.003457980959090167,0.0008870370244494839,3.3986092891530932e-06,9586.7934,-0.3746451791589502,-0.012133814060651242,-0.01199184984468916,-0.015966900262093867,0.00014370794140209424,-0.0012756143151303682,-0.0004892238018905168,-0.00016044561249246422,0.3416242165889956,-0.028161867937079067,-0.3167515668220088,-13.300323498470789,-6.357750148086467,-6.942573350384322,0.15993784157702606,0.007698167100456971,-0.03227564783850881,-0.00922960882756015,-0.00040087513079394894,-0.00459573358746325,0.7071067811865476,-0.7071067811865475,0.43388373911755823,-0.900968867902419,1
2026-01-29T10:00:00+00:00,2026-01-29T11:00:00+00:00,0.0006491343742140221,-0.0028144686039422695,-0.005824672298871533,0.0025778710656897555,0.0006491343742140221,0.0015827245278148057,0.0003464332657448763,6855.7262,-0.284878069866406,-0.01040942041809495,-0.010910238493099394,-0.015177926757571769,-0.00050608613838668,-0.0010945291583080512,-0.00044511763891843007,-0.0001525187119570917,0.35156328421893673,0.009939067629941149,-0.2968734315621265,-14.230915285967512,-7.932383175662676,-6.298532110304836,0.6440412400794857,0.007327794473602253,-0.047493890273312446,-0.003691797509474775,0.0006525352012153716,-0.005830921449266563,0.49999999999999994,-0.8660254037844387,0.43388373911755823,-0.900968867902419,0
2026-01-29T11:00:00+00:00,2026-01-29T12:00:00+00:00,-0.005094606849189448,-0.004448779559404341,-0.007894736842105244,0.007390869459835008,-0.005097985938932927,0.0003823452099313796,0.0018844156775191195,14851.0774,1.1662296548540694,-0.01400007343005186,-0.015333391154999588,-0.019998279294594228,-0.0013522493146485444,-0.001471523367878759,-0.0006254612535896047,-0.00020094734365325132,0.31175871115226444,-0.03980457306667233,-0.37648257769547117,-15.994416939579423,-9.544789928446026,-6.449627011133398,-0.15109490082856158,0.007367142985864225,0.000247798318275833,-0.006666779701249548,-0.004103543938858271,-0.007906828567910399,0.258819045102521,-0.9659258262890682,0.43388373911755823,-0.900968867902419,1
2026-01-29T12:00:00+00:00,2026-01-29T13:00:00+00:00,0.002406726544657641,-0.002700141630070346,-0.0020527600106036484,0.004352357015876976,0.002406726544657641,0.0007935048393578152,0.001157904057432072,5631.1151,-0.6208278397363951,-0.010531365747082915,-0.012461527810322002,-0.017467229739148046,-0.0019507056579882661,-0.0011073372603567562,-0.0005083752113668264,-0.00017551923521954042,0.3490623656298693,0.037303654477604906,-0.3018752687402613,-16.631412059194645,-10.96211435459575,-5.669297704598895,0.7803293065345027,0.007135376440491248,-0.0291284757061557,-0.0030827522051184303,0.0042992437845658735,-0.0020387459303177844,1.2246467991473532e-16,-1.0,0.43388373911755823,-0.900968867902419,0
2026-01-29T13:00:00+00:00,2026-01-29T14:00:00+00:00,-6.811200337844828e-05,0.002338450614312652,-0.002768069721392964,0.002513504124462767,-6.811200337844828e-05,0.0009059513510935632,0.0015394361304297418,3389.0588,-0.39815494092812986,-0.009599044012316177,-0.01204338311236165,-0.017362712098284702,-0.002468029826978348,-0.001009405756004009,-0.000491325138591272,-0.00017446917427372613,0.34848530600464256,-0.0005770596252267523,-0.3030293879907148,-16.956904964201385,-12.161072476516877,-4.795832487684509,0.8734652169143864,0.006805694024529218,-0.04626889249219374,-0.0008609336876887163,0.0035032075710296697,-0.0027559923079102547,-0.25881904510252035,-0.9659258262890684,0.43388373911755823,-0.900968867902419,0
2026-01-29T14:00:00+00:00,2026-01-29T15:00:00+00:00,-0.020387311231753143,-0.020454034614520097,-0.018096535337914568,0.02131920397179696,-0.020390647616777034,0.0003024740289540277,0.00020164935263617656,28733.6143,7.4783463479595,-0.02703014122314995,-0.03096207811923255,-0.03703772610702243,-0.004041170299998359,-0.0028372053853583015,-0.001262163221345816,-0.0003720999434295418,0.22734394405133415,-0.12114136195330844,-0.5453121118973318,-21.79383638591071,-14.087625258395644,-7.706211127515065,-2.9103786398305562,0.00797389375690018,0.14776354549522527,-0.021340592038108133,-0.018876934936997186,-0.018048696690473952,-0.5000000000000001,-0.8660254037844386,0.43388373911755823,-0.900968867902419,0
2026-01-29T15:00:00+00:00,2026-01-29T16:00:00+00:00,-0.018065000625808347,-0.03808401506740132,-0.03814953309221683,0.028495354634035647,-0.01806841452009352,0.00042488103331060856,0.00966958418309538,102468.461,2.566152866470404,-0.04053075726111784,-0.046655731116623946,-0.05392121718202668,-0.006383710475201762,-0.004248270698175848,-0.001900696030762375,-0.0005416282605724715,0.17158598130176997,-0.05575796274956417,-0.65682803739646,-29.48004947829395,-17.166110102375306,-12.313939375918643,-4.607728248403578,0.009575932430670004,0.1792160131529777,-0.038372227632089605,-0.017866954132906652,-0.038520423860939935,-0.7071067811865475,-0.7071067811865477,0.43388373911755823,-0.900968867902419,1
2026-01-29T16:00:00+00:00,2026-01-29T17:00:00+00:00,0.003792063222297769,-0.014341441027994492,-0.034436368837998076,0.012299693477670392,0.0037956173366239026,0.0005008765339342504,0.008017551842484918,81033.8684,-0.20918234148163883,-0.033496520417218414,-0.04142263900070549,-0.04985776488796696,-0.00820081743203719,-0.0035135608793145194,-0.001687866250054951,-0.0005008321057145021,0.21435738950581096,0.042771408204040996,-0.5712852209883781,-34.311697348642156,-20.595227551628675,-13.716469797013481,-1.4025304210948377,0.009736895383663579,0.020664919819560836,-0.01475591574601461,0.013593086903514818,-0.03466024863526372,-0.8660254037844384,-0.5000000000000004,0.43388373911755823,-0.900968867902419,0
2026-01-29T17:00:00+00:00,2026-01-29T18:00:00+00:00,-0.0037706832026469044,7.081350555171443e-06,-0.018058047199855386,0.014619344696460044,-0.0037706832026469044,0.008858706812919118,0.001975682814392009,36994.3645,-0.5434703386318899,-0.03372295619126122,-0.04334752732654335,-0.05293685342843936,-0.009960467545979686,-0.003537228462188644,-0.001766161982520168,-0.0005317457736719939,0.20308645352463528,-0.011270935981175683,-0.5938270929507294,-38.55892348810403,-24.187966738923745,-14.370956749180284,-0.6544869521668026,0.010119863066722056,0.03541261067241384,-0.004269421283646697,0.008123987178663547,-0.01804362060615748,-0.9659258262890683,-0.25881904510252063,0.43388373911755823,-0.900968867902419,0
2026-01-29T18:00:00+00:00,2026-01-29T19:00:00+00:00,-0.021371364637402055,-0.025061463194393067,-0.021364434624971725,0.028911207751141418,-0.021371364637402055,0.003654150898342213,0.0034189827712211443,84813.1229,1.2925957519827107,-0.049451256028864354,-0.061444543392361516,-0.07250154747894504,-0.012617224986687638,-0.005178439546214176,-0.0025016665157380704,-0.0007281282116264924,0.15388533576396937,-0.04920111776066591,-0.6922293284720612,-46.262147118872235,-28.602802814913442,-17.659344303958793,-3.2883875547785095,0.011667314697859478,0.1282729999241598,-0.033590321847520206,-0.019434077395734363,-0.02134998461775119,-1.0,-1.8369701987210297e-16,0.43388373911755823,-0.900968867902419,1
2026-01-29T19:00:00+00:00,2026-01-29T20:00:00+00:00,0.01213829333063198,-0.009492483199614758,-0.013227373255309467,0.019002477185231365,0.01213829333063198,0.004936497553198695,0.0020732574807062593,39427.9706,-0.5351194573216216,-0.034426741497670874,-0.048183831723237,-0.06067088512860729,-0.014247588263685268,-0.003610782528521764,-0.0019628267432546154,-0.0006093860616769168,0.2610468615193207,0.10716152575535133,-0.47790627696135857,-49.09387905615358,-32.70101806316147,-16.392860992992112,1.2664833109666809,0.012061326502349921,0.04631877493041639,-0.01302197259423373,0.015610648640602933,-0.01300375450941698,-0.9659258262890684,0.2588190451025203,0.43388373911755823,-0.900968867902419,1
2026-01-29T20:00:00+00:00,2026-01-29T21:00:00+00:00,0.0029740521102542988,0.015148445357781131,-0.006546662229051826,0.008172211629274655,0.0029740521102542988,0.002305896608870843,0.0029010816686566737,17205.7118,-0.5636166016619684,-0.028635888819789606,-0.043652166305590406,-0.05733439663649914,-0.015458958502755448,-0.003005245362915948,-0.0017785521897803933,-0.000575893247684614,0.285223473117026,0.024176611597705316,-0.42955305376594793,-50.089294345406415,-36.17867331961046,-13.910621025795955,2.4822399671961577,0.011750322552919973,-0.022887853818689425,-0.00195280542374819,0.01728313598097299,-0.006259019196515777,-0.8660254037844386,0.5000000000000001,0.43388373911755823,-0.900968867902419,1
2026-01-29T21:00:00+00:00,2026-01-29T22:00:00+00:00,0.004982447386709916,0.007971317555128891,0.020206369076476643,0.007000422011255921,0.004982447386709916,0.0018689069908469596,0.00017376934070485872,14512.8165,-0.15651170560697175,-0.02157872506637265,-0.037419288769524287,-0.05214116682262174,-0.016189921569547024,-0.0022662969754758586,-0.0015249887663064225,-0.0005237573618356541,0.3251754208219026,0.039951947704876575,-0.3496491583561948,-49.18314627464542,-38.77956791061745,-10.403578364027972,3.507042661767983,0.011356949911277232,-0.028661956701146782,0.0026703931273822906,0.010912780213595107,0.020094792827596193,-0.7071067811865477,0.7071067811865474,0.43388373911755823,-0.900968867902419,1
2026-01-29T22:00:00+00:00,2026-01-29T23:00:00+00:00,4.255575690729259e-05,0.005025215175437001,0.00801421253748829,0.005205766059681851,4.255575690729259e-05,0.0018723736236458805,0.0032908384900440595,6498.4327,-0.5522280117026216,-0.019525987159648896,-0.035965227165674914,-0.05160916878403016,-0.01676662490870402,-0.0020511512008041573,-0.001465816683089136,-0.0005184162186322232,0.3255239129635378,0.0003484921416351483,-0.3489521740729245,-47.90313685995079,-40.60428170048412,-7.298855159466669,3.104723204561303,0.010917130873346774,-0.038685954820194955,-0.0018229443205550568,0.005200758547922438,0.007999055253871507,-0.5000000000000004,0.8660254037844384,0.43388373911755823,-0.900968867902419,1
2026-01-29T23:00:00+00:00,2026-01-30T00:00:00+00:00,0.0009361868118230208,0.0009787824088686972,0.005966106527433839,0.005250496884067528,0.0009326373423736893,0.0017714227004276214,0.002547305843214939,8770.7664,0.34967411449840824,-0.016865771682790735,-0.033734086917334295,-0.05024196485873557,-0.01715769296672375,-0.001772198125665981,-0.0013750082558905826,-0.0005046895303023445,0.3336764841870564,0.008152571223518663,-0.33264703162588716,-46.14377749675759,-41.712180859738815,-4.431596637018778,2.867258522447891,0.0105028897391055,-0.037043475256747053,-0.000934437196263622,0.004283859031150473,0.005961189955440229,-0.2588190451025207,0.9659258262890683,0.43388373911755823,-0.900968867902419,0
2026-01-30T00:00:00+00:00,2026-01-30T01:00:00+00:00,-0.006231865060104424,-0.005301512438163733,-0.005259182291131,0.009294117647058881,-0.00623538581449724,0.002156862745098104,0.0008627450980392416,11904.1786,0.3572563738557669,-0.020848419760018416,-0.03825632107659548,-0.055633004010058794,-0.01777855611723625,-0.002189764907584133,-0.001559048066660591,-0.0005588132216266769,0.3070460551740743,-0.02663042901298212,-0.3859078896518514,-45.64269791024708,-42.49828426984047,-3.1444136404066114,1.2871829966121666,0.010477707413626776,-0.008614580031515027,-0.007989135624330311,-0.0027624014761249522,-0.0052531224913741105,0.0,1.0,-0.433883739117558,-0.9009688679024191,0
2026-01-30T01:00:00+00:00,2026-01-30T02:00:00+00:00,-0.020623885918003532,-0.02672722570405197,-0.0258160605684497,0.04525053236991061,-0.020623885918003532,0.0030249531332471637,0.021167391660448134,100722.8664,7.461135352925569,-0.03727925378999707,-0.055940563667814185,-0.07441777953430709,-0.019383928258824946,-0.003908793356887676,-0.0022780867840421224,-0.0007473584199012735,0.23938099928823575,-0.06766505588583854,-0.5212380014235285,-49.3447842979067,-43.867584275453716,-5.477200022452983,-2.332786382046372,0.013166362043725843,0.2306910267613084,-0.02881233097060435,-0.019778204368831518,-0.025919564166284936,0.25881904510252074,0.9659258262890683,-0.433883739117558,-0.9009688679024191,0
2026-01-30T02:00:00+00:00,2026-01-30T03:00:00+00:00,-0.003854904173416139,-0.024399286987522303,-0.030479098983557724,0.01904946356009008,-0.003858530263981679,0.0015091940246148847,0.013666793346391122,52452.4905,-0.4792394976956295,-0.037231945649980426,-0.05737741896019593,-0.07726979176173883,-0.020924534439207207,-0.0039038523821330047,-0.0023364636207405744,-0.0007759782119286059,0.229414138718912,-0.009966860569323756,-0.541171722562176,-52.52773193156736,-45.599613806676444,-6.928118124890915,-1.4509181024379316,0.013633895666443558,0.03151791360704457,-0.027281031951686803,0.017686872443287448,-0.030710655151524095,0.49999999999999994,0.8660254037844387,-0.433883739117558,-0.9009688679024191,1
2026-01-30T03:00:00+00:00,2026-01-30T04:00:00+00:00,0.0016626713830503194,-0.0021986422292193594,-0.02277718360071297,0.005122012615327354,0.0016626713830503194,0.0026376176074655953,0.0008244835121537492,17234.9452,-0.6714179815732486,-0.03234750265195975,-0.053739129383830984,-0.07503855479867426,-0.0221067240465946,-0.003393445595952215,-0.0021886332301836223,-0.0007535880064698671,0.24397887936178733,0.014564740642875336,-0.5120422412764253,-54.05992472795015,-47.29167599093118,-6.768248737018965,0.15986938787195015,0.013004889464083534,-0.04454950805464092,-0.003700082506751319,0.015541872286192844,-0.022816118708369353,0.7071067811865475,0.7071067811865476,-0.433883739117558,-0.9009688679024191,1
2026-01-30T04:00:00+00:00,2026-01-30T05:00:00+00:00,0.004334010674507646,0.006003888093080304,0.0021258395063974266,0.013338224984471358,0.004330346719589034,0.00793319263782293,0.0010933566776485798,23751.0564,0.37807553922480724,-0.025540865744505644,-0.0477844521656219,-0.07037273512222969,-0.022826597482829065,-0.0026813034665942783,-0.0019465892027338626,-0.0007067638012105787,0.2821308301065171,0.038151950744729816,-0.4357383397869657,-53.69660085357282,-48.57266096345951,-5.123939890113306,1.644308846905659,0.012976587618387438,0.0021483322590199186,0.0016919304016241208,0.006835387484913725,0.0021417778841418262,0.8660254037844386,0.5000000000000001,-0.433883739117558,-0.9009688679024191,0
2026-01-30T05:00:00+00:00,2026-01-30T06:00:00+00:00,-0.0021685512842399717,0.0021560608658535607,0.00382231706960565,0.004950819433422366,-0.0021721758082092328,0.0027702746976724334,3.640308406842153e-06,11869.7987,-0.5002412313752916,-0.025086383614616063,-0.0479883140346347,-0.07172005305780961,-0.023491240695694103,-0.0026337171763366903,-0.0019548776633235725,-0.0007202853683716297,0.2746306045013377,-0.0075002256051794804,-0.45073879099732467,-53.27625763742435,-49.51338029825248,-3.7628773391718724,1.3610625509414334,0.012429505617985972,-0.04423628442645624,-0.010022235596414896,0.003254069412843112,0.0038281307733179937,0.9659258262890683,0.25881904510252074,-0.433883739117558,-0.9009688679024191,0
2026-01-30T06:00:00+00:00,2026-01-30T07:00:00+00:00,-0.01036031772611777,-0.012506402130047636,-0.0082265943358713,0.019024777823553572,-0.01036031772611777,0.0005591195338708661,0.007996880701547799,31051.1263,1.6159774975796348,-0.03194271877599942,-0.05570915948203222,-0.08059322784473306,-0.024550655386820483,-0.0033511236605606024,-0.002268684610988724,-0.0008093266492230386,0.24165018600901347,-0.03298041849232419,-0.516699627981973,-54.61010545796398,-50.53272533019478,-4.077380127769203,-0.3145027885973306,0.013021423810382744,0.03676832518692112,-0.015232140722521537,-0.010356715119348044,-0.008194858335850094,1.0,6.123233995736766e-17,-0.433883739117558,-0.9009688679024191,1
2026-01-30T07:00:00+00:00,2026-01-30T08:00:00+00:00,0.00794538284974395,-0.0024972515671528154,-0.004660387433299768,0.011966454513605033,0.00794167521895691,0.003930427420296619,0.00015692514305744594,36461.563,0.17424284864024409,-0.021992295439690314,-0.04640368361051681,-0.07261190452730837,-0.024960322967804545,-0.002309631719637318,-0.001890447342455281,-0.0007292357118937214,0.30943257284483605,0.06778238683582259,-0.38113485431032784,-53.30972861698547,-51.088125987552914,-2.221602629432553,1.85577749833665,0.012850755974661633,-0.0052654502758078215,-0.003048891411440295,0.016070779659005677,-0.004583486160613791,0.9659258262890683,-0.25881904510252085,-0.433883739117558,-0.9009688679024191,0
2026-01-30T08:00:00+00:00,2026-01-30T09:00:00+00:00,-0.0009962921873175356,0.006941174739567966,-0.0034910557622442303,0.009337225061462739,-0.0009999379600536596,0.0030101226332727347,0.005326163591397744,17392.8059,-0.5229824376974734,-0.020824924726523687,-0.04558137965355346,-0.07285746381042567,-0.025282970892733847,-0.002187302559512399,-0.0018570095753094413,-0.0007317000402133711,0.3057133241464095,-0.0037192486984265827,-0.388573351707181,-51.901174355626154,-51.25073566116756,-0.6504386944585931,1.57116393497396,0.012611689937273662,-0.01958102434109698,-0.004907431305049566,0.007096764699390011,-0.0034112270636913553,0.8660254037844387,-0.4999999999999998,-0.433883739117558,-0.9009688679024191,0
2026-01-30T09:00:00+00:00,2026-01-30T10:00:00+00:00,-0.00566224524462726,-0.006652896181244898,0.0012396268612794607,0.01245807202977294,-0.00566224524462726,0.002380663720227933,0.004382919472580058,20444.465,0.17545524957534314,-0.023917963160046928,-0.0490842399533385,-0.07739013294561989,-0.025782952501376737,-0.0025113575371569657,-0.001999432625411576,-0.0007771857933041031,0.28478385152756075,-0.020929472618848734,-0.4304322969448785,-51.4426070641839,-51.28910994177083,-0.15349712241307145,0.4969415720455217,0.012667404562332174,-0.0012695623081410057,-0.009634661495191772,-0.00033788126411666924,0.0012868454177991538,0.7071067811865476,-0.7071067811865475,-0.433883739117558,-0.9009688679024191,1
2026-01-30T10:00:00+00:00,2026-01-30T11:00:00+00:00,0.005238929730007833,-0.00045297961957010106,-0.001448820506831645,0.009337801833937037,0.005238929730007833,0.0002667943381124915,0.0038593811102298984,12466.4061,-0.3902307494962573,-0.017043972497431385,-0.042446362238574765,-0.07188658702090622,-0.025842854644967318,-0.0017908893293637307,-0.001729508200286218,-0.0007219566635214531,0.3302148168088446,0.045430965281283875,-0.33957036638231075,-49.35954030235098,-50.90319601388686,1.5436557115358838,1.6971528339489552,0.012368273571868043,-0.01849901242093575,-0.0028135033583462287,0.009664206642066442,-0.001419607701936963,0.49999999999999994,-0.8660254037844387,-0.433883739117558,-0.9009688679024191,1
2026-01-30T11:00:00+00:00,2026-01-30T12:00:00+00:00,0.008658024479294221,0.013942312991149763,0.008201122951089261,0.01239546646955666,0.008658024479294221,0.0032247778888937527,0.000586982042697469,14974.5409,0.20119148853974841,-0.007727079339659555,-0.03286040942080626,-0.06325581395358039,-0.025329049657447977,-0.0008127157284994924,-0.0013394446824548454,-0.0006353329191221118,0.3985641360276698,0.06834931921882521,-0.2028717279446603,-45.27520548550365,-49.77759790821022,4.502392422706571,2.958736711170687,0.012271633550318056,0.0007768329244793005,0.008388992005612161,0.017891324312063726,0.008234708964674795,0.258819045102521,-0.9659258262890682,-0.433883739117558,-0.9009688679024191,0
2026-01-30T12:00:00+00:00,2026-01-30T13:00:00+00:00,-0.007025667782657335,0.0015715282929912495,0.006818691149294782,0.01038500414159513,-0.007022069880103088,0.0024302223325026948,0.0008830537604587567,14051.82,-0.06161931148086151,-0.013317248163206825,-0.038159446570623506,-0.06919025125121384,-0.02517749333427673,-0.0013998532599948069,-0.0015551063091635616,-0.0006948961930554685,0.3656722975109203,-0.03289183851674956,-0.26865540497815943,-43.10605193400761,-48.4432887133697,5.337236779362087,0.8348443566555162,0.012217498852840012,-0.0114060434561677,-0.0102174965147106,0.002164874184972269,0.006871286426644719,1.2246467991473532e-16,-1.0,-0.433883739117558,-0.9009688679024191,0
2026-01-30T13:00:00+00:00,2026-01-30T14:00:00+00:00,-0.0038277826228155483,-0.010826557676420753,-0.0022622697985154737,0.011611721611721545,-0.0038277826228155483,0.003937728937728938,0.003831501831501845,22328.5989,0.5890182837525674,-0.015491269861401384,-0.040266403520343,-0.07208145696299703,-0.025164971016004886,-0.0016280052623733508,-0.0016408299265473823,-0.000723912324702767,0.34889702583891563,-0.016775271672004665,-0.30220594832216874,-41.752144713502275,-47.10505991339621,5.3529151998939355,0.015678420531848758,0.012217821418258858,-0.00380148176431649,-0.013204266716789696,-0.0029473315145340196,-0.0021954259261786624,-0.25881904510252035,-0.9659258262890684,-0.433883739117558,-0.9009688679024191,1
2026-01-30T14:00:00+00:00,2026-01-30T15:00:00+00:00,0.0027179487179487447,-0.001120237621739072,-0.008138034987028434,0.015076239670931016,0.0027179487179487447,0.01000942493296611,0.0023562332415193203,35122.1108,0.5729652790708691,-0.011609077968580133,-0.03623462713703831,-0.0689149867714228,-0.024914786871823736,-0.0012205167257630396,-0.0014767802675380382,-0.0006921335517272788,0.37088184122260126,0.021984815383685616,-0.25823631755479753,-39.62367444429128,-45.608782819575225,5.985108375283943,0.6321931753900074,0.012391242278548176,0.01695061781182936,-0.00502318954362386,0.006574641299631596,-0.008135501687524138,-0.5000000000000001,-0.8660254037844386,-0.433883739117558,-0.9009688679024191,0
2026-01-30T15:00:00+00:00,2026-01-30T16:00:00+00:00,-0.0029041944604774835,-0.00019413919413926743,-0.004021178694321083,0.021769794135857907,-0.002907836912724722,0.0056457847127831815,0.013207692335874632,51736.8733,0.4730570606821272,-0.013118642621495558,-0.037560354930194176,-0.07095697733392338,-0.02476661670215779,-0.0013790054675361528,-0.0015307289880041374,-0.0007126272508366148,0.35697406434907547,-0.013907776873525748,-0.286051871301849,-38.13870572118549,-44.114767399897275,5.976061678711787,-0.009046696572156065,0.013094652276707398,0.0536976492427433,-0.012785642464970725,0.0021736336766351332,-0.004014028365344287,-0.7071067811865475,-0.7071067811865477,-0.433883739117558,-0.9009688679024191,0
2026-01-30T16:00:00+00:00,2026-01-30T17:00:00+00:00,-0.0009195924483506922,-0.0038211162335337785,-0.0011135531135531003,0.014055945081702843,-0.0009159320891311835,0.005533634523425406,0.007605538768445535,30038.929,-0.41939032871551596,-0.012707320196991737,-0.03699351789304376,-0.0711476156528135,-0.02459878229918385,-0.0013358258347771017,-0.0015076630258742875,-0.0007145404804154847,0.3524799119881821,-0.004494152360893367,-0.29504017602363575,-36.740867482612884,-42.6399874164404,5.899119933827514,-0.07694174488427308,0.013174507959312081,0.005173142680165596,-0.009401200215050677,0.012452569595532804,-0.0011058381908794312,-0.8660254037844384,-0.5000000000000004,-0.433883739117558,-0.9009688679024191,0
2026-01-30T17:00:00+00:00,2026-01-30T18:00:00+00:00,-0.005291606770909671,-0.006206333097634193,-0.00909250315990965,0.012656081223064787,-0.005291606770909671,0.005172293025330501,0.0021640313655518447,33260.1452,0.10723472198359665,-0.016251659570212615,-0.04050566317342739,-0.07536293198190999,-0.024654683120094008,-0.0017077795072673698,-0.0016505635103604597,-0.0007568431564080129,0.3269924742274752,-0.02548743776070694,-0.34601505154504963,-36.3781068400549,-41.3876113011633,5.009504461108399,-0.8896154727191146,0.013202556572683953,-0.003173866114058905,-0.011666757756280621,0.002331665570426795,-0.009115393679737847,-0.9659258262890683,-0.25881904510252063,-0.433883739117558,-0.9009688679024191,1
2026-01-30T18:00:00+00:00,2026-01-30T19:00:00+00:00,0.010226615005179586,0.004880893009065019,0.003956812128361983,0.041638232728891646,0.010230339315470485,0.0035908870293803697,0.02792060636360642,104151.6581,2.131425238035341,-0.0056049066319933056,-0.029525164000954413,-0.06529405264857482,-0.024055083868066388,-0.0005896422886335955,-0.001203658195727457,-0.0006557912902266482,0.41462244770736234,0.08762997347988716,-0.17075510458527532,-33.46644984842078,-39.80337901061479,6.336929162194011,1.3274247010856115,0.01510957210528606,0.1561466749312157,-0.0002626788131294897,0.01241751826974948,0.0040154157859192225,-1.0,-1.8369701987210297e-16,-0.433883739117558,-0.9009688679024191,1
2026-01-30T19:00:00+00:00,2026-01-30T20:00:00+00:00,0.0007772956679451693,0.011011859776666024,0.0056619825740018385,0.009772462077012902,0.0007772956679451693,0.006950116686114332,0.0020456534422404198,37551.6865,-0.6394518610165073,-0.004373793004410615,-0.027673774154599245,-0.0639661428473639,-0.023402338133001604,-0.000460187393685024,-0.0011282673770621305,-0.0006424627837302751,0.4208580103069277,0.00623556259956537,-0.15828397938614458,-30.6339385319161,-37.96949091487505,7.3355523829589515,0.9986232207649408,0.014717452726193403,-0.025194596127061573,-0.00280352422266747,0.04036024142548771,0.005712303902215083,-0.9659258262890684,0.2588190451025203,-0.433883739117558,-0.9009688679024191,0
2026-01-30T20:00:00+00:00,2026-01-30T21:00:00+00:00,-0.022491248541423675,-0.021731435223536433,-0.011727059239897954,0.029115312304156992,-0.022487684100365037,0.00017905637291474612,0.0059312423528006045,66480.1275,0.7703632964660587,-0.024279355958000345,-0.04769241679093811,-0.08424402247818816,-0.023995660003612626,-0.0025492066171718107,-0.001942847253468021,-0.0008459573430026633,0.31591395639560077,-0.10494405391132694,-0.36817208720879846,-32.98597167674143,-36.972787067248326,3.986815390506898,-3.3487369924520536,0.01606031350404971,0.06669933265261736,-0.029238156627291446,-0.01972457270739326,-0.01148733786829892,-0.8660254037844386,0.5000000000000001,-0.433883739117558,-0.9009688679024191,1
2026-01-30T21:00:00+00:00,2026-01-30T22:00:00+00:00,0.009031155808887179,-0.0136632147024505,-0.01289653939210375,0.01385987807447891,0.009031155808887179,0.003756104594204031,0.0011534494423145482,27224.9129,-0.5904804349239554,-0.014015023764763853,-0.03761662685425072,-0.07527463486603415,-0.02393708186062259,-0.0014730924567342744,-0.0015330187697643492,-0.000755957090171812,0.3811439026960355,0.0652299463004347,-0.23771219460792906,-32.52154212722553,-36.08253807924377,3.5609959520182386,-0.42581943848865933,0.015769662035497355,-0.009229782072367961,-0.01383222682810343,0.015051673283748873,-0.012682797064591328,-0.7071067811865477,0.7071067811865474,-0.433883739117558,-0.9009688679024191,1
2026-01-30T22:00:00+00:00,2026-01-30T23:00:00+00:00,0.0018447797170352788,0.010892596018980079,-0.011843640606767802,0.006166233689555424,0.001841075957322535,0.0,0.004328541063942854,12130.3423,-0.554439628712274,-0.011047397390677142,-0.03448417148791884,-0.07289005069130418,-0.023698581747400676,-0.0011615332075527373,-0.0014055388834297378,-0.0007320270673492905,0.39397076132170106,0.012826858625665594,-0.21205847735659789,-31.38899427928891,-35.143829319252795,3.7548350399638863,0.19383908794564775,0.015056739025659486,-0.043447135489421404,-0.0019041726056963388,0.01207051090528838,-0.011615313015501217,-0.5000000000000004,0.8660254037844384,-0.433883739117558,-0.9009688679024191,0
2026-01-30T23:00:00+00:00,2026-01-31T00:00:00+00:00,-0.0009372970419790856,0.000905753568484313,0.00994508937897293,0.006378860743597124,-0.0009336103413027537,0.0007202535292423941,0.004724124430260977,8476.1777,-0.30124167229806864,-0.010846295691166455,-0.03404858990904408,-0.07307874142615474,-0.02345671265932337,-0.0011404133085485839,-0.0013878096712927708,-0.0007339206776555469,0.38954481727854984,-0.004425944043151233,-0.22091036544290035,-30.346582212907833,-34.1843798979838,3.8377976850759694,0.08296264511208307,0.014450007462813207,-0.041195873225981144,-0.0009372970419790856,0.005261379543370206,0.009938638483943371,-0.2588190451025207,0.9659258262890683,-0.433883739117558,-0.9009688679024191,0
2026-01-31T00:00:00+00:00,2026-01-31T01:00:00+00:00,-0.00033242470580416896,-0.0012694101670898234,0.0005730277678166097,0.004201028642369384,-0.0003287323121700664,0.0026861458425704167,0.001186042387159719,7010.5456,-0.17291191287790011,-0.01012159054566842,-0.033066432776117406,-0.0727097492531187,-0.02317945518490224,-0.0010642966495539134,-0.001347831216563321,-0.0007302176413218036,0.3878820362141097,-0.001662781064440111,-0.22423592757178057,-29.2558424775616,-33.19867241389936,3.942829936337759,0.10503225126178961,0.013722399459834117,-0.05066915497910131,-0.001983878223802154,0.004412545136736896,0.0005750579692520243,0.0,1.0,-0.9749279121818236,-0.2225209339563146,0
2026-01-31T01:00:00+00:00,2026-01-31T02:00:00+00:00,-0.002394253790901842,-0.0027258825875939503,-0.0036606246678869015,0.005703703703703738,-0.0023905677875608452,0.0029851851851853332,0.0003222222222221818,8314.5512,0.1860062931478542,-0.011315395140107182,-0.03404123923516212,-0.07423969712213849,-0.022985939078393393,-0.0011896772076225878,-0.001387510475882105,-0.0007455713179227863,0.3754554113662034,-0.012426624847906282,-0.24908917726759314,-28.584797471492493,-32.27589742541799,3.6910999539254945,-0.2517299824122645,0.013180216824621003,-0.04181042980054054,-0.005392980284678585,-0.0012096460952845931,-0.003663975538685097,0.25881904510252074,0.9659258262890683,-0.9749279121818236,-0.2225209339563146,1
2026-01-31T02:00:00+00:00,2026-01-31T03:00:00+00:00,0.0007592592592593267,-0.0016368123910022747,-0.001968692979928908,0.008871042356729076,0.0007592592592593267,0.002438888991691379,0.005673470143039517,11096.2378,0.3345564340261686,-0.009568189877138533,-0.032043491707773646,-0.07285840672600176,-0.022692427283658313,-0.0010061644951791342,-0.0013061892589015039,-0.0007317095028887463,0.3821986098073846,0.006743198441181164,-0.2356027803852308,-27.569764518344073,-31.334670844003206,3.7649063256591333,0.0738063717336388,0.01286313329678781,-0.023316541667239055,-0.004597480963555392,0.001081830071171108,-0.0019674192374466845,0.49999999999999994,0.8660254037844387,-0.9749279121818236,-0.2225209339563146,0
2026-01-31T03:00:00+00:00,2026-01-31T04:00:00+00:00,-0.0022908532410577357,-0.0015333333333332861,-0.003923915935089079,0.004358534938757947,-0.0022871608118310003,0.0016432604066976165,0.00042287062384557334,5186.1379,-0.5326219576873163,-0.010721865918913548,-0.03296165798489968,-0.07429168750675992,-0.022480828494854048,-0.0011273451237528416,-0.0013435661965488575,-0.0007460930552225697,0.3692349748354094,-0.012963634971975183,-0.26153005032918114,-26.95411460327523,-30.45855959585761,3.504444992582382,-0.26046133307675134,0.012283087538978062,-0.04728121015899668,-0.004718234981392782,0.004168110047044909,-0.003925847772700251,0.7071067811865475,0.7071067811865476,-0.9749279121818236,-0.2225209339563146,0
2026-01-31T04:00:00+00:00,2026-01-31T05:00:00+00:00,-7.418782874491734e-05,-0.0023648711163747256,-0.0016074074074074612,0.00438482597953754,-7.418782874491734e-05,0.003323861317821994,0.0009867713287283466,5813.7768,0.1210224086019772,-0.009777190599745954,-0.031779140562421024,-0.07367497209433692,-0.02221919123030597,-0.0010281198395909535,-0.0012954274690119955,-0.0007399041173783317,0.3687997112921406,-0.00043526354326878903,-0.26240057741571876,-26.18055282248588,-29.602958241183266,3.4224054186973873,-0.08203957388499461,0.01171977222770735,-0.045931837083741,-0.003994132578598672,0.0003488303051894277,-0.0016057818105433262,0.8660254037844386,0.5000000000000001,-0.9749279121818236,-0.2225209339563146,1
2026-01-31T05:00:00+00:00,2026-01-31T06:00:00+00:00,0.00088661032919594,0.0008123567247557568,-0.0014803575063377804,0.0046959841366911725,0.00088661032919594,0.002008858249476332,0.0018013009395673439,7984.3101,0.37334307364534536,-0.008058531309353878,-0.029744196363261134,-0.07218109545165315,-0.02186183937095819,-0.0008475475074977238,-0.0012125767038236046,-0.0007249122662329244,0.37823228521926877,0.00943257392712816,-0.24353542956146243,-25.08547675124055,-28.699461943194724,3.613985191954175,0.19157977325678743,0.011208432959344719,-0.042782551246293384,-0.0025029391974327243,0.0018752320831786787,-0.001478430740606713,0.9659258262890683,0.25881904510252074,-0.9749279121818236,-0.2225209339563146,0
2026-01-31T06:00:00+00:00,2026-01-31T07:00:00+00:00,-0.0019087859750560926,-0.0010238679952218617,-0.001097979865423292,0.0062609083144565805,-0.0019087859750560926,0.0010954732815922678,0.003252998626016643,11530.8432,0.44418779526110835,-0.009012674156388326,-0.030394801284466155,-0.07327017660180675,-0.021576589902273034,-0.0009478033593206866,-0.0012390669424886581,-0.0007358418225277866,0.3655554652846344,-0.012676819934634409,-0.26888906943073126,-24.35246300025119,-27.83006215460602,3.4775991543548272,-0.13638603759934753,0.010874942656018217,-0.031605510121957295,-0.003909790010615879,0.0007804370447450234,-0.00109636347460507,1.0,6.123233995736766e-17,-0.9749279121818236,-0.2225209339563146,0
2026-01-31T07:00:00+00:00,2026-01-31T08:00:00+00:00,-0.004768093876490083,-0.00666777858082698,-0.005787079972993593,0.009555756214413158,-0.0047717896253494955,0.00033581337731248217,0.004425274061028532,11148.3585,-0.03317057507121414,-0.012445716846633231,-0.03369098244071262,-0.07697539122827106,-0.021513010430414998,-0.0013083614053736464,-0.0013732537213755308,-0.0007730239940090406,0.3353750664532521,-0.03018039883138229,-0.3292498670934958,-24.5249170357979,-27.169033130844394,2.6441160950464955,-0.8334830593083318,0.010829094711607977,-0.008963917114417337,-0.0077526841910403755,-0.0015200399383042344,-0.005790269522350236,0.9659258262890683,-0.25881904510252085,-0.9749279121818236,-0.2225209339563146,0
2026-01-31T08:00:00+00:00,2026-01-31T09:00:00+00:00,-0.013443728871741582,-0.01814772178692112,-0.02002186764515112,0.02785142377355774,-0.013443728871741582,0.0012972621339394168,0.012927236075233748,65964.1615,4.916939386188559,-0.023329553342350852,-0.04493337853250434,-0.08857366500258528,-0.022119871922085754,-0.0024497265595689963,-0.001830657995258835,-0.0008893958588113029,0.2684092591914786,-0.06696580726177345,-0.4631814816170427,-27.254732396573218,-27.186172983990158,-0.06855941258305975,-2.7126755076295552,0.012182002107343087,0.10980935100829242,-0.01847940277896353,-0.009058541338730087,-0.020120608723287758,0.8660254037844387,-0.4999999999999998,-0.9749279121818236,-0.2225209339563146,1
2026-01-31T09:00:00+00:00,2026-01-31T10:00:00+00:00,0.0016338695098012158,-0.01183182466064194,-0.016543503286419913,0.009851416919969092,0.0016376578089424161,0.004323446674344506,0.0038929899748900054,17355.9275,-0.7368885299936693,-0.01970470192581136,-0.04174302597852454,-0.08629277450704627,-0.022481311596625985,-0.0020698858360412766,-0.001700898992151417,-0.0008665125701831913,0.2867974661197239,0.018388206928245266,-0.4264050677605522,-28.738265999498708,-27.496591587091867,-1.2416744124068408,-1.173114999823781,0.011997079783218624,-0.013570894160357765,-0.013094887627678834,0.01475180565932908,-0.01657795323843045,0.7071067811865476,-0.7071067811865475,-0.9749279121818236,-0.2225209339563146,1
2026-01-31T10:00:00+00:00,2026-01-31T11:00:00+00:00,0.0012536107387619325,0.002889528484926371,-0.010593046424333737,0.0072256351657634076,0.0012536107387619325,0.0015197969581432626,0.004453797041109922,8989.4318,-0.48205408209961703,-0.016745659511021357,-0.03901389952228229,-0.08437158683932268,-0.022647487119341673,-0.0017595993536178708,-0.001589872342956789,-0.000847237227035601,0.30133134254889454,0.014533876429170646,-0.3973373149022109,-29.30823373968815,-27.858920017611123,-1.4493137220770258,-0.20763930967018496,0.011642314389760076,-0.0283544386852648,-0.0030566207985563234,0.006819277748878971,-0.010556248623178433,0.49999999999999994,-0.8660254037844387,-0.9749279121818236,-0.2225209339563146,0
2026-01-31T11:00:00+00:00,2026-01-31T12:00:00+00:00,-0.004129473124483919,-0.002881039137576268,-0.0012518768697784822,0.006430064527856046,-0.004125717475091096,3.7868460117764396e-06,0.0022834681450512534,9642.074,0.07260105138124527,-0.01886183494284356,-0.0413664131056773,-0.08735212908565163,-0.02293721614786305,-0.0019815220842478733,-0.001685579050870936,-0.0008771407936665787,0.2809925961311909,-0.020338746417703675,-0.43801480773761825,-30.294296969299012,-28.3459954079487,-1.9483015613503127,-0.49898783927328694,0.011314838522736124,-0.03214139183018376,-0.0056406973679256015,0.0015854111828380515,-0.0012419928759207705,0.258819045102521,-0.9659258262890682,-0.9749279121818236,-0.2225209339563146,0
2026-01-31T12:00:00+00:00,2026-01-31T13:00:00+00:00,-0.002715168590384296,-0.00683342949914578,-0.005588385220986549,0.005999506369728969,-0.002715168590384296,0.0014087448501072834,0.0018682007176624982,15841.5884,0.6429648227134536,-0.01951572389162029,-0.042317948211082944,-0.08901585508497029,-0.023256083626314233,-0.0020500752829936855,-0.0017242848984510561,-0.0008938320588938834,0.2682261305305349,-0.012766465600656005,-0.46354773893893025,-31.29358528914463,-28.935513384187885,-2.358071904956745,-0.40977034360643216,0.010963776895089363,-0.03365758420140477,-0.00683342949914578,-0.00043268847568399797,-0.005591030976106283,1.2246467991473532e-16,-1.0,-0.9749279121818236,-0.2225209339563146,0
2026-01-31T13:00:00+00:00,2026-01-31T14:00:00+00:00,-0.0016745457652219662,-0.004385167681541371,-0.008496532373938008,0.007215287128110257,-0.0016745457652219662,0.001300805586617532,0.004237126969275076,19347.5696,0.22131500399290757,-0.01918123148798847,-0.042272023795335574,-0.08972126155285264,-0.023542363837896242,-0.0020150085413375043,-0.0017224168876602477,-0.0009009088530052209,0.26038995516459734,-0.00783617536593752,-0.4792200896708053,-32.071676305671645,-29.562745968484638,-2.5089303371870066,-0.15085843223026174,0.010713104185801483,-0.02449997798248755,-0.005781964355267473,0.00019401741591618582,-0.00851918748009018,-0.25881904510252035,-0.9659258262890684,-0.9749279121818236,-0.2225209339563146,0
2026-01-31T14:00:00+00:00,2026-01-31T15:00:00+00:00,-0.03440288459344113,-0.03601982115395573,-0.03863718985731155,0.049690982357042265,-0.03440288459344113,0.0027652056769436133,0.011297165073325155,151198.8755,6.814876939375373,-0.048126400304069526,-0.0724846174472207,-0.11997761834901237,-0.025589760185524894,-0.005040402513160738,-0.002949828581671183,-0.001204352994423053,0.15826346635556562,-0.10212648880903175,-0.6834730672888688,-39.531187201176635,-31.55643421502304,-7.974752986153597,-5.46582264896659,0.01385166758130473,0.24848316866039646,-0.037270048578482026,-0.0302941176470588,-0.038792598949047394,-0.5000000000000001,-0.8660254037844386,-0.9749279121818236,-0.2225209339563146,0
2026-01-31T15:00:00+00:00,2026-01-31T16:00:00+00:00,-0.0017686287022047734,-0.03611066736651531,-0.03772474416661934,0.011250098650461591,-0.0017686287022047734,0.006392549917133541,0.0030857864414804313,39821.6242,-0.7366275108309255,-0.045280913847434656,-0.07142580831096526,-0.1204704413369845,-0.027384908129251137,-0.004743801073653545,-0.0029068646186094604,-0.0012092940417093164,0.15501330001012817,-0.0032501663454374352,-0.6899733999797436,-45.28321212271294,-34.30178979656102,-10.981422326151922,-3.006669339998325,0.013688630101237144,-0.013518053552716033,-0.03867747025977181,0.009637411803140067,-0.037846059060867875,-0.7071067811865475,-0.7071067811865477,-0.9749279121818236,-0.2225209339563146,0
2026-01-31T16:00:00+00:00,2026-01-31T17:00:00+00:00,-0.02031804908846965,-0.02205074270588375,-0.0556950181428147,0.03351176738322247,-0.02031804908846965,0.006871523456223401,0.005900810001973686,88576.4258,1.224329810234109,-0.05888174941173155,-0.08706000675777288,-0.13715303563626266,-0.029941250558500835,-0.0061598993433887176,-0.0035408872282348598,-0.0013765250356682548,0.12365238952136366,-0.03136091048876452,-0.7526952209572727,-53.38120074075141,-38.1176719853991,-15.263528755352311,-4.28210642920039,0.01536818474377991,0.0998860441407064,-0.028251705552880882,-0.017285602324274285,-0.05648956238411555,-0.8660254037844384,-0.5000000000000004,-0.9749279121818236,-0.2225209339563146,0
2026-01-31T17:00:00+00:00,2026-01-31T18:00:00+00:00,-0.031948959000447155,-0.051617867571620214,-0.05329520343169122,0.0521887833435272,-0.031948959000447155,0.005292524309412871,0.013892876312208953,180516.4972,1.0379745013373527,-0.0811657026405656,-0.1121808621430419,-0.1633488216654366,-0.03375489965014184,-0.008471380744223767,-0.0045579407518329135,-0.001639005949496245,0.0925796399148183,-0.03107274960654536,-0.8148407201703634,-65.44496731339405,-43.58313105099809,-21.861836262395954,-6.598307507043643,0.01846920086354178,0.16338587936469373,-0.057959596434702984,-0.026202766545383855,-0.05403563679112158,-0.9659258262890683,-0.25881904510252063,-0.9749279121818236,-0.2225209339563146,0
2026-01-31T18:00:00+00:00,2026-01-31T19:00:00+00:00,-0.009282721489229774,-0.04093510720140496,-0.060421434772314694,0.07031263124296541,-0.009282721489229774,0.005892284173568381,0.05505064928519828,204390.8215,0.13225563685489006,-0.08185181521893922,-0.11624877711678205,-0.16970152295205618,-0.03746341001158222,-0.00854237957311478,-0.004722440781669593,-0.0017026390202742085,0.08603124408290612,-0.006548395831912188,-0.8279375118341877,-75.93053978696435,-50.05261279819134,-25.877926988773005,-4.016090726377051,0.022332993090307156,0.19797723241534831,-0.04582376584396273,0.0046751054852320366,-0.061549729578146584,-1.0,-1.8369701987210297e-16,-0.9749279121818236,-0.2225209339563146,1
2026-01-31T19:00:00+00:00,2026-01-31T20:00:00+00:00,0.000730760831219546,-0.008558744107281677,-0.04023426014314997,0.025721623958167197,0.0007349636927935759,0.02133606399140501,0.00365113604888337,89128.6363,-0.5639303387212032,-0.07402165647599958,-0.11157533785572495,-0.16769438997883016,-0.04055567999226325,-0.0077315112845949135,-0.004533449660335537,-0.001682535058177144,0.09142899290939852,0.005397748826492403,-0.8171420141812029,-83.14162318036597,-56.67041487462627,-26.4712083057397,-0.5932813169666957,0.022559894861583312,0.010898120901809019,-0.014312779740384338,0.05903111111111119,-0.04050091965845738,-0.9659258262890684,0.2588190451025203,-0.9749279121818236,-0.2225209339563146,0
2026-01-31T20:00:00+00:00,2026-01-31T21:00:00+00:00,-8.813087014547317e-05,0.0006425655584861493,-0.008646120687861624,0.021824805570361913,-9.232719077726901e-05,0.010245067384087137,0.011487402470400252,42997.5482,-0.5175787492666933,-0.06752234589159647,-0.10774683905501334,-0.1663761478543573,-0.043137219413453776,-0.007057453690776262,-0.004378573940951234,-0.001669330764144027,0.09135886566878,-7.012724061851828e-05,-0.81728226866244,-87.86060164322635,-62.908452228346285,-24.95214941488006,1.5190588908596396,0.022509234853585334,-0.00233351116106398,-0.020976636013247427,0.004316358746738594,-0.0086400915281557,-0.8660254037844386,0.5000000000000001,-0.9749279121818236,-0.2225209339563146,1
2026-01-31T21:00:00+00:00,2026-01-31T22:00:00+00:00,0.01552499150091697,0.01543549239976152,0.016177532884237397,0.020958009588361727,0.015529253756400572,0.0017854190775335444,0.003880806744916463,42879.7871,-0.0027387863943366913,-0.048237366202511775,-0.09054587725936103,-0.15213970962564624,-0.04445279689962221,-0.005051965546358923,-0.0036821418162618917,-0.0015267079068142116,0.20677091770210723,0.11541205203332723,-0.5864581645957856,-87.60577734326534,-67.8479172513301,-19.757860091935243,5.194289322944819,0.02207889924865127,-0.0038899981415941487,0.005134510892142091,0.02732630220274797,0.016167621461991043,-0.7071067811865477,0.7071067811865474,-0.9749279121818236,-0.2225209339563146,0
2026-01-31T22:00:00+00:00,2026-01-31T23:00:00+00:00,-4.132914531229762e-06,0.015520794422922767,0.015431295691659453,0.007703784525477404,-4.132914531229762e-06,0.0022235172074608132,0.0054761343864043075,15968.4957,-0.6275985311503565,-0.04384834751997803,-0.08730870007520815,-0.15085772884361157,-0.045453409448704775,-0.004594409500583948,-0.0035509661159028377,-0.0015138628234802225,0.20676327173338563,-7.64596872159018e-06,-0.5864734565332287,-86.40856995904232,-71.56004779287255,-14.848522166169772,4.90933792576547,0.021052190072535185,-0.04650576876386052,-0.0017863625862239378,0.0195431504165245,0.015432727716240267,-0.5000000000000004,0.8660254037844384,-0.9749279121818236,-0.2225209339563146,1
2026-01-31T23:00:00+00:00,2026-02-01T00:00:00+00:00,0.013374166697663517,0.0133699785088444,0.02910253881247862,0.023177470992475347,0.013378354921101964,0.00889903953995806,0.0010766940598298793,52393.4878,2.2810534432495104,-0.028185840085954397,-0.07237017314452318,-0.13830506461076195,-0.04546582554680699,-0.0029581538982346623,-0.0029451848818238015,-0.0013880712294440756,0.2973150364498508,0.09055176471646519,-0.40536992710029834,-81.90444941631404,-73.62892811756085,-8.27552129875319,6.573000867416582,0.020946001914186965,0.00826266351872959,0.011121741210236702,0.018954096262373425,0.028895025284049258,-0.2588190451025207,0.9659258262890683,-0.9749279121818236,-0.2225209339563146,1
2026-02-01T00:00:00+00:00,2026-02-01T01:00:00+00:00,9.380289157609993e-05,0.01346922412474828,0.01346503554306494,0.0121769201282125,8.972413905602045e-05,0.009705649666827142,0.002381554372028214,31996.0758,-0.3893119709430759,-0.02548719286464958,-0.06964594585026114,-0.13703734605166493,-0.045313671264536115,-0.002675683915017164,-0.0028346336778216634,-0.0013753655237229688,0.29792848686120993,0.0006134504113590822,-0.4041430262775802,-77.42384842795082,-74.38791217963885,-3.0359362483119696,5.239585050441221,0.020317814647589947,-0.02989980614908566,-0.008727569660882032,0.014580419869752571,0.013463836674708388,0.0,1.0,-0.7818314824680299,0.6234898018587334,0
2026-02-01T01:00:00+00:00,2026-02-01T02:00:00+00:00,-0.0030503470381456578,-0.0029568302779420462,0.010377791278687576,0.010823413915817908,-0.0030503470381456578,0.0014030351372357718,0.006360698654231492,25046.808,-0.21719125318486707,-0.025819320591399176,-0.06983986480344047,-0.13847237526836775,-0.04518724826154938,-0.0027104566780504157,-0.0028425038660299215,-0.0013897480758922596,0.28908936024689214,-0.008839126614317792,-0.4218212795062158,-73.62777815583786,-74.23588537487865,0.6081072190407895,3.644043467352759,0.019697368750850312,-0.03349423739569242,-0.012633381529737801,-0.0005805111768842382,0.01041762255109396,0.25881904510252074,0.9659258262890683,-0.7818314824680299,0.6234898018587334,1
2026-02-01T02:00:00+00:00,2026-02-01T03:00:00+00:00,0.0032355708266864278,0.00017535417465287665,0.00026917351495760894,0.008794712571505523,0.0032355708266864278,0.0037511059646661384,0.0018184709350447222,18593.7778,-0.2576388256739143,-0.020552869800900504,-0.06437819309804757,-0.13451635394338796,-0.04474496064758327,-0.002158789524303191,-0.002620794737484305,-0.001350097926561199,0.31232424930937214,0.023234889062480023,-0.3753515013812557,-69.18358887534077,-73.22542607497107,4.041837199630294,3.4337299805895043,0.01885961852905531,-0.03943311414355403,-0.0012216923697166895,0.009657699195191749,0.0002790266801168699,0.49999999999999994,0.8660254037844387,-0.7818314824680299,0.6234898018587334,0
2026-02-01T03:00:00+00:00,2026-02-01T04:00:00+00:00,-0.0029152617008004087,0.00031087659017475284,-0.0027404187294569732,0.007560949678179067,-0.0029152617008004087,0.0016397732941858642,0.0029973910838860286,17349.576,-0.06691495474362391,-0.021226181412304562,-0.0646442943411403,-0.135861145602489,-0.044359699967746524,-0.0022293537626218605,-0.002631599039927127,-0.001363576768849782,0.30269386862789543,-0.00963038068147668,-0.3946122627442091,-65.48362760001874,-71.6770663799806,6.193438779961866,2.1516015803315724,0.018103773552597825,-0.042875852069307066,-0.006641454864510222,0.0021391338556864307,-0.0027300379122596388,0.7071067811865475,0.7071067811865476,-0.7818314824680299,0.6234898018587334,1
2026-02-01T04:00:00+00:00,2026-02-01T05:00:00+00:00,0.001132711228153387,-0.001785852622308524,0.0014439399517324008,0.005367142792956492,0.001132711228153387,0.002626387226690236,0.0016093259211757288,14512.1428,-0.16354481515859529,-0.018236499957463303,-0.061243997855245286,-0.13371968000477708,-0.04380637281373631,-0.0019159536493492716,-0.002493521820824469,-0.0013421126947206555,0.31155049356705095,0.008856624939155466,-0.37689901286589816,-61.617576713655126,-69.66516844671551,8.047591733060386,1.8541529530985201,0.017174994148401273,-0.05022848373789473,-0.003415261619623659,0.004142519061739902,0.001453020354039406,0.8660254037844386,0.5000000000000001,-0.7818314824680299,0.6234898018587334,0
2026-02-01T05:00:00+00:00,2026-02-01T06:00:00+00:00,-0.007237882061734314,-0.006113369263860304,-0.00901080889338293,0.010236534719050778,-0.007237882061734314,0.0004978379023332701,0.0024480458833743834,27364.6736,0.8856397692007275,-0.022984301594185,-0.06554530928739961,-0.13879010755728174,-0.043562255716730974,-0.002413560798408194,-0.0026681805130789825,-0.001392932485505544,0.2864829286037629,-0.02506756496328805,-0.42703414279247426,-59.29998611364226,-67.59213198010086,8.292145866458597,0.24455413339821064,0.016795662727200285,-0.02916428633635118,-0.009838429762166506,-0.0045094858940331285,-0.009020432534381336,0.9659258262890683,0.25881904510252074,-0.7818314824680299,0.6234898018587334,0
2026-02-01T06:00:00+00:00,2026-02-01T07:00:00+00:00,-0.0048796343154317925,-0.012082198159486619,-0.010963172572849258,0.01316023401484296,-0.004883728584829539,0.003919541893204894,0.0043329956794079414,39396.8089,0.4396959187556327,-0.025175293141612338,-0.06754157323574693,-0.1417713998819019,-0.043460408621228276,-0.002643026754556314,-0.0027492198612713175,-0.0014228109144400784,0.2707791357439116,-0.01570379285985126,-0.4584417285121768,-57.754523551083366,-65.62461029429736,7.870086743213989,-0.42205912324460826,0.01661246506451764,-0.015733848766051384,-0.012570220131948511,-0.002437555680205833,-0.010984805149012719,1.0,6.123233995736766e-17,-0.7818314824680299,0.6234898018587334,0
2026-02-01T07:00:00+00:00,2026-02-01T08:00:00+00:00,-0.0030719616314887604,-0.00793660589752785,-0.015117043741805393,0.01879961181476594,-0.003076083451167198,0.008348470898549329,0.007365565979047853,41360.5907,0.049846214828835965,-0.025555629880432553,-0.06783231467024732,-0.14317668094153527,-0.043385426696679746,-0.002682849260810289,-0.0027610215586558583,-0.0014368939822140287,0.26112221987828177,-0.009656915865629827,-0.47775556024343646,-56.47822640319737,-63.795333516077356,7.317107112879988,-0.5529796303340007,0.016816223505345923,0.009155754238917142,-0.011795081967213197,0.001266521881760726,-0.015189478008654868,0.9659258262890683,-0.25881904510252085,-0.7818314824680299,0.6234898018587334,1
2026-02-01T08:00:00+00:00,2026-02-01T09:00:00+00:00,0.0007174791184545659,-0.0023566865813574814,-0.0072248211280761645,0.013178888911912691,0.0007174791184545659,0.006390517830870956,0.006071406369796157,26787.2595,-0.352348236651272,-0.02254256664117594,-0.06470005199242286,-0.14134390154496854,-0.04312974039839434,-0.0023672844183597035,-0.0026338628949461648,-0.0014185266477800774,0.2676711650905584,0.0065489452122766065,-0.46465766981888323,-54.69664628558621,-61.975596069979126,7.278949784392914,-0.03815732848707398,0.01654521844118735,-0.015409774693727873,-0.010595418219690973,0.008143023071202269,-0.007234116828465987,0.8660254037844387,-0.4999999999999998,-0.7818314824680299,0.6234898018587334,1
2026-02-01T09:00:00+00:00,2026-02-01T10:00:00+00:00,0.007990219440933382,0.008713431374988687,0.00561470241663735,0.01298808089695452,0.007990219440933382,0.002462760511958072,0.0025984384700458874,13076.8797,-0.5118246530594144,-0.013348103754181783,-0.055106280790390434,-0.1333233163212826,-0.04232311030374269,-0.0014030921194730349,-0.002244188241754939,-0.0013381398098906816,0.3380833273314121,0.07041216224085374,-0.3238333453371757,-51.13949210471583,-59.80837527692647,8.668883172210641,1.3899333878177274,0.016169353194676106,-0.014908752467950188,0.0015895436033224457,0.014879598759894287,0.005635736927899187,0.7071067811865476,-0.7071067811865475,-0.7818314824680299,0.6234898018587334,0
2026-02-01T10:00:00+00:00,2026-02-01T11:00:00+00:00,-0.021050640769992895,-0.013228620568184015,-0.01252063270875308,0.026408739075106196,-0.021050640769992895,0.002834907582012826,0.0020705325006406014,35950.3688,1.7491549685205103,-0.030969076203494122,-0.07226838947340333,-0.15028593361177364,-0.04261919021954966,-0.0032493103225794437,-0.0029410548642859915,-0.001508133491075952,0.265169126611551,-0.0729142007198611,-0.4696617467768979,-51.85409219543362,-58.2175186606279,6.36342646519428,-2.3054567070163614,0.01722359701980511,0.042776978347266736,-0.023455635668643355,-0.010637281177414023,-0.012342942210604948,0.49999999999999994,-0.8660254037844387,-0.7818314824680299,0.6234898018587334,1
2026-02-01T11:00:00+00:00,2026-02-01T12:00:00+00:00,0.012948177889400773,-0.00837503032196786,-0.0004517292111314743,0.017774663537684563,0.012943923663609249,0.004991997877157033,4.146177638736714e-06,24016.0062,-0.3319677376995364,-0.016696719396129493,-0.05803010078694754,-0.13808915618544115,-0.04203523186196858,-0.001754465849699632,-0.0023629786488896165,-0.0013859073106970102,0.3553292647681215,0.09016013815657047,-0.28934147046375697,-49.36366101641852,-56.446747131786026,7.083086115367507,0.7196596501732273,0.01705852139477609,0.003239807832041407,-0.011119402373123146,0.015049871638399149,-0.00011224343965873969,0.258819045102521,-0.9659258262890682,-0.7818314824680299,0.6234898018587334,0
2026-02-01T12:00:00+00:00,2026-02-01T13:00:00+00:00,-0.006567545379914317,0.006295594763610614,-0.014887572310184496,0.019812021602490713,-0.006567545379914317,0.00025458885985912995,0.012946469562023681,35212.3148,0.4662019366067619,-0.020995707272232572,-0.06185400216385219,-0.1425233062208866,-0.04173454109968966,-0.0022052007917822184,-0.002518295327315371,-0.0014303462165734888,0.33274017406302336,-0.02258909070509816,-0.3345196518739533,-48.11350939734439,-54.7800995848977,6.666590187553311,-0.4164959278141964,0.01735991800526529,0.010984806763815566,-0.011502124675110404,0.006295594763610614,-0.014670008260506438,1.2246467991473532e-16,-1.0,-0.7818314824680299,0.6234898018587334,0
2026-02-01T13:00:00+00:00,2026-02-01T14:00:00+00:00,-0.00621447233328598,-0.01274120388413922,4.199863084459626e-05,0.01697933334173283,-0.0062103246647552,0.006097945093296032,0.004632254433819321,16675.0461,-0.5264427745034246,-0.024564034208477165,-0.06520287322845975,-0.14659657425414174,-0.04166223149974378,-0.0025790192727197345,-0.002654277823999501,-0.0014711648896597951,0.3126210010504391,-0.020119173012584212,-0.37475799789912173,-47.773550044539206,-53.378789676826,5.605239632286796,-1.0613505552665146,0.017433536646366727,-0.0020001010401204285,-0.012990835119193064,0.006820295983086727,0.00016616017620047635,-0.25881904510252035,-0.9659258262890684,-0.7818314824680299,0.6234898018587334,0
2026-02-01T14:00:00+00:00,2026-02-01T15:00:00+00:00,-0.003384947482917751,-0.009578384153721512,-0.01608302306104001,0.02638354536528637,-0.003384947482917751,0.0035565743951927477,0.019430526701698696,58996.7022,2.5380233341603775,-0.025279032543914705,-0.06586263105648056,-0.1482183464395534,-0.04163611932806226,-0.0026538889262505447,-0.002681063231755465,-0.001487415920716674,0.30197702673225035,-0.010643974318188754,-0.39604594653549924,-47.60573516647764,-52.22417877475633,4.618443608278689,-0.9867960240081075,0.018127805587937078,0.03630400902082838,-0.015540150921166729,0.0012531116830514556,-0.016166965196118047,-0.5000000000000001,-0.8660254037844386,-0.7818314824680299,0.6234898018587334,0
2026-02-01T15:00:00+00:00,2026-02-01T16:00:00+00:00,-0.024306067667620546,-0.027608740387967155,-0.03365163896795524,0.03786403154544162,-0.024306067667620546,0.0,0.012952461572348408,104485.0708,0.771032395095467,-0.04451440287254754,-0.08539117340723135,-0.1675225692125352,-0.04278114778242046,-0.0046638729843762475,-0.0034732485159558063,-0.0016808140193933783,0.23920904560614972,-0.06276798112610066,-0.5215819087877006,-51.532994334190334,-52.085941886643134,0.5529475524527996,-4.065496055825889,0.019956871532452604,0.07413985482655804,-0.03104324208958109,-0.004972152507993332,-0.03390548748382428,-0.7071067811865475,-0.7071067811865477,-0.7818314824680299,0.6234898018587334,0
2026-02-01T16:00:00+00:00,2026-02-01T17:00:00+00:00,-0.004893344101857539,-0.029080473816617384,-0.03236698542288752,0.02125812695849935,-0.004927725256643297,0.007673411282692418,0.008632587693028772,65276.3945,-0.3752562543126496,-0.04471464527989753,-0.08664784889677463,-0.17017931151897184,-0.043895997577774515,-0.004684754541301127,-0.0035241831025233025,-0.0017074245546109766,0.2291340863763084,-0.01007495922984134,-0.5417318272473832,-54.92645386064123,-52.65404428144275,-2.272409579198481,-2.8253571316512804,0.02014094468360294,0.004285069337542562,-0.029080473816617384,0.00816487266999206,-0.03258435925239584,-0.8660254037844384,-0.5000000000000004,-0.7818314824680299,0.6234898018587334,1
2026-02-01T17:00:00+00:00,2026-02-01T18:00:00+00:00,0.00429676310512751,-0.0006176065371275839,-0.024908662618464743,0.010812632889073269,0.004292404310632868,0.0034486335113830912,0.0030899410534322505,66387.2351,0.01701749320728802,-0.03688504772327266,-0.0797380109775516,-0.16522984620043665,-0.04449413141492396,-0.0038676200393207194,-0.003244054551840259,-0.0016578484437893392,0.2585210355528542,0.02938694917654587,-0.4829579288942915,-56.16946113793847,-53.357127652741895,-2.812333485196575,-0.5399239059980943,0.019394621128780112,-0.0329174958143104,-0.008224931958939655,0.013041936458319636,-0.024902648664350574,-0.9659258262890683,-0.25881904510252063,-0.7818314824680299,0.6234898018587334,1
2026-02-01T18:00:00+00:00,2026-02-01T19:00:00+00:00,0.015994226347905652,0.020359712854699903,0.015366741672029303,0.027503541091549386,0.015994226347905652,0.011493128368290528,0.0002679744956337636,62483.8957,-0.05879653511884251,-0.019474822987015833,-0.06262905219880598,-0.15059469893436608,-0.044011342312751944,-0.00204578754071497,-0.00254976989904921,-0.0015112272976327324,0.35717942122348245,0.09865838567062823,-0.28564115755303504,-53.55085474678481,-53.395873071550476,-0.15498167523433182,2.6573518099622433,0.01969031954570048,0.03148449462056072,0.012502476377511798,0.023531511763578934,0.015397645351175623,-1.0,-1.8369701987210297e-16,-0.7818314824680299,0.6234898018587334,0
2026-02-01T19:00:00+00:00,2026-02-01T20:00:00+00:00,-0.01302441120048316,0.0027614997666337675,0.007070128382073368,0.0214234921455815,-0.013020213019362356,0.0021720861076992538,0.006059430689335637,42306.8961,-0.32291519877176933,-0.02926444924987401,-0.0721145857709978,-0.16030702785651804,-0.044141925664524996,-0.0030710081985581175,-0.0029348139949158395,-0.0016085343567294667,0.3193232649371957,-0.03785615628628676,-0.3613534701256086,-53.33159498452187,-53.383017454144756,0.0514224696228851,0.20640414485721692,0.02005539672434334,0.005275051259331621,-0.024238958111682505,0.0030345865051678673,0.007266578252550004,-0.9659258262890684,0.2588190451025203,-0.7818314824680299,0.6234898018587334,0
2026-02-01T20:00:00+00:00,2026-02-01T21:00:00+00:00,-0.001719568168595161,-0.014721583006163275,0.00103718301094232,0.021879155226303265,-0.001719568168595161,0.012472154587369784,0.007684470462277099,49601.9957,0.17243287200168772,-0.028070326032273774,-0.07102485798556327,-0.16039963222420237,-0.044195102900743244,-0.002946066209816045,-0.002890594038957323,-0.0016094620613214265,0.31464352968032644,-0.004679735256869293,-0.3707129406393472,-52.87033340457765,-53.28048064423133,0.41014723965368205,0.35872477003079695,0.020217743641541365,0.006361436302895736,-0.016825127334465142,0.004366319933746477,0.0012502469788273317,-0.8660254037844386,0.5000000000000001,-0.7818314824680299,0.6234898018587334,0
2026-02-01T21:00:00+00:00,2026-02-01T22:00:00+00:00,-0.011129530815590063,-0.012829960997263336,-0.025687269510031977,0.017641819975726808,-0.011125261726423029,0.0014057574937353225,0.00498563682560752,42305.8418,-0.14709395856021973,-0.03531467111043263,-0.07842340250004841,-0.16833931971828708,-0.044686832170690825,-0.0037035664085033003,-0.00319074178256989,-0.0016889949292552382,0.28552742615837107,-0.029116103521955383,-0.4289451476832579,-53.9629594213784,-53.41697639966075,-0.5459830217176531,-0.9561302613713352,0.020245042260031775,-0.00979432753310144,-0.024969777459944432,-0.0034717388277878403,-0.025873510184668384,-0.7071067811865477,0.7071067811865474,-0.7818314824680299,0.6234898018587334,1
2026-02-01T22:00:00+00:00,2026-02-01T23:00:00+00:00,0.012551406194064385,0.0012821841164584952,-0.00043958885512960627,0.02057490740860518,0.012546985711104902,0.006713145606705455,0.0014702521848983584,30333.6734,-0.28299090363449525,-0.021042877328836782,-0.06440335758849211,-0.15657566059226533,-0.04429252237456812,-0.0022101441617224608,-0.0026218164817993477,-0.001571152325417364,0.3569889843959115,0.07146155823754043,-0.28602203120817704,-51.91059565196156,-53.11570025012091,1.2051045981593518,1.751087619877005,0.020035575412474013,0.0020749671567215347,-0.00010346745301941155,0.017624914442162937,-0.00029769279012083834,-0.5000000000000004,0.8660254037844384,-0.7818314824680299,0.6234898018587334,0
2026-02-01T23:00:00+00:00,2026-02-02T00:00:00+00:00,-0.021204399546420664,-0.008919138384164638,-0.019949403374259628,0.04391339779309739,-0.021204399546420664,0.0010395788824527573,0.021210052199193925,137057.9126,3.5183420679936512,-0.037971185878029924,-0.08120678572184568,-0.1730244037353346,-0.044942104861252274,-0.003981054790168662,-0.0033036126513128466,-0.0017359200723606632,0.30144572003204373,-0.055543264363867736,-0.39710855993591254,-53.63423548330775,-53.21940729675828,-0.41482818654947096,-1.6199327847088227,0.02214417689763652,0.08180685989072939,-0.02773138035890188,-0.007445850348463937,-0.01978252416794634,-0.2588190451025207,0.9659258262890683,-0.7818314824680299,0.6234898018587334,1
2026-02-02T00:00:00+00:00,2026-02-02T01:00:00+00:00,0.010153514084972238,-0.011266184630906386,0.0011438151035981677,0.03568812140240718,0.010149064383127165,0.013505145648002903,0.012135879993022819,60689.7837,-0.5571960600543978,-0.025585916791439,-0.06925427802351913,-0.163257038003059,-0.0448149939379863,-0.0026860202632089467,-0.0028187374854704702,-0.0016380865211018134,0.35230977896409327,0.050864058932049545,-0.2953804420718134,-52.53470275307109,-53.08246638802084,0.547763634949753,0.962591821499224,0.02290491893405984,0.04485637276233376,-0.012271233454940253,0.032043204320431964,0.0015005207326159592,0.0,1.0,0.0,1.0,0
2026-02-02T01:00:00+00:00,2026-02-02T02:00:00+00:00,-0.0008328972614686267,0.009312159989427955,-0.01208969831804873,0.029908915938183185,-0.00083725432908459,0.0111072801784147,0.017963679848469576,43004.2794,-0.2914082605306764,-0.02394365113711958,-0.06746852468570398,-0.16258781920034257,-0.04459258279431459,-0.002514047963131499,-0.002746254650450132,-0.0016313826758672981,0.35003536298032784,-0.0022744159837654364,-0.29992927403934433,-51.22692408689636,-52.711357927795945,1.4844338408995839,0.9366702059498309,0.023422933970901547,0.02176415208964136,-0.014146985805685517,0.02183443114974158,-0.011883782722917053,0.25881904510252074,0.9659258262890683,0.0,1.0,0
2026-02-02T02:00:00+00:00,2026-02-02T03:00:00+00:00,-0.012665354450986118,-0.01348770277341699,-0.0034711362685285593,0.01813665035561635,-0.012669663509798017,0.004071132092986264,0.001233274542826437,39005.3798,-0.09298841082313304,-0.03296203272006638,-0.07640792343165574,-0.1717666278386691,-0.044926768318924594,-0.003457690548533576,-0.0031089947591081734,-0.0017233227989228623,0.31659312000922185,-0.033442242971106,-0.3668137599815563,-51.933514316111086,-52.55578920545897,0.6222748893478851,-0.8621589515516987,0.023324345739848887,-0.016821092424828623,-0.024320081426341022,0.005395243830356411,-0.0033447376274825073,0.49999999999999994,0.8660254037844387,0.0,1.0,0
2026-02-02T03:00:00+00:00,2026-02-02T04:00:00+00:00,-0.01027728785688711,-0.022812476814370937,-0.023626373626373556,0.04534573161472439,-0.01027728785688711,0.0024117694348420697,0.03254995489097914,155660.4702,2.9907436101929714,-0.03897403146958023,-0.08281027656067239,-0.17880554794964826,-0.04561400682868706,-0.004085767645556308,-0.0033686252966622122,-0.0017938171205677579,0.2924832582369807,-0.024109861772241174,-0.41503348352603864,-53.74997658326083,-52.794626681019345,-0.9553499022414869,-1.577624791589372,0.025122202037356375,0.0660112061767386,-0.026728855775458586,-0.009055180838068952,-0.023775539569341853,0.7071067811865475,0.7071067811865476,0.0,1.0,1
2026-02-02T04:00:00+00:00,2026-02-02T05:00:00+00:00,0.0006788684335110815,-0.009605396349684174,-0.022149095051259334,0.026980103010881225,0.0006833377251552003,0.012255974006266364,0.01404125791103932,41154.0244,-0.7356167282090094,-0.03479894802158114,-0.07921991054412067,-0.1767880058039891,-0.04602249700359085,-0.0036496782167391704,-0.00322304413372115,-0.001773612586650534,0.29625648553066114,0.0037732272936804633,-0.4074870289386777,-54.43934187423838,-53.12356971966315,-1.3157721545752281,-0.36042225233374126,0.025239083514110167,0.005334544067553974,-0.011963821896484103,0.0343468104554646,-0.022263773874362146,0.8660254037844386,0.5000000000000001,0.0,1.0,0
2026-02-02T05:00:00+00:00,2026-02-02T06:00:00+00:00,-0.01897756790773652,-0.018311582746022813,-0.02840067719591384,0.02646017779638052,-0.01897756790773652,0.0011692341288979007,0.005946260725562171,61147.3626,0.4858173287179175,-0.048301781915521945,-0.09325577147666526,-0.1908614448542556,-0.04723555083629772,-0.005058677764773354,-0.003791924596857336,-0.0019145330082218956,0.2552480638908429,-0.041008421639818236,-0.4895038722183142,-57.75096035720662,-54.04904784717185,-3.7019125100347736,-2.3861403554595455,0.025779672169145652,0.0020346688015684257,-0.03085537918871253,-0.0043170030123893905,-0.028575987331112548,0.9659258262890683,0.25881904510252074,0.0,1.0,1
2026-02-02T06:00:00+00:00,2026-02-02T07:00:00+00:00,0.013384773568939351,-0.005846804788131392,-0.005171905565827874,0.037424128147110644,0.013384773568939351,0.00586323312861399,0.0183529073734871,141581.6742,1.3154175123818017,-0.03228586744884545,-0.07818678350664503,-0.17855981645694416,-0.04743230930894067,-0.0033870015962378527,-0.003181145305605346,-0.0017913563035594708,0.32488171311464015,0.06963364922379725,-0.3502365737707197,-57.34050805346715,-54.70733988843091,-2.6331681650362384,1.0687443449985352,0.026295242689747998,0.0336515679583865,-0.0069858366286094185,0.019446669260166246,-0.004913925905286086,1.0,6.123233995736766e-17,0.0,1.0,1
2026-02-02T07:00:00+00:00,2026-02-02T08:00:00+00:00,0.0006689293538769985,0.01406265639075161,-0.005181786533603563,0.015967302696809543,0.000673421835927504,0.010870686831798227,0.004423647220863676,57911.8795,-0.5909648630217992,-0.028711855630044424,-0.07475559273920217,-0.1765518007917168,-0.047404817381998296,-0.003013193815182817,-0.0030419668857780465,-0.001771247074683764,0.32830707586967717,0.0034253627550370424,-0.3433858482606456,-56.2466151311246,-55.01519493696965,-1.2314201941549499,1.4017479708812886,0.025541210353304672,-0.028025870679329223,-0.0051640258870788505,0.03328017653003512,-0.004923864984920168,0.9659258262890683,-0.25881904510252085,0.0,1.0,1
2026-02-02T08:00:00+00:00,2026-02-02T09:00:00+00:00,0.009152373560407951,0.009827425205617153,0.02334373663569938,0.01319948606918507,0.009152373560407951,0.004130118746471155,0.0,37267.1747,-0.35648480032494884,-0.017968350334219615,-0.06385389259860552,-0.1676154373282615,-0.04672511550926323,-0.0018878346379024322,-0.0025995062858538993,-0.0016817442314916444,0.37505848021242444,0.04675140434274724,-0.24988303957515115,-53.121239022381815,-54.63640375405208,1.5151647316702679,2.7465849258252177,0.024444561901489647,-0.03417702911088283,-0.0016998348985424593,0.014321983071560204,0.0232060764832243,0.8660254037844387,-0.4999999999999998,0.0,1.0,1
2026-02-02T09:00:00+00:00,2026-02-02T10:00:00+00:00,0.018778925279972363,0.02810317057960561,0.028790898969220317,0.0355345898226979,0.018778925279972363,0.011969959460108063,0.0051318528345194615,56425.2896,0.5140747871074861,0.00042806757294493506,-0.04454023099987847,-0.15069976998680182,-0.04494905733894216,4.506177499248379e-05,-0.0018146695998657648,-0.0015122800977278531,0.4590205408168312,0.08396206060440675,-0.08195891836633763,-46.697639632086066,-53.048650929658876,6.351011297572811,4.835846565902543,0.024818309951081884,0.034355667371875495,0.01458855407284106,0.02810317057960561,0.028600228194257313,0.7071067811865476,-0.7071067811865475,0.0,1.0,0
2026-02-02T10:00:00+00:00,2026-02-02T11:00:00+00:00,-0.006008980742460401,0.012657102337140506,0.02192531842633028,0.011480375801211735,-0.0060133183218564245,0.003551672666608194,0.001879006058477566,41471.2155,-0.2650243216474338,-0.005054412640266609,-0.04840519069117802,-0.15449242473578026,-0.04357100388369024,-0.000531760516125454,-0.0019718262883135374,-0.0015502805842140806,0.43834510901165613,-0.02067543180517504,-0.1233097819766877,-42.231199772087166,-50.88516069814453,8.653960926057366,2.302949628484555,0.02400491793302464,-0.03858591135047803,-0.017766278568348347,0.01797932578645585,0.02192231809791991,0.49999999999999994,-0.8660254037844387,0.0,1.0,1
2026-02-02T11:00:00+00:00,2026-02-02T12:00:00+00:00,0.0019843708841864875,-0.004036533904702889,0.014666589606682984,0.010739072522696298,0.0019843708841864875,0.006874583756878988,0.0018840478109994135,67266.3649,0.6220012866514608,-0.002787549134457436,-0.04477435952341631,-0.1515244801644539,-0.042104177853491416,-0.0002933401509866791,-0.0018241911238447445,-0.001520543523592718,0.447147904380463,0.008802795368806855,-0.10570419123907399,-37.890015268987554,-48.286131612313135,10.39611634332558,1.742155417268215,0.023013212961308982,-0.039410183555018366,-0.007544560741323716,0.0038706499173089227,0.01475431542169845,0.258819045102521,-0.9659258262890682,0.0,1.0,1
2026-02-02T12:00:00+00:00,2026-02-02T13:00:00+00:00,0.012855340180167412,0.014865220827113737,0.008766915258970788,0.01562513518423985,0.012855340180167412,0.00279885450282492,0.0001341027659776721,36325.7143,-0.4599720922335733,0.009067868095369499,-0.03126014532832644,-0.1394129272225553,-0.039965610538977576,0.0009554243955541134,-0.0012742983908342225,-0.0013991745146509995,0.501738150798577,0.05459024641811396,0.0034763015971539346,-31.716494472895192,-44.97220418442954,13.255709711534351,2.8595933682087704,0.022214268740586893,-0.022307716878616327,0.0059399219324544434,0.01678469320431047,0.008830730321893498,1.2246467991473532e-16,-1.0,0.0,1.0,1
2026-02-02T13:00:00+00:00,2026-02-02T14:00:00+00:00,0.007038232265990666,0.01998405131620442,0.022008077969970872,0.014368988758253159,0.007042588627170958,0.003423642463476245,0.003952008866246096,29550.5716,-0.1865109284306627,0.014607434199686879,-0.023505952818348563,-0.13220441626996635,-0.03756466366531104,0.0015399925831593559,-0.0009585070284637167,-0.0013269245325296566,0.5294836739856481,0.02774552318707116,0.05896734797129625,-25.220357160026197,-41.021834779548875,15.801477619522679,2.5457679079883277,0.021509724893521178,-0.02490081549598373,0.00422754547846744,0.02012261120678683,0.021877943330344565,-0.25881904510252035,-0.9659258262890684,0.0,1.0,1
2026-02-02T14:00:00+00:00,2026-02-02T15:00:00+00:00,0.000433861842924924,0.007475147729337446,0.020426583476462496,0.04014272587529081,0.000433861842924924,0.0166341769216896,0.023074875265141986,115148.8907,2.896672194997406,0.01359504252043407,-0.022197194124972744,-0.13068761798359418,-0.035312166243833265,0.0014331079667555988,-0.0009051878161346731,-0.0013117205261565074,0.5312287516265775,0.0017450776409293667,0.06245750325315498,-19.762809611082957,-36.770029745855695,17.007220134772737,1.2057425152500585,0.02283199163346757,0.06193350572862929,-0.002979579605291338,0.011505135833568693,0.020327434289083002,-0.5000000000000001,-0.8660254037844386,0.0,1.0,1
2026-02-02T15:00:00+00:00,2026-02-02T16:00:00+00:00,0.018793957766194053,0.019235973590271273,0.02640959310625273,0.03229218910022712,0.018798332281348175,0.010077084852341775,0.003763628930631993,79805.834,-0.3069335404374851,0.029443963175589324,-0.0036711395178308345,-0.11334094920161424,-0.032167950736500465,0.003109000470627406,-0.0001498199799094082,-0.001137808933237257,0.6003972546167803,0.06916850299020276,0.2007945092335605,-11.770112134149258,-31.770046223514406,19.999934089365148,2.9927139545924106,0.023116617157265724,0.03149432874244075,0.002124442492228764,0.043320918656752506,0.026266051875109643,-0.7071067811865475,-0.7071067811865477,0.0,1.0,0
2026-02-02T16:00:00+00:00,2026-02-02T17:00:00+00:00,-0.0059004260950558645,0.012782639312305161,0.013222047054679565,0.015860364351700657,-0.0059004260950558645,0.006189824098765812,0.0037350924869949866,40086.108,-0.497704541249453,0.02109715357851225,-0.009178835803056047,-0.11753145516981696,-0.029650449299034667,0.0022256957287496324,-0.0003745060519794229,-0.001179827018928921,0.5713575908483447,-0.02903966376843556,0.14271518169668937,-6.490704001119866,-26.7141777790355,20.223473777915633,0.22353968855048478,0.022725720325268817,-0.022710427813096245,-0.015818110505628702,0.016685344827586223,0.013327393514063111,-0.8660254037844384,-0.5000000000000004,0.0,1.0,0
2026-02-02T17:00:00+00:00,2026-02-02T18:00:00+00:00,-0.0009199944037207087,-0.006814992139789554,0.011850884951952351,0.015212981744422061,-0.0009199944037207087,0.00970914985529637,0.00458299031631128,34835.4371,-0.13098480151777261,0.01820301831134391,-0.009698522046823012,-0.11730390649254409,-0.027402727998627138,0.0019197857058632743,-0.0003957014011452261,-0.0011775454854977506,0.5667816014308509,-0.0045759894174938155,0.13356320286170173,-2.453552854146892,-21.862052794057778,19.408499939910886,-0.8149738380047467,0.022208528158395448,-0.023657067005976466,-0.012888983835362806,0.002825652155410814,0.01197353726741748,-0.9659258262890683,-0.25881904510252063,0.0,1.0,0
2026-02-02T18:00:00+00:00,2026-02-02T19:00:00+00:00,-0.0048036528130225515,-0.005719227883037862,-0.011585908096649078,0.011529835154058221,-0.00479942966989616,0.0013857974944781301,0.005321462378796027,29357.1037,-0.15726323123989172,0.012028871951189594,-0.013896578553273456,-0.12048038653997997,-0.025617303244006108,0.0012678023350670366,-0.0005668857461619956,-0.001209393751892224,0.5423781866862669,-0.024403414744583997,0.08475637337253375,-0.16560192299493792,-17.52276261984521,17.357160696850272,-2.051339243060614,0.021545304440004052,-0.0345236692501033,-0.015271310343090264,-0.000221678446886689,-0.011624073311799125,-1.0,-1.8369701987210297e-16,0.0,1.0,0
2026-02-02T19:00:00+00:00,2026-02-02T20:00:00+00:00,-0.005833141453680183,-0.010608773880350005,-0.011519008271470453,0.010074886126766101,-0.005833141453680183,0.00255196136459176,0.0016555581289620282,19470.9225,-0.3367560131621567,0.005538945951989995,-0.018892681124260183,-0.12451651865056981,-0.024297047045870147,0.0005833870843705057,-0.0007705356587659695,-0.0012498581975778401,0.5135986947821503,-0.028779491904116626,0.027197389564300494,0.5375573754627112,-13.910698620783625,14.448255996246337,-2.9089047006039355,0.020843373460834046,-0.038222403736838474,-0.011967217282967155,-0.0005144165230586427,-0.011556788670423443,-0.9659258262890684,0.2588190451025203,0.0,1.0,0
2026-02-02T20:00:00+00:00,2026-02-02T21:00:00+00:00,-0.00406169312986258,-0.009871142152974834,-0.014627377426226502,0.011821349054938167,-0.004053149876475355,0.003987821211246956,0.0037638830870732735,25644.5405,0.31706859292362743,0.001316024864589989,-0.02200021346877008,-0.126959902734529,-0.0232855939127841,0.0001385481260387383,-0.0008971622737645399,-0.001274352874548041,0.49405508225739503,-0.019543612524755217,-0.011889835485209943,0.32689805231166247,-11.063179286164567,11.39007733847623,-3.0581786577701067,0.020277876035032453,-0.03108229753684821,-0.012376816648732294,-0.002410125103106816,-0.014698487396565315,-0.8660254037844386,0.5000000000000001,0.0,1.0,1
2026-02-02T21:00:00+00:00,2026-02-02T22:00:00+00:00,0.008600085268747195,0.004503461231632312,-0.0013559495484431468,0.011097163156905853,0.008600085268747195,0.0013492510802547584,0.0012211576232686579,14736.4581,-0.42535690588801933,0.008973474575323857,-0.01306337860496005,-0.11840384121327385,-0.021840864735873457,0.0009454693389894228,-0.0005329149769328257,-0.0011885739647264789,0.5342990528276198,0.04024397057022476,0.06859810565523958,1.7511746731784115,-8.500308494295972,10.251483167474383,-1.1385941710018468,0.019461556678935617,-0.03200277524501558,0.0005382821110910737,0.012410680707032735,-0.0012947493147955676,-0.7071067811865477,0.7071067811865474,0.0,1.0,1
2026-02-02T22:00:00+00:00,2026-02-02T23:00:00+00:00,0.003949548257075029,0.012583599977606101,0.008470796126165539,0.008076417626069001,0.003949548257075029,0.0015736042768011679,0.00256880265726472,10355.6396,-0.2972775730960752,0.01170987295845982,-0.008809162632301559,-0.113908687597214,-0.02028154131851976,0.0012341394288827,-0.0003594284232190002,-0.001143501837222753,0.5520717912760768,0.01777273844845695,0.10414358255215347,3.584996245957882,-6.0832475462452,9.668243792203082,-0.583239375271301,0.018577239201105614,-0.041669111495060716,0.0025967934504520494,0.013832296342288938,0.008487940395959643,-0.5000000000000004,0.8660254037844384,0.0,1.0,0
2026-02-02T23:00:00+00:00,2026-02-03T00:00:00+00:00,-0.0018160243951192672,0.0021263513859712123,0.010744723457949079,0.006625422876669215,-0.0018202696380726405,0.0018108068955526584,0.0029910269192422656,10633.0928,0.02679247354262888,0.008923946429192026,-0.010197385319014554,-0.1145000296072591,-0.018952203301231235,0.0009402460141318419,-0.0004160466420854674,-0.0011494313536003597,0.5417927817447964,-0.010279009531280324,0.08358556348959283,4.640269600745796,-3.938544116847001,8.578813717592798,-1.0894300746102843,0.01775492198298813,-0.04600040836644725,-0.003384303118059865,0.00471746575342465,0.010733609130702957,-0.2588190451025207,0.9659258262890683,0.0,1.0,1
2026-02-03T00:00:00+00:00,2026-02-03T01:00:00+00:00,0.0029654625865991923,0.0011440528390798475,0.005098119588051466,0.01297377207962683,0.0029697359619259393,0.0007604142770966464,0.009252415058751646,20152.9167,0.8953014968514148,0.010768806704643915,-0.006979359659738829,-0.11088437106254903,-0.017559076068291178,0.0011348450138143923,-0.0002847906940023957,-0.001113175249498756,0.5562944065088682,0.014501624764071791,0.11258881301773642,5.969383829132312,-1.956958527651138,7.92634235678345,-0.652471360809348,0.017364665099189647,-0.019079927213568947,-0.0006665110059222532,0.005974358974358982,0.005098986448554953,0.0,1.0,0.7818314824680298,0.6234898018587336,1
2026-02-03T01:00:00+00:00,2026-02-03T02:00:00+00:00,0.0002973687117137011,0.0032637131341019055,0.0014417617563124382,0.009347342314030026,0.0002973687117137011,0.0022083680160362652,0.006841693988142817,18244.219,-0.09471074229171009,0.010004604154449964,-0.006423629904060298,-0.10963995991160613,-0.016265504128333712,0.0010542264497650565,-0.00026212025063587714,-0.0011006962775462798,0.557810189228768,0.001515782719899761,0.11562037845753594,6.998525930242977,-0.16586163607231486,7.164387566315291,-0.7619547904681587,0.016787205739587183,-0.03296737176262201,-0.0004626937264674164,0.012665413744016642,0.0014468069031936261,0.25881904510252074,0.9659258262890683,0.7818314824680298,0.6234898018587336,0
2026-02-03T02:00:00+00:00,2026-02-03T03:00:00+00:00,-0.023765437341804422,-0.02347513572757637,-0.02057928777769264,0.025118326720957658,-0.02376958325724416,7.830444769255774e-05,0.0006916892879514212,25890.3164,0.41909699724608646,-0.012682305313883941,-0.028892541038395066,-0.12966702590123247,-0.01641845964248075,-0.0013331997124300778,-0.001177898308700967,-0.001301490106029618,0.4310384587869311,-0.1267717304418369,-0.13792308242613785,3.261032978916319,0.5195172869254119,2.741515691990907,-4.422871874324384,0.017761762724521988,0.03290845030405682,-0.025916572029086354,-0.01674601239589887,-0.02050260604349153,0.49999999999999994,0.8660254037844387,0.7818314824680298,0.6234898018587336,1
2026-02-03T03:00:00+00:00,2026-02-03T04:00:00+00:00,0.019710969583072495,-0.004522907571304652,-0.00422688383078863,0.02588277453786857,0.019710969583072495,0.00047780958434827657,0.006075007572428587,28192.8775,0.08893522444553821,0.006129137904205857,-0.009372260399100914,-0.1115172434993344,-0.015406966878622164,0.0006455889271336616,-0.00038239495893760455,-0.0011195215832998436,0.5251410609839546,0.09410260219702352,0.050282121967909175,3.910107926123146,1.1976354147649588,2.7124725113581873,-0.0290431806327196,0.018023024745888534,0.03471014242728024,-0.004603226505072336,0.020416780939694353,-0.003757099047018226,0.7071067811865475,0.7071067811865476,0.7818314824680298,0.6234898018587336,1
2026-02-03T04:00:00+00:00,2026-02-03T05:00:00+00:00,0.0006569881784789289,0.02038090763555386,-0.0038688908896324227,0.009242955870001677,0.0006740643091482396,0.004016081378939711,0.004553264238543226,58243.0576,1.0658784333028795,0.0061395013294220785,-0.008382279715428625,-0.10995107046869285,-0.014433168587122295,0.0006466812241745059,-0.00034201685038854127,-0.0011038161276769186,0.5279984769280326,0.002857415944078028,0.055996953856065235,4.496931797284105,1.8574946912687882,2.6394371060153174,-0.0730354053428699,0.017384889053357305,-0.03477296595744682,0.0001790930217683614,0.02674131531026761,-0.003397479580252997,0.8660254037844386,0.5000000000000001,0.7818314824680298,0.6234898018587336,0
2026-02-03T05:00:00+00:00,2026-02-03T06:00:00+00:00,-0.01255558350422297,-0.01190684419568022,0.007569429943620838,0.013293784432585515,-0.01255558350422297,9.498644284398041e-05,0.00048356734538792937,36438.2864,-0.37437545517871307,-0.005878405508168798,-0.02003201883047367,-0.12006562610045686,-0.014237305980200366,-0.0006183968758491667,-0.0008169654434011663,-0.0012052353644405537,0.4697809790271814,-0.05821749790085121,-0.0604380419456372,2.5561592542071594,1.9972276038564625,0.5589316503506969,-2.0805054556646203,0.017297930677767834,-0.017494732795301417,-0.016505377942156823,-0.007367216529308174,0.007812374257328454,0.9659258262890683,0.25881904510252074,0.7818314824680298,0.6234898018587336,1
2026-02-03T06:00:00+00:00,2026-02-03T07:00:00+00:00,0.0018824585945461062,-0.01069676027575393,-0.010046799742324194,0.012949906915810404,0.0018781329200001334,0.0034518720264771784,0.007623422740122757,22606.6425,-0.37959095409053034,-0.003626776556343805,-0.01748651526182042,-0.11736926979339316,-0.013910187848660476,-0.00038162026367569016,-0.0007132262620369171,-0.0011782008564742957,0.4789409414157491,0.009159962388567706,-0.042118117168501785,1.354287213286625,1.868639525742495,-0.51435231245587,-1.073283962806567,0.016957177628830828,-0.01785368839333455,-0.010789542115875652,0.0023671706263499,-0.010016136731197934,1.0,6.123233995736766e-17,0.7818314824680298,0.6234898018587336,1
2026-02-03T07:00:00+00:00,2026-02-03T08:00:00+00:00,0.0011376956491759777,0.0030222959086748527,-0.009571234284203955,0.008957780915320752,0.0011376956491759777,0.004515479183167566,0.003305898963462859,25649.6096,0.1346049993934304,-0.0022562945354977367,-0.01573690527658006,-0.11534079160338759,-0.013511095752597495,-0.00023744829286442986,-0.0006419103507833388,-0.0011578617378289603,0.48474540883958966,0.005804467423840549,-0.030509182320820685,0.6078143924714823,1.6164744990882924,-1.0086601066168102,-0.4943077941609402,0.016367898407374,-0.03365286058467431,-0.002306215616128861,0.01073771775639122,-0.009535429260500886,0.9659258262890683,-0.25881904510252085,0.7818314824680298,0.6234898018587336,0
2026-02-03T08:00:00+00:00,2026-02-03T09:00:00+00:00,-0.0031638486173765925,-0.0020297524650072555,-0.00015111479543370338,0.01009167577091004,-0.003168139535884831,0.0040763979151643105,0.002837069311719283,20330.0489,-0.20739343728646842,-0.004900006405059,-0.018125110241505912,-0.11710185534624563,-0.013290226029114253,-0.0005155242455740762,-0.0007392535179590755,-0.0011755195961863332,0.4690782998140912,-0.015667109025498435,-0.06184340037181755,-0.5702804317284063,1.1791235129249527,-1.749403944653359,-0.7407438380365488,0.015967835996721958,-0.027528410506859727,-0.007644807829928799,0.0012841577308888791,-0.0001436943736545088,0.8660254037844387,-0.4999999999999998,0.7818314824680298,0.6234898018587336,0
2026-02-03T09:00:00+00:00,2026-02-03T10:00:00+00:00,-0.01023849518734591,-0.013369950755880001,-0.012247466041508684,0.024759386752528294,-0.01023849518734591,0.0013655837979809032,0.013049396612654056,48287.7233,1.3751897271629285,-0.01367099381520446,-0.0271029600646624,-0.12504321193559684,-0.01361813975380682,-0.0014369840857531677,-0.0011050208460733975,-0.001255138345783156,0.42172665094546397,-0.047351648868627264,-0.15654669810907207,-3.3781862862242633,0.2676615530951094,-3.645847839319373,-1.896443894666014,0.016749183278662445,0.03819308074526345,-0.017367110097446257,-0.007422483977134884,-0.012264648155546525,0.7071067811865476,-0.7071067811865475,0.7818314824680298,0.6234898018587336,0
2026-02-03T10:00:00+00:00,2026-02-03T11:00:00+00:00,-0.004480685496889254,-0.014673305207339251,-0.01779072970832326,0.010184986348437076,-0.004480685496889254,0.0034534291060965773,0.002230704841374599,16482.4883,-0.6586608940413639,-0.01639577461450907,-0.030265735960276124,-0.12784445061167457,-0.014101160800047582,-0.0017228975131787696,-0.0012338119890770562,-0.001283220080858454,0.40276129217797807,-0.018965358767485868,-0.1944774156440438,-6.3588739353454,-1.0576455445929926,-5.301228390752407,-1.6553805514330344,0.01635031298529362,-0.028188294066439627,-0.01600327741601627,0.00868200605618543,-0.017883029301611755,0.49999999999999994,-0.8660254037844387,0.7818314824680298,0.6234898018587336,0
2026-02-03T11:00:00+00:00,2026-02-03T12:00:00+00:00,-0.0022394698898672216,-0.006710121026500227,-0.016879914672009805,0.00795017305901572,-0.0022394698898672216,0.0029428817400775774,0.002762794947028113,40694.3986,1.4689475192893053,-0.01685709718562749,-0.031205065287745255,-0.12867228077023826,-0.014593980245440279,-0.0017712882534100533,-0.0012720559468928343,-0.0012915185741673016,0.39328427351465023,-0.009477018663327855,-0.21343145297069951,-9.029340054339173,-2.6519844465422286,-6.377355607796944,-1.0761272170445366,0.01578437990743635,-0.036774936475590714,-0.010113307303668885,-8.78464444150824e-06,-0.016958650574102386,0.258819045102521,-0.9659258262890682,0.7818314824680298,0.6234898018587336,1
2026-02-03T12:00:00+00:00,2026-02-03T13:00:00+00:00,0.010822777026196185,0.00855906985305405,0.0040400338560073554,0.014687222985069517,0.010822777026196185,0.0020379608224845107,0.0019423635131141255,27004.257,-0.3364134148919453,-0.0056280205058161035,-0.01992365312292921,-0.11819584465081487,-0.014376544102122623,-0.0005920724536743771,-0.0008125495578528731,-0.0011864885089380329,0.4593457286279808,0.06606145511333054,-0.08130854274403845,-9.053103081421341,-3.932208173518051,-5.12089490790329,1.2564606998936538,0.015549081353918885,-0.004245609485757736,0.0056063168290009496,0.013623210109276508,0.00410262163943971,1.2246467991473532e-16,-1.0,0.7818314824680298,0.6234898018587336,1
2026-02-03T13:00:00+00:00,2026-02-03T14:00:00+00:00,0.00473206681382853,0.015606057944023843,0.013331638757291457,0.009173042240972937,0.004736432727446581,0.0023527274771755397,0.0021062100760743576,22529.4225,-0.16570848440673633,-0.0008347938903830788,-0.014695229619769417,-0.11301675445029831,-0.013872016003593434,-8.786532010000983e-05,-0.0005994457398765865,-0.0011345580942387682,0.4859843114983441,0.026638582870363338,-0.028031377003311774,-8.099833623079576,-4.765733263430356,-3.33410035964922,1.7867945482540701,0.015025648149797566,-0.02909051813799895,0.0026886266755130365,0.01760400667191853,0.013315373950157493,-0.25881904510252035,-0.9659258262890684,0.7818314824680298,0.6234898018587336,0
2026-02-03T14:00:00+00:00,2026-02-03T15:00:00+00:00,-0.023791091639600304,-0.019171605860984278,-0.008556318850255644,0.027441077441077467,-0.02379531359472714,0.002099946836789047,0.0009657983342193144,50376.2654,1.2360211585538863,-0.02231488732923744,-0.0366960296255087,-0.13296197632070925,-0.014709380464008494,-0.0023434309401939345,-0.001495557086463626,-0.0013345179515219306,0.383258100384954,-0.10272621111339014,-0.23348379923009205,-11.648926399329412,-6.142371890610167,-5.506554508719245,-2.172454149070025,0.01625249679785843,0.05591665657245032,-0.026082454210083605,-0.01708731776140471,-0.00823624779957559,-0.5000000000000001,-0.8660254037844386,0.7818314824680298,0.6234898018587336,1
2026-02-03T15:00:00+00:00,2026-02-03T16:00:00+00:00,0.0203792309055467,-0.003896704884072043,0.0008169224618912859,0.026697638068773788,0.020383751478608252,0.004441646405001745,0.00227943730461966,65777.0774,0.305715635681084,-0.0021632504180280018,-0.016406413380409577,-0.1142763165258314,-0.01427404128816515,-0.0002276587300194137,-0.0006692013953340468,-0.0011471881416145414,0.4818832210504098,0.09862512066545584,-0.03623355789918037,-10.627287675315984,-7.0393550475513305,-3.587932627764653,1.9186218809545919,0.01669716559065767,0.0482968368246553,-0.005938816380084342,0.02136566416262376,0.0013202060797749245,-0.7071067811865475,-0.7071067811865477,0.7818314824680298,0.6234898018587336,0
2026-02-03T16:00:00+00:00,2026-02-03T17:00:00+00:00,-0.02717957624175057,-0.00735424419634942,-0.030970370338334375,0.030442738552173543,-0.027183800000868407,8.479871463003418e-05,0.0024145318218333728,107134.5482,0.6287520278302912,-0.026569175393026178,-0.041518542516966586,-0.13716211444629917,-0.01535740059390072,-0.0027889552790582085,-0.0016917674611308259,-0.001376616028954617,0.39039084558743503,-0.09149237546297478,-0.21921830882512994,-14.699481977866071,-8.571380433614278,-6.128101544251793,-2.54016891648714,0.018112171907054095,0.055262382955657725,-0.03148139342880482,-0.0050356581436450994,-0.030591436975804177,-0.8660254037844384,-0.5000000000000004,0.7818314824680298,0.6234898018587336,0
2026-02-03T17:00:00+00:00,2026-02-03T18:00:00+00:00,-0.020302597518521728,-0.04693035776311206,-0.02750753145489974,0.023269904469479855,-0.020302597518521728,0.0018131209825475799,0.0007334484376637741,111725.7898,0.04285491167078066,-0.04210554001471365,-0.05872733840264808,-0.1533769236896915,-0.01735243190381302,-0.0044126047273470555,-0.0023913021873416345,-0.0015391041269694618,0.339889076362021,-0.05050176922541404,-0.320221847275958,-21.35126404421908,-11.127357155735238,-10.22390688848384,-4.095805344232048,0.01882911565363435,0.01847728652047953,-0.04701311105322565,-0.017931361539734843,-0.0271029428547256,-0.9659258262890683,-0.25881904510252063,0.7818314824680298,0.6234898018587336,0
2026-02-03T18:00:00+00:00,2026-02-03T19:00:00+00:00,-0.03392085134685735,-0.05353476747299823,-0.07925929142063205,0.04573126164147785,-0.03392085134685735,0.00559734043807318,0.005022045127673162,171392.473,0.5340457499276501,-0.06797649600438121,-0.08741172798874319,-0.18061045422666322,-0.020852727319689297,-0.007104584342652652,-0.0035551415071981072,-0.0018118915344082535,0.27677507399536866,-0.06311400236665236,-0.44644985200926274,-32.25928402162663,-15.353742528913514,-16.905541492713112,-6.681634604229272,0.02136459982996591,0.09616908168837347,-0.05521300198700863,-0.033211762024162254,-0.08140302510712966,-1.0,-1.8369701987210297e-16,0.7818314824680298,0.6234898018587336,1
2026-02-03T19:00:00+00:00,2026-02-03T20:00:00+00:00,0.03990757550750954,0.004633025224248476,-0.015763634740694327,0.048211564971341575,0.03990757550750954,0.005949357904665117,0.003886127838641879,109307.3092,-0.3622397338300848,-0.027931992549172797,-0.04909100271154527,-0.14665469540717782,-0.021767006012120834,-0.0029315902518001462,-0.0019997075535759337,-0.0014717473040661482,0.4107124466043517,0.13393737260898306,-0.1785751067912966,-33.686715240146896,-19.020337071160192,-14.666378168986704,2.239163323726409,0.022520914162582003,0.09619040054169627,-0.0007702833736598511,0.0451563981042655,-0.014315873357869536,-0.9659258262890684,0.2588190451025203,0.7818314824680298,0.6234898018587336,1
2026-02-03T20:00:00+00:00,2026-02-03T21:00:00+00:00,0.04270659508089668,0.08431848725626574,0.04753748103739672,0.06765501465561487,0.04271132333002311,0.01929148582710729,0.007401737799309395,150442.909,0.37632981820761907,0.012272350627216383,-0.008151043131698002,-0.10923438353701814,-0.02017578939725045,0.0012934973558213368,-0.0003325849884535976,-0.0010966290847736013,0.5177466681954662,0.10703422159111448,0.03549333639093234,-26.908244368729356,-20.597918530674026,-6.310325838055331,8.356052330931373,0.0248882650895044,0.15231370989660592,0.03653984853948789,0.0887182303700618,0.04869331924154888,-0.8660254037844386,0.5000000000000001,0.7818314824680298,0.6234898018587336,0
2026-02-03T21:00:00+00:00,2026-02-03T22:00:00+00:00,-0.0067581084254563955,0.035659870855401524,0.07699054535166104,0.025316123156677865,-0.0067581084254563955,0.016690602122666244,0.0018214298224105286,58783.3246,-0.6092649032730417,0.004911496691413467,-0.014279871736920127,-0.1142384751336224,-0.019097570772669593,0.0005172670786273182,-0.0005825123891722301,-0.0011468086980571052,0.5015586341357086,-0.016188034059757613,0.0031172682714171174,-22.53048805216349,-20.984432434971918,-1.5460556171915734,4.764270220863757,0.025076072546800894,0.0007369191896117805,-0.02555657004377473,0.043719867474008946,0.07585606216294982,-0.7071067811865477,0.7071067811865474,0.7818314824680298,0.6234898018587336,0
2026-02-03T22:00:00+00:00,2026-02-03T23:00:00+00:00,-0.020815089845528722,-0.02743252763692342,0.014102517594137663,0.02555916257523312,-0.020819377126269075,0.001001618687343044,0.0032955043418381002,41969.2271,-0.28603515732419127,-0.014503570707202245,-0.03347879383138347,-0.13152916384557914,-0.019254481863316374,-0.0015243644189546518,-0.0013646166576180305,-0.0013201560284121939,0.4547190733348741,-0.04683956080083448,-0.09056185333025184,-22.636228965940518,-21.31479174116564,-1.3214372247748791,0.22461839241669423,0.02560555984429439,-0.00013936517387361572,-0.0432926359739559,-0.01902831877039693,0.015133396809911562,-0.5000000000000004,0.8660254037844384,0.7818314824680298,0.6234898018587336,0
2026-02-03T23:00:00+00:00,2026-02-04T00:00:00+00:00,-0.0011894221912198773,-0.021979754106974093,-0.028589320971010686,0.016018122235553135,-0.0011894221912198773,0.005479648299697269,0.009347635334777706,43444.1987,0.035144121107724774,-0.014204019793427643,-0.03331566118239845,-0.13141645780170422,-0.019387014932811943,-0.0014929278123400427,-0.0013579762981287588,-0.0013190262918459938,0.4521745621018964,-0.0025445112329776976,-0.09565087579620724,-22.673305420142697,-21.58649447696105,-1.0868109431816464,0.23462628159323273,0.024949056954944475,-0.026798002289921963,-0.022942300878762416,0.0021130457019033475,-0.028762620462204992,-0.2588190451025207,0.9659258262890683,0.7818314824680298,0.6234898018587336,1
2026-02-04T00:00:00+00:00,2026-02-04T01:00:00+00:00,0.0032680908976954063,0.0020747815666388864,-0.018783495043609273,0.014609418925310699,0.0032680908976954063,0.00696111592042905,0.004390857734424365,25337.5357,-0.41677976673097206,-0.009946814682195304,-0.02900814826030318,-0.127461538206001,-0.01925283798969773,-0.001045937992717145,-0.0011826058389711389,-0.001279381570483108,0.4610871867680906,0.008912624666194162,-0.07782562646381891,-21.86163249485753,-21.641522080540348,-0.22011041431718326,0.8667005288644631,0.024135046207217542,-0.029465451308610578,-0.003379850752906187,0.012734766182823808,-0.018736421139053192,0.0,1.0,0.9749279121818236,-0.22252093395631434,1
2026-02-04T01:00:00+00:00,2026-02-04T02:00:00+00:00,0.01232474498219556,0.015633114266783696,0.01442509770253703,0.01797993511531136,0.012320227752417269,0.005809648071091179,0.0,24417.1184,-0.036326235940932525,0.0020401060147064005,-0.016383598574732598,-0.11568079002357555,-0.018386194802834172,0.00021479412815786117,-0.0006682714238360745,-0.0011612708873355818,0.4945908301859785,0.033503643417887974,-0.010818339628042963,-18.773266157442322,-21.06787089592074,2.2946047384784194,2.5147151527956026,0.023422861785880614,-0.017547247245215045,0.005326550327480915,0.020126985268989227,0.014403413688671087,0.25881904510252074,0.9659258262890683,0.9749279121818236,-0.22252093395631434,0
2026-02-04T02:00:00+00:00,2026-02-04T03:00:00+00:00,-0.0074141335778262355,0.004819234098758682,0.008103074691546105,0.015125542894192228,-0.0074185088047957716,0.0035349184215434787,0.004116670071320079,19657.235,-0.19494042343669837,-0.004878404351788452,-0.022768921610846617,-0.12116833568185381,-0.01797822229694902,-0.0005132526839643613,-0.0009284808613427484,-0.0012162910524554866,0.4752154136668541,-0.0193754165191244,-0.049569172666291766,-17.481431948271165,-20.350583106390825,2.86915115811966,0.5745464196412406,0.022992656578265023,-0.02564485246452778,-0.013147399882549893,0.00481475036032537,0.00817870230206473,0.49999999999999994,0.8660254037844387,0.9749279121818236,-0.22252093395631434,1
2026-02-04T03:00:00+00:00,2026-02-04T04:00:00+00:00,0.014010888969810963,0.006492876789618458,0.01889764482244688,0.020408431397451972,0.014010888969810963,0.005417431252928737,0.0011737037799394278,24748.6839,0.2590114479477912,0.008193809681644224,-0.008724188390591732,-0.1078888455036414,-0.016780501833846932,0.0008632508415523391,-0.00035596256759552454,-0.0010831355503476364,0.5136983979197807,0.03848298425292654,0.02739679583956132,-13.753283414609996,-19.03112316803466,5.277839753424665,2.408688595305005,0.022513065311638176,-0.00713981038322316,0.0029693272014090087,0.018202492698044505,0.01892150037418029,0.7071067811865475,0.7071067811865476,0.9749279121818236,-0.22252093395631434,0
2026-02-04T04:00:00+00:00,2026-02-04T05:00:00+00:00,-0.004199932555827435,0.009752111625263135,0.002265674589181328,0.008743150172839987,-0.004199932555827435,0.0029554310443403735,0.0015700727423058358,13646.1597,-0.44861069157701755,0.003581021525165536,-0.01238834953818734,-0.11064775748218554,-0.01591238845776881,0.00037709177883608544,-0.0005053913703363187,-0.0011108025093017392,0.5016564160113988,-0.012041981908381842,0.003312832022797636,-11.440650991774419,-17.51302873278261,6.072377741008193,0.7945379875835279,0.02161766979680967,-0.04380515297841037,-0.009565543136417706,0.01095529846963743,0.0023968228361572917,0.8660254037844386,0.5000000000000001,0.9749279121818236,-0.22252093395631434,0
2026-02-04T05:00:00+00:00,2026-02-04T06:00:00+00:00,-0.0036854928796981714,-0.007869946613995892,0.006030677407608036,0.010832524057561563,-0.0036854928796981714,0.0029840204820339735,0.004149377593361036,16200.6492,0.18719475340743666,-0.00010646378802199058,-0.015409314581311276,-0.11291987664967673,-0.015304480166221488,-1.1206588939598066e-05,-0.0006285562840733809,-0.001133586655119641,0.49082887206047865,-0.010827543950920173,-0.018342255879042712,-10.16687173181208,-16.043797332588504,5.876925600776424,-0.19545214023176882,0.020921556836309845,-0.035767925799586216,-0.010781235671960513,-0.002118746723871336,0.006125463534285357,0.9659258262890683,0.25881904510252074,0.9749279121818236,-0.22252093395631434,1
2026-02-04T06:00:00+00:00,2026-02-04T07:00:00+00:00,0.005358877019510847,0.0016536340367140898,-0.0025532436705395655,0.011472904976421977,0.005363314925906838,0.0029681147202684556,0.0031700870237184858,16454.6598,0.015679038343722758,0.004749291730068494,-0.009739511298205645,-0.10720522635100944,-0.014420316737248955,0.000500175495727878,-0.0003973731052390642,-0.0010762798344495978,0.5074157059724558,0.016586833911977125,0.014831411944911537,-8.084601693587047,-14.451958204788212,6.367356511201166,0.49043091042474174,0.020143100298087673,-0.032048864536187764,-0.0013154779131258386,0.009547872340425517,-0.00252654841601476,1.0,6.123233995736766e-17,0.9749279121818236,-0.22252093395631434,1
2026-02-04T07:00:00+00:00,2026-02-04T08:00:00+00:00,0.0027705331190670396,0.008144257084841448,0.004428748603646663,0.013245178098386497,0.0027705331190670396,0.004439871270004542,0.006042428355627638,31850.2964,0.935639921282359,0.006810669816445737,-0.0067234549634972,-0.10379777064351267,-0.013442571861510344,0.0007174269446824093,-0.00027435144383339754,-0.0010421065558416306,0.516236908902396,0.008821202929940312,0.032473817804792166,-5.857699507586403,-12.73310646534785,6.875406957761447,0.5080504465602811,0.019598713841220052,-0.02433029493111011,-0.00019699689182693726,0.01137204019183668,0.004443917258879714,0.9659258262890683,-0.25881904510252085,0.9749279121818236,-0.22252093395631434,0
2026-02-04T08:00:00+00:00,2026-02-04T09:00:00+00:00,-0.0018039713641438322,0.0009615637925129985,0.006325593714134337,0.008514166151254889,-0.0017996006725515478,0.0009036157790615316,0.005807705298434568,17098.8024,-0.4631509174903628,0.004516605533386461,-0.008184097117754146,-0.10447517742505064,-0.01264359651316733,0.0004756583046650857,-0.0003339332316634037,-0.0010489004358384263,0.5098172154650389,-0.006419693437357168,0.019634430930077825,-4.374882131003687,-11.061461598479017,6.68657946747533,-0.18882749028611734,0.018839849890792695,-0.04045421074864569,-0.006216243314050961,0.0070635320310637436,0.006325438774434054,0.8660254037844387,-0.4999999999999998,0.9749279121818236,-0.22252093395631434,0
2026-02-04T09:00:00+00:00,2026-02-04T10:00:00+00:00,-0.008369412167230299,-0.01015828535148973,-0.007415896098421926,0.012584876031229875,-0.008369412167230299,7.962311724496773e-05,0.004065202486010684,18247.5106,0.06718062312948893,-0.003521378665887095,-0.015848787880419584,-0.11097970845464053,-0.0123709720917326,-0.00037053409210938474,-0.0006464711059995424,-0.0011141312813050784,0.48004487911464183,-0.029772336350397097,-0.039910241770716365,-4.68532570056459,-9.786234418896132,5.100908718331542,-1.5856707491437874,0.018540717520876694,-0.024114166479979864,-0.01104597751432696,-0.00257667141703678,-0.007402850412307092,0.7071067811865476,-0.7071067811865475,0.9749279121818236,-0.22252093395631434,1
2026-02-04T10:00:00+00:00,2026-02-04T11:00:00+00:00,3.9811558622383284e-05,-0.008329933807951046,-0.01011887821004012,0.006130735953714327,3.9811558622383284e-05,0.001636632253156167,0.00445429372683288,11981.4312,-0.34339365721480936,-0.0031511610246951474,-0.015199045861625704,-0.10996178103507534,-0.012085969673511374,-0.00033159117131794296,-0.000619984599480293,-0.001103923534041595,0.48019907908391857,0.00015419996927676038,-0.039601841832162844,-4.8679772071936895,-8.802582976555644,3.934605769361955,-1.1663029489695873,0.01765360488242184,-0.04780881969271634,-0.008408226640525316,0.004121769873770684,-0.010133571972751748,0.49999999999999994,-0.8660254037844387,0.9749279121818236,-0.22252093395631434,0
2026-02-04T11:00:00+00:00,2026-02-04T12:00:00+00:00,-0.0026009182833937805,-0.0025612102713821086,-0.010909186614204265,0.02033385664741951,-0.0026009182833937805,0.0029181412593244733,0.014808014688273474,85075.0719,6.1005767574745144,-0.005199691302887012,-0.017075838221934314,-0.11128384084052179,-0.011938221988090714,-0.0005470365138824648,-0.0006964875556371781,-0.0011171810717582544,0.4703840738290656,-0.00981500525485295,-0.05923185234186874,-5.424664544784264,-8.126999290201368,2.7023347454171045,-1.2322710239448504,0.01788779851788463,0.010630629522858981,-0.004230626556676232,0.0019017319979739446,-0.010930518892001695,0.258819045102521,-0.9659258262890682,0.9749279121818236,-0.22252093395631434,0
2026-02-04T12:00:00+00:00,2026-02-04T13:00:00+00:00,-0.0048517424585118605,-0.00744004175623898,-0.007400526397275128,0.016431067061214458,-0.0048517424585118605,0.0037612749117615844,0.007794395522122106,53056.3496,-0.3763584512468687,-0.009079999698421375,-0.0210060718924272,-0.1145772445521196,-0.01203535319740869,-0.0009548767807937622,-0.0008566562004363983,-0.001150205599636588,0.45187796723590223,-0.01850610659316338,-0.0962440655281955,-6.671702606488452,-7.8359399534587855,1.1642373469703333,-1.5380973984467712,0.017864727089789482,-0.006135270526257469,-0.01032055466365581,0.010105920854209274,-0.0074128491832832575,1.2246467991473532e-16,-1.0,0.9749279121818236,-0.22252093395631434,0
2026-02-04T13:00:00+00:00,2026-02-04T14:00:00+00:00,-0.020183428999251293,-0.024937246658329127,-0.02747330520095176,0.022113770848210177,-0.020179062440115577,0.0009915265415282658,0.0005276012789784134,57203.3888,0.07816291982515132,-0.026383694499167953,-0.03922959255293115,-0.1313032636868123,-0.013194004641443649,-0.0027695393493757576,-0.0015986480914151064,-0.001317891660408271,0.38444578215413344,-0.0674321850817688,-0.23110843569173312,-11.185573422849757,-8.50586664733698,-2.679706775512777,-3.8439441224831103,0.018509943508560386,0.015204390574819836,-0.028573322140237736,-0.012486357082863477,-0.027636089741156934,-0.25881904510252035,-0.9659258262890684,0.9749279121818236,-0.22252093395631434,0
2026-02-04T14:00:00+00:00,2026-02-04T15:00:00+00:00,-0.012171215711602323,-0.03210898784270392,-0.03680494576159949,0.026456463784664846,-0.012171215711602323,0.012730964560493994,0.0014043197797288637,87588.5577,0.5311777770061064,-0.034718897756856486,-0.04902424394644967,-0.14066322898008496,-0.014819875947379555,-0.0036413131975001033,-0.0019969935855408583,-0.0014117050651984249,0.35110669888357793,-0.033339083270555535,-0.2977866022328442,-16.729311829709786,-10.150555683811541,-6.578756145898245,-3.899049370385468,0.01928932612550934,0.02942245974397856,-0.03304408995187203,-0.011649760861354153,-0.037206387169365474,-0.5000000000000001,-0.8660254037844386,0.9749279121818236,-0.22252093395631434,0
2026-02-04T15:00:00+00:00,2026-02-04T16:00:00+00:00,-0.009227071601891441,-0.021285982634640745,-0.04103978751470647,0.02818995924399247,-0.009227071601891441,0.011799259235162781,0.007077696658193268,124679.7803,0.42347109684168244,-0.03963547334809502,-0.05565849624730536,-0.14733169415804911,-0.016684313564840843,-0.004154820533638797,-0.002266626091734099,-0.0014785312527008214,0.3281560356087016,-0.02295066327487632,-0.34368792878259685,-22.48068167178326,-12.616580881405884,-9.864100790377375,-3.28534464447913,0.020091895652893783,0.031995942396414914,-0.033441435937977375,-0.007833752916332492,-0.04158171631274506,-0.7071067811865475,-0.7071067811865477,0.9749279121818236,-0.22252093395631434,0
2026-02-04T16:00:00+00:00,2026-02-04T17:00:00+00:00,-0.007798013783616617,-0.01695313255397409,-0.02891800803227461,0.025826093065736102,-0.007802624730463214,0.004355869885951021,0.01360623872977222,129090.864,0.03537930279782505,-0.042828586561635774,-0.060701035122700746,-0.15268259820859595,-0.01867215036945506,-0.004488038968021144,-0.0024714699729415967,-0.0015321473966155316,0.30989006711147,-0.018265968497231597,-0.38021986577706,-28.069126058914208,-15.707089916907549,-12.362036142006659,-2.497935351629284,0.02064811027162172,0.019669640787093986,-0.028312534702311074,-0.000725451652157506,-0.029196301097110383,-0.8660254037844384,-0.5000000000000004,0.9749279121818236,-0.22252093395631434,0
2026-02-04T17:00:00+00:00,2026-02-04T18:00:00+00:00,-0.004205990492025956,-0.011971205903811994,-0.021087818331667976,0.028733766997323766,-0.004201326438848827,0.009195369860823106,0.015319345082711369,137960.4338,0.0687079590698223,-0.04258212817455476,-0.06227424388102222,-0.15493258876814253,-0.02056794246896792,-0.004462327659599752,-0.0025353614760055877,-0.0015546906183508313,0.30025786119950143,-0.009632205911968584,-0.3994842776009972,-32.844014099442575,-19.134474753414555,-13.70953934602802,-1.3475032040213613,0.021306640281987005,0.027552859629199712,-0.016227546572642082,0.009529914529914607,-0.021231075877534013,-0.9659258262890683,-0.25881904510252063,0.9749279121818236,-0.22252093395631434,1
2026-02-04T18:00:00+00:00,2026-02-04T19:00:00+00:00,0.010300695649719733,0.006051380529729804,-0.001793822002667556,0.050722309901907514,0.010300695649719733,0.017532833326350142,0.02299380345163123,139137.5754,0.008532457948823895,-0.029696401869782247,-0.05065620295759881,-0.14498375531742305,-0.02160128142182123,-0.0031161960064075124,-0.0020633339711504084,-0.0014550030503636012,0.353069336539578,0.05281147534007658,-0.29386132692084405,-34.46372394202808,-22.20032459113726,-12.263399350890822,1.446139995137198,0.023206040825131696,0.10036490402136351,-0.0030725103151877367,0.026018629090040508,-0.0017033086259228402,-1.0,-1.8369701987210297e-16,0.9749279121818236,-0.22252093395631434,1
2026-02-04T19:00:00+00:00,2026-02-04T20:00:00+00:00,0.01876190077142613,0.029255857050802567,0.024926816702184863,0.02805869476801313,0.01876190077142613,0.002942964076645046,0.006699356112362668,69042.1496,-0.5037850170846084,-0.01040860967981762,-0.031597379344820535,-0.1278230177490853,-0.02141163501649634,-0.0010944440041432899,-0.0012880277976281712,-0.0012830052276292367,0.43723972303067393,0.08417038649109593,-0.12552055393865216,-32.12516357434379,-24.185292387778567,-7.93987118656522,4.323528164325602,0.02315581433360129,0.016556921629737247,0.0012078897160085983,0.053734807481171945,0.02485660592911991,-0.9659258262890684,0.2588190451025203,0.9749279121818236,-0.22252093395631434,0
2026-02-04T20:00:00+00:00,2026-02-04T21:00:00+00:00,-0.007425957491534408,0.011196618202302725,0.021612646808430492,0.014230992348136691,-0.007421421586100479,0.0020441800720065193,0.004709901382123562,32577.3889,-0.5281521637327468,-0.016093320918245467,-0.037324345713449086,-0.13314136980996497,-0.021578291159704076,-0.0016911688836497908,-0.0015211253349214282,-0.001336316088998803,0.41385751943152044,-0.02338220359915347,-0.17228496113695912,-31.223155724171193,-25.592865055057093,-5.6302906691141,2.3095805174511206,0.022679193292526437,-0.027856319674814316,-0.01033849574659069,0.018145510966526213,0.021636638929611457,-0.8660254037844386,0.5000000000000001,0.9749279121818236,-0.22252093395631434,0
2026-02-04T21:00:00+00:00,2026-02-04T22:00:00+00:00,-0.019438126720748336,-0.026719737509539408,-0.008459149801905808,0.03396563057564097,-0.01944264121582115,0.004164710301436703,0.009972767395999735,41761.8834,0.2819285034842064,-0.03197170704567938,-0.053958003553092236,-0.1487209842048635,-0.02271245238123463,-0.0033541546312026173,-0.00219752772833147,-0.0014924525145530402,0.3599922835471112,-0.05386523588440923,-0.2800154329057776,-33.528612186581086,-27.18001448136189,-6.348597705219195,-0.7183070361050952,0.02390283455180341,0.033467457262867345,-0.028686094769006083,-0.014797922092340043,-0.008102183440856614,-0.7071067811865477,0.7071067811865474,0.9749279121818236,-0.22252093395631434,0
2026-02-04T22:00:00+00:00,2026-02-04T23:00:00+00:00,-0.004526246595924654,-0.02387639156177205,-0.031125043984517507,0.037945249415138396,-0.004526246595924654,0.01823447286997201,0.015163949890574126,55357.069,0.3255405286630345,-0.033005299699958704,-0.05608419239878206,-0.15128560712959566,-0.023866617564359333,-0.0034622135058497345,-0.002283922467416225,-0.001518150079127283,0.3488284562358767,-0.011163827311234513,-0.3023430875282466,-35.721791897169624,-28.888369964523438,-6.833421932646186,-0.4848242274269907,0.025006783226926326,0.041449553002585696,-0.0278508872483838,0.0055013848313540566,-0.0313903308082074,-0.5000000000000004,0.8660254037844384,0.9749279121818236,-0.22252093395631434,1
2026-02-04T23:00:00+00:00,2026-02-05T00:00:00+00:00,0.01325371670062654,0.008667480514602326,-0.010939125790738467,0.023358438922663125,0.01325371670062654,0.00809492333330224,0.0021831621870723535,32572.8353,-0.4115867062976185,-0.01830145089830405,-0.04193668365472477,-0.13883704007909403,-0.024075855850095897,-0.0019227643705879672,-0.0017087764586507185,-0.0013934028557884527,0.4065960551536446,0.057767598917767914,-0.18680788969271078,-34.79141370008438,-30.068978711635626,-4.72243498844875,2.1109869441974354,0.024585310897563665,-0.003823985790645781,-0.009315366665744269,0.028855225789148516,-0.010710656616046449,-0.2588190451025207,0.9659258262890683,0.9749279121818236,-0.22252093395631434,1
2026-02-05T00:00:00+00:00,2026-02-05T01:00:00+00:00,0.0007075493655330275,0.013970643725002051,0.00938116255047423,0.012717580403576246,0.0007122076108461306,0.006684404915851803,0.005321474755556407,18420.2987,-0.43448893747361317,-0.015956764775839995,-0.039705056629297956,-0.13704081049121222,-0.024133382562249128,-0.0016768429250230805,-0.0016179924142393962,-0.0013754002464993152,0.40964691803687114,0.003050862883226557,-0.18070616392625766,-33.54474800493108,-30.764132570294716,-2.7806154346363634,1.9418195538123868,0.023721474484910802,-0.03445359312155353,-0.00732805393299928,0.01621861808487022,0.009435019470234913,0.0,1.0,0.43388373911755823,-0.900968867902419,0
2026-02-05T01:00:00+00:00,2026-02-05T02:00:00+00:00,-0.0005721515689977663,0.0001349929710556281,0.013390498830277115,0.023611272718810368,-0.0005721515689977663,0.011165669870377594,0.011873123734611815,37524.4443,1.037124636855102,-0.014970026178919772,-0.038737033973858866,-0.13635264993494953,-0.02412820769579557,-0.0015733130149366004,-0.0015786074857980015,-0.0013685030243329645,0.4078197155214312,-0.0018272025154399785,-0.18436056895713762,-32.283858950267586,-31.06807784628929,-1.2157811039782942,1.5648343306580692,0.023726212975403015,-0.0003725105491929034,-0.007208372802254884,0.005494171217843531,0.013389114497161802,0.25881904510252074,0.9659258262890683,0.43388373911755823,-0.900968867902419,0
2026-02-05T02:00:00+00:00,2026-02-05T03:00:00+00:00,-0.011282027413837348,-0.01184772395314881,-0.011148557437181844,0.023701813765410844,-0.011277425600640444,0.007122312656815676,0.005173444553760884,46882.7278,0.24939166121108947,-0.023657819382549475,-0.047730442562748276,-0.14485322045474905,-0.02465592868780388,-0.00248411060447823,-0.0019443932983714263,-0.0014536949553659339,0.37255209271133727,-0.0352676228100939,-0.2548958145773254,-32.86175089945982,-31.426812456923397,-1.4349384425364242,-0.21915733855813002,0.023975866232461628,-0.0008784850354383512,-0.022753097153792735,0.0005981988092546452,-0.011146629617302088,0.49999999999999994,0.8660254037844387,0.43388373911755823,-0.900968867902419,0
2026-02-05T03:00:00+00:00,2026-02-05T04:00:00+00:00,-0.006736304964906226,-0.017942333201461533,-0.018504219036366603,0.018360189573459612,-0.0067316292425741095,0.005867298578198888,0.005715639810426515,70425.8791,0.5021711066052774,-0.027434254249722848,-0.05213257400515833,-0.14933891157873755,-0.02539501299871731,-0.0028795007677418325,-0.002123341988644844,-0.0014986442781245808,0.35313685481753554,-0.019415237893801774,-0.293726290364929,-34.08156082091318,-31.957762129721353,-2.12379869119183,-0.6888602486554056,0.023725735990238563,-0.01709861205411281,-0.02480507655973419,-0.0015709878295762892,-0.01859048394774134,0.7071067811865475,0.7071067811865476,0.43388373911755823,-0.900968867902419,0
2026-02-05T04:00:00+00:00,2026-02-05T05:00:00+00:00,-0.002829383886255829,-0.009546629258441445,-0.020720951339275314,0.02230956782935607,-0.002829383886255829,0.007252748297315256,0.012219407517953657,67759.9965,-0.037853735502749467,-0.027389899513224,-0.05277831992487963,-0.15046303565941485,-0.02610338963059208,-0.002874858676102227,-0.002149586463787252,-0.0015099080433331165,0.3450576839579661,-0.008079170859569445,-0.30988463208406786,-35.12509781554536,-32.59122926688615,-2.533868548659207,-0.4100698574673771,0.023687092260778597,-0.004453543892520033,-0.015280715876967837,0.002902847555220905,-0.020847716264999403,0.8660254037844386,0.5000000000000001,0.43388373911755823,-0.900968867902419,0
2026-02-05T05:00:00+00:00,2026-02-05T06:00:00+00:00,-0.001240476609173884,-0.004066350710900439,-0.010775263497323778,0.022294448515765702,-0.001240476609173884,0.0097648256892958,0.01128760552388397,54676.8449,-0.19308075967802033,-0.025943589464960764,-0.051947420767753466,-0.15023573586022218,-0.026696432590088973,-0.0027234666278785464,-0.0021158167161848336,-0.0015076305113661962,0.34138051708032846,-0.003677166877637603,-0.3172389658393431,-35.750602893214364,-33.22310399215179,-2.5274989010625717,0.006369647596635275,0.02361493607325381,-0.004282921780094433,-0.011217451041284427,0.011114746526040218,-0.010806165460335939,0.9659258262890683,0.25881904510252074,0.43388373911755823,-0.900968867902419,0
2026-02-05T06:00:00+00:00,2026-02-05T07:00:00+00:00,-0.006590781471576319,-0.007823082370498537,-0.010630331753554425,0.018931101711559362,-0.006590781471576319,0.003017862874059182,0.00927873077309999,60204.5995,0.10109863892311022,-0.029371685711485948,-0.056041536198619284,-0.1545253446236326,-0.027476893157276954,-0.003082226895979486,-0.00228218933886428,-0.0015506104122140847,0.3217839514468361,-0.019596565633492418,-0.3564320971063279,-36.9381000008666,-33.96610319389475,-2.9719968069718448,-0.44449790590927307,0.023425858996678338,-0.014544684471771823,-0.017406038925890197,0.004750445203831326,-0.010660641967006031,1.0,6.123233995736766e-17,0.43388373911755823,-0.900968867902419,1
2026-02-05T07:00:00+00:00,2026-02-05T08:00:00+00:00,0.0018346690170868171,-0.004768204357053793,-0.0060027661202549905,0.018456536291479565,0.0018346690170868171,0.015740652194702148,0.0008845749258871396,49914.712,-0.1709153052334481,-0.025028967618728568,-0.05229126277913127,-0.1516829286470777,-0.027962159135966547,-0.002627705144395682,-0.0021297915628104487,-0.0015221311290416356,0.3331833349239514,0.01139938347711535,-0.3336333301520972,-37.14200115357562,-34.601282785830925,-2.540718367744695,0.4312784392271496,0.023031071669491584,-0.0150488796852409,-0.007742963961057309,0.011217483802340332,-0.005996589063663386,0.9659258262890683,-0.25881904510252085,0.43388373911755823,-0.900968867902419,1
2026-02-05T08:00:00+00:00,2026-02-05T09:00:00+00:00,0.009735105670842558,0.011587635384681737,0.004920482340512675,0.014182482857900431,0.009686827635668286,0.004503352653710537,8.523695874523443e-05,34195.5265,-0.3149208894563991,-0.014078590622324548,-0.04144638197519012,-0.14220029848879592,-0.027758593223105303,-0.0014797639611891333,-0.0016888320814551806,-0.0014271091772645125,0.3917141655524783,0.0585308306285269,-0.2165716688950434,-35.25432255636997,-34.731890739938734,-0.5224318164312365,2.0182865513134587,0.02219284194782926,-0.027014811516047572,-0.005912480228967361,0.01248489730165143,0.004978993216353055,0.8660254037844387,-0.4999999999999998,0.43388373911755823,-0.900968867902419,1
2026-02-05T09:00:00+00:00,2026-02-05T10:00:00+00:00,0.0102710535288099,0.020106148991106305,0.021977706136800036,0.01808807330849101,0.01025191779524559,0.007640207176170139,0.0002999835946473212,34085.5656,-0.0032156516145466635,-0.003577091252418318,-0.030399443205387705,-0.13223804470741746,-0.026918642393201086,-0.00037639419537215167,-0.001239255939381355,-0.0013272616103242375,0.4473663283170363,0.055652162764558,-0.10526734336592738,-31.643357016606387,-34.11418399527226,2.470826978665876,2.9932587950971126,0.021690133916316738,-0.01261341407599027,0.005741843329703355,0.02014517147064995,0.021840828216739275,0.7071067811865476,-0.7071067811865475,0.43388373911755823,-0.900968867902419,0
2026-02-05T10:00:00+00:00,2026-02-05T11:00:00+00:00,-0.016747521619911422,-0.006648482782134531,0.0030218992062731706,0.025723166104151193,-0.01675213034226104,0.003356024636271745,0.005329595942261044,42052.9122,0.23374547142618038,-0.01837018745722517,-0.04489101698320591,-0.14552302262734096,-0.027017139442089926,-0.0019299719484994183,-0.0018289352742345629,-0.0014604070329812954,0.38489574003036287,-0.06247058828667342,-0.23020851993927421,-31.303901314322957,-33.5521274590824,2.2482261447594425,-0.2226008339064336,0.022321262086215963,0.011862644625400565,-0.02420281428073041,-0.006366168362416897,0.0032586375797410364,0.49999999999999994,-0.8660254037844387,0.43388373911755823,-0.900968867902419,0
2026-02-05T11:00:00+00:00,2026-02-05T12:00:00+00:00,-0.008456800716968796,-0.0250626918840375,-0.015049058605144617,0.020836738814796366,-0.008456800716968796,0.003644265810248359,0.008663544841777317,61549.2051,0.46361338323675005,-0.02419293324824023,-0.0509969296450717,-0.15145947403194648,-0.02746854097506784,-0.002540155729498517,-0.002077183659434025,-0.001519892180519687,0.3581541301443029,-0.026741609886059975,-0.28369173971139416,-32.096363071060296,-33.26097458147798,1.1646115104176857,-1.0836146343417568,0.022392002833319154,-0.005314392978936638,-0.028273767811259044,-0.0031439608155127367,-0.014933268808070319,0.258819045102521,-0.9659258262890682,0.43388373911755823,-0.900968867902419,0
2026-02-05T12:00:00+00:00,2026-02-05T13:00:00+00:00,-0.0076875739189801034,-0.016079362355319118,-0.03255759450655044,0.024006899258232822,-0.0076875739189801034,0.0061676655410152275,0.010092103159414388,91567.2333,0.48770781281787845,-0.0287628175908663,-0.05613480501653549,-0.1566569845869312,-0.028182598361579967,-0.0030185259242435543,-0.0022859788587358543,-0.001571967085060413,0.33552592738675185,-0.022628202757551036,-0.32894814522649624,-33.627022703021794,-33.33418420578674,-0.29283849723505284,-1.4574500076527386,0.022668435363827663,0.0045626672514276915,-0.019621906616634398,0.0009845001842905513,-0.03289189625586032,1.2246467991473532e-16,-1.0,0.43388373911755823,-0.900968867902419,0
2026-02-05T13:00:00+00:00,2026-02-05T14:00:00+00:00,-0.0025920668220291328,-0.010259714035711952,-0.018629750395667645,0.015728830684335345,-0.0025872343724261597,0.008151012318812517,0.004983872848093773,43161.8274,-0.5286323956235555,-0.028385813871206478,-0.05641365775124051,-0.15751140988397805,-0.028846680380105905,-0.0029790789778772414,-0.0022973084969771644,-0.0015805272242464564,0.3280576528768846,-0.007468274509867285,-0.3438846942462308,-34.86982415025068,-33.64131219467953,-1.2285119555711503,-0.9356734583360975,0.02222745220095467,-0.02199526329271686,-0.016280325510940438,0.0075764991483779,-0.01873644145797803,-0.25881904510252035,-0.9659258262890684,0.43388373911755823,-0.900968867902419,0
2026-02-05T14:00:00+00:00,2026-02-05T15:00:00+00:00,-0.00584852135390353,-0.008425428417773282,-0.016048231232992677,0.03131535229160566,-0.00584852135390353,0.023390012703997043,0.0020424118049447064,97110.5209,1.2499168072758662,-0.03092405451072688,-0.059648396204415643,-0.16108277570604618,-0.029640960367854595,-0.0032446019225272895,-0.002428715396985627,-0.0016163056954596334,0.31126637372141003,-0.016791279155474542,-0.3774672525571799,-36.40660791488608,-34.19437133872084,-2.212236576165239,-0.9837246205940886,0.022998010239514085,0.02861568113276629,-0.016417078375209206,-0.0008689793885901054,-0.016128162094912767,-0.5000000000000001,-0.8660254037844386,0.43388373911755823,-0.900968867902419,0
2026-02-05T15:00:00+00:00,2026-02-05T16:00:00+00:00,-0.04176683279585655,-0.0473710799362686,-0.04984035775367124,0.06467222811454676,-0.041762150699456185,0.0038600391612955537,0.017229950232520174,255705.748,1.6331415549023174,-0.06504163404826668,-0.09541468435868874,-0.19454988777811846,-0.03248599233560957,-0.006799932142139331,-0.003879368800370952,-0.001951459613360099,0.22371667232135736,-0.08754970140005269,-0.5525666553572853,-44.01466803914582,-36.158430678805836,-7.856237360339982,-5.644000784174743,0.026905560555428375,0.1210448311799576,-0.06901937327617733,-0.03980572066470176,-0.05020742097178921,-0.7071067811865475,-0.7071067811865477,0.43388373911755823,-0.900968867902419,1
2026-02-05T16:00:00+00:00,2026-02-05T17:00:00+00:00,0.019152321122623897,-0.02341444346721384,-0.029126024948509605,0.036719234694898566,0.019152321122623897,0.009831488782596445,0.008095342926331297,116393.9324,-0.5448129996671016,-0.0428382655624425,-0.07525789733926594,-0.17765796793218197,-0.033870589065988624,-0.0044890486845023244,-0.003062344153361496,-0.0017823248614983712,0.31490125012024706,0.09118457779888971,-0.3701974997595059,-46.47756793092594,-38.22225812922986,-8.255309801696086,-0.399072441356104,0.027137032867192417,0.027920231507689127,-0.027008606924484847,0.03702012628869998,-0.028463033027136184,-0.8660254037844384,-0.5000000000000004,0.43388373911755823,-0.900968867902419,0
2026-02-05T17:00:00+00:00,2026-02-05T18:00:00+00:00,-0.021809394200172187,-0.0030747735987598787,-0.044713182839831916,0.029768450557263373,-0.021809394200172187,0.0015804899007206411,0.005892311862880984,79113.8792,-0.32029206704592794,-0.05799736650317244,-0.0920281550513776,-0.19402416211229861,-0.036126001497340576,-0.00606794125162977,-0.003742194603517308,-0.0019461965122081026,0.2745895506290503,-0.04031169949119672,-0.45082089874189935,-51.354796416725776,-40.84876578672904,-10.506030629996737,-2.2507208283006506,0.02788681204529868,0.005217398007996839,-0.03133283457115537,0.005218669984678121,-0.04442390587340484,-0.9659258262890683,-0.25881904510252063,0.43388373911755823,-0.900968867902419,0
2026-02-05T18:00:00+00:00,2026-02-05T19:00:00+00:00,-0.002450015088819422,-0.024205975944123177,-0.005517255445867635,0.028185407373224648,-0.002450015088819422,0.006993795826283187,0.018735579141670494,102822.6992,0.2996796546919925,-0.05487710549628122,-0.09089247079091095,-0.194427758311877,-0.03810654202122708,-0.005743360682756928,-0.0036961843047734317,-0.0019502369659338045,0.2704918127410903,-0.004097737887960022,-0.45901637451781935,-54.97285524273184,-43.6735836779296,-11.29927156480224,-0.7932409348055032,0.02797173898892328,0.0005879395972041545,-0.02571224466347284,0.0034627000828372626,-0.005107088166367714,-1.0,-1.8369701987210297e-16,0.43388373911755823,-0.900968867902419,0
2026-02-05T19:00:00+00:00,2026-02-05T20:00:00+00:00,-0.011044454699277015,-0.013467410707435427,-0.03498308883863353,0.018493747278043846,-0.011069807983182463,0.0017938986706485184,0.005506128289678286,79191.6388,-0.22982338125587742,-0.05946485368272958,-0.09736027569778245,-0.20170981724623688,-0.04029134069410907,-0.0062205211895121895,-0.003958159518197444,-0.0020231329795243427,0.25226103442545705,-0.018230778315633245,-0.49547793114908584,-58.899336029571714,-46.71873414825802,-12.180601881313692,-0.8813303165114519,0.0275848092316626,-0.02472455979522198,-0.02030242846911462,0.007837973413594181,-0.035303863988268624,-0.9659258262890684,0.2588190451025203,0.43388373911755823,-0.900968867902419,0
2026-02-05T20:00:00+00:00,2026-02-05T21:00:00+00:00,-0.03067774113938493,-0.04138337691637186,-0.04373200210731987,0.06311544242320509,-0.030687792283204954,0.007638038286469212,0.02381805636529933,221025.504,1.7910207106359315,-0.08058489767747425,-0.12073935607853868,-0.22445400298783427,-0.04367391649281226,-0.008411271184185137,-0.004903969549100086,-0.0022507418589737677,0.2103253883021351,-0.04193564612332196,-0.5793492233957298,-66.02453509584689,-50.5798943377758,-15.444640758071088,-3.2640388767573967,0.030933374868959054,0.08698989180409654,-0.043105522031313195,-0.025310978343603793,-0.044172210927481366,-0.8660254037844386,0.5000000000000001,0.43388373911755823,-0.900968867902419,0
2026-02-05T21:00:00+00:00,2026-02-05T22:00:00+00:00,-0.01022149241277494,-0.04058566125386257,-0.0511818694559811,0.03907634775841941,-0.010226786478391042,0.02310211404608534,0.005641779430201923,133385.2568,-0.3965164454505666,-0.0821166334634766,-0.12527671302044938,-0.23060219956366762,-0.047021311345721385,-0.008569780206671864,-0.005087322042322815,-0.002312251149373649,0.19882911831969138,-0.01149626998244372,-0.6023417633606172,-72.3789841067935,-54.93971229157934,-17.439271815214155,-1.9946310571430672,0.031811648413089075,0.017880720211773612,-0.04764649573353367,0.01392830920627271,-0.05194368825143688,-0.7071067811865477,0.7071067811865474,0.43388373911755823,-0.900968867902419,1
2026-02-05T22:00:00+00:00,2026-02-05T23:00:00+00:00,0.010975530673122619,0.0006418519568461777,-0.030055579750720686,0.03848106949470545,0.011008311626549588,0.010359259991768241,0.017233361307255227,80415.387,-0.39711937489031396,-0.06563150721284061,-0.1116463040896212,-0.22043440203120104,-0.049246948320701076,-0.006861178706638666,-0.0045363200295572515,-0.002210523884628267,0.24599964496805257,0.047170526648361175,-0.5080007100638949,-74.91253835631824,-58.93427750452712,-15.97826085179112,1.4610109634230355,0.0319673449268907,0.015923572460224373,-0.02173242345804897,0.016711593226234212,-0.02992370287903725,-0.5000000000000004,0.8660254037844384,0.43388373911755823,-0.900968867902419,0
2026-02-05T23:00:00+00:00,2026-02-06T00:00:00+00:00,-0.02349809438793239,-0.012780467770524453,-0.022871324728951262,0.04773295818439595,-0.02349287462983357,0.020187975892666594,0.0034869144912224406,74700.3559,-0.07106887516440115,-0.07991233158308236,-0.12798917092875653,-0.23693994530299736,-0.05225245484312827,-0.008341655833282245,-0.005196898944548655,-0.002375648836157837,0.2163130292093578,-0.029686615758694756,-0.5673739415812844,-79.55059324291096,-63.05754065220388,-16.49305259070708,-0.5147917389159602,0.03380776144645221,0.03272084536392595,-0.03351021336705172,0.004757504757504682,-0.022744056127584712,-0.2588190451025207,0.9659258262890683,0.43388373911755823,-0.900968867902419,1
2026-02-06T00:00:00+00:00,2026-02-06T01:00:00+00:00,0.023965010427899683,-9.621603707528032e-05,0.010878258613981173,0.0774346336221875,0.023965010427899683,0.011782252848001556,0.04224825057066945,251543.0577,2.3673609003514806,-0.0526418078179421,-0.10332569184563821,-0.21694955649139344,-0.0535002330121361,-0.005510706763322803,-0.0041996636202676395,-0.0021756537625380137,0.30612060235144894,0.08980757314209115,-0.3877587952971021,-78.78541580941055,-66.20311568364522,-12.582300125765329,3.9107524649417513,0.03618924258327841,0.09609499634744904,-0.019421699883627155,0.02754798237808019,0.01144244671308991,0.0,1.0,-0.433883739117558,-0.9009688679024191,1
2026-02-06T01:00:00+00:00,2026-02-06T02:00:00+00:00,0.03290905105821105,0.05766272723789304,0.032809668642659044,0.03612001014403504,0.03289800762310022,0.004135246898564831,0.00013456372886455037,113407.9511,-0.54915094005395,-0.019460632192705718,-0.07112810779148647,-0.18963856730153666,-0.05269291299779304,-0.0020442998762865263,-0.0028947839708235905,-0.001902289646416123,0.4087252844928722,0.10260468214142328,-0.18254943101425553,-72.37730909302786,-67.43795436552175,-4.939354727506114,7.642945398259215,0.035113646015072005,0.0022095019302918162,0.020880775632050288,0.10548689781439531,0.03337596709817834,0.25881904510252074,0.9659258262890683,-0.433883739117558,-0.9009688679024191,0
2026-02-06T02:00:00+00:00,2026-02-06T03:00:00+00:00,-0.01277320318605509,0.019715493876329173,0.04415298632056627,0.02955716674792522,-0.01277320318605509,0.008214984089038393,0.008403713780937239,48456.3513,-0.5727252734045735,-0.02902746937991668,-0.07999852318120998,-0.1983943272870095,-0.05249484634621138,-0.003046215311393726,-0.003254618713901329,-0.0019899450600550806,0.38419693583120273,-0.024528348661669527,-0.23160612833759459,-68.5006749523518,-67.65049848288776,-0.8501764694640457,4.089178258042068,0.035138620253850485,-0.012071047740802787,-0.016838817417120275,0.01984634056363186,0.04410085830005564,0.49999999999999994,0.8660254037844387,-0.433883739117558,-0.9009688679024191,0
2026-02-06T03:00:00+00:00,2026-02-06T04:00:00+00:00,-0.008214984089038513,-0.020883255614154102,0.011338547318789078,0.02042477614149343,-0.008220183486238566,0.0054867799262086825,0.006649681259316387,54548.0956,0.12571611639277508,-0.033598209904456985,-0.08441257690958956,-0.2033546696556086,-0.05258099428821301,-0.0035241898352241586,-0.00343358120294787,-0.0020395970660101615,0.36905315709884595,-0.015143778732356736,-0.26189368580230804,-65.9328199993738,-67.30696278618497,1.3741427868111629,2.2243192562752085,0.0343578960141264,-0.03025086930373976,-0.028760062428125507,0.00019032916371474943,0.011920863783117446,0.7071067811865475,0.7071067811865476,-0.433883739117558,-0.9009688679024191,1
2026-02-06T04:00:00+00:00,2026-02-06T05:00:00+00:00,0.009097059973993318,0.0008073436820114201,-0.01197617186893498,0.016683865628093802,0.009102394003626172,0.004593956092884858,0.0030696217450746715,34232.0514,-0.372442776902371,-0.022497394230755304,-0.07331851735047562,-0.1945358219147813,-0.05199078019820385,-0.0023625518915222164,-0.002983663655306021,-0.0019513187990793217,0.39715795398743337,0.028104796888587417,-0.2056840920251332,-61.79671916727557,-66.20491406240309,4.408194895127522,3.0340521083163594,0.03280785129047511,-0.03642800863968465,-0.004614470144117534,0.015852152998020456,-0.011891127301100285,0.8660254037844386,0.5000000000000001,-0.433883739117558,-0.9009688679024191,1
2026-02-06T05:00:00+00:00,2026-02-06T06:00:00+00:00,0.026013210897681063,0.035346914611326725,0.02684155618115956,0.03530420842501881,0.026018585452221597,0.008709903047444947,0.0012355196585473315,53356.4351,0.5586689350437236,0.0026507438307137583,-0.047374079764987885,-0.17215325950620758,-0.04989257117047306,0.00027910354344317837,-0.0019299041767584172,-0.001727195148056903,0.4704571655805111,0.07329921159307773,-0.05908566883897777,-53.89046672996483,-63.74202459591544,9.85155786595061,5.443362970823088,0.03221377701195785,0.007434485560975615,0.021321305662738606,0.038569421246586605,0.02689528678263587,0.9659258262890683,0.25881904510252074,-0.433883739117558,-0.9009688679024191,0
2026-02-06T06:00:00+00:00,2026-02-06T07:00:00+00:00,-0.02571616743844106,-0.0003719166278162399,0.008721759998308508,0.03164039574075621,-0.02571616743844106,0.004496101282803685,0.0007493502138005346,77948.1055,0.4608941799411933,-0.02097660711905089,-0.06924863678229752,-0.19188684947068207,-0.049306308729965755,-0.0022031991028489692,-0.002818508526900039,-0.0019247990537126086,0.4152993634315891,-0.05515780214892203,-0.16940127313682182,-51.10009269241391,-61.213638215215134,10.113545522801225,0.2619876568506143,0.03296236770870161,-0.003075549643989267,-0.03412881184360373,0.0009021294450855069,0.009394103433233322,1.0,6.123233995736766e-17,-0.433883739117558,-0.9009688679024191,0
2026-02-06T07:00:00+00:00,2026-02-06T08:00:00+00:00,-0.00466378804393386,-0.030260020728139717,-0.005033970131427951,0.014667635383432904,-0.00466378804393386,0.003595834517905547,0.006386159985679896,102231.864,0.311537507476689,-0.023166294414524898,-0.07090823386396695,-0.1940867474126402,-0.0488741729287765,-0.002432625210809533,-0.0028858613279195227,-0.001946823063883223,0.40623643651040836,-0.00906292692118072,-0.18752712697918328,-49.04153647846488,-58.779217867865086,9.737681389400208,-0.37586413340101643,0.03179901880184112,-0.039792432453542546,-0.03448941934762382,-0.003917373314664205,-0.004366744584693855,0.9659258262890683,-0.25881904510252085,-0.433883739117558,-0.9009688679024191,0
2026-02-06T08:00:00+00:00,2026-02-06T09:00:00+00:00,-0.013140853523707256,-0.017743355412090163,-0.04300323175183414,0.021808947643587956,-0.013135657914826206,0.004054501029629818,0.0044439465232653285,115044.0677,0.12532495445842598,-0.03268596693844184,-0.08011893881453884,-0.20305408460132077,-0.0490357528733158,-0.0034288307672994266,-0.003259501673444823,-0.0020365884121163755,0.3811172768105579,-0.02511915969985047,-0.2377654463788842,-48.860940738436966,-56.79556244197946,7.934621703542497,-1.8030596858577113,0.03147862774207389,-0.023083954276307057,-0.02124637756833671,-0.006798107339094642,-0.04352080900608218,0.8660254037844387,-0.4999999999999998,-0.433883739117558,-0.9009688679024191,1
2026-02-06T09:00:00+00:00,2026-02-06T10:00:00+00:00,0.02376150998154133,0.010308409935664533,0.005596545652720751,0.030265763418447188,0.02376150998154133,0.005304846274101127,0.0017509119332986595,99856.6883,-0.13201358143562933,-0.008785325138924315,-0.056104608922295345,-0.18261999434469403,-0.04773868364086024,-0.0009239166558633366,-0.0022847519920528823,-0.0018320143908241236,0.4468470022946467,0.06572972548408877,-0.10630599541070666,-44.609580079002626,-54.358365969384096,9.74878589038147,1.8141641868389726,0.03071356254173684,-0.0011202704807155895,0.00628732937949985,0.028331359551585306,0.005956868413900215,0.7071067811865476,-0.7071067811865475,-0.433883739117558,-0.9009688679024191,1
2026-02-06T10:00:00+00:00,2026-02-06T11:00:00+00:00,0.004137571651902061,0.027997396583549404,0.014488633372292585,0.013124435633699007,0.004095712528920174,0.004172418445826006,0.004873011095311672,102748.7425,0.028962048003348402,-0.004239889750005166,-0.05025502103070776,-0.17777161214212997,-0.04621106108493347,-0.0004461050856446934,-0.0020470264356789243,-0.0017834629453180445,0.4579001935499859,0.011053191255339243,-0.08419961290002817,-40.136980359172185,-51.51408884734171,11.377108488169526,1.6283225977880562,0.029339680111943173,-0.04077961973263779,-0.0011611150851657227,0.029843407621185477,0.014758228109736135,0.49999999999999994,-0.8660254037844387,-0.433883739117558,-0.9009688679024191,1
2026-02-06T11:00:00+00:00,2026-02-06T12:00:00+00:00,0.002978816154109629,0.007128712871287162,0.031059611834875125,0.010032700705755671,0.0029840212150934386,0.003451166256183044,0.0036063911252768315,54954.1328,-0.46516004514605125,-0.0011525381664376012,-0.04565096939245174,-0.17388117987590612,-0.04454977654378712,-0.00012130509028322938,-0.001859839425296888,-0.0017445009446568746,0.4662043122580132,0.008304118708027275,-0.06759137548397362,-35.71751356603818,-48.354773791081,12.637260225042823,1.260151736873297,0.02787969634814281,-0.04693082094601098,-0.0011886427766695028,0.012038603124067262,0.03087789778755302,0.258819045102521,-0.9659258262890682,-0.433883739117558,-0.9009688679024191,0
2026-02-06T12:00:00+00:00,2026-02-06T13:00:00+00:00,-0.0060899890307759075,-0.0031293138343695044,0.0009953100573215643,0.009261235560229246,-0.0060848463524554065,0.0,0.0031391371797741554,41598.4067,-0.24303406167115424,-0.006550926445749708,-0.049544778860987786,-0.1774479097280375,-0.04327735921220351,-0.0006890960240401906,-0.0020181546870738846,-0.0017802212380953687,0.4509500234609838,-0.015254288797029432,-0.09809995307803249,-32.78684854502376,-45.24118874186955,12.454340196845791,-0.18292002819703157,0.026708803565411048,-0.047832267856069956,-0.009508340423337628,0.0004948019750411703,0.0010263987752357822,1.2246467991473532e-16,-1.0,-0.433883739117558,-0.9009688679024191,1
2026-02-06T13:00:00+00:00,2026-02-06T14:00:00+00:00,0.01530524595113767,0.009122048140406007,0.012128037198874843,0.022099050920110205,0.01530524595113767,0.006193887125636517,0.0008306371807559404,75652.1242,0.8186303323006842,0.007823412135272347,-0.03367157711733857,-0.16348634443133478,-0.04117287686807713,0.0008241958061836648,-0.0013724638406240211,-0.0016403835589929672,0.49536680104730396,0.04441677758632018,-0.009266397905392125,-27.771805026622133,-41.74731199882007,13.975506972197934,1.5211667753521425,0.026005671704162736,-0.011423524043086955,0.00912726952868305,0.018502464906417024,0.012194073074471394,-0.25881904510252035,-0.9659258262890684,-0.433883739117558,-0.9009688679024191,1
2026-02-06T14:00:00+00:00,2026-02-06T15:00:00+00:00,0.014648953243330631,0.030178405026784195,0.02390462984042886,0.03479240782664948,0.014648953243330631,0.011774336998706315,0.008580611254851237,143645.8925,0.8987687922714003,0.020391964190109933,-0.01876491003469938,-0.1499531453847558,-0.038374345936650255,0.0021511400168739503,-0.0007653285189344431,-0.0015047989552587964,0.5347548624597209,0.03938806141241699,0.06950972491944185,-21.247063751217638,-37.64726234929958,16.400198598081943,2.4246916258840088,0.026284658152861837,0.025534013677908973,0.008403018767930946,0.031047939602665647,0.023864210163692397,-0.5000000000000001,-0.8660254037844386,-0.433883739117558,-0.9009688679024191,1
2026-02-06T15:00:00+00:00,2026-02-06T16:00:00+00:00,0.0009752991591202277,0.01563853951423107,0.031183137158950634,0.018396514557176134,0.000970240892621543,0.00851671790833049,0.008910496211145992,86980.506,-0.39447968552250806,0.01931094611502955,-0.01712151958017138,-0.1478596709671842,-0.03574224904977084,0.0020368715823578876,-0.0006983495010414672,-0.001483821844798361,0.5373817609499298,0.0026268984902088734,0.0747635218998596,-15.73899507389251,-33.26560889421817,17.526613820325657,1.1264152222437147,0.025697438213658556,-0.021387276412447837,-0.01067336603102624,0.02455866303217765,0.03092949835358853,-0.7071067811865475,-0.7071067811865477,-0.433883739117558,-0.9009688679024191,1
2026-02-06T16:00:00+00:00,2026-02-06T17:00:00+00:00,0.02794816262034225,0.02895071959896505,0.0440237705800617,0.03753615857222129,0.027953352180937054,0.005122362081751443,0.005220585707480162,123293.1654,0.4174804340641569,0.043050568452953256,0.009938286039070774,-0.12296141398492037,-0.0317456156157361,0.004552268018833089,0.0004058089422210844,-0.001234267805731537,0.606086375319735,0.0687046143698052,0.21217275063947,-6.828012548080551,-27.978089624990645,21.150077076910094,3.6234632565844365,0.025894296422203054,0.03582287885032406,0.019267350126146332,0.038205421060145656,0.043572415022793104,-0.8660254037844384,-0.5000000000000004,-0.433883739117558,-0.9009688679024191,1
2026-02-06T17:00:00+00:00,2026-02-06T18:00:00+00:00,0.015146083087365075,0.043517550900894215,0.04453529269081506,0.03018853319529179,0.015146083087365075,0.011185238581332402,0.004083192630901666,130842.5306,0.06123101126901557,0.05294731051583614,0.02422132198722485,-0.10870502617444872,-0.027281506151089846,0.005604638002577586,0.0009896037346090376,-0.0010913205441821113,0.6383119238175804,0.03222554849784544,0.27662384763516085,2.6915095168499192,-21.84416979662253,24.53567931347245,3.385602236562356,0.025842278187124798,0.013106788150448712,0.009972637545197064,0.04915311876640094,0.044069544866827556,-0.9659258262890683,-0.25881904510252063,-0.433883739117558,-0.9009688679024191,0
2026-02-06T18:00:00+00:00,2026-02-06T19:00:00+00:00,-0.010836909352156166,0.004145037005750908,0.03220904579439722,0.019367996830691497,-0.010836909352156166,0.0015553088364039286,0.006857053423391249,90216.463,-0.3104958870307878,0.037432669067886185,0.012600858719999542,-0.11732433745154165,-0.023935828404360506,0.003955868186588465,0.000514585426051158,-0.0011777503384261447,0.5999223999382316,-0.03838952387934882,0.19984479987646325,8.332257464965323,-15.80888434430496,24.141141809270284,-0.39453750420216593,0.025642725321084463,-0.018475180571542658,-0.02177854965959065,0.008324579702425807,0.032257336355551156,-1.0,-1.8369701987210297e-16,-0.433883739117558,-0.9009688679024191,1
2026-02-06T19:00:00+00:00,2026-02-06T20:00:00+00:00,0.01028068922679641,-0.0006676310225882357,0.014468340069837016,0.018701316305437133,0.01028068922679641,0.0030838049408654458,0.005441439173520916,63890.1338,-0.2918129166735344,0.04331897703666862,0.02208876482826153,-0.10728827216463198,-0.020348726205198637,0.004580780184028475,0.0009023958219328294,-0.0010771126694211796,0.6228452556426122,0.02292285570438054,0.24569051128522432,14.333501498788337,-9.7804071756863,24.113908674474636,-0.027233134795647373,0.024904606897641485,-0.018799947882934518,-0.0022026963708644837,0.01725606843331258,0.01458986296200532,-0.9659258262890684,0.2588190451025203,-0.433883739117558,-0.9009688679024191,0
2026-02-06T20:00:00+00:00,2026-02-06T21:00:00+00:00,-0.005518897382396698,0.004705053775536713,-0.006182843817881964,0.024466588454067944,-0.005518897382396698,0.013781319521183093,0.0051357442934822075,62701.257,-0.018608143844582235,0.03386263321224035,0.015792757094564354,-0.11122267650654613,-0.017478024195083233,0.003577238730028232,0.0006450181105676183,-0.0011165677271902184,0.6026771084091356,-0.020168147233476576,0.20535421681827118,17.962584414190587,-4.231808857710922,22.19439327190151,-1.9195154025731256,0.025001656543455538,-0.0016435485694448956,-0.008576254826254818,0.010258831398122392,-0.006075117507756453,-0.8660254037844386,0.5000000000000001,-0.433883739117558,-0.9009688679024191,0
2026-02-06T21:00:00+00:00,2026-02-06T22:00:00+00:00,-0.0001265681058110427,-0.005644766971819885,0.004577890159981561,0.010740176341426468,-0.0001265681058110427,0.00377804933859782,0.006835542875504383,45338.5426,-0.27691174357158416,0.030421498183177582,0.015040668951851834,-0.11034960143828493,-0.014926735572234251,0.003212550397817701,0.0006142819658589078,-0.0011078126106355243,0.6021981713370534,-0.00047893707208217505,0.2043963426741068,20.580440437207017,0.7306410012726667,19.84979943593435,-2.34459383596716,0.023985918140980445,-0.04074827013680466,-0.019088417051109512,0.0050350348391136265,0.00463522373858867,-0.7071067811865477,0.7071067811865474,-0.433883739117558,-0.9009688679024191,1
2026-02-06T22:00:00+00:00,2026-02-06T23:00:00+00:00,0.010287394655228708,0.010159524493362423,0.004584557737832912,0.018982217724446953,0.010282475973475832,0.004997349525324028,0.003807045443593124,74012.4867,0.6324407988359113,0.03697056965446408,0.02445902517201313,-0.10029146464782168,-0.012065476927296022,0.003906842932973341,0.0009993252119398911,-0.0010069394694835697,0.6280665845537312,0.025868413216677766,0.25613316910746237,24.0825163476934,5.401016070556814,18.681500277136585,-1.1682991587977654,0.023401716670879362,-0.014319183992840195,0.006357935780483964,0.01724078767408678,0.004641929167020968,-0.5000000000000004,0.8660254037844384,-0.433883739117558,-0.9009688679024191,0
2026-02-06T23:00:00+00:00,2026-02-07T00:00:00+00:00,-0.005647920582140523,0.004581371685078317,0.004454223723731077,0.01875563395981342,-0.005643128731765868,0.006247031569560562,0.006833448031869994,55812.5058,-0.24590419416349643,0.028067449048888752,0.01792756107096627,-0.10443395761827443,-0.009863057124611179,0.0029632230696227664,0.0007322730179679888,-0.0010484870348513003,0.6045826171592988,-0.02348396739443231,0.20916523431859774,25.616934609781765,9.444199778401805,16.172734831379962,-2.508765445756623,0.023193280976866064,-0.014504470239667748,-0.010592336499685774,0.008455192367844944,0.004512905967277142,-0.2588190451025207,0.9659258262890683,-0.433883739117558,-0.9009688679024191,0
2026-02-07T00:00:00+00:00,2026-02-07T01:00:00+00:00,-0.009634677083232419,-0.015228181774372277,-0.005097445434938096,0.01360900415953019,-0.00962987733659009,0.0005823342304869364,0.0033031563494005383,50106.171,-0.10224115040539887,0.01640422825166352,0.007799236598190141,-0.11206351916851054,-0.008466111625957116,0.0017297477292876609,0.000318437557879372,-0.0011249994750579795,0.56592808015441,-0.038654537004888925,0.1318561603088199,24.941314335238076,12.543622689769059,12.397691645469017,-3.7750431859109455,0.02271820676453552,-0.029920596361900365,-0.02130288604296977,-0.002820502810743383,-0.0049952030101442346,0.0,1.0,-0.9749279121818236,-0.2225209339563146,1
2026-02-07T01:00:00+00:00,2026-02-07T02:00:00+00:00,0.00902373379006609,-0.0006978840543186687,-0.0063418630427448585,0.016508724793155943,0.00902867153741885,0.0022794067722629262,0.005281433989349884,26816.0129,-0.46481616206514764,0.02308395282441309,0.01622011878996596,-0.1031224493694959,-0.00670896461184661,0.0024358085171908724,0.0006624842597287968,-0.0010353334999302505,0.5919865279391692,0.026058447784759197,0.18397305587833826,25.598747859909054,15.154647723797058,10.444100136111995,-1.9535915093570217,0.022086014758752447,-0.019054923331025923,-0.001269035532994871,0.01236774272738434,-0.006258863875306852,0.25881904510252074,0.9659258262890683,-0.9749279121818236,-0.2225209339563146,0
2026-02-07T02:00:00+00:00,2026-02-07T03:00:00+00:00,-0.0012366994189938513,0.007775874724736909,-0.001933720400508019,0.008046071895075585,-0.0012366994189938513,0.0016558301244542582,0.005152011032392928,17033.065,-0.36481739237230165,0.01969979791500379,0.014368130333386148,-0.10330162406185632,-0.005228663958274178,0.0020779719518450243,0.0005867984297838359,-0.0010371305205498782,0.5867409038735127,-0.005245624065656358,0.17348180774702557,25.61868867997987,17.24745591503362,8.37123276494625,-2.0728673711657457,0.021108555880680547,-0.04543888192719945,-0.003508109782061704,0.013180163337597148,-0.0018476427121601798,0.49999999999999994,0.8660254037844387,-0.9749279121818236,-0.2225209339563146,1
2026-02-07T03:00:00+00:00,2026-02-07T04:00:00+00:00,0.010401138201117842,0.009151575700553794,0.01825789087350132,0.01365814274248974,0.010401138201117842,0.0024942210004758026,0.0008698535666398881,29817.873,0.7505876364588524,0.02734065378738635,0.02391813608602732,-0.09312694688569824,-0.003331434114615832,0.002886270136835245,0.0009772044487761935,-0.0009350740331245123,0.6174088197476366,0.030667915874123822,0.2348176394952732,27.05107891017815,19.208180514062526,7.842898396115622,-0.5283343688306275,0.02037461152272746,-0.024730503150568107,0.007485414094463426,0.015633694198498492,0.018188172572190082,0.7071067811865475,0.7071067811865476,-0.9749279121818236,-0.2225209339563146,1
2026-02-07T04:00:00+00:00,2026-02-07T05:00:00+00:00,0.003167035913898984,0.013601114893245194,0.012347594983365198,0.01947398677780976,0.003171856978085308,0.01535881958417167,0.0009533390821118312,56525.0803,0.8956778137729677,0.02760011813036958,0.02606802147498866,-0.08943710890196266,-0.0014909463597264259,0.0029137408127370653,0.0010651341802315952,-0.0008980581826580523,0.6265899980114832,0.00918117826384659,0.25317999602296637,28.390745570188983,21.04469352528782,7.346052044901164,-0.4968463512144581,0.020250552301355237,-0.002941160124240653,0.000671140939597359,0.014492753623188486,0.012331474696022976,0.8660254037844386,0.5000000000000001,-0.9749279121818236,-0.2225209339563146,0
2026-02-07T05:00:00+00:00,2026-02-07T06:00:00+00:00,-0.0017294241640318708,0.00143213460142926,0.011848168632459171,0.012573243944927185,-0.0017246417775307486,0.007966253797167618,0.002879368842349757,21183.2482,-0.6252416080159022,0.023306314063731685,0.0233186124604737,-0.09018794109260458,1.201829459370469e-05,0.0024593296814393465,0.0009526868488121021,-0.0009055906305343817,0.6178432176746749,-0.00874678033680837,0.23568643534934963,28.828823488200896,22.601519517870436,6.2273039703304605,-1.1187480745707035,0.01973474970949348,-0.027156412165789217,-0.016829758523397503,0.002395601329606851,0.011838749950984955,0.9659258262890683,0.25881904510252074,-0.9749279121818236,-0.2225209339563146,0
2026-02-07T06:00:00+00:00,2026-02-07T07:00:00+00:00,-0.017305006742522014,-0.01900450320973463,-0.015897655240026686,0.022620169651272354,-0.01730029081764878,0.004756486450850347,0.000258823184697188,24691.0955,0.16559534528798078,0.00506215051593224,0.005388888381872905,-0.10498885645217322,0.00032509220029123555,0.000533142038018398,0.00022000301851358108,-0.0010540521881237058,0.5371780204255228,-0.08066519724915203,0.07435604085104558,25.966932130652594,23.274602040426867,2.6923300902257274,-3.534973880104733,0.020263551879498985,0.009026781222243466,-0.02673967081592582,-0.014467294577411551,-0.015867394992654903,1.0,6.123233995736766e-17,-0.9749279121818236,-0.2225209339563146,0
2026-02-07T07:00:00+00:00,2026-02-07T08:00:00+00:00,-0.010074570377930737,-0.027205236612134646,-0.028887611382581287,0.03015638103694928,-0.010074570377930737,0.003931725124562084,0.016047555621330954,78423.3222,2.1761783190219326,-0.004583398740678915,-0.004554938125484026,-0.1129995090074506,2.8591662183334148e-05,-0.0004822303670129041,-0.00018588128358119582,-0.0011343851662376579,0.49718500698171825,-0.039993013443804556,-0.005629986036563537,21.783092096896098,22.976300051720713,-1.193207954824615,-3.8855380450503425,0.0211616764333525,0.033801070976291314,-0.03172647025106045,-0.009818288393903935,-0.029109001284484622,0.9659258262890683,-0.25881904510252085,-0.9749279121818236,-0.2225209339563146,0
2026-02-07T08:00:00+00:00,2026-02-07T09:00:00+00:00,-0.003985989837699141,-0.01402040308048426,-0.031082786653165616,0.008553654743390348,-0.003985989837699141,0.00272409386732177,0.0018276193400759055,30728.1943,-0.6081753050242494,-0.007743032759337556,-0.008191283414928868,-0.11550947023775184,-0.00045174855948639794,-0.0008143923045309657,-0.00033422635396483544,-0.001159553074135119,0.48204756119220366,-0.0151374457895146,-0.03590487761559274,17.612355978176538,21.903511237011877,-4.291155258835339,-3.0979473040107237,0.0203397421193958,-0.042671870642668946,-0.017843070486938676,0.012258281233549108,-0.03136556695815189,0.8660254037844387,-0.4999999999999998,-0.9749279121818236,-0.2225209339563146,0
2026-02-07T09:00:00+00:00,2026-02-07T10:00:00+00:00,-0.00226347435884733,-0.006240442010754212,-0.01625214261645821,0.01220184169376253,-0.00226347435884733,0.005371193129638331,0.0045620392663010025,21264.5431,-0.3079794115985527,-0.009046255429806934,-0.010031058946908254,-0.11647841785042284,-0.0009937936281056777,-0.0009513315201976108,-0.0004092634123058542,-0.0011692685758458803,0.47327080936177873,-0.008776751830424914,-0.05345838127644256,13.779416215895708,20.278692232788643,-6.499276016892935,-2.2081207580575963,0.019801310522217425,-0.028675454801405976,-0.008929449965561283,-0.0004366530543384368,-0.016324034574477207,0.7071067811865476,-0.7071067811865475,-0.9749279121818236,-0.2225209339563146,0
2026-02-07T10:00:00+00:00,2026-02-07T11:00:00+00:00,-0.0018714785673508807,-0.00413071688244788,-0.00810024172463117,0.00994191019953449,-0.0018714785673508807,0.0025414287703661945,0.005525493862772856,21711.2423,0.02100676219090749,-0.009872882050612578,-0.011423058105613906,-0.1170941049847032,-0.0015656333685838601,-0.001038171821333871,-0.0004660299844091197,-0.001175441886121432,0.465737343514755,-0.007533465847023706,-0.06852531297048997,10.318629607659886,18.286679707762893,-7.968050100103007,-1.4687740832100715,0.019131542909408456,-0.03563258525402217,-0.009439167619122618,0.0027028913956295307,-0.00812094276389735,0.49999999999999994,-0.8660254037844387,-0.9749279121818236,-0.2225209339563146,1
2026-02-07T11:00:00+00:00,2026-02-07T12:00:00+00:00,0.004023514432928123,0.00214450594455059,-0.0001238224485146259,0.007301475651015227,0.004028507910298512,0.0014959604115377095,0.0017931710893267277,16467.1097,-0.2415399601523493,-0.005331215559592276,-0.007155613242776887,-0.11253909512041595,-0.001834176071194394,-0.000560865838200875,-0.0002919805690918369,-0.0011297683619222918,0.4846931756381766,0.0189558321234216,-0.030613648723646775,8.134952013085694,16.256334168827454,-8.12138215574176,-0.15333205563875296,0.018215346793987078,-0.04405846453086954,-0.0003911743151973517,0.009602064443855453,-0.00011143849327008813,0.258819045102521,-0.9659258262890682,-0.9749279121818236,-0.2225209339563146,1
2026-02-07T12:00:00+00:00,2026-02-07T13:00:00+00:00,0.01117512148486452,0.015243599180376719,0.013343592543870476,0.028505925058662764,0.01117512148486452,0.016597022529429396,0.000857284221561433,65816.0049,2.9968158407300827,0.005230559018241019,0.0037844668275031075,-0.10170435251996268,-0.0014385676775984988,0.0005508884708316265,0.00015449189783531167,-0.0010211105641325165,0.534313225446837,0.04962004980866041,0.06862645089367404,8.131045612629123,14.631276457587788,-6.500230844958665,1.6211513107830946,0.018763458257076964,0.04160202916581617,0.009664703060159544,0.01707979372711192,0.013327157350441762,1.2246467991473532e-16,-1.0,-0.9749279121818236,-0.2225209339563146,1
2026-02-07T13:00:00+00:00,2026-02-07T14:00:00+00:00,7.838027168565683e-05,0.01125437766560828,0.015323174249507602,0.01080583299452848,7.838027168565683e-05,0.004379154441118902,0.006348304424709421,50018.0773,-0.24003170086065195,0.004801269178988489,0.0037110856802919333,-0.10072452183853284,-0.0010849742452926363,0.0005056523107203582,0.00015149583242063603,-0.001011283023513087,0.5346554660160854,0.00034224056924834654,0.06931093203217074,8.048087086771602,13.31463858342455,-5.266551496652948,1.2336793483057171,0.01819369092360922,-0.030289795156275553,-0.016248957936787132,0.012131758733180646,0.015277016189478299,-0.25881904510252035,-0.9659258262890684,-0.9749279121818236,-0.2225209339563146,0
2026-02-07T14:00:00+00:00,2026-02-07T15:00:00+00:00,-0.01032579145624026,-0.010248220522894312,0.0008123758526231814,0.01965442657678405,-0.010320943629131775,0.0039843398122164225,0.005241510386505781,24158.7138,-0.517000350591245,-0.005045911298521221,-0.006393790864210495,-0.10903497639459492,-0.0013547153391252462,-0.0005308665887160686,-0.00026090296755919106,-0.0010946293819676478,0.48416953686100633,-0.05048592915507903,-0.03166092627798733,6.209779556976855,11.89366677813501,-5.683887221158155,-0.4173357245052074,0.018474294647667235,0.004938085988285207,-0.014640831435357342,-0.003924333331689883,0.0009277103003099158,-0.5000000000000001,-0.8660254037844386,-0.9749279121818236,-0.2225209339563146,1
2026-02-07T15:00:00+00:00,2026-02-07T16:00:00+00:00,0.015902712815715564,0.005412713263351745,0.005491517784973541,0.023911836066532164,0.015902712815715564,0.005320237364436295,0.002937823379812317,31750.9613,0.31426538527063463,0.009740222228717366,0.009034998713431497,-0.09401101403884742,-0.0006984207420491638,0.0010263388418019041,0.00036891150319950776,-0.0009439424427397903,0.5533920820103297,0.06922254514932341,0.10678416402065949,7.261820329280454,10.9672974883641,-3.705477159083646,1.9784100620745093,0.018594154609766215,0.02249382024236473,0.0014686293930802493,0.02125563483297013,0.005655301631160961,-0.7071067811865475,-0.7071067811865477,-0.9749279121818236,-0.2225209339563146,0
2026-02-07T16:00:00+00:00,2026-02-07T17:00:00+00:00,-0.0010913307414227161,0.01479402695492504,0.004315475461550227,0.05470418963078566,-0.0010961974129741054,0.03372677169194734,0.019880017558406193,389715.086,11.274119272099014,0.007809145576075949,0.007620307178489782,-0.09414346765072698,-0.0001873751577023301,0.0008226915888903544,0.0003111297176534415,-0.0009452711211007466,0.5478720487170136,-0.005520033293316189,0.0957440974340271,7.8246235516917295,10.338762701029626,-2.514139149337897,1.191338009745749,0.02119230632923001,0.1384856670349818,-0.0063776375602143266,0.01783178943396979,0.004485590618052588,-0.8660254037844384,-0.5000000000000004,-0.9749279121818236,-0.2225209339563146,1
2026-02-07T17:00:00+00:00,2026-02-07T18:00:00+00:00,0.00529678583621893,0.004199674549582416,0.020169173583579458,0.019489025597236545,0.00529678583621893,0.005807409419938411,0.008412738457955786,35198.2182,-0.9096821768916588,0.011880295875787091,0.012442997885160541,-0.0885350396361779,0.0005560954311166112,0.0012521233127595652,0.0005081355352878712,-0.0008890083542340598,0.5702534681954168,0.02238141947840326,0.14050693639083364,9.04272153447323,10.079554467718348,-1.0368329332451172,1.4773062160927797,0.020966959439922314,-0.0053929663785626135,-0.02853372295800536,0.025687470764453504,0.020108167910511777,-0.9659258262890683,-0.25881904510252063,-0.9749279121818236,-0.2225209339563146,1
2026-02-07T18:00:00+00:00,2026-02-07T19:00:00+00:00,0.017436783170641804,0.02282592791298821,0.02170968653473255,0.02415716942444321,0.017436783170641804,0.005989223213008415,0.0010299938009631657,57697.364,0.6392126349168435,0.026637501285887464,0.028882393461011756,-0.07197123781477928,0.002186645405328087,0.002811831732344572,0.0011802645847811385,-0.0007228061965639243,0.6347011759726138,0.06444770777719697,0.26940235194522755,12.761029395234118,10.615849453221502,2.145179942012616,3.1820128752577332,0.020861167310962533,0.012303144042754462,0.01156222716375712,0.03155005509208242,0.021642238265438016,-1.0,-1.8369701987210297e-16,-0.9749279121818236,-0.2225209339563146,0
2026-02-07T19:00:00+00:00,2026-02-07T20:00:00+00:00,-0.0027704925849983053,0.014617982107163011,0.019992196263961263,0.008420639892124061,-0.0027704925849983053,0.002032238474816979,0.003610211878792603,17769.7642,-0.692017746252671,0.021478518976601017,0.024985517616117944,-0.07385539948756564,0.0034332573562393855,0.0022660199715327832,0.0010208581340821045,-0.0007417147723291432,0.6185518664096121,-0.016149309563001635,0.23710373281922428,15.065332939758946,11.50574615052899,3.5595867892299555,1.4144068472173394,0.020026374752345408,-0.04267620637436986,-0.008707564252059522,0.015682370082564335,0.019963076421862427,-0.9659258262890684,0.2588190451025203,-0.9749279121818236,-0.2225209339563146,1
2026-02-07T20:00:00+00:00,2026-02-07T21:00:00+00:00,0.006708777835690028,0.003919698631443543,0.021424828737216087,0.014439610130526519,0.006708777835690028,0.004597875857351773,0.003177664203066543,22849.0201,0.2858369893281983,0.02556418567433254,0.03057422866811993,-0.06701414964405478,0.004885157909929518,0.002698227754699401,0.0012494869701413598,-0.0006730557325274404,0.6422252617722128,0.023673395362600685,0.2844505235444257,17.818216538007846,12.768240228024762,5.049976309983084,1.4903895207531281,0.019503395626515607,-0.019580936758612055,0.001889261665120163,0.010356378434929685,0.021375068421333528,-0.8660254037844386,0.5000000000000001,-0.9749279121818236,-0.2225209339563146,0
2026-02-07T21:00:00+00:00,2026-02-07T22:00:00+00:00,-0.0023274371591967447,0.004365726417665704,0.0015831386199991245,0.007565153635939418,-0.00233217595341341,0.002389998190838014,0.0028375277325487455,23918.7621,0.04681785018868263,0.02092370629466437,0.027040827038408558,-0.06854438841825435,0.005991751103464564,0.002207357093281119,0.0011049267416866058,-0.0006884140853848484,0.627576041648072,-0.014649220124140782,0.2551520832961441,19.381094382356878,14.090811058891186,5.290283323465692,0.2403070134826084,0.018692912963169467,-0.04378669540134944,-0.0068936170212765616,0.007588985896574961,0.001610848091494979,-0.7071067811865477,0.7071067811865474,-0.9749279121818236,-0.2225209339563146,0
2026-02-07T22:00:00+00:00,2026-02-07T23:00:00+00:00,-0.005636967844526402,-0.007951285315296599,-0.0012958508862950793,0.009547156441218462,-0.005641701937222335,0.0034138026793324215,0.0004596424364879662,12581.7365,-0.47398044901328734,0.01370434737266484,0.020401039462465912,-0.073114381710834,0.006606158992173274,0.0014446468752919548,0.000833389447897184,-0.0007342783457645418,0.5924125741844021,-0.03516346746366999,0.18482514836880412,19.440202728984787,15.160689392909905,4.279513336074881,-1.0107699873908107,0.018138044139329988,-0.03515302279051904,-0.010315824389319299,-0.002807406204940705,-0.0012556271680331174,-0.5000000000000004,0.8660254037844384,-0.9749279121818236,-0.2225209339563146,0
2026-02-07T23:00:00+00:00,2026-02-08T00:00:00+00:00,-0.0007181913070124199,-0.006351110730234974,-0.008663766078315998,0.010842900128409121,-0.0007181913070124199,0.003377925139429338,0.006746267512505476,16375.7828,0.30155188037835634,0.011725982888675348,0.018882330514510978,-0.07309959753134657,0.007073404999842803,0.0012358394021430665,0.0007713018159316875,-0.0007341299791490334,0.5879182281803168,-0.00449434600408523,0.17583645636063366,19.145313795670518,15.957614273462028,3.18769952220849,-1.0918138138663913,0.017629067233057797,-0.02875932736201718,-0.009717398318434597,-0.0002586677652062941,-0.008682596310735567,-0.2588190451025207,0.9659258262890683,-0.9749279121818236,-0.2225209339563146,0
2026-02-08T00:00:00+00:00,2026-02-08T01:00:00+00:00,-0.0011978457941238477,-0.0019151768186997866,-0.007541348873082596,0.008510107551640993,-0.0011978457941238477,0.0036074413071218096,0.00370338389507709,14208.6,-0.13234071472906933,0.009503233171904935,0.016957499239818954,-0.0735257664254626,0.007384093307450217,0.0010013420166919476,0.0006926222196155016,-0.000738406778905539,0.5800201980457879,-0.007898030134528966,0.16004039609157572,18.496665043978282,16.465424427565278,2.0312406164130046,-1.1564589057954855,0.01699734504004278,-0.03698904670689154,-0.005272877368619547,0.005586107091172179,-0.007553004945662669,0.0,1.0,-0.7818314824680299,0.6234898018587334,1
2026-02-08T01:00:00+00:00,2026-02-08T02:00:00+00:00,0.005646221301173369,0.004441612204611219,0.0037202309703243267,0.007408114103084028,0.005646221301173369,0.0006725976101320435,0.00112099601688645,12761.0853,-0.10187595540728853,0.013735308852818703,0.02178989436155584,-0.0676611177937413,0.007945452267862715,0.0014479154124421782,0.0008901751503691521,-0.0006795491330633048,0.6068016827121195,0.02678148466633168,0.21360336542423908,18.716593628333158,16.915658267718854,1.8009353606143037,-0.23030525579870087,0.01622378459862009,-0.04012140493881491,0.0008354817148858971,0.009384359080534933,0.0037301842000371016,0.25881904510252074,0.9659258262890683,-0.7818314824680299,0.6234898018587334,0
2026-02-08T02:00:00+00:00,2026-02-08T03:00:00+00:00,-0.003582417058220127,0.0020435771234494325,0.0008432834390632933,0.011949215832710995,-0.0035871701425327623,0.005304379464200191,0.003044752111219685,13998.5251,0.09696979300028659,0.00913264242386448,0.01740608430538984,-0.07034436227777799,0.008198567298004696,0.0009622558276060311,0.0007109575221206388,-0.0007064790498448355,0.5813289042140048,-0.025472778498114648,0.16265780842800978,18.076519514898337,17.147830517154752,0.9286889977435848,-0.8722463628707189,0.015972621200663794,-0.0190081412099289,-0.004252154679276977,0.0031744812052463597,0.0008659584488293942,0.49999999999999994,0.8660254037844387,-0.7818314824680299,0.6234898018587334,0
2026-02-08T03:00:00+00:00,2026-02-08T04:00:00+00:00,-0.00482085750943115,-0.008386004245474242,-0.0027871321801034,0.007836364773399638,-0.004849442290200636,0.0021118257431076417,0.000851465049043416,14878.0281,0.06282826181452493,0.0038597358262332554,0.012005181402839118,-0.0741367589920688,0.008114127189195113,0.00040645311872600703,0.0004902476291656965,-0.0007445383048763586,0.5481037840706787,-0.03322512014332617,0.09620756814135746,16.565731881695683,17.03141079006294,-0.4656789083672557,-1.3943679061108405,0.015463308003370443,-0.0365537750170762,-0.013604183274494207,-0.0017815297145711059,-0.002757053266477908,0.7071067811865475,0.7071067811865476,-0.7818314824680299,0.6234898018587334,1
2026-02-08T04:00:00+00:00,2026-02-08T05:00:00+00:00,0.00430543061521949,-0.000536182761724376,-0.004116678989672579,0.01202268503439176,0.0043005993900266494,0.0010968903876000702,0.006643611212231691,31811.9607,1.1381839371576399,0.00739680299837545,0.01571055987088893,-0.06950101669396835,0.00825271317892686,0.00077921754916616,0.0006416588036709715,-0.0006980151149127529,0.5715423375362594,0.023438553465580655,0.14308467507251876,15.907243201759684,16.806577272402286,-0.8993340706426025,-0.43365516227534684,0.015155993486953753,-0.015653923339115496,-0.0026608831074529395,0.005161290322580549,-0.0040978439524317865,0.8660254037844386,0.5000000000000001,-0.7818314824680299,0.6234898018587334,0
2026-02-08T05:00:00+00:00,2026-02-08T06:00:00+00:00,-0.0014130247351176492,0.0028863222001472024,-0.001948449857337165,0.004628807974020941,-0.0014130247351176492,0.00033097176187303856,0.002882812012835835,11329.9885,-0.6438450114142131,0.005401365396120778,0.01370784475305153,-0.07016063725419765,0.00826185406428015,0.000568888228348663,0.000559817087296865,-0.0007046351718743701,0.5612099397207909,-0.010332397815468469,0.12241987944158182,14.974726507202831,16.440207119362395,-1.4654806121595634,-0.5661465415169609,0.014423965898039447,-0.04964432124851476,-0.002507165037487972,0.009617852594059851,-0.001928451629329309,0.9659258262890683,0.25881904510252074,-0.7818314824680299,0.6234898018587334,0
2026-02-08T06:00:00+00:00,2026-02-08T07:00:00+00:00,-0.0026237906339787124,-0.004033107888030779,0.0002549584610130991,0.005727889193478504,-0.0026190065043458412,0.0020872408983791135,0.0010147645842351403,8700.9354,-0.23204375714944453,0.002499563661519098,0.010610232295366449,-0.0719299111649573,0.008090446048898045,0.0002631812104957795,0.0004332583374272708,-0.0007223914533858968,0.5416563479844125,-0.01955359173637838,0.08331269596882507,13.637116829049319,15.879589061299779,-2.24247223225046,-0.7769916200908966,0.013838052229401512,-0.043138054046184426,-0.004362170263501742,0.00025977024764761855,0.0002686152461231278,1.0,6.123233995736766e-17,-0.7818314824680299,0.6234898018587334,1
2026-02-08T07:00:00+00:00,2026-02-08T08:00:00+00:00,0.0024575578319625223,-0.0001726809192381545,-0.0015854616519456373,0.00974856194318784,0.0024575578319625223,4.797520641437279e-06,0.007292231374825622,30059.004,2.45468649267296,0.0044884508220647285,0.012573923949378613,-0.0690039206471657,0.00804934404242956,0.0004726918395937386,0.0005134849171296362,-0.0006930261218859047,0.557178369212769,0.01552202122835645,0.11435673842553797,12.841358627315913,15.271942974503006,-2.430584347187093,-0.18811211493663293,0.01351444451248382,-0.020985264627374114,-0.002244985879086714,0.0034758495852569094,-0.0015792575371338393,0.9659258262890683,-0.25881904510252085,-0.7818314824680299,0.6234898018587334,1
2026-02-08T08:00:00+00:00,2026-02-08T09:00:00+00:00,0.01516976026789372,0.017664598663011597,0.014994459820507882,0.0219798396052987,0.01516976026789372,0.0040264079431766,0.0030103542955439624,31335.0345,0.04245085765316777,0.01781413725810674,0.026809590836889004,-0.0543645417058194,0.008838012019576723,0.001878695220276504,0.0010954677501651944,-0.0005460789384382508,0.6387119166148877,0.08153354740211874,0.27742383322977543,14.593954239891445,15.136345227580694,-0.5423909876892488,1.8881933594978442,0.013931593014191107,0.04650486576062163,0.015164889993379513,0.025158664793372556,0.015003527465877532,0.8660254037844387,-0.4999999999999998,-0.7818314824680299,0.6234898018587334,0
2026-02-08T09:00:00+00:00,2026-02-08T10:00:00+00:00,-0.007315586262954692,0.0077431983151109085,0.01021978550473717,0.013077527314274737,-0.007320277499480058,0.003313417914355781,0.002389850277308315,17224.4959,-0.4503118897156472,0.009371525730402163,0.018527076309934786,-0.060709663410448186,0.009070545726864521,0.0009874504892703963,0.0007567794784114242,-0.0006097753181519952,0.5821960323868507,-0.05651588422803705,0.16439206477370136,14.56588579686786,15.022253341438127,-0.4563675445702664,0.08602344311898236,0.013965923685145194,-0.004869382018074581,-0.011296509849144524,0.010832322765683152,0.01031173183690155,0.7071067811865476,-0.7071067811865475,-0.7818314824680299,0.6234898018587334,0
2026-02-08T10:00:00+00:00,2026-02-08T11:00:00+00:00,-0.002128014091547573,-0.009428032683846765,0.005598706588435132,0.014675012404106819,-0.0021232635417559468,0.006502614404030433,0.006044616617686383,17098.5035,-0.007314722052330298,0.00653111681695887,0.015708004433862745,-0.062123284200623914,0.009117341196489529,0.0006879589428610261,0.0006415543662324066,-0.000623965039629454,0.5666052694794173,-0.015590762907433416,0.13321053895883453,14.02132065436399,14.822066804023299,-0.8007461496593091,-0.3443786050890427,0.014044228579021411,0.003466908358281021,-0.012680169571361316,0.00026246343407144117,0.005726159913391456,0.49999999999999994,-0.8660254037844387,-0.7818314824680299,0.6234898018587334,1
2026-02-08T11:00:00+00:00,2026-02-08T12:00:00+00:00,0.017303728865310477,0.015138892194901204,0.007712556060169141,0.020221820995615328,0.017303728865310477,0.002448003376556501,0.0007644148474688063,27090.5667,0.5843823232834383,0.021617805167049545,0.031936618620152436,-0.045458617130723716,0.010100463598924466,0.0022807484149389196,0.0013052368764279987,-0.00045666188857067073,0.6487897821119131,0.08218451263249583,0.2975795642238262,16.328213256055733,15.123296094429787,1.2049171616259464,2.0056633112852555,0.014263664378298187,0.03319871772815611,0.008599119276122467,0.02349033555565158,0.007860128510808213,0.258819045102521,-0.9659258262890682,-0.7818314824680299,0.6234898018587334,0
2026-02-08T12:00:00+00:00,2026-02-08T13:00:00+00:00,-0.0004314488709639941,0.016864814320064078,0.014700911665992075,0.009308304753147017,-0.0004361364872724545,0.006052274763890952,0.0028197032039521653,25674.1248,-0.05228542893493616,0.01912160378679047,0.03021911493948538,-0.04543476796203076,0.010889290455093334,0.0020168599350907793,0.0012349564992605714,-0.00045642241724029196,0.645446358022688,-0.0033434240892250954,0.29089271604537603,17.876140926827702,15.67386506090937,2.202275865918333,0.9973587042923864,0.013915427053394533,-0.024835211401481858,-0.002872420552309551,0.017656186588364497,0.014744265902798911,1.2246467991473532e-16,-1.0,-0.7818314824680299,0.6234898018587334,0
2026-02-08T13:00:00+00:00,2026-02-08T14:00:00+00:00,-0.0022707759579248163,-0.0027012451051655513,0.014555742147246392,0.01063204472888527,-0.00227545696805911,0.004495459867675454,0.0038559383802238664,28849.4265,0.1236771155681225,0.015182398978440242,0.026757141682659566,-0.04715104965218188,0.0114016384798109,0.0016007054238771508,0.0010933222800739001,-0.00047365544021104423,0.6271362220749703,-0.018310135947717684,0.25427244414994066,18.499091199634222,16.23891028865434,2.2601809109798836,0.05790504506155081,0.013710308283530282,-0.016977690112111813,-0.008702907806046852,0.0005504794346529499,0.014601504036421666,-0.25881904510252035,-0.9659258262890684,-0.7818314824680299,0.6234898018587334,1
2026-02-08T14:00:00+00:00,2026-02-08T15:00:00+00:00,0.0009545798672991715,-0.0013183637276382267,-0.0017492437920604116,0.006187107139836898,0.0009545798672991715,0.0004087155058206213,0.004824722120434827,13093.6203,-0.5461393210017537,0.014590792189126853,0.026620571410902488,-0.04580243936014637,0.011856779417265989,0.0015382353960134898,0.001087735818773143,-0.0004601142211702228,0.6318534569493623,0.004717234874391991,0.26370691389872464,18.93827912049801,16.778784055023074,2.1594950654749354,-0.10068584550494819,0.013160795606165506,-0.0391639367793436,-0.005782344698738958,0.004829139110362124,-0.001747644961589639,-0.5000000000000001,-0.8660254037844386,-0.7818314824680299,0.6234898018587334,0
2026-02-08T15:00:00+00:00,2026-02-08T16:00:00+00:00,-0.009386362995743731,-0.008440743161587458,-0.010692352082873923,0.015749487821534278,-0.00938170919050472,0.0010290993246832426,0.0052498292738446155,24592.3278,0.8781916106120778,0.004582646419939393,0.01630742399537281,-0.0542435749155017,0.011671292170153795,0.0004826166401429682,0.0006660524732840867,-0.0005448645177509557,0.5571419806546982,-0.07471147629466408,0.11428396130939646,17.472705222365676,16.917568288491594,0.5551369338740813,-1.6043581316008542,0.013461497378863976,0.013247472041319612,-0.009791076736683389,-0.00362894080290329,-0.010702559086369376,-0.7071067811865475,-0.7071067811865477,-0.7818314824680299,0.6234898018587334,0
2026-02-08T16:00:00+00:00,2026-02-08T17:00:00+00:00,-0.013122201988011265,-0.022385395232592052,-0.02145218401290345,0.020797993243535345,-0.013117521803256288,0.0035800612214495252,0.003926053715334493,21042.1406,-0.1443615760521865,-0.007787049621230915,0.002854381177105063,-0.06603455373884341,0.01072494648882954,-0.000819018093336536,0.00011651892924664137,-0.0006632236990738789,0.4736202354865383,-0.08352174516815992,-0.05275952902692339,13.91805096915823,16.31766482462492,-2.39961385546669,-2.954750789340771,0.014151740837500244,0.03748033689601184,-0.023376416148077415,-0.007913919440114209,-0.021553985116455825,-0.8660254037844384,-0.5000000000000004,-0.7818314824680299,0.6234898018587334,1
2026-02-08T17:00:00+00:00,2026-02-08T18:00:00+00:00,0.005362883655218629,-0.00782969117535462,-0.0171425618475819,0.009182029797383544,0.005367714900815043,0.003431909106986581,0.0004110643220068195,12984.1554,-0.38294512678999965,-0.002231600907891241,0.00790717376498838,-0.06045529354623909,0.010161450976103386,-0.0002348501911569249,0.0003228459822150691,-0.0006072219473884859,0.5057995321437947,0.03217929665725641,0.011599064287589443,11.864711585942587,15.427074176888453,-3.5623625909458667,-1.1627487354791768,0.013726664270998163,-0.024835252925996396,-0.011318097614456835,0.009325549980702395,-0.017145681328536368,-0.9659258262890683,-0.25881904510252063,-0.7818314824680299,0.6234898018587334,1
2026-02-08T18:00:00+00:00,2026-02-08T19:00:00+00:00,0.008288203887903568,0.013695536216283754,0.0003936186357082894,0.014904217647086736,0.008288203887903568,0.006001507487662925,0.0006826359227673561,16445.4041,0.26657480547406265,0.005459909442005156,0.015613274704087193,-0.05217143523649519,0.010098229841622225,0.0005750578111135391,0.0006376828988718751,-0.0005240612483319355,0.5516615280523822,0.04586199590858747,0.10332305610476439,11.504007378740425,14.642460817258847,-3.1384534385184217,0.423909152427445,0.013706000612770173,0.006770360774010679,0.004839685420447602,0.014119513484928558,0.000528885555110931,-1.0,-1.8369701987210297e-16,-0.7818314824680299,0.6234898018587334,1
2026-02-08T19:00:00+00:00,2026-02-08T20:00:00+00:00,0.008201112127690929,0.01655728850501636,0.022008966972133278,0.010377238723510377,0.008201112127690929,0.0013917819040140853,0.0008510558264410094,10365.0023,-0.36973258686905724,0.01238431929076644,0.02298193593024249,-0.043975841234555064,0.010467977859337342,0.0013053141808797872,0.0009389189430709443,-0.0004417730039705807,0.592311474747046,0.0406499466946638,0.18462294949409197,12.470361548268556,14.208040963460789,-1.7376794151922326,1.4007740233261892,0.013364705380327377,-0.016904259062217396,0.002186482449237263,0.01725746045563901,0.021852199670813123,-0.9659258262890684,0.2588190451025203,-0.7818314824680299,0.6234898018587334,0
2026-02-08T20:00:00+00:00,2026-02-08T21:00:00+00:00,-0.010428960348321557,-0.0023133772938224552,0.005955652851400265,0.0128243505860998,-0.010438266119362898,0.00021856988772161624,0.002057407856161973,10698.398,0.03216552108242167,0.0016519919161138662,0.011824713604773761,-0.053438085758718216,0.010155944151021903,0.00017392413024947087,0.00048287442679903746,-0.0005367779032673279,0.5264122801033978,-0.06589919464364818,0.05282456020679561,11.316019526693253,13.629636676107282,-2.3136171494140285,-0.575937734221796,0.013456896864280483,-0.0036027700189188746,-0.01180431322280283,-0.0014565916703831307,0.00606035566727294,-0.8660254037844386,0.5000000000000001,-0.7818314824680299,0.6234898018587334,0
2026-02-08T21:00:00+00:00,2026-02-08T22:00:00+00:00,-0.005079374129878054,-0.015455361886804821,-0.007381000914921621,0.01198720091694919,-0.005074646722861491,0.005024117675151622,0.0018625531305220358,13436.2609,0.2559133526346655,-0.0031095742981539966,0.006421426101308026,-0.057699906091869216,0.00956073020036466,-0.0003272165046444417,0.0002621677384517621,-0.0005795624662510747,0.4976730624202998,-0.028739217683097992,-0.004653875159400371,9.429899486693557,12.789689238224536,-3.359789751530979,-1.0461726021169504,0.013415712901787802,-0.008124264356226693,-0.01567751792219998,-0.0030281965090037076,-0.0073072223505086815,-0.7071067811865477,0.7071067811865474,-0.7818314824680299,0.6234898018587334,1
2026-02-08T22:00:00+00:00,2026-02-08T23:00:00+00:00,0.006939204355508737,0.0018245834105453749,-0.008623405445816964,0.008940301551391278,0.006934395461122963,0.0020157178564144886,3.7942924356002924e-05,12301.0252,-0.08449044778521675,0.0034441313698900036,0.012872729204545663,-0.0506778259103274,0.009396235963614486,0.0003626716272229211,0.0005256937272465016,-0.000509065603741577,0.5348453183700732,0.03717225594977343,0.06969063674014649,9.003795187700234,12.032510428119675,-3.028715240419441,0.3310745111115381,0.013010191611283386,-0.02349788747844967,-0.0031535152002269743,0.00881818181818174,-0.008569130122690873,-0.5000000000000004,0.8660254037844384,-0.7818314824680299,0.6234898018587334,0
2026-02-08T23:00:00+00:00,2026-02-09T00:00:00+00:00,-0.008864415702679271,-0.0019867233392236064,-0.007056006157969183,0.03848804157455009,-0.008873817259124018,0.02085426895211863,0.008680505708844103,62858.6379,4.110032446726473,-0.0049342508441564,0.0037409190953568462,-0.05853944274213099,0.008718187664355607,-0.0005191251947606812,0.0001527138932928872,-0.0005879901721117946,0.4851166321480509,-0.049728686222022346,-0.029766735703898206,7.076405264697314,11.041289395435204,-3.9648841307378895,-0.9361688903184486,0.014938085868738193,0.13800541207670022,-0.010858246397940084,-0.0019533582000449633,-0.007004585477048588,-0.2588190451025207,0.9659258262890683,-0.7818314824680299,0.6234898018587334,0
2026-02-09T00:00:00+00:00,2026-02-09T01:00:00+00:00,-0.00251705953850707,-0.01135916297908862,-0.0044987821767993085,0.010012089346023895,-0.002512286276217502,0.003583627571384614,0.003909848019650029,21165.0792,-0.6632908394599496,-0.006735196466180502,0.0011667626404445624,-0.060339663305348686,0.007955541239870393,-0.0007084657694772912,4.76252329708901e-05,-0.0006060612439593392,0.47182075616580965,-0.013295875982241228,-0.05635848766838066,5.066098000068905,9.846251116361945,-4.7801531162930395,-0.81526898555515,0.014621231411032975,-0.023674851704608025,-0.03138896762591608,0.006217416489669873,-0.004442270885677603,0.0,1.0,0.0,1.0,0
2026-02-09T01:00:00+00:00,2026-02-09T02:00:00+00:00,-0.0065196116057722525,-0.009020260893699653,-0.017804717254070547,0.022323735205636016,-0.006514845500295005,0.008097967540526045,0.007668200628715024,34537.9552,0.6318368040881225,-0.011967774142818249,-0.005151324731794326,-0.06584808042967351,0.006899015267553862,-0.0012581806863717925,-0.00021021395312086804,-0.000661352077034382,0.4383897406589272,-0.03343101550688246,-0.12322051868214558,2.3492350662422723,8.34684790633801,-5.997612840095737,-1.2174597238026976,0.01526050696876739,0.0369177509210036,-0.012545298493229043,-0.0026200074169327875,-0.017901086846958594,0.25881904510252074,0.9659258262890683,0.0,1.0,1
2026-02-09T02:00:00+00:00,2026-02-09T03:00:00+00:00,0.00502199537396969,-0.00153035769112683,-0.004043565228210122,0.01432284784917044,0.00502199537396969,0.006837105833401409,0.0024888410553069664,17975.8014,-0.47953486835260006,-0.00634288626859932,-0.00014911394780071804,-0.06058511626315178,0.006233309493995999,-0.0006672267500219427,-6.086246541053618e-06,-0.0006085251125473705,0.4693752470425279,0.030985506383600737,-0.06124950591494411,1.0234964706091887,6.8821776191922455,-5.858681148583057,0.13893169151268037,0.015122722878433189,-0.004052148865266519,-0.009494393786525966,0.012788258937912586,-0.004014675770309633,0.49999999999999994,0.8660254037844387,0.0,1.0,1
2026-02-09T03:00:00+00:00,2026-02-09T04:00:00+00:00,0.009109734827919241,0.014177479248052832,0.007565435984034379,0.0103463873348411,0.009109734827919241,0.0013188906082609126,0.0,16548.2866,-0.07941313815360693,0.00245042798357448,0.008604895589246283,-0.05153629078453119,0.006139423390791995,0.00025800633784465684,0.0003513436271213049,-0.000517684535113586,0.5212355594638495,0.051860312421321525,0.04247111892769894,1.4856272407469078,5.802867543503178,-4.31724030275627,1.541440845826787,0.014654787174843293,-0.02211469992248714,0.0022571963044972216,0.0167206432655116,0.007612118596116679,0.7071067811865475,0.7071067811865476,0.0,1.0,0
2026-02-09T04:00:00+00:00,2026-02-09T05:00:00+00:00,-0.004713724556600448,0.004353069490556312,0.009396925959370145,0.007352835649532541,-0.004713724556600448,0.000851532040089076,0.0017652546224316765,11919.6419,-0.27970537445248256,-0.0020586411087679312,0.003699047042166247,-0.05548072155287608,0.0057695656158907845,-0.00021665211577021913,0.0001510043107844138,-0.0005572844523552788,0.4940819150798676,-0.0271536443839819,-0.011836169840264858,1.0410216932395997,4.850498373450462,-3.809476680210862,0.5077636225454079,0.014197667442278652,-0.03575921096509278,-0.006024669285123334,0.004353069490556312,0.009418005645288482,0.8660254037844386,0.5000000000000001,0.0,1.0,1
2026-02-09T05:00:00+00:00,2026-02-09T06:00:00+00:00,0.0026167866625207525,-0.002109272705630204,0.006981247207260978,0.006326879216726731,0.0026167866625207525,0.0005677968527831849,0.0031491254019905854,11072.9925,-0.07102976810066754,0.0005000885332175503,0.006075946780319523,-0.05250935847644643,0.005573071218091,5.2643669443495014e-05,0.0002480593459471185,-0.0005274538915676171,0.5092927610858117,0.015210846005944134,0.01858552217162341,1.1171737948425289,4.103833457728875,-2.986659662886346,0.8228170173245157,0.013601059789539365,-0.03951470078917651,-0.0029542870463314204,0.004389790382717026,0.007012796933839546,0.9659258262890683,0.25881904510252074,0.0,1.0,0
2026-02-09T06:00:00+00:00,2026-02-09T07:00:00+00:00,-0.0068660476567645725,-0.004267227976176274,-0.008960837995476806,0.011237466549439726,-0.0068613089927045436,4.804389290160265e-06,0.004323950361049856,23279.3733,1.1023560975048072,-0.005766281798892964,-0.0007992243496611765,-0.058461991317752905,0.004995865014735985,-0.0006066088338333124,-3.26203379058609e-05,-0.000587212680353164,0.46931692694703586,-0.039975834138775854,-0.0613661461059283,0.016185569091248908,3.2863038800013498,-3.270118310910101,-0.28345864802375464,0.013519546337492612,-0.012818067429708513,-0.007429625991292545,-0.0011133773245351716,-0.00896298555084427,1.0,6.123233995736766e-17,0.0,1.0,0
2026-02-09T07:00:00+00:00,2026-02-09T08:00:00+00:00,-0.007538086796096941,-0.014352377589678684,-0.011773148037410065,0.01114854725183215,-0.007538086796096941,0.0030352319265735195,0.0005179741884262826,17690.1536,-0.240093220207092,-0.012013130727569458,-0.008007185489253171,-0.06494942294480462,0.0040546543308478695,-0.0012629430345046137,-0.00032671711855845913,-0.0006523322044678437,0.42971157169312074,-0.039605355253915134,-0.14057685661375857,-2.098220426230455,2.209399018754989,-4.307619444985444,-1.037501134075343,0.013445540143076157,-0.012970837826788508,-0.014352377589678684,-0.003228094555666563,-0.011787347790340762,0.9659258262890683,-0.25881904510252085,0.0,1.0,0
2026-02-09T08:00:00+00:00,2026-02-09T09:00:00+00:00,-0.007585659376300803,-0.015066564813613561,-0.021829164718344132,0.0173896501095085,-0.007585659376300803,0.002180413351739333,0.0075655953211354815,35682.2822,1.0170702305264325,-0.017682642055530162,-0.014932098096924251,-0.07137672401495554,0.0028000563528282852,-0.0018578726272502186,-0.0006091021601518234,-0.0007168397823080317,0.3939543074023993,-0.03575726429072141,-0.21209138519520138,-4.980923466140666,0.7713345217758578,-5.752257987916524,-1.44463854293108,0.013822694250755753,0.020252057896746722,-0.018024620395650552,-0.007071347963597044,-0.021989793829162316,0.8660254037844387,-0.4999999999999998,0.0,1.0,0
2026-02-09T09:00:00+00:00,2026-02-09T10:00:00+00:00,-0.003804748130551728,-0.011361545983521548,-0.018813988459856858,0.011173840873146027,-0.003780450922430025,0.00362831555083307,0.0037507283561919245,22439.9144,-0.3711188574143388,-0.019419717934398194,-0.017960640100293662,-0.07421985094246707,0.001487973866893358,-0.0020400106844549754,-0.0007325503276531615,-0.0007453721561019486,0.37713180181710065,-0.016822505585298658,-0.2457363963657987,-7.804911050501687,-0.9439145926796513,-6.8609964578220355,-1.1087384699055116,0.01368251226172029,-0.013907599958234092,-0.013496215359794443,0.003789517143755916,-0.01892849430294947,0.7071067811865476,-0.7071067811865475,0.0,1.0,0
2026-02-09T10:00:00+00:00,2026-02-09T11:00:00+00:00,-0.009582474403482368,-0.013350763632461387,-0.020835148663432834,0.016843822613338576,-0.009582474403482368,0.0024966628763533664,0.004671973105255374,32691.4324,0.45684300827814206,-0.02614346046134849,-0.026325891798072636,-0.08233240881927198,-0.00018732875872104387,-0.0027443907988428918,-0.0010733728286173405,-0.000826777268896232,0.33811995287080165,-0.039011848946299,-0.3237600942583967,-11.489631681548417,-3.0530580104534044,-8.436573671095012,-1.5755772132729762,0.014031245228007309,0.01566078757628043,-0.01688028268276432,-0.0058537016922161275,-0.020972881910334897,0.49999999999999994,-0.8660254037844387,0.0,1.0,1
2026-02-09T11:00:00+00:00,2026-02-09T12:00:00+00:00,0.002733969446779044,-0.006874703148946987,-0.010653294765544661,0.007859069237709642,0.002733969446779044,0.004240150278814488,0.0008924037214714038,19415.2339,-0.4061063564776685,-0.021292299516093828,-0.022757019013884258,-0.07909208964694027,-0.0014965852389495083,-0.002236282517781225,-0.0009279959425539865,-0.0007942640165441187,0.3583194808783739,0.02019952800757224,-0.2833610382432522,-13.804445490128728,-5.203335506388469,-8.601109983740258,-0.1645363126452466,0.013554851710780013,-0.03131118868320114,-0.0093243850497235,0.007440705327207261,-0.010653253087255052,0.258819045102521,-0.9659258262890682,0.0,1.0,1
2026-02-09T12:00:00+00:00,2026-02-09T13:00:00+00:00,0.0036583622173028073,0.006402333514609208,-0.0032414910858994603,0.005831061331761412,0.003643517103329997,0.0018421634367401076,0.00035860781568541655,12709.905,-0.345364312093093,-0.016052068366593612,-0.01844355226800386,-0.07502614096350925,-0.0024304984283469717,-0.0016868411659865805,-0.0007522317731420235,-0.0007534634322596664,0.385421566079194,0.027102085200820056,-0.2291568678416121,-14.868821602376556,-7.136432725586086,-7.73238887679047,0.8687211069497884,0.012957273721262062,-0.04058883126395895,-0.0005793316084306674,0.007303712720632983,-0.0031901427394005165,1.2246467991473532e-16,-1.0,0.0,1.0,0
2026-02-09T13:00:00+00:00,2026-02-09T14:00:00+00:00,-0.006450028246506083,-0.0028152625688408297,-8.898996390965722e-05,0.013779839012716868,-0.006450028246506083,0.007179162628799706,0.00010877519134546373,21963.7855,0.7280841595590212,-0.020308686511205497,-0.02382621383790846,-0.08025102920611954,-0.003590444539287216,-0.002133196220830559,-0.0009715536894672021,-0.0008058930197171464,0.3567107490042571,-0.02871081707493687,-0.2865785019914858,-16.580696657814315,-9.025285512031733,-7.555411145782582,0.17697773100788794,0.013094137344180691,0.004044528834722244,-0.00827694419927435,-0.0024709868657923637,-5.769658242423155e-05,-0.25881904510252035,-0.9659258262890684,0.0,1.0,1
2026-02-09T14:00:00+00:00,2026-02-09T15:00:00+00:00,0.010472084330439285,0.003954510844202075,0.007627340094565225,0.02024269706904139,0.010472084330439285,0.003077751137642382,0.006801389636443749,49955.3766,1.2744429278823544,-0.009100912756624724,-0.013077139905332578,-0.06996582400244411,-0.004012746807315657,-0.0009570739484336192,-0.0005334760638453047,-0.000702680004190398,0.43041822476890923,0.07370747576465213,-0.13916355046218157,-16.04338285044696,-10.428904979714778,-5.614477870732182,1.9409332750503996,0.013478739911420469,0.04015179117499378,-0.003155835857514268,0.010582010582010627,0.00768041830123601,-0.5000000000000001,-0.8660254037844386,0.0,1.0,1
2026-02-09T15:00:00+00:00,2026-02-09T16:00:00+00:00,0.008763517150266712,0.01932737377133484,0.012752683418072869,0.02006684096410082,0.008758581207705639,0.0057527854443855395,0.005631520995726703,38564.1572,-0.2280278955999303,-0.00037743788161576986,-0.004255307591467775,-0.06123804065231477,-0.003879333917427879,-3.9728724893766144e-05,-0.00017365586254509995,-0.0006150791398085697,0.4842342991227625,0.053816074353853265,-0.03153140175447504,-14.010861971735721,-11.145296378118967,-2.865565593616754,2.748912277115428,0.013840587482619687,0.03584458192294076,0.005668320333270088,0.026381296611604106,0.012785573234199914,-0.7071067811865475,-0.7071067811865477,0.0,1.0,1
2026-02-09T16:00:00+00:00,2026-02-09T17:00:00+00:00,0.014357710721232389,0.02324705191564319,0.03396258133417719,0.029547486861673477,0.014357710721232389,0.008779606065388041,0.0066133960721305625,35694.0146,-0.07442513485034749,0.01262710934318604,0.009643732445351614,-0.047306829553547224,-0.0029461752211724945,0.001330938447209147,0.00039377673154264057,-0.0004752195821284228,0.5584823135154867,0.07424801439272428,0.11696462703097353,-9.897509579904636,-10.895739018476101,0.9982294385714656,3.8637950321882197,0.014780595795891464,0.08324963325751567,0.008555706135126255,0.029088135426406245,0.03359331220193839,-0.8660254037844384,-0.5000000000000004,0.0,1.0,1
2026-02-09T17:00:00+00:00,2026-02-09T18:00:00+00:00,0.017272296899880878,0.031877998263492996,0.040920878798258,0.027687288761029126,0.017267432407876804,0.004498596832649454,0.006214362604767385,46013.3434,0.28910530002416696,0.027171235400420653,0.025992929937713183,-0.030554028381768576,-0.0011471363508812945,0.002868333849964648,0.0010620626962844547,-0.00030698139561292936,0.6287206062160419,0.07023829270055508,0.2574412124320837,-3.6806379386707704,-9.452718802515035,5.772080863844264,4.773851425272799,0.015469467983214392,0.06468382225011282,0.008418777286366303,0.03884694644932559,0.04039352477137998,-0.9659258262890683,-0.25881904510252063,0.0,1.0,1
2026-02-09T18:00:00+00:00,2026-02-09T19:00:00+00:00,0.0015700431996917006,0.018869458351863294,0.03349809129757808,0.015708673797443902,0.0015700431996917006,0.005786912098072403,0.008354179671183114,39034.997,-0.1516591902339354,0.025971414972740827,0.026492603582061378,-0.028751386701451196,0.0005079952537804359,0.0027413274869981692,0.0010825013004036167,-0.0002888751873290101,0.6345106779333205,0.005790071717278664,0.269021355866641,1.4985137795456467,-7.2624722861028985,8.760986065648545,2.9889052018042808,0.015464036571377243,0.0012183866725071946,-0.0029154382516729926,0.025346487006737282,0.03320005082080497,-1.0,-1.8369701987210297e-16,0.0,1.0,1
2026-02-09T19:00:00+00:00,2026-02-09T20:00:00+00:00,0.00031445507751086404,0.0018849919852586192,0.01918984702636278,0.008961498400067519,0.00031445507751086404,0.0032890106693440574,0.0053581315041242,21945.8985,-0.43778915878999564,0.023730417335229292,0.025736741152931578,-0.028170901758472044,0.0019598165529991253,0.0025041939898629,0.0010515838977758778,-0.00028304450391510727,0.6357378632402327,0.001227185306912233,0.2714757264804655,5.592623943053695,-4.691453040271579,10.284076983325274,1.523090917676729,0.014995055572683732,-0.030022285914044163,-0.005440970601959801,0.010338795845520065,0.019156795177083442,-0.9659258262890684,0.2588190451025203,0.0,1.0,0
2026-02-09T20:00:00+00:00,2026-02-09T21:00:00+00:00,-0.0030403408184522494,-0.0027268417915491112,-0.0011610798512688677,0.013831499487024966,-0.0030403408184522494,0.007713449356663437,0.003068437449996697,28564.2455,0.301575576866903,0.018617757717673808,0.02171190735657136,-0.030825432901654456,0.003037596404985452,0.001963612186696639,0.0008869863478360137,-0.0003097073973573321,0.6142561051473784,-0.021481758092854405,0.22851221029475666,8.219603427932725,-2.109241746630718,10.328845174563444,0.04476819123816966,0.014954407170209821,-0.005742886152828193,-0.006308602427104909,0.0026471629114073977,-0.0011558425412496849,-0.8660254037844386,0.5000000000000001,0.0,1.0,0
2026-02-09T21:00:00+00:00,2026-02-09T22:00:00+00:00,-0.0012330224108884093,-0.004269614420974769,-0.003956501945397594,0.019215545838359566,-0.001237722778334726,0.0023135931845598566,0.01566269601930026,33056.3029,0.1572615457320587,0.01568234561179911,0.01963432241962585,-0.03171193923710212,0.003890957468051936,0.001653502780407484,0.00080204367362082,-0.0003186114115716768,0.6053495666697825,-0.008906538477595873,0.21069913333956491,9.975104694684887,0.30762754163240347,9.667477153052484,-0.6613680215109596,0.015275917395097255,0.020239831171331775,-0.011868344717445972,0.0018410642295380514,-0.003958908151829795,-0.7071067811865477,0.7071067811865474,0.0,1.0,0
2026-02-09T22:00:00+00:00,2026-02-09T23:00:00+00:00,-0.003307825693606747,-0.004536769481283626,-0.007563316974298021,0.006855078904322009,-0.003307825693606747,0.0017303164682634948,0.0018059587182419367,20709.8515,-0.3734976484620729,0.011135991135968129,0.015613884877430968,-0.034579469056961146,0.004428577145624217,0.001173585281184928,0.000637707835680191,-0.0003474116155552554,0.5810395280180217,-0.024310038651760735,0.16207905603604345,10.676821018269493,2.3814662369598216,8.29535478130967,-1.3721223717428135,0.01472150543352551,-0.039480976487009385,-0.006836386856858642,0.01255146002872178,-0.007581188922947406,-0.5000000000000004,0.8660254037844384,0.0,1.0,0
2026-02-09T23:00:00+00:00,2026-02-10T00:00:00+00:00,-0.004822193436143672,-0.008114068154402802,-0.009337085737413356,0.009881141271816765,-0.004822193436143672,0.003444147799070793,0.0015914338106050817,12748.5326,-0.3844218245601616,0.005660523203578097,0.01029182220796958,-0.038859687165231145,0.00460523098752874,0.0005961997901394872,0.00042025091247513397,-0.0003903971502924285,0.5466864641014053,-0.034353063916616404,0.09337292820281064,10.291250376994867,3.9634230649668307,6.327827312028036,-1.9675274692816345,0.01444200378823423,-0.023716581346942614,-0.009821722564560943,-0.003021691768494889,-0.009363041540638828,-0.2588190451025207,0.9659258262890683,0.0,1.0,0
2026-02-10T00:00:00+00:00,2026-02-10T01:00:00+00:00,-0.003942955411350098,-0.008746135153790151,-0.012025030156815433,0.007836048685566166,-0.003942955411350098,0.0037677896905643537,0.00010969514288985568,9634.8762,-0.24423645431945631,0.0015335487589627761,0.006059403814024813,-0.04224297496918263,0.004518925063139613,0.00016145224777439632,0.00024738378825701066,-0.0004243723439084226,0.5197572924588101,-0.026929171642595263,0.03951458491762011,9.209777648053205,5.012693981584105,4.1970836664691,-2.130743645558937,0.01402323590403838,-0.03282514566811906,-0.012132091384094948,-0.002355269856828271,-0.012072974541100517,0.0,1.0,0.7818314824680298,0.6234898018587336,1
2026-02-10T01:00:00+00:00,2026-02-10T02:00:00+00:00,0.00983917738181546,0.0058574265327645,0.0010069874528418365,0.013370486693272225,0.00983917738181546,0.0034760431671665656,0.00015113231161579757,10400.3261,0.07944574316377823,0.010292098854588932,0.015322799762074134,-0.032503486570046806,0.004979451896326539,0.001084553809432601,0.0006258117939134974,-0.00032656152946500673,0.5757022810327826,0.05594498857397262,0.15140456206556535,9.90321322910404,5.990797831088092,3.9124153980159475,-0.2846682684531521,0.013849737691025491,-0.0026547501185909443,0.002096624576415499,0.009949963987426666,0.0010740285343216905,0.25881904510252074,0.9659258262890683,0.7818314824680298,0.6234898018587336,0
2026-02-10T02:00:00+00:00,2026-02-10T03:00:00+00:00,-0.004330885304744172,0.005465679728337612,0.0015011733855259592,0.00900302630705159,-0.004330885304744172,0.0020681345995124363,0.0025851682493903834,8793.3049,-0.15451642424942819,0.005350135414590147,0.01049260451499228,-0.03634176128263558,0.005115102608785608,0.000563489490491471,0.0004284530654515573,-0.0003651104776362796,0.5452943945699551,-0.030407886462827563,0.09058878913991024,9.60213611193194,6.713065487256862,2.889070624675079,-1.0233447733408685,0.013559483511885228,-0.025197498668003266,-0.007779885254929002,0.005619156649494249,0.0015653366657211905,0.49999999999999994,0.8660254037844387,0.7818314824680298,0.6234898018587336,0
2026-02-10T03:00:00+00:00,2026-02-10T04:00:00+00:00,-0.02050109573186341,-0.024743193142371302,-0.015147468426876153,0.028358902835890258,-0.02050109573186341,0.0012203626220362535,0.006208352704168683,34934.118,2.972808676291892,-0.013827345883852583,-0.009826615313909154,-0.05557064273246014,0.004056825702117106,-0.001453394662436885,-0.0004009255335885122,-0.0005581871749987054,0.43001074788779975,-0.11528364668215538,-0.13997850422440053,5.809074141361634,6.532267218077816,-0.723193076716182,-3.612263701391261,0.014880115815149671,0.07489766284583553,-0.02674729345669295,-0.01796236321353668,-0.01499280365479212,0.7071067811865475,0.7071067811865476,0.7818314824680298,0.6234898018587336,1
2026-02-10T04:00:00+00:00,2026-02-10T05:00:00+00:00,0.0026538044320471186,-0.01790169719853133,-0.022155052305948407,0.005525395568091833,0.0026538044320471186,0.0018884874712620768,0.0009901277023242315,11716.025,-0.6646251380956576,-0.010153435179432926,-0.006918532599082637,-0.05256406280302393,0.0032680848682206535,-0.0010676415736757393,-0.0002823093645934389,-0.0005280031036654697,0.44600353460972,0.015992786721920213,-0.1079929307805601,3.2082526642329867,5.86746430730885,-2.6592116430758637,-1.9360185663596816,0.014175350284324281,-0.04483479374104042,-0.01907424077320309,0.008917520247156715,-0.022178176604560465,0.8660254037844386,0.5000000000000001,0.7818314824680298,0.6234898018587336,0
2026-02-10T05:00:00+00:00,2026-02-10T06:00:00+00:00,-0.008389521067985496,-0.00575798078413135,-0.026141031600717055,0.012873404219047603,-0.008389521067985496,0.000759837706459081,0.0036530658964381278,19759.3306,0.6865217170499381,-0.0167292987245385,-0.014660738567555278,-0.05994657592592219,0.0021037544943625,-0.0017578832180065315,-0.0005980396271398419,-0.0006021153886438594,0.4070203310615855,-0.03898320354813443,-0.18595933787682895,-0.25163028980477975,4.643645387886124,-4.895275677690904,-2.2360640346150404,0.014193718228061,-0.007104625448446138,-0.010258635235133776,-0.004769960880503605,-0.026236812367801787,0.9659258262890683,0.25881904510252074,0.7818314824680298,0.6234898018587336,0
2026-02-10T06:00:00+00:00,2026-02-10T07:00:00+00:00,-0.021567701052570148,-0.029776279438187093,-0.02720149542848291,0.0299284643989666,-0.021567701052570148,0.0023098482170858443,0.005575495696414282,122549.3209,5.202098815027671,-0.03444767547331742,-0.03455257920779937,-0.07948659258240631,-0.00010864634864131096,-0.003612970215561673,-0.0014083231840585028,-0.0007982225587043561,0.32825383725873125,-0.07876649380285429,-0.3434923254825375,-6.491804908611812,2.416555328586537,-8.908360237198348,-4.013084559507444,0.015608154378375174,0.07593529231601864,-0.030506756756756775,-0.0179803184442478,-0.027303417688508524,1.0,6.123233995736766e-17,0.7818314824680298,0.6234898018587336,0
2026-02-10T07:00:00+00:00,2026-02-10T08:00:00+00:00,-0.0006571119927916488,-0.02221064065034321,-0.030413825080659197,0.009888068065774287,-0.0006571119927916488,0.005504440913189215,0.0037260830796973393,41588.8804,-0.6606355702783825,-0.031847401378206505,-0.03385381874011125,-0.07935778550883194,-0.0020724185058853014,-0.003341157284326927,-0.0013798818151534167,-0.0007969300794223152,0.32622710465199034,-0.002026732606740893,-0.3475457906960193,-11.412149069687075,-0.3491855510681856,-11.06296351861889,-2.154603281420542,0.015209106759061026,-0.026206923371535542,-0.024415491006993216,0.004945959881657452,-0.030614334113347293,0.9659258262890683,-0.25881904510252085,0.7818314824680298,0.6234898018587336,1
2026-02-10T08:00:00+00:00,2026-02-10T09:00:00+00:00,0.0036912133182563536,0.003031675784925326,-0.018601411544662407,0.01074009370285084,0.0036912133182563536,0.001285436353529698,0.005777018978797794,54492.8274,0.3102739692891564,-0.02565007504381696,-0.029134423705093098,-0.07526056593077621,-0.003576075260058988,-0.002692737486863633,-0.001187747728959402,-0.0007558159075160365,0.35047163225681754,0.024244527604827225,-0.29905673548636486,-14.545955474293805,-3.1885395357133097,-11.357415938580495,-0.29445241996160476,0.014837953202918825,-0.02080224109646894,-0.0024556400506969903,0.007445037225186176,-0.018533599727105443,0.8660254037844387,-0.4999999999999998,0.7818314824680298,0.6234898018587336,1
2026-02-10T09:00:00+00:00,2026-02-10T10:00:00+00:00,0.0009529103470181079,0.004647641060638479,0.003987475047167693,0.0099712415708053,0.0009578781757632322,0.006535105117017088,0.002479174930583102,30100.6221,-0.44762231038134753,-0.022419954574463646,-0.027133045566199672,-0.07369381919901995,-0.004821181665675714,-0.0023544387541629412,-0.0011062461118382491,-0.0007400932552811363,0.35692857751970225,0.006456945262884659,-0.28614284496059555,-16.682288634891393,-5.887289355548926,-10.794999279342466,0.5624166592380284,0.014477214149128118,-0.02338217150892197,-0.00033209911423717466,0.010506906900888366,0.003987011672482813,0.7071067811865476,-0.7071067811865475,0.7818314824680298,0.6234898018587336,0
2026-02-10T10:00:00+00:00,2026-02-10T11:00:00+00:00,-0.001383379611265353,-0.0004317875009926736,0.003257831997489359,0.006196592866966906,-0.001383379611265353,0.00259184413185636,0.0022194527336011375,14015.9975,-0.5343618662286718,-0.021557094424833653,-0.027392663317263536,-0.07428464788464843,-0.00596413838679684,-0.0022640303693032987,-0.0011168192108014076,-0.0007460224107794823,0.3514610144973142,-0.005467563022388049,-0.29707797100537164,-18.38850648282505,-8.38753278100415,-10.0009737018209,0.7940255775215661,0.013904363911070831,-0.04089773388032219,-0.007867072581995895,0.002059834715678178,0.0032607440540091087,0.49999999999999994,-0.8660254037844387,0.7818314824680298,0.6234898018587336,0
2026-02-10T11:00:00+00:00,2026-02-10T12:00:00+00:00,-0.005362436134875177,-0.006738397461324831,-0.00579190820296994,0.010867557570099981,-0.005357497517378334,0.0044029332920662015,0.0010782693776489145,15977.348,0.1399365617752144,-0.024313242348787217,-0.03136956872605532,-0.07852211087974893,-0.007232163726660512,-0.002552755430247764,-0.0012787532566485298,-0.0007885446501437707,0.3303645284542307,-0.021096486043083472,-0.3392709430915386,-20.377269680119753,-10.785480160827271,-9.591789519292481,0.4091841825284188,0.013757057903741812,-0.015899853683028913,-0.009302578609509275,-0.0031499746210575195,-0.005792905399122422,0.258819045102521,-0.9659258262890682,0.7818314824680298,0.6234898018587336,1
2026-02-10T12:00:00+00:00,2026-02-10T13:00:00+00:00,0.0024710339904453578,-0.002904652906390688,-0.004284014280047537,0.007429686877539674,0.002476038338658165,0.0046609831885905005,0.0002987809736276673,12071.21,-0.24447974720210142,-0.019857777066603088,-0.027871405034425936,-0.07554376176948752,-0.008175984852320144,-0.0020859321149146017,-0.0011363156865176285,-0.0007586577880029044,0.34963344478430786,0.019268916330077133,-0.30073311043138434,-21.308326091902018,-12.89004934704222,-8.418276744859797,1.1735127744326839,0.013273614635274164,-0.03275727402479284,-0.0072473082132863305,0.003553134604332789,-0.004274781755695172,1.2246467991473532e-16,-1.0,0.7818314824680298,0.6234898018587336,1
2026-02-10T13:00:00+00:00,2026-02-10T14:00:00+00:00,0.007135885586805796,0.00962455259308808,0.004210505409605721,0.014180539829616,0.007140900829121289,0.002566143713936808,0.004524126200871248,22866.5166,0.8943019465322863,-0.011652765938153502,-0.020129975329929276,-0.06830777035535786,-0.008577156994649216,-0.0012251042195192679,-0.0008209571217681744,-0.0006860392818255334,0.40317506106479767,0.05354161628048985,-0.19364987787040464,-20.65182241347611,-14.442403960328999,-6.209418453147112,2.2088582917126853,0.01325106483159861,0.005424918595626491,0.0024634204369721377,0.009932088285229252,0.004244483442375976,-0.25881904510252035,-0.9659258262890684,0.7818314824680298,0.6234898018587336,0
2026-02-10T14:00:00+00:00,2026-02-10T15:00:00+00:00,-0.006274443878585335,0.0008166679945820416,0.0032897199994009205,0.02519156134938794,-0.006274443878585335,0.008717285302020093,0.010160214946760796,39644.3129,0.7337276854840233,-0.01618121955687174,-0.025273645354940363,-0.07346998359275596,-0.009241972179036105,-0.001700390018174253,-0.0010305143061973237,-0.0007378469747500959,0.3738254558346253,-0.029349605230172385,-0.25234908833074937,-20.91442696840204,-15.736808561943608,-5.177618406458432,1.03180004668868,0.014181649184935892,0.06351205749244579,-0.00881795944133202,0.0054027013506753145,0.0033324756986658184,-0.5000000000000001,-0.8660254037844386,0.7818314824680298,0.6234898018587336,1
2026-02-10T15:00:00+00:00,2026-02-10T16:00:00+00:00,0.006398646631505686,8.405480373206927e-05,0.0072205401960003185,0.012839528146104647,0.006403654113116355,0.0036239407512878717,0.002852679145283924,32239.0635,-0.1867922246169134,-0.008953006029329873,-0.018303842484412497,-0.06691436131740466,-0.009435310850011378,-0.0009415343648931225,-0.0007465378764373953,-0.0006720541833261348,0.41991125007817925,0.046085794243553975,-0.16017749984364144,-19.855961283874876,-16.560639106329862,-3.295322177545014,1.8822962289134182,0.014002057436194135,-0.006346055379024718,-0.008504860270292748,0.016728830087766024,0.007260088339726147,-0.7071067811865475,-0.7071067811865477,0.7818314824680298,0.6234898018587336,1
2026-02-10T16:00:00+00:00,2026-02-10T17:00:00+00:00,0.0016957867362778897,0.008105284107871412,0.0017799840790312482,0.01260062484884678,0.0016908343921647354,0.005754926977577542,0.00515771757424401,18282.0513,-0.4329223831207132,-0.006584352384157437,-0.015997019897714546,-0.06472405211977371,-0.009475054611981532,-0.0006926096839929897,-0.0006525135357428554,-0.0006500701200748536,0.4319205741321742,0.012009324053994916,-0.13615885173565162,-18.526782057719856,-16.953867696607862,-1.5729143611119945,1.7224078164330194,0.013879943967395383,-0.0070401113813282476,-0.001921191730008567,0.011012864143072393,0.001819989489198241,-0.8660254037844384,-0.5000000000000004,0.7818314824680298,0.6234898018587336,1
2026-02-10T17:00:00+00:00,2026-02-10T18:00:00+00:00,0.006964152628955341,0.008671749082890829,0.015125883172455017,0.01320458778551125,0.00696912264076449,0.0033035976865013277,0.0029800999901970038,14256.8127,-0.22017434115831405,0.0003021318378801162,-0.008788825681016162,-0.0576648373188882,-0.009088211680798115,3.180436284109258e-05,-0.00035859893948771604,-0.0005792104245625412,0.47964507221299024,0.04772449808081603,-0.04070985557401954,-16.14868685708302,-16.792831528702894,0.6441446716198733,2.2170590327318678,0.013742567386520282,-0.0030022631344592114,0.0012023064654643825,0.013905040204351422,0.015058585996738916,-0.9659258262890683,-0.25881904510252063,0.7818314824680298,0.6234898018587336,0
2026-02-10T18:00:00+00:00,2026-02-10T19:00:00+00:00,-0.015076953239878439,-0.008217798814465233,-0.006535947712418314,0.02312584600684769,-0.015076953239878439,0.0012192451628314583,0.006598853411895847,20737.0545,0.4545365038007407,-0.01339066511086684,-0.022823796211600647,-0.07120815681375539,-0.009561161411262974,-0.0014075596790086443,-0.0009307164787086544,-0.0007151480647057965,0.40062850534387356,-0.07901656686911665,-0.19874298931225284,-16.555265410919446,-16.745318305146206,0.19005289422675986,-0.45409177739311346,0.01460814305640672,0.04695842937881642,-0.01832002892121899,-0.005227722772277201,-0.006417013874645207,-1.0,-1.8369701987210297e-16,0.7818314824680298,0.6234898018587336,1
2026-02-10T19:00:00+00:00,2026-02-10T20:00:00+00:00,0.004235010749263472,-0.010905793549651994,-0.004017590531516306,0.010892242126910983,0.004235010749263472,0.003850442280532214,0.0028246487772244336,10033.8951,-0.516136918095094,-0.008342315255355835,-0.017965846655050355,-0.06664992871210779,-0.009704489308901606,-0.0008773679973607842,-0.0007327625288091013,-0.0006694001330749468,0.4286707356414967,0.028042230297623122,-0.1426585287170066,-16.006285469783734,-16.597511738073713,0.5912262682899794,0.4011733740632195,0.014285517154341815,-0.0179438674953637,-0.012092135216507989,0.010905830135558908,-0.003877789861659626,-0.9659258262890684,0.2588190451025203,0.7818314824680298,0.6234898018587336,0
2026-02-10T20:00:00+00:00,2026-02-10T21:00:00+00:00,-0.003171535469164296,0.0010500437932955946,-0.014042740907754186,0.008336854664313581,-0.003171535469164296,0.0017747508140488362,0.00338047774104544,6872.1653,-0.3151049286931453,-0.010404738541751442,-0.020270477589738673,-0.0689652118415117,-0.009969468763875514,-0.0010940374072183799,-0.0008266824629142499,-0.0006926376275457422,0.41302042044066317,-0.015650315200833518,-0.17395915911867363,-15.904306479209708,-16.458870686300912,0.5545642070912038,-0.036662061198775575,0.013902817352675899,-0.029875927865273294,-0.006995043737535332,0.0038977112799065475,-0.014013477959779263,-0.8660254037844386,0.5000000000000001,0.7818314824680298,0.6234898018587336,0
2026-02-10T21:00:00+00:00,2026-02-10T22:00:00+00:00,-0.0015411001466530334,-0.004707747962040685,-0.0004926745760012785,0.01043092932360778,-0.0015460637515161864,0.003181557917797356,0.005700913639871566,8420.299,0.22527596942407677,-0.010805909509795743,-0.020944096964305027,-0.06974839047685132,-0.010248936535281172,-0.001136171804220138,-0.0008541309372708187,-0.0007004978078614144,0.4053017214643556,-0.007718698976307579,-0.18939655707128877,-15.890456199082337,-16.345187788857196,0.45473158977485895,-0.09983261731634485,0.013674751289910046,-0.017920124940447656,-0.006465431952194357,0.001845616660431498,-0.0004776248665538576,-0.7071067811865477,0.7071067811865474,0.7818314824680298,0.6234898018587336,1
2026-02-10T22:00:00+00:00,2026-02-10T23:00:00+00:00,0.004730015683736214,0.003181626109219304,0.0,0.006561114001833548,0.004725013194188586,0.0011893258009365265,0.0006689957630269018,7117.0681,-0.15477252054826085,-0.005546718216849908,-0.015683449118130164,-0.06474015017259843,-0.010193270098223343,-0.0005835243759540694,-0.0006397312622624749,-0.0006502316992435377,0.43984978289047966,0.03454806142612405,-0.12030043421904069,-14.940682262240898,-16.064286683533936,1.123604421293038,0.6688728315181791,0.013106855435567843,-0.036995204654346005,0.0,0.010490736104156257,1.7380067918884492e-05,-0.5000000000000004,0.8660254037844384,0.7818314824680298,0.6234898018587336,1
2026-02-10T23:00:00+00:00,2026-02-11T00:00:00+00:00,0.0023390074085086485,0.007080086633971484,0.005528075364768521,0.0050477833754393,0.0023390074085086485,8.899128379806705e-05,0.0026252428720453386,7818.2647,0.0985232388039113,-0.0029148468308695325,-0.012863125322313216,-0.06196872699931624,-0.009977360970448837,-0.00030673186888980844,-0.0005247500162079437,-0.0006224136363679507,0.45673632568952494,0.016886542799045258,-0.08652734862095017,-13.649768981100124,-15.581383143047173,1.9316141619470493,0.8080097406540112,0.012502806617019423,-0.04385526826550817,0.0011483158858614417,0.007752440075531572,0.005527922945591829,-0.2588190451025207,0.9659258262890683,0.7818314824680298,0.6234898018587336,1
2026-02-11T00:00:00+00:00,2026-02-11T01:00:00+00:00,0.0013546450978162573,0.003696821031244598,0.008444322736438565,0.005119951022262217,0.0013546450978162573,0.0020983405828943276,0.0016687979223960132,6888.5148,-0.11892023814440561,-0.001415394465897649,-0.011078916541120074,-0.06013038343559474,-0.009677219157663461,-0.0001489666967641522,-0.000451996282123899,-0.000603960472972566,0.46678552397049067,0.010049198280965755,-0.06642895205901865,-12.264241265322198,-14.917954767502177,2.653713502179979,0.7220993402329299,0.011959753975054324,-0.04213865222505541,0.0012655411918828252,0.006344900230542959,0.00842366819006112,0.0,1.0,0.9749279121818236,-0.22252093395631434,0
2026-02-11T01:00:00+00:00,2026-02-11T02:00:00+00:00,-0.0004739781081361484,0.0008800249175594499,0.003221090710869942,0.007122922275185889,-0.0004739781081361484,0.0027711230210674008,0.003877596384203184,7138.6739,0.036315389784747194,-0.0017091327874685736,-0.01109982126156277,-0.060009286462732944,-0.009406765886094163,-0.0001798763531468648,-0.00045284876413147185,-0.0006027448861527275,0.4635501622722267,-0.003235361698263972,-0.0728996754555466,-11.11553161603365,-14.157470137208472,3.0419385211748224,0.3882250189948433,0.011619532249746569,-0.02890771247820302,-0.0025669323926175006,0.0025553536143892567,0.0032196743981887576,0.25881904510252074,0.9659258262890683,0.9749279121818236,-0.22252093395631434,0
2026-02-11T02:00:00+00:00,2026-02-11T03:00:00+00:00,-0.003260144730667656,-0.0037325776015721124,-0.002382988821706044,0.00888073940084736,-0.003260144730667656,0.0038952350273805786,0.0017146963352081717,6254.7626,-0.12382009773551916,-0.004493095679393831,-0.013769796872684635,-0.06248540814894427,-0.009318570421791081,-0.00047273385694144844,-0.000561716822291478,-0.0006275999227297404,0.44092322257660577,-0.022626939695620935,-0.11815355484678847,-10.615368425097813,-13.44904979478634,2.8336813696885272,-0.2082571514862952,0.011459194787202526,-0.017014118279292008,-0.0064844265442979745,0.0006198552018248537,-0.002379477740987547,0.49999999999999994,0.8660254037844387,0.9749279121818236,-0.22252093395631434,0
2026-02-11T03:00:00+00:00,2026-02-11T04:00:00+00:00,-0.004093465817578111,-0.007340265257230421,-0.00781076424032673,0.011634213944137915,-0.004088530309638029,0.0017615533516787958,0.005767345577953671,12912.1584,1.0643722593084508,-0.007758484100615368,-0.017120542271047517,-0.0657065226082002,-0.009435261496739752,-0.0008160161107993504,-0.0006983096665666373,-0.0006599312645190394,0.4137061239676669,-0.02721709860893881,-0.1725877520646661,-10.761447196585777,-12.911529275146227,2.15008207856045,-0.6835992911280773,0.011515432452022415,0.0007940903241357981,-0.01117939684398543,-0.002382855355715716,-0.007827588656381916,0.7071067811865475,0.7071067811865476,0.9749279121818236,-0.22252093395631434,0
2026-02-11T04:00:00+00:00,2026-02-11T05:00:00+00:00,-0.019008852552013008,-0.02302450628143807,-0.02620958778927607,0.024317867088703937,-0.019008852552013008,0.0008319003342819534,0.004108776041270442,34552.9842,1.6760037423332723,-0.024145847460782178,-0.0344482443461131,-0.08270454546667606,-0.010557312133707282,-0.0025352244545078545,-0.0014040765866439437,-0.0008305111399030525,0.3164268739656815,-0.09727925000198547,-0.367146252068637,-13.80055224892999,-13.08933386990298,-0.7112183790270095,-2.8613004575874594,0.012637090461783544,0.07654436115699946,-0.024730629569897796,-0.013318318318318268,-0.026362463100258776,0.8660254037844386,0.5000000000000001,0.9749279121818236,-0.22252093395631434,1
2026-02-11T05:00:00+00:00,2026-02-11T06:00:00+00:00,0.0015522042822576686,-0.017486153892087377,-0.021508040736427318,0.005125477981210017,0.0015471238713604314,0.0035199675859100233,6.0776418749585065e-05,9363.0101,-0.7290245599105156,-0.020520005160012324,-0.03169833170745897,-0.0805370876392908,-0.011412511339011867,-0.0021553449967954006,-0.0012921376774998542,-0.0008087633386472208,0.3300173468754807,0.01359047290979916,-0.3399653062490387,-15.780243646077906,-13.627515825137966,-2.1527278209399405,-1.441509441912931,0.012082360691799203,-0.042412886067375824,-0.018287316716636075,0.005684335987042201,-0.021550114087333448,0.9659258262890683,0.25881904510252074,0.9749279121818236,-0.22252093395631434,0
2026-02-11T06:00:00+00:00,2026-02-11T07:00:00+00:00,-0.012793436146775047,-0.011261089890889192,-0.03005588204559132,0.01963892693888229,-0.012793436146775047,0.0015596222020428812,0.0051200755185487395,40991.6462,3.3780414377636956,-0.029997637032817527,-0.04243072251191611,-0.09146577102348584,-0.012817582671723062,-0.0031477066600991673,-0.0017288720498656932,-0.0009184097283373582,0.28044942169204573,-0.04956792518343491,-0.4391011566159085,-19.16649481311879,-14.73531162273413,-4.431183190384658,-2.2784553694447176,0.012767509356743723,0.04318761561139614,-0.016256182497224204,-0.011205916967655492,-0.030250084416530387,1.0,6.123233995736766e-17,0.9749279121818236,-0.22252093395631434,1
2026-02-11T07:00:00+00:00,2026-02-11T08:00:00+00:00,0.0008721571524582239,-0.01193243688115675,-0.010398754178523782,0.006699506379139744,0.0008721571524582239,0.003936664804268737,0.001891444417676063,15621.0381,-0.6189214255074246,-0.026448726465993656,-0.040029669082269244,-0.0898522303736091,-0.013949899697605605,-0.0027763469080052004,-0.0016311988869639087,-0.000902222750223124,0.2881980248522071,0.007748603160161309,-0.4236039502955859,-21.465506470337687,-16.081350592254843,-5.384155878082844,-0.9529726876981854,0.01232374968493965,-0.03391510538760908,-0.01345139545585561,0.006023071250663963,-0.010369074712059155,0.9659258262890683,-0.25881904510252085,0.9749279121818236,-0.22252093395631434,0
2026-02-11T08:00:00+00:00,2026-02-11T09:00:00+00:00,-0.000394691653553101,0.000477121265756461,-0.01232241890146631,0.008517424568744554,-0.00039981546978327953,0.0014460648575471953,0.006671384325067171,14519.1648,-0.07053777687156396,-0.024339657742037432,-0.03888553183167747,-0.08939407413831682,-0.01490874791115999,-0.0025555218121870345,-0.0015846494650800314,-0.0008976264487739996,0.2866920965324009,-0.0015059283198061734,-0.42661580693519824,-23.083529774764656,-17.481786428756806,-5.601743346007851,-0.21758746792500716,0.012056387749657716,-0.022080981669992197,-0.004314372220548689,0.00237471087124127,-0.012315970647869923,0.8660254037844387,-0.4999999999999998,0.9749279121818236,-0.22252093395631434,0
2026-02-11T09:00:00+00:00,2026-02-11T10:00:00+00:00,-0.0015999015445202814,-0.0019939617302872532,-0.0011235436258138275,0.005654853620955311,-0.00160502120371468,0.002152028762198165,0.0018952234206471774,9783.0834,-0.32619516792040276,-0.023491840608122243,-0.03889966071466249,-0.09002834906436712,-0.01577848577951002,-0.002466725545766007,-0.0015852243275984764,-0.0009039895916969717,0.28030083996717137,-0.006391256565229497,-0.4393983200656572,-24.33704057139812,-18.852837257285067,-5.484203314113053,0.11754003189479789,0.011617075259326162,-0.03797975616658132,-0.003439592162643586,0.005105543825595913,-0.0011224360456151587,0.7071067811865476,-0.7071067811865475,0.9749279121818236,-0.22252093395631434,0
2026-02-11T10:00:00+00:00,2026-02-11T11:00:00+00:00,-0.003954802259887029,-0.005548376510163445,-0.005940878265817214,0.007724436652400361,-0.003954802259887029,0.0,0.0037539318310730535,13999.7793,0.43101910998734827,-0.02481326091573648,-0.04109490311379682,-0.0927819308543025,-0.016695922478754587,-0.0026051178365412184,-0.00167453421601749,-0.0009316130050340199,0.2646218852789009,-0.015678954688270467,-0.47075622944219814,-25.65603574743409,-20.21347695531487,-5.442558792119218,0.041644521993834616,0.011381860608349274,-0.0241220490336016,-0.007685537680625477,-0.0020634896130828284,-0.0059493954579604115,0.49999999999999994,-0.8660254037844387,0.9749279121818236,-0.22252093395631434,1
2026-02-11T11:00:00+00:00,2026-02-11T12:00:00+00:00,0.007404733666787051,0.003420647149460751,0.0018152729062827883,0.010119468075304804,0.007409928375848954,0.001463919003306563,0.001300123870069492,11530.9247,-0.17634953716734666,-0.015943521865032017,-0.03270494943769077,-0.08528089343207076,-0.017032993476579543,-0.0016754536035652285,-0.0013331163239070267,-0.0008563604246227523,0.3388919110947836,0.07427002581588268,-0.32221617781043277,-25.251532985098265,-21.22108816127155,-4.030444823826716,1.412113968292502,0.01121400527402168,-0.0074520866889988425,0.003420647149460751,0.01120071220794821,0.0018500298623797407,0.258819045102521,-0.9659258262890682,0.9749279121818236,-0.22252093395631434,0
2026-02-11T12:00:00+00:00,2026-02-11T13:00:00+00:00,-0.0006756549246031365,0.006724075697416575,0.0027426810477657513,0.009229949701383971,-0.0006705397589128927,0.00688916889476209,0.0016697911224479297,15263.0539,0.3236626113775595,-0.0150504577676669,-0.03209231277043481,-0.08511696300520402,-0.017302261965768822,-0.0015817528067210704,-0.0013081767491038739,-0.0008547157005080529,0.3355372565967704,-0.00335465449801319,-0.32892548680645917,-24.752147254093416,-21.927299979835922,-2.8248472742574933,1.205597549569223,0.011079327373722506,-0.012677335075796289,-0.0021364463435078933,0.008049567574544943,0.0027742764822968856,1.2246467991473532e-16,-1.0,0.9749279121818236,-0.22252093395631434,1
2026-02-11T13:00:00+00:00,2026-02-11T14:00:00+00:00,0.004230820451355804,0.0035523069520795978,0.010983344505749474,0.013317351831072187,0.004230820451355804,0.004248699377741587,0.004855656431704571,33012.4368,1.1628985271420684,-0.009857023955800327,-0.026928903117210103,-0.08050291687844094,-0.017241832315586403,-0.0010365060096034727,-0.0010979321228344469,-0.0008084204690714899,0.3770902686749718,0.041553012078201376,-0.24581946265005641,-23.419897496136855,-22.22581948309611,-1.1940780130407447,1.6307692612167486,0.01119584318439597,0.014791819707112436,-0.0033043566671750292,0.005910480842243511,0.010959899193539718,-0.25881904510252035,-0.9659258262890684,0.9749279121818236,-0.22252093395631434,0
2026-02-11T14:00:00+00:00,2026-02-11T15:00:00+00:00,-0.008823829439967333,-0.004630341026665419,-0.005302867438551297,0.04043637112128849,-0.008823829439967333,0.02841043585653272,0.0031235527196006464,75602.5202,1.2901223759404514,-0.01685287513422928,-0.034169957038330936,-0.08781207582217755,-0.017613927220166522,-0.001770845399771092,-0.0013927496670221317,-0.0008817552468702633,0.33047565526550104,-0.046614613409470776,-0.33904868946899797,-23.489275634534124,-22.478510713383713,-1.010764921150411,0.18331309189033362,0.013377002738906848,0.18427581826085546,-0.013017222552350825,0.00024706354680311,-0.005268663913214666,-0.5000000000000001,-0.8660254037844386,0.9749279121818236,-0.22252093395631434,0
2026-02-11T15:00:00+00:00,2026-02-11T16:00:00+00:00,-0.007121906036124077,-0.015882892991941178,-0.011719270209082375,0.024514631036663084,-0.007142342564862496,0.0037057000404258655,0.013615208400277789,66920.5784,-0.11483667180713905,-0.021632020387056274,-0.03950235117356638,-0.09345789887756051,-0.018265449359432084,-0.0022718815787817564,-0.0016097454059282536,-0.0009383939552782794,0.29866743935230405,-0.03180821591319699,-0.40266512129539195,-24.379993257101205,-22.85880722212721,-1.5211860349739936,-0.5104211138235826,0.01426164694832195,0.058538830798861644,-0.04283637842852248,-0.004010881516391953,-0.011714915024735609,-0.7071067811865475,-0.7071067811865477,0.9749279121818236,-0.22252093395631434,0
2026-02-11T16:00:00+00:00,2026-02-11T17:00:00+00:00,-0.007323292527442968,-0.014393042762311545,-0.023089870447822087,0.0241838221089838,-0.007323292527442968,0.014034135109876566,0.0027723682080894392,34074.7241,-0.4908184460641183,-0.026125985966127422,-0.044793146757851544,-0.09919958566778572,-0.01916794218012152,-0.0027425614572614493,-0.0018249551540330978,-0.0009959877798261178,0.2700854899397288,-0.028581949412575226,-0.4598290201205424,-25.927193750484548,-23.472484527798677,-2.454709222685871,-0.9335231877118773,0.015068071267533175,0.04880757657351935,-0.018026239560315654,0.0063787640750528705,-0.02326902800353438,-0.8660254037844384,-0.5000000000000004,0.9749279121818236,-0.22252093395631434,1
2026-02-11T17:00:00+00:00,2026-02-11T18:00:00+00:00,0.007596602152109653,0.0002176774848921837,-0.006905778829825475,0.01745186229195601,0.007591341485062805,0.006528903351503673,0.003388811739590007,24595.9198,-0.2781769933685244,-0.016974523376702712,-0.036117954942929575,-0.09152169828891053,-0.01947399332109351,-0.0017836050033555899,-0.001472032169443274,-0.0009189707791208516,0.3401145117946753,0.07002902185494647,-0.31977097641064944,-25.683237513101403,-23.914635124859224,-1.7686023882421793,0.6861068344436916,0.015132853420604098,0.011928561840607043,-0.013525256346033824,0.010397796881708112,-0.006848596411457392,-0.9659258262890683,-0.25881904510252063,0.9749279121818236,-0.22252093395631434,1
2026-02-11T18:00:00+00:00,2026-02-11T19:00:00+00:00,0.007332062097125139,0.014984363007941214,0.007551335606853698,0.01690303133182096,0.007295525790823558,0.0023353549070744607,0.007324989840691763,22146.2139,-0.09959806016280802,-0.008844964159447175,-0.02794330255775069,-0.08408729614176168,-0.019268769978156942,-0.0009301828132423488,-0.0011392436052653856,-0.0008443848653419993,0.4003663359163304,0.06025182412165513,-0.19926732816733916,-24.070642312723066,-23.945836562431992,-0.12480575029107399,1.6437966379511053,0.015157014959043863,0.008940396735907177,0.0007979490136320346,0.018456621961441752,0.007605371721791824,-1.0,-1.8369701987210297e-16,0.9749279121818236,-0.22252093395631434,1
2026-02-11T19:00:00+00:00,2026-02-11T20:00:00+00:00,0.004243761670344594,0.011606939291562098,0.019291714743673437,0.01102300899461142,0.004248927480169953,0.003851906488823315,0.0029401520273731273,22517.9407,0.0167851173874917,-0.0041988087676946865,-0.022905476188258146,-0.0794657819611922,-0.01878554432879713,-0.00044178461037882,-0.0009340441413232351,-0.000798013740455267,0.43287949465234227,0.03251315873601186,-0.13424101069531547,-21.874784052452696,-23.531626060436132,1.6568420079834354,1.7816477582745094,0.014802252943839677,-0.019261363950305914,0.0019039603401468956,0.019089528164492504,0.019172425919579385,-0.9659258262890684,0.2588190451025203,0.9749279121818236,-0.22252093395631434,1
2026-02-11T20:00:00+00:00,2026-02-11T21:00:00+00:00,0.000998832134734795,0.0052468326106078845,0.01261736481024722,0.009389887577204273,0.0010039594933078091,0.002358985380431116,0.006027949627218891,11739.0169,-0.47868159631488855,-0.0028998963689821707,-0.02108767650088731,-0.0778255923682404,-0.01824067620259282,-0.000305159098865262,-0.00085998128545885,-0.0007815554507770172,0.4406002672016377,0.007720772549295418,-0.11879946559672462,-19.749541437682865,-22.77520913588548,3.0256676982026143,1.3688256902191789,0.014401940219918224,-0.026072220539095834,-0.0028421267476272764,0.008228945250428239,0.012574655902204527,-0.8660254037844386,0.5000000000000001,0.9749279121818236,-0.22252093395631434,1
2026-02-11T21:00:00+00:00,2026-02-11T22:00:00+00:00,0.008299944223556096,0.009307066609297884,0.01359032525218236,0.01885356136923031,0.00829478467332571,0.00894211982034555,0.0016848943134816596,17835.2932,0.5193174481246381,0.0048614918141946135,-0.012460749673998852,-0.06952191330914975,-0.017238436967984102,0.0005119979882339824,-0.0005083434829839935,-0.00069822483801492,0.5014046087511417,0.06080434154950396,0.002809217502283303,-16.56549618180702,-21.533266545069786,4.967770363262765,1.9421026650601512,0.01460982978027572,0.022854582620347993,0.005926977190582247,0.015439399326974133,0.013542538028635483,-0.7071067811865477,0.7071067811865474,0.9749279121818236,-0.22252093395631434,0
2026-02-11T22:00:00+00:00,2026-02-11T23:00:00+00:00,-0.009632317490928476,-0.0014123209652906724,-0.0004148995021205695,0.012759611984811497,-0.009637343564446885,0.0014296914633583728,0.001598794754723423,10030.0385,-0.4376297385455934,-0.0043608298575730205,-0.021129560461464914,-0.07776436200815479,-0.016842176469908383,-0.00045882410565402593,-0.0008616878928585407,-0.0007809410314278881,0.44099866772648844,-0.0604059410246532,-0.1180026645470231,-15.396167321142912,-20.305846700284413,4.909679379141501,-0.058090984121264455,0.014609616932622803,-0.009646745957236353,-0.018409814543753445,0.00028191827445510554,-0.0003335411326375857,-0.5000000000000004,0.8660254037844384,0.9749279121818236,-0.22252093395631434,0
2026-02-11T23:00:00+00:00,2026-02-12T00:00:00+00:00,-0.005272948085289532,-0.014854474866147317,-0.006677821955450461,0.012626340679380578,-0.005272948085289532,0.0028230251702572756,0.004502416056213236,12362.3408,0.23253173953420012,-0.008703437164557286,-0.02528614079764543,-0.08187241320431561,-0.01672829731766245,-0.0009153127155633299,-0.0010310232733872443,-0.0008221618174098388,0.41201781390608055,-0.028980853820407902,-0.1759643721878389,-15.125426278501436,-19.269762615927817,4.144336337426381,-0.7653430417151199,0.014539866731339056,-0.010022039893337652,-0.016252375522614944,-0.003680036954345906,-0.006605321352661913,-0.2588190451025207,0.9659258262890683,0.9749279121818236,-0.22252093395631434,1
2026-02-12T00:00:00+00:00,2026-02-12T01:00:00+00:00,0.009076953193418379,0.003756142805167349,-0.005912355045801766,0.011404941801102674,0.009071754954435114,0.0024147437206453026,0.0,9494.7021,-0.231965672714669,0.00026645878344938665,-0.015804241764070734,-0.0728601983996768,-0.016066419508923385,2.804907972350304e-05,-0.0006446552439485707,-0.0007317274833171952,0.47557080202091717,0.06355298811483663,-0.04885839595816563,-13.3353536521754,-18.082880823177334,4.747527171001934,0.6031908335755531,0.014194859845679192,-0.014866766748802973,0.0009453486292444411,0.01364078574237746,-0.005828312382799629,0.0,1.0,0.43388373911755823,-0.900968867902419,1
2026-02-12T01:00:00+00:00,2026-02-12T02:00:00+00:00,0.003645088829895906,0.012755128324009104,0.0074149231092458644,0.009634068181124578,0.0036399650808399534,0.006007304393826843,0.0,11412.1095,0.20194497729423233,0.0035385794851545693,-0.011743298221492933,-0.06883693172530567,-0.015227992245686823,0.0003726208456457592,-0.0004790886587958595,-0.0006913501638318627,0.49919294197566333,0.023622139954746116,-0.0016141160486733953,-11.211332607023223,-16.70857117994651,5.497238572923287,0.7497114019213527,0.013821581135825729,-0.022747517224839253,0.0012273812979684965,0.012749911136982985,0.007449093938024752,0.25881904510252074,0.9659258262890683,0.43388373911755823,-0.900968867902419,0
2026-02-12T02:00:00+00:00,2026-02-12T03:00:00+00:00,-0.003687803290029197,-5.615683071263016e-05,0.00902028662978188,0.008434208578182348,-0.0036827353974963548,0.0030530609744267943,0.0016847995343826508,12120.1321,0.062041343013752207,-0.00014682105043793003,-0.01479327851388569,-0.0716032555858077,-0.014648608187489299,-1.5454608565944475e-05,-0.0006034429230472975,-0.0007191132134530858,0.4757590763423808,-0.023433865633282522,-0.04848184731523844,-9.997796658747347,-15.366416275706678,5.3686196169593305,-0.12861895596395634,0.013484274469020037,-0.028002152196104583,-0.009637214005814661,-6.12616843899566e-05,0.009034238733285087,0.49999999999999994,0.8660254037844387,0.43388373911755823,-0.900968867902419,1
2026-02-12T03:00:00+00:00,2026-02-12T04:00:00+00:00,0.005105453134492952,0.0013988219375972817,0.005049009597712937,0.006054787701466379,0.00510032164190535,0.00021333983511870604,0.0007670075024508637,9159.6666,-0.24426016775840256,0.004483586154217485,-0.009384068169120052,-0.06624213372343049,-0.013805755031230991,0.0004721792853393139,-0.0003828765399823808,-0.000665307159373059,0.5099317340812115,0.034172657738830735,0.019863468162423032,-8.135364828516913,-13.920205986268725,5.784841157751812,0.4162215407924812,0.012889995605359871,-0.039191548377877757,-0.0016329345659791914,0.006801712190407005,0.005062738674359661,0.7071067811865475,0.7071067811865476,0.43388373911755823,-0.900968867902419,0
2026-02-12T04:00:00+00:00,2026-02-12T05:00:00+00:00,-0.0014781402861801917,0.003619766272355461,-8.13860036420653e-05,0.007661081097579559,-0.00148321227205774,0.003382881095544702,0.0027927845435399734,12225.7973,0.3347426095181237,0.0027124420587030305,-0.010427348541384227,-0.06699457747510618,-0.013104246091840155,0.00028560176178245506,-0.00042542499945451,-0.00067285929197117,0.4997233926110675,-0.010208341470143979,-0.0005532147778649232,-6.815620632997252,-12.49928891561443,5.6836682826171785,-0.10117287513463324,0.012534220179707182,-0.02903823809687923,-0.0016911193381781249,0.004388945375768279,-6.049044171643715e-05,0.8660254037844386,0.5000000000000001,0.43388373911755823,-0.900968867902419,1
2026-02-12T05:00:00+00:00,2026-02-12T06:00:00+00:00,0.0024977362675376097,0.001015903976756117,0.006126543761391542,0.009544880219618482,0.0024977362675376097,0.0006393699668643931,0.006413997127909449,11882.6553,-0.02806704475625486,0.004717756566687892,-0.0076460559564895504,-0.06406197040674412,-0.01230575695748321,0.0004968526943947077,-0.00031198655060674964,-0.0006434246367508915,0.5172827709105713,0.017559378299503763,0.034565541821142604,-5.312281213339247,-11.061887375159394,5.749606161820147,0.06593787920296812,0.012291697378048229,-0.016899446498565774,-0.002359075606854408,0.00530533747557764,0.00612504911585037,0.9659258262890683,0.25881904510252074,0.43388373911755823,-0.900968867902419,1
2026-02-12T06:00:00+00:00,2026-02-12T07:00:00+00:00,0.0022174974247598004,0.004720772416038403,0.0032356541659681773,0.008855427176895896,0.0022174974247598004,0.0040201310339939315,0.0026227051330086496,13953.5182,0.1742761064524021,0.006280064638062208,-0.00523308160881554,-0.06140762392096869,-0.011441294179884987,0.0006614967242366855,-0.00021354955455380075,-0.0006167813953869908,0.5329938553385039,0.015711084427932606,0.06598771067700782,-3.725308377842566,-9.594571575696028,5.869263197853462,0.11965703603331512,0.012020995614501992,-0.019854478126338386,0.0015771190953116966,0.011222953807714677,0.003237093406117218,1.0,6.123233995736766e-17,0.43388373911755823,-0.900968867902419,0
2026-02-12T07:00:00+00:00,2026-02-12T08:00:00+00:00,-0.003539132988364915,-0.0013294835818926966,0.0011649319862853237,0.0059601538563160954,-0.003539132988364915,0.0014532003434837822,0.0009552505754367893,14432.7233,0.03434295875286845,0.002459144584236049,-0.008413300042246916,-0.06412665556494938,-0.010845773301805977,0.00025892434912074637,-0.0003432821186442669,-0.000644073902107216,0.5046978431763494,-0.028296012162154584,0.009395686352698647,-2.997106773076439,-8.27507861517211,5.2779718420956705,-0.5912913557577912,0.011627723708249271,-0.03613876759792628,-0.00752899646999499,0.0013024609388911507,0.001176100703932495,0.9659258262890683,-0.25881904510252085,0.43388373911755823,-0.900968867902419,0
2026-02-12T08:00:00+00:00,2026-02-12T09:00:00+00:00,-0.0012956856209382565,-0.004830233005579559,-0.0026234466100706214,0.008481216166714189,-0.0012956856209382565,0.002976311612194298,0.004207537954332687,15136.9835,0.0487960716325796,0.0010496545354481209,-0.009321312679465047,-0.06473119583512223,-0.01036009269662649,0.00011050216047814642,-0.0003803170459332223,-0.0006501418228890927,0.49438645159177547,-0.010311391584573854,-0.011227096816449062,-2.5958421907319007,-7.139231330284067,4.543389139552167,-0.7345827025435039,0.011416981059916675,-0.019396355828995918,-0.0062692121016017285,-0.0003407605572198377,-0.002617321184543371,0.8660254037844387,-0.4999999999999998,0.43388373911755823,-0.900968867902419,1
2026-02-12T09:00:00+00:00,2026-02-12T10:00:00+00:00,0.008603321258496522,0.007296488437911318,0.0037315322066165677,0.013311945440696568,0.008603321258496522,0.0036520835540220886,0.001129926403454351,14651.4079,-0.03207875598199603,0.00873377848703141,-0.0007669082750378486,-0.056152421727468926,-0.009418428295639157,0.0009201910770593516,-3.130139876474409e-05,-0.0005640276402968838,0.5587653513690652,0.06437889977728979,0.11753070273813052,-0.9029329915647395,-5.891971662540202,4.989038670975463,0.445649531423296,0.011461905697536308,0.012572070831759445,0.004311218286455374,0.012864989142930165,0.0037685026491933496,0.7071067811865476,-0.7071067811865475,0.43388373911755823,-0.900968867902419,1
2026-02-12T10:00:00+00:00,2026-02-12T11:00:00+00:00,0.00591193636093079,0.014566119907200185,0.013251561174145308,0.00910663691297048,0.00591193636093079,0.0007923175287716205,0.0024371286011584522,12025.198,-0.1792462484100248,0.013279013659082439,0.0049379107426086154,-0.05009445435929844,-0.008231792827084234,0.001399747465768353,0.00020158800678335526,-0.0005032085065702327,0.5970596640668987,0.03829431269783342,0.19411932813379734,1.3686389791969304,-4.439849534192776,5.808488513389706,0.8194498424142438,0.011231120106868655,-0.014342110960589146,0.0022516296672312583,0.015723686891324782,0.013219571998489055,0.49999999999999994,-0.8660254037844387,0.43388373911755823,-0.900968867902419,0
2026-02-12T11:00:00+00:00,2026-02-12T12:00:00+00:00,-0.0025725246345561312,0.003324203124448237,0.011956123570352884,0.008903882313903348,-0.002577526377020951,0.003650038712531795,0.0026696564137112474,15103.4989,0.2559875438225633,0.009646111776883176,0.0022602125923868992,-0.052042548655147715,-0.007315334648788755,0.0010164122318824045,9.226208670680999e-05,-0.000522767261452365,0.5735934363713067,-0.023466227695592038,0.14718687274261327,2.7235328140761794,-3.0071730645389847,5.730705878615164,-0.07778263477454228,0.011091786626237245,-0.014946628063035487,-0.0033621782505649745,0.00578993411105551,0.01194273298487118,0.258819045102521,-0.9659258262890682,0.43388373911755823,-0.900968867902419,0
2026-02-12T12:00:00+00:00,2026-02-12T13:00:00+00:00,-0.004107550451981415,-0.006669508311812141,-0.000797001659579483,0.008026857157281011,-0.004107550451981415,0.0008733624454148564,0.0030290027008607417,12244.5334,-0.18929160182876567,0.004972626709615818,-0.0017839429855002276,-0.05541059174797825,-0.006723138039329244,0.0005237085175345983,-7.280869791565054e-05,-0.000556580415053619,0.5373701021752371,-0.0362233341960696,0.07474020435047407,3.1022840201603685,-1.785281647599114,4.887565667759483,-0.8431402108556814,0.010915343364830372,-0.019949769359535713,-0.010277702830990079,-0.0014417429967082524,-0.0007681387256067559,1.2246467991473532e-16,-1.0,0.43388373911755823,-0.900968867902419,1
2026-02-12T13:00:00+00:00,2026-02-12T14:00:00+00:00,0.007138349698361865,0.0030014781148505433,0.0004212321039038779,0.010426117424147466,0.007138349698361865,0.0006566448954631078,0.0026817177028455826,11624.9909,-0.05059747723829146,0.010976967594998915,0.005131120105316878,-0.048206870183039784,-0.005782374551606902,0.001156806929176184,0.0002094773452544761,-0.00048425653960695446,0.5860895820818296,0.04871947990659258,0.17217916416365925,4.49164996201921,-0.5298953256754491,5.021545287694659,0.13397961993517615,0.010808559468429667,-0.002714401021499356,0.002129850558834615,0.010198242904524445,0.00045827461182431934,-0.25881904510252035,-0.9659258262890684,0.43388373911755823,-0.900968867902419,0
2026-02-12T14:00:00+00:00,2026-02-12T15:00:00+00:00,-0.00826570559250924,-0.0011863593911704113,-0.0052890368120984115,0.01144301238311846,-0.00826570559250924,0.0005357594136972178,0.002572656052565033,23170.373,0.9931519258221525,0.0023703637887585037,-0.003052790007179615,-0.055547153225955645,-0.005410329347168333,0.0002495742495287065,-0.00012458814962127852,-0.0005579513629759154,0.5176285977558464,-0.06846098432598331,0.0352571955116926,4.213556042255959,0.4187949479108326,3.7947610943451267,-1.2267841933495323,0.010937527878298582,0.00356773024468896,-0.008916495516705883,0.0015186028853454822,-0.005234906346128789,-0.5000000000000001,-0.8660254037844386,0.43388373911755823,-0.900968867902419,0
2026-02-12T15:00:00+00:00,2026-02-12T16:00:00+00:00,-0.015178165276724777,-0.023318412623622164,-0.01634651790897841,0.020426283186294865,-0.015178165276724777,0.003238438364460292,0.0017757522568990214,33288.1881,0.4366703591694445,-0.0116347940675501,-0.01748396540423507,-0.06923501145922464,-0.00591802635460716,-0.0012232170725064392,-0.0007131223346125693,-0.000695345419207628,0.42114921925061716,-0.09647937850522915,-0.15770156149876569,1.5521029023589108,0.6454565388004483,0.9066463635584625,-2.888114730786664,0.011771825578669367,0.059942520231633295,-0.023837078229503234,-0.012638022509260646,-0.016305521170872153,-0.7071067811865475,-0.7071067811865477,0.43388373911755823,-0.900968867902419,0
2026-02-12T16:00:00+00:00,2026-02-12T17:00:00+00:00,-0.02016453935652074,-0.03503664392216322,-0.04301274693106228,0.02771870646036522,-0.020169568073575277,0.0008799589352497217,0.006253993861238885,74532.6092,1.239010695808944,-0.028644669628397696,-0.03588584857828008,-0.08720416327226577,-0.007454716851259972,-0.003006164110589597,-0.0014625862216570491,-0.0008756563054957652,0.3335518651192275,-0.08759735413138962,-0.33289626976154496,-3.6850139782143287,-0.22063756460250716,-3.464376413611822,-4.3710227771702845,0.013135842792960806,0.09337030930048433,-0.03810440294033176,-0.018421499118256423,-0.043608410225754755,-0.8660254037844384,-0.5000000000000004,0.43388373911755823,-0.900968867902419,1
2026-02-12T17:00:00+00:00,2026-02-12T18:00:00+00:00,0.0006494934998271557,-0.01952814259393265,-0.03440990649481927,0.012887218517394024,0.0006494934998271557,0.00895091131793004,0.0032872352676374685,30755.3961,-0.5873565083778122,-0.025413604511216853,-0.033923838405642726,-0.08582346725962582,-0.008732149282832686,-0.0026679791100284816,-0.001382731870738851,-0.0008618040627824049,0.338230146160009,0.004678281040781513,-0.3235397076799819,-7.647256389167978,-1.7059613295156015,-5.941295059652377,-2.476918646040555,0.013110166816909512,-0.0013064261039465565,-0.020377815153628423,0.006946933440155206,-0.03469321113341836,-0.9659258262890683,-0.25881904510252063,0.43388373911755823,-0.900968867902419,1
2026-02-12T18:00:00+00:00,2026-02-12T19:00:00+00:00,0.0043079532249453096,0.004960244712389626,-0.015304315693852067,0.01234722330805517,0.0043079532249453096,0.003575430641336304,0.004482318296719118,22178.8219,-0.2788640462348005,-0.01923350423183126,-0.028628302345902475,-0.08113656736373187,-0.009579036554172759,-0.002020488752931743,-0.0011671383329317146,-0.0008147784827585962,0.3698477030054337,0.03161755684542463,-0.26030459398913264,-10.007904928927474,-3.366350049397976,-6.641554879529497,-0.7002598198771208,0.013003451964911473,-0.0038669675129525136,-0.004601768075039372,0.008276840611697934,-0.015207092631748274,-1.0,-1.8369701987210297e-16,0.43388373911755823,-0.900968867902419,1
2026-02-12T19:00:00+00:00,2026-02-12T20:00:00+00:00,0.003538946655200252,0.007862145496801741,0.008516745409023764,0.015232881834801358,0.0035337162394587745,0.008128012298487548,0.0035835964766495402,22583.6239,0.018251735904872373,-0.014282863110446771,-0.02422673317291971,-0.07716959029646063,-0.010087954941973502,-0.001501202278295241,-0.0009878694010013562,-0.0007749727233057367,0.3955082737634138,0.025660570757980138,-0.20898345247317238,-11.201713272853794,-4.93342269408914,-6.268290578764654,0.37326430076484307,0.013120116161285812,0.012542483951127482,-3.635400491295103e-05,0.01241968219915666,0.008496393379972718,-0.9659258262890684,0.2588190451025203,0.43388373911755823,-0.900968867902419,0
2026-02-12T20:00:00+00:00,2026-02-12T21:00:00+00:00,-0.004980679740734661,-0.0014593594454435056,0.0028423069272724513,0.011744134457290499,-0.004985847464229212,0.003502361875929763,0.0032309418795833846,14922.6545,-0.3392267527090725,-0.017396354330401192,-0.02797800385628048,-0.08101823757090362,-0.010768990703945927,-0.0018278480461187637,-0.0011406567574335144,-0.0008135911743504061,0.3724402237926017,-0.023068049970812084,-0.25511955241479656,-12.77439259333346,-6.501616673938004,-6.272775919395455,-0.004485340630800749,0.013082814938562146,-0.007809575218722824,-0.013003003467124147,0.00213938988157505,0.0028662201394109004,-0.8660254037844386,0.5000000000000001,0.43388373911755823,-0.900968867902419,1
2026-02-12T21:00:00+00:00,2026-02-12T22:00:00+00:00,0.003998225330793163,-0.001002368289845471,0.0025330310374481533,0.007023618281163196,0.003982504123431469,0.002271888370738971,0.0007850232127725971,6977.4619,-0.5324248845940915,-0.012200696074593037,-0.023168759812820277,-0.0766333263062411,-0.011103534589102612,-0.0012826365280147341,-0.0009447702309494165,-0.0007695914568140875,0.4024211716258528,0.02998094783325108,-0.19515765674829438,-13.249917501477512,-7.851276839445906,-5.398640662031606,0.8741352573638492,0.012601636851402457,-0.03292822725949995,-0.004476854918847347,0.007252599939256155,0.002556492245258754,-0.7071067811865477,0.7071067811865474,0.43388373911755823,-0.900968867902419,1
2026-02-12T22:00:00+00:00,2026-02-12T23:00:00+00:00,0.010116921669240105,0.014155596732520875,0.009104412497922537,0.013041889478478782,0.010111670271169547,0.0014565330396248666,0.0015749085163435077,10377.9361,0.48735116704829307,-0.0019974174941171,-0.01277186036833951,-0.06666676687158134,-0.010796007007485772,-0.0002102102754142494,-0.0005210288106580086,-0.0006695691342935748,0.4714984578993281,0.06907728627347531,-0.05700308420134377,-11.919118868240048,-8.664845245204734,-3.2542736230353135,2.1443670389962923,0.012515885786801163,0.003243322435559611,0.00782725065875465,0.014939640717311773,0.009134467259298607,-0.5000000000000004,0.8660254037844384,0.43388373911755823,-0.900968867902419,1
2026-02-12T23:00:00+00:00,2026-02-13T00:00:00+00:00,0.0025116188103778657,0.012653950330385555,0.016702769005924264,0.006766434787072843,0.0025167785234898672,0.0024437199989732223,0.0018122545370536606,13312.1652,0.2827372486905174,0.00046066845727436894,-0.009892692118247651,-0.06372334838498576,-0.010348593305009242,4.8493768086662325e-05,-0.0004036203765767601,-0.0006400257668348299,0.4874976336724616,0.01599917577313349,-0.025004732655076793,-10.351352202675344,-9.002146636698857,-1.3492055659764866,1.905068057058827,0.012076094077842367,-0.03271531643000438,0.0010535512385650913,0.014262208012663567,0.016626765810411136,-0.2588190451025207,0.9659258262890683,0.43388373911755823,-0.900968867902419,0
2026-02-13T00:00:00+00:00,2026-02-13T01:00:00+00:00,-0.0074903098287855425,-0.0049975038214692125,0.005068858493067361,0.013919493498029161,-0.0074903098287855425,0.0034604760870240187,0.0029121794274954644,11537.0198,-0.13334760899752052,-0.006367538736628327,-0.01664141799314217,-0.07008183300415864,-0.010339717810196075,-0.0006698182781890508,-0.000678780494824528,-0.0007038442844878853,0.4442012811541332,-0.043296352518328404,-0.11159743769173361,-10.168955502273775,-9.235508409813841,-0.9334470924599341,0.4157584735165525,0.012292392052943442,0.010286782239926314,-0.009909813019496935,-0.003181347096827456,0.0051382306508324285,0.0,1.0,-0.433883739117558,-0.9009688679024191,1
2026-02-13T01:00:00+00:00,2026-02-13T02:00:00+00:00,0.005363996565387024,-0.0021664912595938087,0.00033968615058394203,0.008623040393490525,0.005363996565387024,0.003287662775322398,0.0,7599.6539,-0.34128102129113097,-0.0009389620777798647,-0.010925803750169279,-0.06448782479733914,-0.009996227751168613,-9.882834544326226e-05,-0.000445752389675011,-0.0006476990562218611,0.4795799102432426,0.03537862908910938,-0.04084017951351484,-9.082930104497336,-9.20499274875054,0.12206264425320335,1.0555097367131374,0.011969395563366143,-0.021053078340734884,-0.005581876042444695,0.00830034809584827,0.0003853055469793471,0.25881904510252074,0.9659258262890683,-0.433883739117558,-0.9009688679024191,1
2026-02-13T02:00:00+00:00,2026-02-13T03:00:00+00:00,0.0024027206824343344,0.00777960543330952,0.0002310239494827864,0.005707539906585173,0.002397563334773854,0.00189909151568036,0.0014166196171020843,7231.8917,-0.04839196690259804,0.0013221277949375335,-0.008216821531603153,-0.06165893198397344,-0.009526354268777513,0.0001391907181953096,-0.0003352680283285711,-0.0006193039835353359,0.49516452710429015,0.015584616861047564,-0.009670945791419711,-7.756010717584104,-8.915196342517252,1.1591856249331478,1.0371229806799445,0.011495479278078665,-0.03728641576835241,-0.0008820422354642657,0.00777960543330952,0.0002764074190358158,0.49999999999999994,0.8660254037844387,-0.433883739117558,-0.9009688679024191,1
2026-02-13T03:00:00+00:00,2026-02-13T04:00:00+00:00,0.0026946568803572347,0.005103852070610067,0.010495225680974087,0.007017992884748298,0.002689510396189523,0.0023854009367562036,0.0019502956156740015,10786.2303,0.4914811708256083,0.003636064917955645,-0.005328040837440209,-0.05857652656124202,-0.00893162976972997,0.0003828902243861445,-0.00021742377121256138,-0.0005883624355116657,0.5128270347456224,0.017662507641332256,0.025654069491244796,-6.209210505984402,-8.373999175210681,2.1647886692262794,1.0056030442931316,0.01114697234731089,-0.027703904929327134,0.000794057377049157,0.0065279666955194784,0.010461374128178592,0.7071067811865475,0.7071067811865476,-0.433883739117558,-0.9009688679024191,0
2026-02-13T04:00:00+00:00,2026-02-13T05:00:00+00:00,-0.0044892631363415226,-0.001806703279782365,0.0005916763993146141,0.0061703637429426465,-0.004494359016359862,0.0011518012320159653,0.0005039130390069921,11010.5524,0.020797080514774587,-0.0007867750560329126,-0.009412945765299344,-0.062216800042332876,-0.008632962909143001,-8.281156862703506e-05,-0.0003840543135866673,-0.0006249037239425958,0.4824608947143322,-0.030366140031290244,-0.035078210571335686,-5.626170904235778,-7.824433521015701,2.198262616779923,0.03347394755364341,0.010838177134180416,-0.0320670609979867,-0.00685830426767306,0.00014399588583181933,0.0006081144264500466,0.8660254037844386,0.5000000000000001,-0.433883739117558,-0.9009688679024191,0
2026-02-13T05:00:00+00:00,2026-02-13T06:00:00+00:00,-0.005445346003146843,-0.009910163548411814,-0.007242211158445773,0.006948645169295584,-0.0054402320068696695,0.0010753855619147692,0.0004032695857180384,8403.2097,-0.23680398632860608,-0.0056380535663625286,-0.014234632577973128,-0.06669814995369472,-0.00864532179901187,-0.0005931273139783654,-0.0005806680400723502,-0.0006698841198213368,0.44796674058682656,-0.03449415412750561,-0.1040665188263469,-5.950043912504043,-7.449555599313369,1.499511686809326,-0.698750929970597,0.010615455552495875,-0.025883172666020707,-0.011049187033438952,-0.004943924272044398,-0.007239952259131131,0.9659258262890683,0.25881904510252074,-0.433883739117558,-0.9009688679024191,1
2026-02-13T06:00:00+00:00,2026-02-13T07:00:00+00:00,0.001230489248729381,-0.004221557194129946,-0.008691868649381904,0.007508120026645029,0.001230489248729381,0.0013890538426186787,0.004890089178289464,10656.8388,0.2681867025167776,-0.003995753060737565,-0.012517397652015823,-0.06493985203990033,-0.00855583158150722,-0.0004204287506600246,-0.0005106532898662985,-0.0006522361399142911,0.45735669558045033,0.009389954993623774,-0.08528660883909936,-5.946126253312286,-7.1488697301131525,1.2027434768008662,-0.29676821000845965,0.010381388732068479,-0.02084626817109843,-0.005280324626961488,0.0016344179454951895,-0.008704119890758984,1.0,6.123233995736766e-17,-0.433883739117558,-0.9009688679024191,0
2026-02-13T07:00:00+00:00,2026-02-13T08:00:00+00:00,-0.00042342905239673047,0.0008065391714360768,-0.004643198716564327,0.008172542942012107,-0.00042342905239673047,0.0062146454862456275,0.0015342890352576662,13543.5401,0.27087782354369483,-0.003998459048386931,-0.012434558674129098,-0.06472775635899929,-0.00846996643969249,-0.0004207133519240223,-0.0005072755480230326,-0.0006501073002216824,0.45448827697609545,-0.002868418604354872,-0.0910234460478091,-5.940707845075849,-6.907237353105692,0.9665295080298426,-0.23621396877102363,0.010227697559056255,-0.015221651108172038,-0.001809968750966859,0.005730703686770009,-0.0046382858068141925,0.9659258262890683,-0.25881904510252085,-0.433883739117558,-0.9009688679024191,1
2026-02-13T08:00:00+00:00,2026-02-13T09:00:00+00:00,0.011985018726591783,0.011556514869072696,0.012801224285101252,0.015513412797672156,0.011985018726591783,0.0025983307384057366,0.0010720028586742433,17601.7804,0.2996439830380832,0.007177150940648089,-0.0005751085965235717,-0.053014209860611554,-0.007697016885193907,0.0007560607687268809,-2.347326925902377e-05,-0.0005325223980547826,0.5420077060384703,0.08751942906237481,0.08401541207694052,-4.018050028422522,-6.329399888169058,2.311349859746536,1.3448203517166935,0.010492773174742327,0.03821306764523664,0.005311505696397484,0.013540082161446245,0.012792078922924433,0.8660254037844387,-0.4999999999999998,-0.433883739117558,-0.9009688679024191,1
2026-02-13T09:00:00+00:00,2026-02-13T10:00:00+00:00,0.0015569565328364453,0.013560635412630763,0.013131464393231365,0.006977573904179437,0.001551843835504535,0.0024108053007135667,0.003017329255861403,20596.5888,0.17014235673568576,0.007905813361462139,0.0009424475363045203,-0.051053142151025646,-0.006908746564258944,0.0008328839986217392,3.846872616570579e-05,-0.0005128337726184339,0.5521795765275077,0.010171870489037503,0.10435915305501553,-2.2225996019458307,-5.508039830924412,3.2854402289785813,0.9740903692320453,0.010226541216637516,-0.02385543590628437,-0.0010386753833933951,0.014661391668605956,0.013118546207031498,0.7071067811865476,-0.7071067811865475,-0.433883739117558,-0.9009688679024191,0
2026-02-13T10:00:00+00:00,2026-02-13T11:00:00+00:00,-0.0013251783893985264,0.00022971489828737103,0.012217486762236907,0.00641012554863731,-0.0013251783893985264,0.0037052158824129786,0.001377972848831298,11783.4092,-0.42789510853370055,0.005940711713734865,-0.0003689272895516683,-0.05181713291241287,-0.006272376622015172,0.000625729367528216,-1.5058029968772895e-05,-0.0005205041394997968,0.5411460252898421,-0.011033551237665619,0.08229205057968429,-0.9979863093849417,-4.606029126616518,3.608042817231576,0.3226025882529946,0.009966540787688521,-0.026715569578247843,-0.003726998622078235,0.0032564617212141726,0.012216796870029703,0.49999999999999994,-0.8660254037844387,-0.433883739117558,-0.9009688679024191,1
2026-02-13T11:00:00+00:00,2026-02-13T12:00:00+00:00,0.00032663060120438533,-0.0009989806320081735,0.0005564205314070896,0.008270239382869755,0.00032152535712274703,0.001025489275729062,0.006923328095345077,12384.6416,0.0510236375394653,0.005668823476956949,-4.075383981416934e-05,-0.05102106455063687,-0.005677393177041192,0.0005970745460169864,-1.6634192662228989e-06,-0.0005125117151490619,0.5435637475944762,0.00241772230463404,0.08712749518895237,0.02389574386802451,-3.680044152519609,3.7039398963876335,0.09589707915605761,0.009842354538397163,-0.01213775548489689,-0.004681961752130256,0.0017069555884907845,0.0005584087446423042,0.258819045102521,-0.9659258262890682,-0.433883739117558,-0.9009688679024191,1
2026-02-13T12:00:00+00:00,2026-02-13T13:00:00+00:00,0.000464276239260465,0.0007910584872920049,-0.0005351681957186312,0.00611438333460823,0.00045917195989902856,0.001856243147453975,0.0037991789693771105,9051.4062,-0.2691426613427393,0.005548134142135753,0.00040688874126157,-0.05010240381380951,-0.005112878465296282,0.000584355392024939,1.6607979545349227e-05,-0.0005032883201925923,0.5472169036585872,0.0036531560641110874,0.09443380731717455,0.8968358625834298,-2.764668149499001,3.661504012082431,-0.04243588430520262,0.00957182967667711,-0.027034271890621693,-0.0005606381081011743,0.007765283887678395,-0.0005342715489336761,1.2246467991473532e-16,-1.0,-0.433883739117558,-0.9009688679024191,1
2026-02-13T13:00:00+00:00,2026-02-13T14:00:00+00:00,0.004915984599301294,0.005382543213403785,0.005710931917933973,0.012732227403975418,0.004915984599301294,0.005338502681937887,0.0025017888043682673,26265.7027,1.901836700246643,0.009482738005600835,0.00511498692255743,-0.04500099843701377,-0.0043267219127219704,0.0009991803127080447,0.0002088185725234606,-0.00045206688417948965,0.5851005104600108,0.03788360680142347,0.17020102092002148,2.3395458033139676,-1.7438253589364072,4.0833711622503746,0.4218671501679436,0.009754092221047636,0.024051150018925063,0.0030540723509739948,0.00921335655024071,0.005706891439766145,-0.25881904510252035,-0.9659258262890684,-0.433883739117558,-0.9009688679024191,1
2026-02-13T14:00:00+00:00,2026-02-13T15:00:00+00:00,0.010286259445140786,0.01525281113745881,0.015724168894512325,0.019624684809579747,0.010291386292360611,0.0057010538159389095,0.0037370784485096027,51023.0524,0.942573285884333,0.01794054355709577,0.01483883387305933,-0.03483979960052106,-0.003047044057404188,0.001892051367058779,0.0006060337431467894,-0.00035002617847855585,0.6511873189022725,0.06608680844226178,0.30237463780454504,5.0601926708000065,-0.38302175298912444,5.443214423789131,1.3598432615387566,0.010366916654409412,0.07375993699984824,0.004921483410815149,0.017811678817189966,0.015666520283702544,-0.5000000000000001,-0.8660254037844386,-0.433883739117558,-0.9009688679024191,1
2026-02-13T15:00:00+00:00,2026-02-13T16:00:00+00:00,0.022136162261535298,0.03265012001481797,0.03772661210127745,0.03114603450732943,0.022125894076991056,0.007690682234769679,0.0018084160143101058,68806.4179,0.34853590021595804,0.0364785769152689,0.035788235816635684,-0.013342567566163298,-0.0006660447345547504,0.0038546514858924952,0.0014628812144697812,-0.00013407817707575194,0.7459385141585386,0.0947511952562661,0.49187702831707725,10.649643149077747,1.8235112274242498,8.826131921653497,3.3829174978643657,0.011642662189775839,0.1479195257254536,0.01634194215391993,0.03656896604419448,0.03733840630597738,-0.7071067811865475,-0.7071067811865477,-0.433883739117558,-0.9009688679024191,1
2026-02-13T16:00:00+00:00,2026-02-13T17:00:00+00:00,0.013022560972613196,0.035446992756899,0.046097869166087276,0.0205003322936019,0.01302753916615875,0.005942476824340385,0.0016978505212401102,42726.9652,-0.37902645561207166,0.04500235113350482,0.0472531126105268,-0.0004888503502467028,0.002153833888106186,0.004759636417138637,0.0019324255400891845,-4.913044708598006e-06,0.7839439986125077,0.03800548445396913,0.5678879972250155,17.021438901015244,4.863096762142449,12.158342138872795,3.3322102172192984,0.01213637528345188,0.055980305033986065,0.005291185908377098,0.03735406602254418,0.04544498267928928,-0.8660254037844384,-0.5000000000000004,-0.433883739117558,-0.9009688679024191,0
2026-02-13T17:00:00+00:00,2026-02-13T18:00:00+00:00,-0.0009896043038085038,0.012020069486419586,0.034422309956501196,0.009085214553824208,-0.0009896043038085038,0.003360218317074509,0.0047344116461670695,24152.4133,-0.4347266840285675,0.03961487824394531,0.04432399124323368,-0.0014632862270256425,0.00452967064807953,0.004187448791365106,0.001812421428357334,-1.47061779667125e-05,0.7743409605790015,-0.009603038033506267,0.548681921158003,21.65687501548473,8.221852412810906,13.435022602673824,1.2766804638010285,0.01192959861579541,-0.018010505170139853,-0.00689113074341266,0.013768693820086343,0.03416911893033999,-0.9659258262890683,-0.25881904510252063,-0.433883739117558,-0.9009688679024191,0
2026-02-13T18:00:00+00:00,2026-02-13T19:00:00+00:00,-0.0009663055564996342,-0.0019549536001706317,0.011042148869985714,0.0068095654709828994,-0.0009711566475672526,0.0025517643627879848,0.003285700398561397,11647.9476,-0.5177315220918317,0.03480513745315537,0.041545663028703834,-0.002404074913549367,0.006513811471924201,0.003677170724807481,0.001698621771282706,-2.4160973153430316e-05,0.7645028810741442,-0.009838079504857261,0.5290057621482884,24.883078523795803,11.554097635007885,13.328980888787918,-0.10604171388590622,0.011574596550916484,-0.03069563978082795,-0.005294074987308637,0.003786030717589537,0.011066651112305058,-1.0,-1.8369701987210297e-16,-0.433883739117558,-0.9009688679024191,1
2026-02-13T19:00:00+00:00,2026-02-13T20:00:00+00:00,0.00017011762418582145,-0.0007963523179193221,-0.001785168548046665,0.004602113959421822,0.0001652563174088517,0.001904993317944392,0.0025318916292066756,11688.6471,0.003494134880895294,0.031544543542202604,0.04002117591986298,-0.0022121829470858724,0.008217417687609117,0.0033315405756794403,0.0016361901295050803,-2.2232500148029607e-05,0.7650682337994315,0.0005653527252871981,0.5301364675988629,27.155083226617307,14.67429475332977,12.480788473287538,-0.8481924155003799,0.011074733994137935,-0.04302340450074219,-0.003341970794081365,0.003467210236804182,-0.0017857922361223166,-0.9659258262890684,0.2588190451025203,-0.433883739117558,-0.9009688679024191,0
2026-02-13T20:00:00+00:00,2026-02-13T21:00:00+00:00,-0.005899647673429765,-0.005730533683289681,-0.006691301793249445,0.0102463323898495,-0.005894816643502038,0.0009337068160599084,0.003382854014205956,14978.3346,0.2814429652855205,0.022978432522528024,0.03251337244410136,-0.008018840846941483,0.009320763388981182,0.0024246470643671503,0.001328839898393264,-8.058487085120556e-05,0.7021070943967667,-0.0629611394026648,0.40421418879353327,27.657251204877866,17.27088604363939,10.386365161238476,-2.094423312049061,0.011076592605408149,-0.0057328133169987925,-0.007789801471622603,-0.003211187993372926,-0.006695835605743578,-0.8660254037844386,0.5000000000000001,-0.433883739117558,-0.9009688679024191,1
2026-02-13T21:00:00+00:00,2026-02-13T22:00:00+00:00,0.004111243101079914,-0.001812659458146042,-0.0016428501992806984,0.006533529371671197,0.004111243101079914,0.0021616147846661936,0.00027750460073413906,9217.6034,-0.3846042536664924,0.024531667643932373,0.03526594859998866,-0.003901508523091988,0.010477256384608797,0.0025889662424561453,0.0014415014087581896,-3.920960348240167e-05,0.7193383705801775,0.017231276183410815,0.4386767411603549,28.40638849605216,19.497986534121942,8.908401961930217,-1.4779631993082596,0.010709975413862175,-0.029123205168301802,-0.002733474133954851,0.007519534603102937,-0.0016182869481640295,-0.7071067811865477,0.7071067811865474,-0.433883739117558,-0.9009688679024191,1
2026-02-13T22:00:00+00:00,2026-02-13T23:00:00+00:00,8.763303181071085e-05,0.004199236413588083,-0.001725185275179289,0.006971083633531271,8.276412710603934e-05,0.0025265310096388156,0.004361795346120273,7343.465,-0.20332165734099603,0.02222443633459489,0.033923100327971474,-0.0037764083042413866,0.011444320422748505,0.0023449000438242424,0.0013865361605410022,-3.795241186373233e-05,0.7197120703851084,0.0003736998049309648,0.4394241407702168,28.683958869524076,21.33518100120237,7.348777868321708,-1.5596240936085088,0.010442040283132652,-0.024931902526649282,-0.002069508273175198,0.004479129992567311,-0.0017007715405391406,-0.5000000000000004,0.8660254037844384,-0.433883739117558,-0.9009688679024191,0
2026-02-13T23:00:00+00:00,2026-02-14T00:00:00+00:00,-0.002667705189368133,-0.0025803059366511436,0.0015203288994480376,0.0038267796477800377,-0.002667705189368133,0.00010250302627984126,0.0010494357452457456,5612.4577,-0.235720780312836,0.017607847576912066,0.029906195490209342,-0.0063704266960983285,0.012085547436157867,0.00185689932391298,0.0012221528748164318,-6.402029004559193e-05,0.6896073599948263,-0.030104710390282178,0.37921471998965245,28.13739481603875,22.695623764169646,5.441771051869104,-1.9070068164526042,0.009995457405632513,-0.04532139297103698,-0.0051811458732926126,0.001784779983081197,0.001531170943522492,-0.2588190451025207,0.9659258262890683,-0.433883739117558,-0.9009688679024191,1
2026-02-14T00:00:00+00:00,2026-02-14T01:00:00+00:00,0.0031629505252059914,0.00048680751630805183,0.000574483208537325,0.006661152199299365,0.0031629505252059914,0.0004184507590502761,0.003089723627870723,6195.3393,0.10385496535679899,0.018805714862247882,0.031821813592325714,-0.0031956124678440066,0.01277583992727969,0.0019834753193198806,0.0013005387385156462,-3.211567676963898e-05,0.7053047666525804,0.01569740665775413,0.4106095333051607,27.905444120960055,23.737587835527727,4.167856285432329,-1.273914766436775,0.009728028396571652,-0.023676729031064336,0.00038453862666165163,0.004216811543216153,0.0005828783676485694,0.0,1.0,-0.9749279121818236,-0.2225209339563146,0
2026-02-14T01:00:00+00:00,2026-02-14T02:00:00+00:00,-0.000413585052549586,0.002748057323597226,7.302112744625206e-05,0.00354369995375676,-0.000413585052549586,0.001153649572857763,0.001976294204979651,4889.2271,-0.21082173820568628,0.01660438890633734,0.030126796911904258,-0.0035721048364547956,0.013301543996002535,0.0017508906711550824,0.0012311791181697862,-3.589926231690324e-05,0.7003017687482572,-0.005002997904323081,0.40060353749651456,27.33789934138622,24.457650136699424,2.8802492046867947,-1.2876070807455342,0.009290028180211431,-0.04541952543117933,-0.0008316877912123364,0.005865734416388812,8.16602832882725e-05,0.25881904510252074,0.9659258262890683,-0.9749279121818236,-0.2225209339563146,0
2026-02-14T02:00:00+00:00,2026-02-14T03:00:00+00:00,-0.0020103682429966213,-0.002423121837290784,0.0007321644734273108,0.003102106115441332,-0.0020103682429966213,5.3652778726247596e-05,0.0010340353718137035,5703.7006,0.16658532797545855,0.013155668805186068,0.026926008003442872,-0.005520122524478873,0.013591533485171297,0.0013867275930656026,0.0011002299103189867,-5.547554063007004e-05,0.67523912339354,-0.02506264535471729,0.35047824678707995,26.25224004865572,24.816568119090682,1.4356719295650393,-1.4445772751217554,0.00886541103241275,-0.04762524720234887,-0.0035721749442305063,-3.414151168867024e-05,0.0007389972296597842,0.49999999999999994,0.8660254037844387,-0.9749279121818236,-0.2225209339563146,1
2026-02-14T03:00:00+00:00,2026-02-14T04:00:00+00:00,0.0020241730155788605,9.735439433388571e-06,-0.00040385363954842705,0.0037919167433324882,0.0020241730155788605,0.0009248577422762653,0.0008469749850318014,4210.9221,-0.26172104826119386,0.013738339472116905,0.02783558406547379,-0.003472347617418569,0.013906196544463071,0.0014482353495773599,0.0011374385850133229,-3.489674817857648e-05,0.687347510716626,0.012108387323086021,0.374695021433252,25.433535587984807,24.939961612869507,0.4935739751153001,-0.9420979544497392,0.008486388913436529,-0.04081527615752949,-4.3807131801128045e-05,0.003061373956349779,-0.00039978027996734686,0.7071067811865475,0.7071067811865476,-0.9749279121818236,-0.2225209339563146,0
2026-02-14T04:00:00+00:00,2026-02-14T05:00:00+00:00,-0.0003894137862214339,0.0016339709884794628,-0.0003796821379023756,0.0025467843803717513,-0.000399145245060436,0.0017579142663752038,0.0003895654883934718,5108.1042,0.2130607213085229,0.012057436253623986,0.02633110588310226,-0.0038221440078498392,0.014103616176484727,0.0012708167416290222,0.0010758953223164267,-3.8412032075614785e-05,0.6820682029925186,-0.005279307724107412,0.36413640598503716,24.4384419440064,24.839657679096884,-0.401215735090485,-0.8947897102057851,0.008065201307870678,-0.050001044080356334,-0.0013130571374380885,0.0024847691947200586,-0.00037560901363919465,0.8660254037844386,0.5000000000000001,-0.9749279121818236,-0.2225209339563146,0
2026-02-14T05:00:00+00:00,2026-02-14T06:00:00+00:00,-0.0011102616419212394,-0.0014992430769529964,0.0005218952112457023,0.0026617396857587356,-0.0011053974561249643,0.0013454947862078098,0.00020962418770619284,4685.4897,-0.08273411885372262,0.009882184140239057,0.024179816164769732,-0.004879364898059626,0.014157722800806643,0.0010413131145457933,0.0009879062676208172,-4.903643850641132e-05,0.6663595557775612,-0.01570864721495738,0.3327191115551224,23.19842906688359,24.511411956654225,-1.312982889770634,-0.9117671546801489,0.007687563883056581,-0.04788133827935762,-0.0032604470359572577,-0.0007209770212931883,0.000524497587436187,0.9659258262890683,0.25881904510252074,-0.9749279121818236,-0.2225209339563146,1
2026-02-14T06:00:00+00:00,2026-02-14T07:00:00+00:00,0.001165120485158058,5.3565254653930755e-05,-0.00033586939061612786,0.0029800163608740852,0.0011700011700009926,0.00045771493124540074,0.0013536675626193955,3821.8778,-0.18431625193840462,0.009995070728742098,0.024353852499879928,-0.003683051562701,0.014216684999044138,0.0010532208152930753,0.0009950238842772448,-3.701422349153204e-05,0.6748141042918163,0.008454548514255152,0.34962820858363275,22.153194715099062,24.039768508343194,-1.886573793244132,-0.5735909034734981,0.0073430030109634765,-0.04370765485318569,-0.0012838468720823254,0.0013750329130217123,-0.00033455494298461534,1.0,6.123233995736766e-17,-0.9749279121818236,-0.2225209339563146,1
2026-02-14T07:00:00+00:00,2026-02-14T08:00:00+00:00,0.0017188656460598538,0.0028859888167933703,0.0017725229721898316,0.004763733405923424,0.0017188656460598538,0.0015943924052477605,0.001453424784052081,6753.7238,0.7671218582655885,0.010602022261610933,0.025064809103704788,-0.0019509477097074159,0.014311060658406167,0.0011172491960483198,0.0010241011429942117,-1.960713022332725e-05,0.6874133248525851,0.012599220560768742,0.3748266497051702,21.36341629458343,23.504498065591243,-2.141081771007812,-0.25450797776368006,0.007147069488225762,-0.025010022500359143,0.0012605737313956574,0.004251891628020521,0.0017737244892966724,0.9659258262890683,-0.25881904510252085,-0.9749279121818236,-0.2225209339563146,1
2026-02-14T08:00:00+00:00,2026-02-14T09:00:00+00:00,0.012220434471930369,0.013960305402983948,0.015141691325946085,0.01646217014430821,0.012225354851254177,0.004307633202871878,7.683626671782096e-05,26811.4703,2.9698795944246346,0.020720817800804783,0.03606420307608019,0.010142664602455526,0.01503191177028554,0.0021859064811294007,0.0014741782914838176,0.00010194671973717005,0.759021871135066,0.07160854628248088,0.518043742270132,22.50665637771658,23.30492972801631,-0.7982733502997306,1.3428084207080815,0.00773231125151694,0.09510666817731647,0.010609126955238865,0.015438705996518174,0.01510442060314828,0.8660254037844387,-0.4999999999999998,-0.9749279121818236,-0.2225209339563146,0
2026-02-14T09:00:00+00:00,2026-02-14T10:00:00+00:00,-0.0019737316013158823,0.010222583012915426,0.011959019905730176,0.006125375317576421,-0.0019737316013158823,0.003026599430287149,0.001121140965432254,8333.0145,-0.6891996445267682,0.016894548725080148,0.03264165369926582,0.008067176264388522,0.015485484698416785,0.0017815417968180857,0.0013340898202932221,8.108372242275008e-05,0.7295954305324989,-0.029426440602567112,0.45919086106499774,22.818007937120456,23.207545369837142,-0.3895374327166863,0.4087359175830443,0.007631729538653308,-0.014956032532197908,-0.006254423043819397,0.010306070859098421,0.01196556851667434,0.7071067811865476,-0.7071067811865475,-0.9749279121818236,-0.2225209339563146,0
2026-02-14T10:00:00+00:00,2026-02-14T11:00:00+00:00,-0.00039456463161122347,-0.0023675174682449333,0.009823984911603597,0.0027341606415649394,-0.00039456463161122347,4.8136631014519345e-06,0.0023346266041531847,4025.0517,-0.5169753154755701,0.01489912247650151,0.030931023671362814,0.007592536480726002,0.0157965465136487,0.0015707922001975904,0.0012640866598269877,7.631272249093868e-05,0.7235681748677106,-0.006027255664788242,0.44713634973542127,22.736496960161958,23.113335687902104,-0.3768387277401466,0.012698704976539688,0.007284700416634261,-0.04584850725948,-0.005371916653899093,0.000727391842613706,0.009852138239003263,0.49999999999999994,-0.8660254037844387,-0.9749279121818236,-0.2225209339563146,1
2026-02-14T11:00:00+00:00,2026-02-14T12:00:00+00:00,0.010667077432584578,0.010268303949495797,0.008274305472182879,0.014560054868116559,0.01066221244518472,0.003853151582697561,0.00015717429200122276,19687.4197,3.891221571141558,0.0232182326635622,0.040217680280432884,0.018154797381005196,0.01661370670909474,0.002450012381163819,0.0016442370481772061,0.0001824935730136123,0.7771473375730418,0.0535791627053311,0.5542946751460834,24.18127899291335,23.326924348904353,0.8543546440089962,1.2311933717491428,0.007732974159927792,0.07285982224192589,0.010263442800433021,0.013032129192258771,0.008298781199657473,0.258819045102521,-0.9659258262890682,-0.9749279121818236,-0.2225209339563146,0
2026-02-14T12:00:00+00:00,2026-02-14T13:00:00+00:00,-0.01362653483077574,-0.0031048127003688577,-0.0034981522827007383,0.015596556203131735,-0.01362653483077574,0.0003911210688710824,0.0013906526893193308,20672.5468,0.050038405997917625,0.008384543962134007,0.024996290410270145,0.004238099269411231,0.016473622634937898,0.000883363216827348,0.001021298738372673,4.259577682962106e-05,0.6121734655119451,-0.1649738720610967,0.22434693102389006,22.755381394722463,23.212615758067976,-0.4572343633455134,-1.3115890073545096,0.008393857278994703,0.070671894045904,-0.017412593052992295,-0.002951230080400611,-0.003354022029802386,1.2246467991473532e-16,-1.0,-0.9749279121818236,-0.2225209339563146,1
2026-02-14T13:00:00+00:00,2026-02-14T14:00:00+00:00,0.00027523334476122965,-0.01335505196277349,-0.002830433903592008,0.005536943529934375,0.00027523334476122965,0.002177124265039641,0.003084661652683449,12885.3038,-0.37669490243940335,0.00783066454678512,0.02426304142958156,0.004469377925355636,0.016304700244644744,0.000824960477426033,0.0009913099438293668,4.492038885980679e-05,0.6139318645746902,0.0017583990627451128,0.22786372914938027,21.424374656598957,22.854967537774172,-1.4305928811752153,-0.973358517829702,0.00818764735131613,-0.024298294256531922,-0.013735544351287099,0.0016682059291422606,-0.002684224053429933,-0.25881904510252035,-0.9659258262890684,-0.9749279121818236,-0.2225209339563146,1
2026-02-14T14:00:00+00:00,2026-02-14T15:00:00+00:00,0.006541027448178738,0.0068180611018027045,-0.006901380276055107,0.009337726429074907,0.006541027448178738,0.0017840956505473624,0.0010551103309688397,10445.1153,-0.1893776458728121,0.013031401790928996,0.029712469995998064,0.010928592061240663,0.016466486799499757,0.0013736107225430763,0.0012142264352050503,0.00010984716116627349,0.6540832585920461,0.04015139401735596,0.30816651718409216,21.218322372808416,22.52763850478102,-1.3093161319726043,0.121276749202611,0.008220388805549681,0.010566068533892855,0.00435442306302833,0.009934223909947892,-0.006810274037835773,-0.5000000000000001,-0.8660254037844386,-0.9749279121818236,-0.2225209339563146,1
2026-02-14T15:00:00+00:00,2026-02-14T16:00:00+00:00,0.0011222537156668014,0.007670621856203536,0.007947966411874648,0.00631398418150541,0.0011174524003644561,0.003018065276440495,0.002179713810762386,11176.67,0.0700379726780039,0.012801646012207303,0.02962169870934082,0.01194164611328122,0.016607450001054586,0.0013493600043499915,0.0012105124957458148,0.00012003094955178974,0.6606469725064565,0.006563713914410414,0.32129394501291303,21.001747821430854,22.222460368110987,-1.220712546680133,0.08860358529247137,0.008075660242133917,-0.01650355316660646,-0.0006606632484525204,0.008741917712893817,0.007938514508606768,-0.7071067811865475,-0.7071067811865477,-0.9749279121818236,-0.2225209339563146,0
2026-02-14T16:00:00+00:00,2026-02-14T17:00:00+00:00,-0.0022036667097818413,-0.0010838860672681841,0.005450051652393853,0.009899991838028015,-0.002198886663920124,0.00022565451813148454,0.007470604898143366,21781.519,0.9488379812591765,0.009553507112504167,0.02625193923538587,0.009614101478895817,0.016540413168037102,0.001006644642026419,0.0010726570842441642,9.663347259197057e-05,0.6351334905081555,-0.025513481998301016,0.27026698101631097,20.225779180648715,21.82312413061853,-1.5973449499698162,-0.3766324032896833,0.008222531053905665,0.015943104335465096,-0.0052060198783988815,0.0010958640744032804,0.005459614454063698,-0.8660254037844384,-0.5000000000000004,-0.9749279121818236,-0.2225209339563146,0
2026-02-14T17:00:00+00:00,2026-02-14T18:00:00+00:00,-0.0012483015896640193,-0.0034492174587889505,-0.0023308346402314177,0.005667642520298438,-0.001253096733306508,0.0030958115208414715,0.0013171620445817224,6872.6908,-0.6844714640884321,0.007497521873114304,0.023968146809346693,0.008269988795929873,0.016348055036016978,0.0007898361775927591,0.0009792496983624993,8.31223740406211e-05,0.6205462008950682,-0.014587289613087293,0.24109240179013638,19.17992592441624,21.29448448937807,-2.1145585649618326,-0.5172136149920163,0.008049581969819367,-0.02225560339701382,-0.0036687756538897427,0.006269137558228987,-0.002329714583779059,-0.9659258262890683,-0.25881904510252063,-0.9749279121818236,-0.2225209339563146,1
2026-02-14T18:00:00+00:00,2026-02-14T19:00:00+00:00,0.002480494945270405,0.001229096949823051,-0.0009772782799902099,0.0037594886328217486,0.002480494945270405,0.0005850224658218629,0.0007001088525407892,4417.1196,-0.3572940019358939,0.009035953114696117,0.025442113579438406,0.010662680539829487,0.016259242709934854,0.0009520585127135794,0.0010395331224166628,0.00010717410354825945,0.6383010847285906,0.0177548838335224,0.2766021694571812,18.55357450230349,20.746302491963156,-2.192727989659666,-0.07816942469783328,0.007724651871010273,-0.03798571652981634,-0.0018618854342167287,0.0038026657168025316,-0.0009714733541754555,-1.0,-1.8369701987210297e-16,-0.9749279121818236,-0.2225209339563146,1
2026-02-14T19:00:00+00:00,2026-02-14T20:00:00+00:00,0.001500918293460748,0.003985136258971346,0.0027318600173802253,0.00572175511845722,0.001500918293460748,0.0009528278398101222,0.0032702583647750212,5699.5631,0.29033479193092265,0.009536048579945224,0.02589573147352499,0.012056951386638636,0.016205149797862063,0.00100480320337963,0.0010580869963370788,0.00012119007607537505,0.6490288597175001,0.010727774988909502,0.2980577194350002,18.10109319435378,20.21726063244128,-2.1161674380875013,0.07656055157216457,0.007570838028457601,-0.018441042475135082,0.0009153603212866105,0.004690273575239204,0.002733111649067134,-0.9659258262890684,0.2588190451025203,-0.9749279121818236,-0.2225209339563146,1
2026-02-14T20:00:00+00:00,2026-02-14T21:00:00+00:00,0.0006224503476146659,0.0021243028881889198,0.004610067156035701,0.0056033533988573345,0.0006224503476146659,0.0014977366471751893,0.0034835536074878217,5072.2237,-0.1100679804738017,0.009187499369912908,0.025467239607800233,0.01255908327933541,0.01613153179964238,0.0009680413946966138,0.0010405608089488637,0.0001262378764957619,0.6536239495221714,0.004595089804671346,0.3072478990443429,17.64400848648029,19.702610203249083,-2.058601716768795,0.05756572131870641,0.007425930268414282,-0.0185297171381914,-0.00033006299898113593,0.005417211915941911,0.004603863586345819,-0.8660254037844386,0.5000000000000001,-0.9749279121818236,-0.2225209339563146,0
2026-02-14T21:00:00+00:00,2026-02-14T22:00:00+00:00,-0.001890114938128773,-0.0012688410932143771,0.00023017277343807067,0.009712973483486395,-0.0018948909719929546,0.00434351134059167,0.003470973742371184,10624.3669,1.094617179443407,0.006582120243654608,0.022585443510483787,0.010538191307873566,0.015898676267918802,0.0006933351430457272,0.000922705437633576,0.00010592268885855931,0.6267723089980705,-0.026851640524101016,0.25354461799614086,16.76972264998176,19.116032692595617,-2.346310042613858,-0.28770832584506323,0.007602348479325439,0.021822033419137816,-0.0033827850641438774,0.0022246353135631208,0.0002332537029466409,-0.7071067811865477,0.7071067811865474,-0.9749279121818236,-0.2225209339563146,1
2026-02-14T22:00:00+00:00,2026-02-14T23:00:00+00:00,0.002205314808688897,0.00031103157209694433,0.000933675521421781,0.005271541806388029,0.0022101195669889983,0.0020139011801174073,0.0010523949159759638,5214.7206,-0.5091735207299741,0.007956999478949523,0.023843199864755367,0.012638108397974303,0.015760791773873302,0.0008382810190084209,0.0009741398561650283,0.00012703229995928008,0.6450593735725593,0.01828706457448888,0.2901187471451186,16.260584485773506,18.544943051231193,-2.284358565457687,0.06195147715617111,0.007420328514415322,-0.021790083025323138,-0.004011644250056017,0.005696059423754921,0.0009376502181747898,-0.5000000000000004,0.8660254037844384,-0.9749279121818236,-0.2225209339563146,0
2026-02-14T23:00:00+00:00,2026-02-15T00:00:00+00:00,-0.0018560419427208498,0.0003451797091862171,-0.0015455876582672278,0.004461825274730733,-0.0018512671852127717,0.0012220896294912664,0.0013850349134234934,5590.0551,0.07197595591219211,0.005503362010233698,0.021064271972857727,0.01065041861796094,0.015475741355567597,0.0005796370487102415,0.0008605060369818549,0.0001070508417511656,0.6175730258408346,-0.027486347731724693,0.23514605168166924,15.366865588051496,17.909327558595255,-2.5424619705437586,-0.25810340508607155,0.007221819330099339,-0.02855846388522011,-0.0038621651039775487,0.0014061795110528066,-0.001540842072160726,-0.2588190451025207,0.9659258262890683,-0.9749279121818236,-0.2225209339563146,0
2026-02-15T00:00:00+00:00,2026-02-15T01:00:00+00:00,-0.003105545411412888,-0.004955823331595131,-0.002761437673488647,0.008538010009086163,-0.003105545411412888,0.001879708284657953,0.0035430818562481527,8335.0483,0.49104939949518583,0.0021535016053530567,0.017179557188296755,0.007436497755185851,0.014993766482752802,0.00022673577696983256,0.0007016984513048911,7.474425719273906e-05,0.5736124024323873,-0.04396062340844729,0.14722480486477466,13.974614422166269,17.12238493130946,-3.1477705091431893,-0.6053085385994308,0.007336723536869821,0.012755744009243094,-0.00616337236802504,-0.0017228967701683022,-0.002756272545444841,0.0,1.0,-0.7818314824680299,0.6234898018587334,0
2026-02-15T01:00:00+00:00,2026-02-15T02:00:00+00:00,-0.007653441404541141,-0.010735218706118639,-0.01257133563265665,0.015119732195195227,-0.007653441404541141,0.002378657003473447,0.005028606862740401,15258.9343,0.8306953662164142,-0.004993671564170603,0.009022891880528747,-0.0002711342283160471,0.01408690884080474,-0.0005253734759560867,0.000368416982331746,-2.7249596934028298e-06,0.4827030951924535,-0.0909093072399338,-0.034593809615092966,11.454592973997933,15.988826539847153,-4.53423356584922,-1.386463056706031,0.007945195242672764,0.0746468933732191,-0.012585505859842116,-0.004124974671208028,-0.012615028758674878,0.25881904510252074,0.9659258262890683,-0.7818314824680299,0.6234898018587334,0
2026-02-15T02:00:00+00:00,2026-02-15T03:00:00+00:00,-0.0022333215450128755,-0.00986967035397176,-0.012944565055904713,0.013308538634090376,-0.0022284878256740737,0.003995960341428844,0.007079113217257852,49424.3031,2.239040297853566,-0.006533107418423061,0.006502225763372308,-0.002478998072236332,0.013121054439894173,-0.0006872229176085771,0.00026546742418359425,-2.4913932770210982e-05,0.45996983552353155,-0.022733259668921944,-0.08006032895293685,8.981931235700813,14.587447479017886,-5.605516243317073,-1.0712826774678526,0.008344804814006632,0.04795010409658095,-0.012201321809862761,0.0028094127499622566,-0.012992308360966903,0.49999999999999994,0.8660254037844387,-0.7818314824680299,0.6234898018587334,0
2026-02-15T03:00:00+00:00,2026-02-15T04:00:00+00:00,-0.0003107429670126301,-0.002543370523062315,-0.01017734639033516,0.015755680107239673,-0.0003155967935366218,0.0018213255364410814,0.013618658144482093,168472.1017,2.4086894732563264,-0.006194254526148937,0.005945295198736463,-0.0027612963843184116,0.012215213868679343,-0.0006516019303098101,0.00024272401080128336,-2.7750952318663967e-05,0.4567537507832877,-0.003216084740243872,-0.0864924984334246,6.891248321243438,13.048207647462997,-6.1569593262195585,-0.5514430829024857,0.008876561666433531,0.0633925580176405,-0.006499679117549038,0.006816625916870442,-0.010197505916566646,0.7071067811865475,0.7071067811865476,-0.7818314824680299,0.6234898018587334,1
2026-02-15T04:00:00+00:00,2026-02-15T05:00:00+00:00,0.008436379884795035,0.008123015372066158,0.005871552521812377,0.013576970683568473,0.008436379884795035,0.0052111678891881095,0.0,23173.06,-0.8624516476842884,0.001980896257576556,0.013858034649287905,0.00559523679949984,0.01185365752587974,0.00020855888327248135,0.0005659541902884557,5.623669806168535e-05,0.5489348589653174,0.09218110818202967,0.09786971793063472,6.560357168079008,11.750637551586198,-5.19028038350719,0.9666789427123685,0.009143349857863454,0.03874529093297343,0.0062859247627631894,0.022359545029297285,0.005892315372769529,0.8660254037844386,0.5000000000000001,-0.7818314824680299,0.6234898018587334,1
2026-02-15T05:00:00+00:00,2026-02-15T06:00:00+00:00,0.005957684546141901,0.014444325721001962,0.01412909428135829,0.010049409196238887,0.005957684546141901,0.003557270620679229,0.0005697378248463406,13517.585,-0.41666810511861624,0.007187760663090634,0.0191030496670674,0.011469647580811513,0.01183025595558492,0.0007571792722610313,0.0007803247448745856,0.00011528612936780903,0.6008755883801368,0.05194072941481941,0.20175117676027354,7.213130684339831,10.843136178136925,-3.6300054937970945,1.5602748897100955,0.009157785698689615,0.007545925752888654,0.0007426466008345081,0.014444325721001962,0.014083321463924306,0.9659258262890683,0.25881904510252074,-0.7818314824680299,0.6234898018587334,0
2026-02-15T06:00:00+00:00,2026-02-15T07:00:00+00:00,-0.0013549227263151499,0.004594689617638967,0.013069832049501129,0.0058009924011793315,-0.0013501414775910813,0.0028957019919936544,0.0015533235851090835,9082.319,-0.3281108274887859,0.005265598012175768,0.017015428280588874,0.00999769030975902,0.011688284460989573,0.0005545808644286545,0.0006949899523378073,0.00010048939669965786,0.5842986218736518,-0.016576966506485036,0.16859724374730348,7.41660702118952,10.157830346747444,-2.7412233255579235,0.888782168239171,0.008929552180878889,-0.026243502403731283,-0.004894781285333411,0.005170785303982429,0.013039141704621785,1.0,6.123233995736766e-17,-0.7818314824680299,0.6234898018587334,1
2026-02-15T07:00:00+00:00,2026-02-15T08:00:00+00:00,0.002665579979384877,0.0013070455981768479,0.0072725171096801105,0.009969350820738337,0.002665579979384877,0.005694722699040509,0.001616134569501011,34761.7286,2.8274067008657155,0.007183091477325751,0.01893813111876238,0.01256206588707404,0.011671204313204321,0.000756687034685784,0.0007735829115662932,0.00012626786002261603,0.6072250960328041,0.022926474159152263,0.214450192065608,7.935038829021323,9.71327204320222,-1.7782332141808972,0.9629901113770263,0.008981780009464611,0.008530044958054697,-0.0015753970716711058,0.004225467082170798,0.0072683417992116285,0.9659258262890683,-0.25881904510252085,-0.7818314824680299,0.6234898018587334,0
2026-02-15T08:00:00+00:00,2026-02-15T09:00:00+00:00,-0.010619629819117264,-0.007982357312366704,-0.009326464561349761,0.019766093176106753,-0.010619629819117264,0.002614537019137981,0.00641793930021252,27316.0929,-0.21419060558455663,-0.003179329475980044,0.007796574645597346,0.0017909990257137434,0.011010911436866024,-0.000334554296594002,0.00031832883755674764,1.800031421372651e-05,0.4907843537900917,-0.1164407422427123,-0.018431292419816572,6.479051911179795,9.066428016797735,-2.58737610561794,-0.8091428914370429,0.009841608864872798,0.08409408955048732,-0.0162219728809693,-0.006372240656528057,-0.009308972566047537,0.8660254037844387,-0.4999999999999998,-0.7818314824680299,0.6234898018587334,0
2026-02-15T09:00:00+00:00,2026-02-15T10:00:00+00:00,-0.00024163928088150011,-0.010858702980286045,-0.008222067742167506,0.006206796538889228,-0.00024163928088150011,0.004669599265239189,0.0012954995891138572,9469.0133,-0.6533540380513202,-0.003095475424129356,0.007254704482028645,0.0015334911259825114,0.010382318116733845,-0.00032573338152124416,0.00029619809435382305,1.5412208647905567e-05,0.48851324610829283,-0.0022711076817989095,-0.02297350778341439,5.224600030692272,8.298062419576642,-3.0734623888843693,-0.4860862832664292,0.009584188200371956,-0.026391678882147,-0.013410783949027739,0.0062161951826918095,-0.008195689120613888,0.7071067811865476,-0.7071067811865475,-0.7818314824680299,0.6234898018587334,0
2026-02-15T10:00:00+00:00,2026-02-15T11:00:00+00:00,-0.0034466089814857905,-0.003687415426251525,-0.014267886258552695,0.0077125685763763,-0.0034466089814857905,0.0007567048414559778,0.00349733455570271,10415.5493,0.09996141836657892,-0.005913054093265123,0.0036341956899259903,-0.0018993508666667249,0.009604038985224573,-0.00062203957259214,0.00014835652434971506,-1.9088589052554852e-05,0.4561007824066785,-0.03241246370161427,-0.08779843518664293,3.61345283053015,7.361140501767343,-3.747687671237193,-0.6742252823528236,0.009481280622168787,-0.014146826243067786,-0.008317058387770202,-0.002153899768637195,-0.014307878081484555,0.49999999999999994,-0.8660254037844387,-0.7818314824680299,0.6234898018587334,1
2026-02-15T11:00:00+00:00,2026-02-15T12:00:00+00:00,0.00018917621036388416,-0.00325808478754763,-0.003498936787164016,0.004073793866030423,0.0001940278235899469,0.0024491260742207327,0.0014306776077129615,4891.9191,-0.5303253857192151,-0.005182584471671307,0.0036735453934832246,-0.0016935425543095387,0.008902266613870252,-0.0005452377611492739,0.00014996311386884545,-1.70202384905776e-05,0.4582182648568024,0.002117482450123873,-0.08356347028639519,2.341090177063961,6.357130436826667,-4.016040259762706,-0.2683525885255129,0.009093366367061944,-0.04073226201269541,-0.004009158269975839,0.0036994489768102518,-0.0034990720520034066,0.258819045102521,-0.9659258262890682,-0.7818314824680299,0.6234898018587334,0
2026-02-15T12:00:00+00:00,2026-02-15T13:00:00+00:00,-0.02471434945391765,-0.024529848610525064,-0.027891912795475333,0.028657384385877727,-0.02471434945391765,0.003316757831924452,0.0,27452.0817,4.611720296028608,-0.027010298846206777,-0.020319742175749625,-0.026110538640824715,0.006876287243866342,-0.0028351285449411175,-0.0008286899350990245,-0.0002623486289127809,0.29603791861869655,-0.16218034623810587,-0.40792416276260696,-2.747639425248053,4.536176464411723,-7.283815889659776,-3.26777562989707,0.010704768426687212,0.1481124390614449,-0.02709711128635092,-0.023127255769669886,-0.027971782225039557,1.2246467991473532e-16,-1.0,-0.7818314824680299,0.6234898018587334,0
2026-02-15T13:00:00+00:00,2026-02-15T14:00:00+00:00,-0.004246643460964676,-0.02885603988438185,-0.0286723225502894,0.01712393755680511,-0.004246643460964676,0.008659349000729063,0.004199834203929208,48992.1893,0.7846438691022838,-0.028260129150920514,-0.02354269228571978,-0.02995435675465987,0.004854629316669659,-0.0029659275426855607,-0.0009600037229990956,-0.0003009582084936597,0.2782635076712847,-0.017774410947411782,-0.4434729846574305,-7.384477268366936,2.152045717855991,-9.536522986222927,-2.2527070965631513,0.011205672771736612,0.042347282068938945,-0.031987353949232133,-0.004246643460964676,-0.028771816704518442,-0.25881904510252035,-0.9659258262890684,-0.7818314824680299,0.6234898018587334,1
2026-02-15T14:00:00+00:00,2026-02-15T15:00:00+00:00,0.003925172038392727,-0.0003381402287419511,-0.025044132766882044,0.00951589796649295,0.003930185522734595,0.0010495841458076959,0.004551514186796177,23471.8499,-0.5209062865863804,-0.022169317797212585,-0.01895163940829693,-0.02589333053075202,0.0032906293977880688,-0.0023281793315497895,-0.0007729384064626187,-0.0002601667733315465,0.31880226473862266,0.040538757067337915,-0.36239547052275467,-10.306165296242398,-0.3395964849636872,-9.96656881127871,-0.4300458250557835,0.011044291792933895,-0.010533078725174052,-0.008884112131102273,0.008159273839673018,-0.0250358208764896,-0.5000000000000001,-0.8660254037844386,-0.7818314824680299,0.6234898018587334,1
2026-02-15T15:00:00+00:00,2026-02-15T16:00:00+00:00,0.00048251024712484946,0.004409576221247828,0.0001442068622575652,0.0062497203287442075,0.00048251024712484946,0.0018793908387154377,0.003888051946760505,15790.3985,-0.32726229218089886,-0.01967172570007517,-0.017766509635236336,-0.02517671469232566,0.0019434470215595819,-0.0020664289974377664,-0.0007246381773092902,-0.0002529682993127899,0.32384967835433587,0.005047413615713196,-0.3523006432913283,-12.400409018409619,-2.7517589916528737,-9.648650026756744,0.3179187845219662,0.010696876446858244,-0.030989220494589576,-0.0005664793309581452,0.00902523453569458,0.00016103882455290042,-0.7071067811865475,-0.7071067811865477,-0.7818314824680299,0.6234898018587334,0
2026-02-15T16:00:00+00:00,2026-02-15T17:00:00+00:00,-0.0024959105847490825,-0.0020146046400572816,0.001902659728533876,0.008946951307650539,-0.0024959105847490825,4.984373987544501e-06,0.006439811191913388,52142.1239,2.302141101758768,-0.020054254880286157,-0.019440624656922683,-0.027342573873033616,0.0006261879562408935,-0.0021065273729933055,-0.0007928657490405297,-0.00027472424326760306,0.31100623537171074,-0.012843442982625106,-0.3779875292565785,-14.30033889739093,-5.061474972800485,-9.238863924590444,0.40978610216630074,0.010596735241247964,-0.011834268619590744,-0.004367093947108515,0.0018826466916354466,0.0019117717007684936,-0.8660254037844384,-0.5000000000000004,-0.7818314824680299,0.6234898018587334,0
2026-02-15T17:00:00+00:00,2026-02-15T18:00:00+00:00,-0.017430355834458986,-0.019882761809584898,-0.019409845198774315,0.0259473443920255,-0.017430355834458986,0.0014102368995079252,0.006797544767412299,39397.2103,-0.2444264377193887,-0.03371763395174947,-0.035149847999758475,-0.04387491761500903,-0.0014821899874528923,-0.0035366721824940145,-0.0014326322935673055,-0.00044075959119847146,0.2396930251290844,-0.07131321024262632,-0.5206139497418312,-18.415550752463105,-7.732290128733009,-10.683260623730096,-1.4443966991396522,0.011867761526547423,0.1004240414340964,-0.019887634863023914,-0.011061780419896132,-0.01944375617208322,-0.9659258262890683,-0.25881904510252063,-0.7818314824680299,0.6234898018587334,0
2026-02-15T18:00:00+00:00,2026-02-15T19:00:00+00:00,-0.006117790290671103,-0.023441510863443094,-0.025878913533105598,0.014668953267593562,-0.006117790290671103,0.005134644045650326,0.0033788611910741504,86430.6925,1.1938277315031112,-0.03599077892726195,-0.03950629446686608,-0.049253890603448,-0.0036467654694133603,-0.003774204459886264,-0.0016099058388870124,-0.0004947690583152656,0.2208825942365118,-0.018810430892572613,-0.5582348115269764,-22.391907040596834,-10.664213511105775,-11.72769352949106,-1.0444329057609636,0.012135680083847314,0.01631942224984892,-0.024792812523331896,0.0006844067623473712,-0.026044056709879172,-1.0,-1.8369701987210297e-16,-0.7818314824680299,0.6234898018587334,0
2026-02-15T19:00:00+00:00,2026-02-15T20:00:00+00:00,-0.008681937894285535,-0.014746613909602769,-0.031919931016263996,0.01703196840744913,-0.008681937894285535,0.001400452057686282,0.006873542268423363,111713.6846,0.29252330819864697,-0.04030574479844298,-0.046055370151479987,-0.056968586911695825,-0.005991101146926692,-0.004224785439441352,-0.001876283967300239,-0.0005722209878454076,0.19735714668140958,-0.023525447555102233,-0.6052857066371808,-26.60903054793107,-13.853176918470833,-12.755853629460237,-1.0281600999691776,0.012584107223478793,0.02794838854673244,-0.019749061250857937,-0.0053210558121907356,-0.03223008401941563,-0.9659258262890684,0.2588190451025203,-0.7818314824680299,0.6234898018587334,1
2026-02-15T20:00:00+00:00,2026-02-15T21:00:00+00:00,0.004057191990649862,-0.004659970192523687,-0.010749251762796152,0.012701847588084765,0.004062361627415984,0.004322833070955005,0.0043330889026773085,16989.637,-0.8479180320581781,-0.03305890596299204,-0.0405978802791682,-0.052641581935937376,-0.007796725532370039,-0.003467817233596824,-0.0016543150446955038,-0.0005287813673192982,0.23785398962270832,0.04049684294129875,-0.5242920207545834,-28.98120388788925,-16.878782312354517,-12.102421575534734,0.6534320539255027,0.01254529954883658,0.0009608162099151826,-0.00603987848885815,0.011006387126207846,-0.010742536194306776,-0.8660254037844386,0.5000000000000001,-0.7818314824680299,0.6234898018587334,1
2026-02-15T21:00:00+00:00,2026-02-15T22:00:00+00:00,0.004327960986816156,0.008402712346117574,-0.00035217737490049944,0.008051875111689762,0.004327960986816156,0.003686400653544728,5.6163998876668944e-05,9995.153,-0.4116911974046296,-0.02619615269567349,-0.03506650358207279,-0.04808167556917306,-0.009108970878431127,-0.002749906917281025,-0.0014292402091901262,-0.0004829995190250069,0.2797691796147708,0.04191518999206252,-0.4404616407704583,-29.8361977709003,-19.470265404063674,-10.365932366836624,1.73648920869811,0.012174140612091384,-0.025385582057112645,5.105844149208546e-06,0.012814347104360897,-0.00029678491681951746,-0.7071067811865477,0.7071067811865474,-0.7818314824680299,0.6234898018587334,1
2026-02-15T22:00:00+00:00,2026-02-15T23:00:00+00:00,0.005984018789410547,0.010337878376091647,0.014437013124089302,0.009100275596745656,0.005984018789410547,0.0021519893212605425,0.0009998629629441788,9431.4963,-0.05639300368888796,-0.018464817480977336,-0.028175971105015244,-0.04198133879299818,-0.00989384160343096,-0.0019398944929718642,-0.0011487185650579249,-0.0004217450590028793,0.33450223681598357,0.05473305720121274,-0.3309955263680328,-29.231122348519875,-21.422436792954915,-7.80868555556496,2.557246811271664,0.011887334522155797,-0.017715587791453085,0.002289179303784268,0.010394871794871785,0.014369171766876566,-0.5000000000000004,0.8660254037844384,-0.7818314824680299,0.6234898018587334,0
2026-02-15T23:00:00+00:00,2026-02-16T00:00:00+00:00,-0.0018728397630781845,0.004099971918000548,0.008445677423324853,0.013490425001779842,-0.0018728397630781845,0.0003152681304600465,0.011298802998098236,18853.9236,0.9990384346543185,-0.018405037816281944,-0.028853667437090343,-0.04335886273310637,-0.01064454283420905,-0.0019336262475866087,-0.0011763153642762375,-0.00043557765408425836,0.3260996732505484,-0.008402563565435202,-0.3478006534989032,-28.71830117886543,-22.881609670137017,-5.836691508728414,1.9719940468365458,0.012022552627860948,0.00948082943909233,-0.004016186294321155,0.005110958918112216,0.008439140013148518,-0.2588190451025207,0.9659258262890683,-0.7818314824680299,0.6234898018587334,1
2026-02-16T00:00:00+00:00,2026-02-16T01:00:00+00:00,0.0012864973710705757,-0.0005887517954392453,0.0053917438921650945,0.008100106139321848,0.001281405885314164,0.005174926743554222,0.0016454134101192971,17601.4525,-0.06643026282338382,-0.015534988543661438,-0.0265505105378491,-0.041726452013564196,-0.011189348393288438,-0.0016325922359977266,-0.0010825211856204874,-0.0004191855365666822,0.3383714058917948,0.012271732641246445,-0.3232571882164103,-27.78742076185563,-23.86277188848074,-3.9246488733748883,1.9120426353535258,0.01172803413397366,-0.023242186368854435,-0.0009031452795438609,0.012729124236252547,0.005397676397402938,0.0,1.0,0.0,1.0,0
2026-02-16T01:00:00+00:00,2026-02-16T02:00:00+00:00,-0.0030724540528461867,-0.001789909385837333,-0.0036593969354454144,0.012327692480107611,-0.0030724540528461867,0.006158752152252171,0.0030870172078285665,11795.9275,-0.32983215447702396,-0.016821854602730297,-0.028415822838347496,-0.04424588546348251,-0.011792337217720052,-0.0017675916245709735,-0.0011584858575289158,-0.00044448461154040543,0.3232141654117555,-0.01515724048003932,-0.35357166917648897,-27.22405381676981,-24.535028274138554,-2.6890255426312564,1.235623330743632,0.011804429993993905,0.0034214848614242998,-0.008204920931642505,-0.00014770672574933845,-0.0036587964448537955,0.25881904510252074,0.9659258262890683,0.0,1.0,0
2026-02-16T02:00:00+00:00,2026-02-16T03:00:00+00:00,-0.0030870172078285665,-0.006149986542143354,-0.004871401112591366,0.0074041900868676595,-0.0030870172078285665,0.0019059785385794677,0.0024016351558508154,8676.6599,-0.26443597589083173,-0.01799984525932289,-0.030220384896539294,-0.04674865366067394,-0.01244453942112011,-0.0018911373767554736,-0.0012319654867489881,-0.0004696150732488923,0.30831627195291345,-0.014897893458842048,-0.38336745609417305,-26.955842633961538,-25.01919114610315,-1.9366514878583878,0.7523740547728686,0.011524069511355784,-0.02676414563724262,-0.012214819301433498,0.0,-0.004872973889604178,0.49999999999999994,0.8660254037844387,0.0,1.0,1
2026-02-16T03:00:00+00:00,2026-02-16T04:00:00+00:00,0.0009095554420030519,-0.002180269579126452,-0.005246024853867955,0.005641266502618954,0.0009044409584008165,0.0005258375111038365,0.004211805307385209,9328.3216,0.07510513348575512,-0.015502712911700823,-0.028220262390534233,-0.045445832737468515,-0.012917810587824178,-0.00162920587376488,-0.0011505222184344439,-0.0004565335195125754,0.3182563014193742,0.00994002946646077,-0.3634873971612515,-26.296522275534016,-25.274657371989324,-1.0218649035446923,0.9147865843136955,0.011094145059621748,-0.03643102910017884,-0.004072625953965594,0.003319162014034738,-0.005249915818671701,0.7071067811865475,0.7071067811865476,0.0,1.0,1
2026-02-16T04:00:00+00:00,2026-02-16T05:00:00+00:00,0.007290252095692203,0.008206438426162466,0.005094087801697351,0.007526380343223286,0.007290252095692203,6.58875046882047e-05,0.0002230038620214563,9289.7666,-0.004133112220316083,-0.00753855403232716,-0.02032373583316862,-0.038118535719197134,-0.012882295682907472,-0.0007929028096478153,-0.0008288526714460735,-0.000382954151434243,0.3935514451806818,0.07529514376130755,-0.2128971096386364,-24.34113997448071,-25.0879538924876,0.7468139180068896,1.7686788215515818,0.010764746238204205,-0.022617435254937476,0.006760859471071175,0.012469467764116646,0.0051127903298666885,0.8660254037844386,0.5000000000000001,0.0,1.0,0
2026-02-16T05:00:00+00:00,2026-02-16T06:00:00+00:00,-0.007632814004642508,-0.00039820704724367856,0.000510986203372509,0.01085801838610827,-0.0076277843947188135,0.0005720122574055762,0.0025995914198160973,10870.1372,0.17011951624274374,-0.013694126991326662,-0.026740324366407685,-0.04502842402109425,-0.013227334168947303,-0.0014394121577311343,-0.0010902518644046373,-0.000452342268960878,0.3496875268949624,-0.04386391828571938,-0.3006249462100752,-23.7331209069946,-24.816987295389,1.0838663883944015,0.33705247038751196,0.010848291725002387,6.897457466317175e-05,-0.007698194294518041,-0.0001736164302418978,0.0005669935330527472,0.9659258262890683,0.25881904510252074,0.0,1.0,1
2026-02-16T06:00:00+00:00,2026-02-16T07:00:00+00:00,0.004438202247191039,-0.003228487729719264,0.004038227876535436,0.005918573847428864,0.004443332192707851,0.00045253700379819525,0.0010423605143667556,6224.5302,-0.42737335458838543,-0.008436883180511893,-0.021560511002267302,-0.04040059315470164,-0.013235292437914001,-0.0008873049570783149,-0.0008792471014474233,-0.0004058713136973067,0.3918109809007111,0.042123454005748684,-0.2163780381985778,-22.293070402189414,-24.312203916749084,2.0191335145596696,0.9352671261652681,0.010451658717664512,-0.03228586039247457,-0.0037889340836908766,0.007056136739532273,0.004095640338240734,1.0,6.123233995736766e-17,0.0,1.0,1
2026-02-16T07:00:00+00:00,2026-02-16T08:00:00+00:00,0.0022576003335553923,0.0067058222676200764,-0.0009781760311393655,0.007264868374993107,0.0022576003335553923,0.0038099973111869793,0.0012023560089898272,12111.0474,0.9456966246223689,-0.0056113252799383255,-0.018606820422569677,-0.037868167959396126,-0.013068828590882552,-0.0005903171387847096,-0.0007588857131585685,-0.00038043981307185994,0.4127414571901904,0.020930476289479288,-0.17451708561961923,-20.556585586148913,-23.56108025062905,3.004494664480138,0.9853611499204682,0.01020216992590788,-0.021667026798930445,0.0018042468412975239,0.007766086894281038,-0.0009370114238960768,0.9659258262890683,-0.25881904510252085,0.0,1.0,1
2026-02-16T08:00:00+00:00,2026-02-16T09:00:00+00:00,0.0031352574411631076,0.005399935932963452,0.009862104187946856,0.00430382691636617,0.003130168328987208,0.0006068851115910229,0.0005765408560115005,7824.2263,-0.35395956752675245,-0.00225670523280301,-0.014929977051605089,-0.03451682434533188,-0.012701936345018613,-0.00023749150362990915,-0.000609015692297802,-0.0003467824574488484,0.44154960441004276,0.028808147219852386,-0.11690079117991445,-18.468837247813553,-22.54263165006595,4.073794402252396,1.0692997377722584,0.009751250858081812,-0.04120166484829587,-0.0006721788703352578,0.006612975482609763,0.00983106002190954,0.8660254037844387,-0.4999999999999998,0.0,1.0,1
2026-02-16T09:00:00+00:00,2026-02-16T10:00:00+00:00,0.005239441463402363,0.008391125902401143,0.0106676700445927,0.008648316873525196,0.005239441463402363,0.0028576172101001857,0.0005785668647209363,19499.8904,1.4922451949018907,0.0026872079922930403,-0.009389268610807066,-0.029173666318422112,-0.012044111570228519,0.000282944033869702,-0.00038308864035351405,-0.00029311673395609827,0.4869828566899273,0.04543325227988454,-0.026034286620145366,-15.796227156550003,-21.19335075136276,5.397123594812758,1.3233291925603616,0.00962527538864667,-0.007747149936624856,0.004629746627512665,0.008969543147208159,0.010632299238120863,0.7071067811865476,-0.7071067811865475,0.0,1.0,0
2026-02-16T10:00:00+00:00,2026-02-16T11:00:00+00:00,-0.004422263252954446,0.0007940080209983077,0.003931754881717593,0.005760834411384263,-0.004417254460018299,0.0006316704398447606,0.0006923108020699174,7219.1525,-0.6297849704837315,-0.001580826688072263,-0.013237157722627957,-0.033144949205429784,-0.011674786849184441,-0.00016637512398272894,-0.0005400003939691132,-0.00033300413869510816,0.45328701531429566,-0.03369584137563166,-0.09342596937140868,-14.223484467878734,-19.799377494665954,5.57589302678722,0.17876943197446238,0.00938894456578495,-0.02886683197934792,-0.007259136629292297,0.0013764067686827116,0.003952435651611025,0.49999999999999994,-0.8660254037844387,0.0,1.0,0
2026-02-16T11:00:00+00:00,2026-02-16T12:00:00+00:00,-0.0013795682406209664,-0.005795730679639971,-0.0005866556078712263,0.013536421830326644,-0.0013795682406209664,0.0025251119601243737,0.009629835791817523,17076.6315,1.3654620815947578,-0.0026772336665815345,-0.014034009914320585,-0.03414743421978178,-0.011387262610570274,-0.0002817346733714977,-0.000572488800033621,-0.0003430725544954063,0.4430338491343172,-0.01025316617997845,-0.11393230173136558,-13.046965444357056,-18.448895084604175,5.401929640247118,-0.1739633865401018,0.009697237055111737,0.031410824400700456,-0.006415574359825226,-0.0006877335639263012,-0.0005623900301730484,0.258819045102521,-0.9659258262890682,0.0,1.0,1
2026-02-16T12:00:00+00:00,2026-02-16T13:00:00+00:00,0.015226576929888883,0.01382600258732207,0.009342597111190457,0.01847236621740168,0.015221439559549797,0.0016348991147619291,0.0018442459526278238,17839.9282,0.044698317698077576,0.0113038188388891,0.0009404536458359918,-0.019251088917108534,-0.010247528981895496,0.0011912931579927974,3.838733662639726e-05,-0.00019344085397017197,0.5609220991859442,0.11788825005162692,0.12184419837188827,-9.576166033400114,-16.67434927436336,7.098183240963248,1.6962536007161297,0.010188979494120048,0.06670825054973734,0.011275940459808415,0.025098103335513468,0.00942474543631347,1.2246467991473532e-16,-1.0,0.0,1.0,0
2026-02-16T13:00:00+00:00,2026-02-16T14:00:00+00:00,-0.01921006459845281,-0.004275991195000402,-0.005649660413971571,0.03165116633633174,-0.019214953271028016,0.00877166234690247,0.0032881028612085314,39101.6427,1.1918049367485684,-0.007355426961393316,-0.017583123298645625,-0.03772661963594762,-0.010303482852824225,-0.0007736564618731788,-0.0007171638089374267,-0.00037901829705351927,0.4341653517270179,-0.1267567474589262,-0.13166929654596415,-9.822164602782323,-15.303912340047154,5.481747737264831,-1.6164355036984173,0.011907302828671772,0.14619553203333288,-0.020810939925952433,-0.0024132301795727115,-0.005363055909184893,-0.25881904510252035,-0.9659258262890684,0.0,1.0,1
2026-02-16T14:00:00+00:00,2026-02-16T15:00:00+00:00,0.002759567007165759,-0.016503509051758465,-0.0015282240720592979,0.014433919711321614,0.0027646631329122243,0.005230268659439538,0.006446610208146461,18232.334,-0.5337194874424035,-0.004178360626268498,-0.014297197743241539,-0.034734316102478374,-0.01016129467053632,-0.00043963407121848234,-0.0005832187489576094,-0.0003489667837176462,0.4529234763706743,0.018758124643656372,-0.09415304725865141,-9.469802631753737,-14.13709039838847,4.6672877666347325,-0.8144599706300983,0.012057347502543342,0.015395403549501318,-0.024897331863939335,0.006067620829785436,-0.0012239206613981687,-0.5000000000000001,-0.8660254037844386,0.0,1.0,0
2026-02-16T15:00:00+00:00,2026-02-16T16:00:00+00:00,-0.00835221196778723,-0.0056156934492046316,-0.024717880213733112,0.024981473436741307,-0.00835221196778723,0.006638898116678906,0.009920016354483469,35682.8156,0.9571172621124648,-0.011319080278252746,-0.02166560941116497,-0.04238863524315135,-0.010464983116923234,-0.0011900641943263855,-0.000883529273918936,-0.00042583502188674817,0.40864541742828114,-0.04427805894239313,-0.18270916514343769,-10.400461456369612,-13.389764609984699,2.9893031536150865,-1.677984613019646,0.013074799238129799,0.0753273670450114,-0.013511810229650334,0.0008593482252924922,-0.024802709559074283,-0.7071067811865475,-0.7071067811865477,0.0,1.0,1
2026-02-16T16:00:00+00:00,2026-02-16T17:00:00+00:00,0.008739427082002356,0.0003142215667492212,0.003074655689383521,0.012022799240025342,0.008739427082002356,0.003186827105763123,0.0001722609246359192,22180.4766,-0.3783989232060488,-0.0024240914385865327,-0.012607677499511433,-0.03369256153262251,-0.010208331991106791,-0.0002551024259978036,-0.0005143344055999063,-0.00033850408505433716,0.46688378829857025,0.05823837087028906,-0.06623242340285955,-9.646983766750964,-12.641208441337952,2.994224674586988,0.004921520971901572,0.012894471259593837,-0.005173133902088161,-0.006228223873683308,0.018846400033036687,0.003146782121380884,-0.8660254037844384,-0.5000000000000004,0.0,1.0,1
2026-02-16T17:00:00+00:00,2026-02-16T18:00:00+00:00,0.002654844838505388,0.01141747374338789,0.00296990061475924,0.012086973658280271,0.002654844838505388,0.004754950757709782,0.004684207600846887,16573.7081,-0.2527794420792564,0.0002029498762705833,-0.009598443260487644,-0.03082699000917776,-0.0097994043488581,2.1363601264242044e-05,-0.00039161976817806256,-0.00030972303698708275,0.4836646018053449,0.016780813506774662,-0.032670796389310225,-8.528709408596796,-11.81870863478972,3.289999226192924,0.2957745516059358,0.012805089408237227,-0.004295354553087412,-0.0005302923173268997,0.011593254647780804,0.0030420599527205133,-0.9659258262890683,-0.25881904510252063,0.0,1.0,0
2026-02-16T18:00:00+00:00,2026-02-16T19:00:00+00:00,-0.0050834011288586325,-0.002442051931602248,0.006276033015613407,0.009436597542827909,-0.0050834011288586325,0.0033977845835047736,0.0009294388322592243,10273.7227,-0.3801192444073514,-0.004418634029014466,-0.014067278929183122,-0.035410524700334386,-0.00969146795024471,-0.00046490313602073576,-0.0005738451628251294,-0.0003557580615146493,0.4541113767541761,-0.029553225051168752,-0.09177724649164773,-8.357882382594653,-11.126543384350708,2.7686610017560547,-0.5213382244368692,0.012625235553759665,-0.01905749998017739,-0.00979179239589621,0.0022652304935657504,0.0063108707916491105,-1.0,-1.8369701987210297e-16,0.0,1.0,1
2026-02-16T19:00:00+00:00,2026-02-16T20:00:00+00:00,0.002595318269313739,-0.0025012759033648706,0.00014692843571879094,0.006848898705193401,0.00259022621308923,0.002887479483698428,0.001377884946606972,8089.6023,-0.2125928900144444,-0.001660332362191732,-0.011062149674452548,-0.03259034528633138,-0.009417453414935066,-0.00017474128774496188,-0.00045131253826957067,-0.00032743391057409347,0.4717674192173847,0.01765604246320855,-0.05646516156523063,-7.721161694044895,-10.445467046289545,2.7243053522446505,-0.04435564951140414,0.012182292785543216,-0.03257965678632513,-0.00586197171749733,0.0035280361954145977,0.00016676197896049435,-0.9659258262890684,0.2588190451025203,0.0,1.0,1
2026-02-16T20:00:00+00:00,2026-02-16T21:00:00+00:00,0.009705983668010822,0.01232649205405981,0.007180430421578702,0.011659642785470605,0.009705983668010822,0.0005719446116796472,0.001475015051174019,13720.2978,0.696041077322182,0.007259267128472292,-0.0014062222271818484,-0.022975134279189284,-0.00860303760754468,0.0007647177282883714,-5.739353139274724e-05,-0.00023085256693936734,0.5327862926417466,0.06101887342436186,0.06557258528349308,-5.605882958639313,-9.4775502287595,3.871667270120186,1.1473619178755357,0.012036220731016116,-0.002400918546465641,0.006798872579227594,0.013721760535443652,0.007217900808465928,-0.8660254037844386,0.5000000000000001,0.0,1.0,1
2026-02-16T21:00:00+00:00,2026-02-16T22:00:00+00:00,0.002980132450331153,0.012715041235233399,0.015343359083360016,0.00891383294816768,0.002980132450331153,0.0024410496513500215,0.003501505647428394,12003.6883,-0.12511459481586473,0.009274728256291742,0.0015080690342647613,-0.019867800585649194,-0.007695287521411853,0.0009772412529846148,6.155762724147632e-05,-0.00019963652509526737,0.5501361427427145,0.01734985010096793,0.10027228548542894,-3.4108824342201842,-8.264216669851637,4.853334235631452,0.9816669655112662,0.011779984575288699,-0.018372065980841353,0.002406811275910919,0.01422555933235259,0.015281434387655713,-0.7071067811865477,0.7071067811865474,0.0,1.0,0
2026-02-16T22:00:00+00:00,2026-02-16T23:00:00+00:00,-0.004476925077783469,-0.00151013445715432,0.008181191870478862,0.009119732286867015,-0.004471945296203875,0.0017134042478355606,0.0029142946150869787,11617.8339,-0.03214465340623683,0.00430135335690537,-0.0028592507105941324,-0.024020225280067607,-0.007129935694664737,0.0004529791347607725,-0.00011669049237635106,-0.0002413510349129501,0.5188709723394437,-0.0312651704032708,0.037741944678887335,-2.3662423374905757,-7.084621803379425,4.718379465888849,-0.13495476974260345,0.011639157881191325,-0.016378148092373996,-0.006901128731250151,0.0020088611418789693,0.008209191040558506,-0.5000000000000004,0.8660254037844384,0.0,1.0,1
2026-02-16T23:00:00+00:00,2026-02-17T00:00:00+00:00,0.0040900617528979,-0.00040517422491680063,0.00257375075255864,0.006905766314872897,0.0040900617528979,0.0020967507869070947,0.0007356142378886507,8514.1495,-0.26714828484507774,0.007602061843146429,0.0011712520431517459,-0.019833072578971253,-0.006382291227383145,0.0008008578962527337,4.780849138545979e-05,-0.00019928763912327194,0.5442405012980858,0.025369528958642105,0.08848100259617155,-0.8714816652664013,-5.84199377575682,4.970512110490419,0.2521326446015699,0.0112570340200634,-0.028875104218192255,-0.002102330040848141,0.007024828788695683,0.0025932691254455837,-0.2588190451025207,0.9659258262890683,0.0,1.0,1
2026-02-17T00:00:00+00:00,2026-02-17T01:00:00+00:00,5.504596337948554e-05,0.004145332857666856,-0.00035015056474286215,0.0061848241628469705,5.004153447368137e-05,0.003667860931526554,0.002466924200876602,7247.1782,-0.14880773470092337,0.006923189053021365,0.0011782131695949095,-0.01958616589590026,-0.005705475795854319,0.0007292882161279808,4.809264624423169e-05,-0.00019680714772319952,0.5445899684820095,0.0003494671839236929,0.08917993696401894,0.31833346727671596,-4.609928327150113,4.928261794426829,-0.042250316063589644,0.01089415795438559,-0.032182223631226414,-0.0020374328346283318,0.00488756587151536,-0.0003318173615060836,0.0,1.0,0.7818314824680298,0.6234898018587336,0
2026-02-17T01:00:00+00:00,2026-02-17T02:00:00+00:00,-0.0033125838153760523,-0.0032577201963639594,0.0008190172797571496,0.008560010442710665,-0.003317571117616207,0.004819712624634711,0.0004116837866875201,7619.5607,0.051383102460485885,0.003244879864403989,-0.0020545919954270218,-0.022611803681846964,-0.0052823313292635725,0.0003416830089178503,-8.385386571206188e-05,-0.00022720267557337483,0.5188073637306889,-0.025782604751320548,0.03761472746137784,0.7188059105255888,-3.5441814796149727,4.2629873901405615,-0.6652744042862677,0.010761054616621638,-0.015489974886532297,-0.006954935012488992,-0.0007976281848692168,0.0008325239009013335,0.25881904510252074,0.9659258262890683,0.7818314824680298,0.6234898018587336,1
2026-02-17T02:00:00+00:00,2026-02-17T03:00:00+00:00,0.003398901507164293,7.505854566555091e-05,0.00013010864071499246,0.014450187382104325,0.003408976804900072,0.004998523959391376,0.006054268259122636,16392.9806,1.151433822162477,0.006017205278735692,0.0012848146119036905,-0.019101485881845355,-0.004704085220412115,0.0006337914665362204,5.244416297681466e-05,-0.00019193788525666985,0.5426534924184022,0.023846128687713346,0.08530698483680453,1.564431831469392,-2.5224588173980997,4.086890648867492,-0.17609674127306985,0.010990715936314779,0.024813337555359735,-0.004711038071761179,0.0038121546961325556,0.0001413636551677262,0.49999999999999994,0.8660254037844387,0.7818314824680298,0.6234898018587336,0
2026-02-17T03:00:00+00:00,2026-02-17T04:00:00+00:00,-0.006449546930585999,-0.0030725667982046023,-0.00637497247853326,0.007297174799818708,-0.006454518162713831,0.0003122324621041034,0.0004884927229692437,8720.5727,-0.46803007257874746,-0.00042629760924741783,-0.0049711637764192134,-0.025181194757718007,-0.0045468044590424,-4.487141901771676e-05,-0.00020286348199291307,-0.0002530133023163824,0.49259917714542356,-0.050054315272978725,-0.014801645709152923,1.1808688711664672,-1.7817932796851863,2.9626621508516537,-1.124228498015838,0.010793140760763445,-0.024310158224859598,-0.011391132043533184,0.0030307622367025306,-0.006363229238797759,0.7071067811865475,0.7071067811865476,0.7818314824680298,0.6234898018587336,1
2026-02-17T04:00:00+00:00,2026-02-17T05:00:00+00:00,0.00188346678753085,-0.0045782276504935295,-0.0011948870881906407,0.008168127714331671,0.001888512305546183,0.004543992279234339,0.0017391828856361772,9943.1886,0.14019903761595828,0.001317481975447895,-0.002975968118250518,-0.02311823594312271,-0.004287800993175597,0.00013870154865659417,-0.00012145333375521761,-0.00023229010859879355,0.5068137320829555,0.014214554937532,0.013627464165911079,1.1652469635653233,-1.1923852310350842,2.3576321946004075,-0.6050299562512462,0.010586798830411128,-0.017270417434617123,-0.004891907844059169,0.0023731187617459485,-0.0011671786358908565,0.8660254037844386,0.5000000000000001,0.7818314824680298,0.6234898018587336,0
2026-02-17T05:00:00+00:00,2026-02-17T06:00:00+00:00,-0.00691651922148946,-0.005046079468197603,-0.011463081472437997,0.013327057013281466,-0.00691651922148946,0.0008149092970521036,0.005547457078069341,17831.9284,0.7933812901829099,-0.005076751687608442,-0.009488443803254608,-0.029586390095523378,-0.004434203465573214,-0.0005341094890903811,-0.00038713349015867863,-0.00029726226309794823,0.4561789594218558,-0.050634772661099704,-0.08764208115628833,0.042064591928465234,-0.9454952664423744,0.9875598583708396,-1.370072336229568,0.010850998637982527,0.017866464636703515,-0.011408670589648109,-0.003304359231774292,-0.01148259936454461,0.9659258262890683,0.25881904510252074,0.7818314824680298,0.6234898018587336,1
2026-02-17T06:00:00+00:00,2026-02-17T07:00:00+00:00,0.002702866861030085,-0.004232346791056816,-0.0023568514881402345,0.004745030337906666,0.002702866861030085,0.0020444013689917087,5.047904614789808e-06,6772.8404,-0.6201846346579094,-0.0021607068302321084,-0.006545864605313144,-0.026702361930665688,-0.004394653332553186,-0.00022739110575971313,-0.0002671067820604707,-0.00026829344584899185,0.477976045036497,0.021797085614641176,-0.044047909927005975,-0.4124180592621087,-0.8388798250063212,0.42646176574421246,-0.5610980926266271,0.010387697566266764,-0.04010916623637292,-0.0050375430049471245,0.008296347571155153,-0.002330185572928525,1.0,6.123233995736766e-17,0.7818314824680298,0.6234898018587336,1
2026-02-17T07:00:00+00:00,2026-02-17T08:00:00+00:00,0.0024684253566345116,0.00517796404275997,-0.00177436866655942,0.007502857632017609,0.0024684253566345116,0.0011631947067087358,0.0038773156890292335,10442.2239,0.5417791182559094,0.00027357853440628053,-0.003933695491090777,-0.02406387820960371,-0.004206123320443518,2.8798569797605984e-05,-0.00016053322458241785,-0.00024178954588365226,0.49782553423242537,0.019849489195928386,-0.004348931535149206,-0.37370881949095747,-0.7458456239032485,0.372136804412291,-0.05432496133192144,0.010157886461026331,-0.01970957658558405,0.0004231588810470893,0.005183051825456685,-0.0017452270038248634,0.9659258262890683,-0.25881904510252085,0.7818314824680298,0.6234898018587336,0
2026-02-17T08:00:00+00:00,2026-02-17T09:00:00+00:00,-0.004446324355081627,-0.0019888744182290207,0.0007086167800452824,0.008563133510024917,-0.004446324355081627,0.002513808242458589,0.0015831428166790831,13060.6464,0.2507533380892167,-0.0037779438353221493,-0.008037222777804784,-0.028128537442574264,-0.004275431281736815,-0.0003975202132929815,-0.00032794232784728866,-0.0002826189727057307,0.46354942802269666,-0.03427610620972871,-0.07290114395460662,-1.043509741955404,-0.8053784475136796,-0.23813129444172443,-0.6102680988540155,0.010086102012044403,-0.011481771375709453,-0.005603001679894629,0.0019054182798532377,0.0007249678625829694,0.8660254037844387,-0.4999999999999998,0.7818314824680298,0.6234898018587336,0
2026-02-17T09:00:00+00:00,2026-02-17T10:00:00+00:00,-0.00046533271288963794,-0.004909588047796728,-0.0024532816427900272,0.005161525382560139,-0.0004602770766841106,0.0014776131487329329,0.0032234232045988778,13678.9128,0.047338116435033446,-0.003839115226508268,-0.008168250996259275,-0.0283044445303523,-0.004345819872997092,-0.0004039541473674541,-0.0003332868826672398,-0.0002843858808639616,0.4599957348866597,-0.003553693136037026,-0.08000853022668068,-1.629781008935197,-0.970258959797983,-0.6595220491372139,-0.4213907546954895,0.009738706718283576,-0.034892273760252175,-0.0073937153419593475,0.0011195825628815504,-0.002443231711336753,0.7071067811865476,-0.7071067811865475,0.7818314824680298,0.6234898018587336,0
2026-02-17T10:00:00+00:00,2026-02-17T11:00:00+00:00,-0.0046706744393166634,-0.00513383373459843,-0.009557331399710973,0.008673414915629913,-0.004665637729929422,0.0013320250339360785,0.0026538819378422347,13184.1419,-0.03617033804031557,-0.007689328721065782,-0.012304960030527492,-0.03252675250562724,-0.004651397433338976,-0.0008087484198540057,-0.0005019911448797183,-0.0003267952052147934,0.42480921165419366,-0.03518652323246599,-0.15038157669161265,-2.8068336425069447,-1.3375738963397754,-1.4692597461671693,-0.8097376970299554,0.009705049954179592,-0.008110511502412704,-0.006595992909055068,-0.0014519314241619157,-0.009582331507287928,0.49999999999999994,-0.8660254037844387,0.7818314824680298,0.6234898018587336,1
2026-02-17T11:00:00+00:00,2026-02-17T12:00:00+00:00,0.000782946012313587,-0.0038913853129301547,-0.004354907236935228,0.004175831991343544,0.0007880340837451216,0.0020472752950260725,0.001341143121307462,7332.665,-0.44382690541278236,-0.006258198862279993,-0.01108443926371091,-0.03146310688451495,-0.004856634183955459,-0.0006583240988582155,-0.0004522214955922106,-0.0003161121709898423,0.4326076869815971,0.007798475327403409,-0.13478462603680583,-3.5741901657609105,-1.7848971502240025,-1.789293015536908,-0.32003326936973875,0.009303055555941854,-0.04067064155789262,-0.005205253768755315,0.003445973156073013,-0.004353061139892715,0.258819045102521,-0.9659258262890682,0.7818314824680298,0.6234898018587336,1
2026-02-17T12:00:00+00:00,2026-02-17T13:00:00+00:00,0.0006553312979115575,0.0014387903992515885,-0.0032386041616063936,0.0049803021687921094,0.0006553312979115575,0.003685728210543412,0.0006396718381934808,11194.8099,0.5267041246259034,-0.0050756821325410395,-0.010031207925031545,-0.030531009545839125,-0.004980806784492192,-0.0005339970245668258,-0.0004092694880693123,-0.0003067501924903405,0.4394634436413329,0.0068557566597358035,-0.12107311271733423,-4.031757924256226,-2.2342693050304474,-1.7974886192257786,-0.008195603688870623,0.008988630051110766,-0.033164907204728734,-0.001389100126742717,0.0027898262976765115,-0.003232397129091519,1.2246467991473532e-16,-1.0,0.7818314824680298,0.6234898018587336,1
2026-02-17T13:00:00+00:00,2026-02-17T14:00:00+00:00,0.010544431808951335,0.011206673203045992,0.011998393435455206,0.01757320914530302,0.010544431808951335,0.004616860836058766,0.0025219413924934472,19708.1928,0.7604758790946509,0.0048969678068730895,0.00039146579015272197,-0.020110498983433686,-0.0044835462351462295,0.0005157361421219025,1.5978450823283918e-05,-0.000202074725224861,0.5365587253423241,0.09709528170099119,0.07311745068464816,-2.687439126219715,-2.324903269268301,-0.3625358569514141,1.4349527622743645,0.009514722607374033,0.06969025273216141,0.006833517111612422,0.01185435210272413,0.011982709119176479,-0.25881904510252035,-0.9659258262890684,0.7818314824680298,0.6234898018587336,0
2026-02-17T14:00:00+00:00,2026-02-17T15:00:00+00:00,-0.02112000321522407,-0.010798269839980496,-0.010150014986258372,0.02997192697935329,-0.02112000321522407,0.006245862180457725,0.0021503831171830775,50708.5711,1.5729691004443593,-0.014794562569006745,-0.01993981235324358,-0.04041615091983011,-0.005222514603302953,-0.0015549008937311526,-0.0008132080464242899,-0.00040602754622353753,0.38949465512087295,-0.14706407022145115,-0.22101068975825414,-4.957190049396559,-2.8513606252939523,-2.1058294241026063,-1.7432935671511922,0.011166574786905723,0.14882347521427203,-0.025618586602124307,-0.008270814458910593,-0.009920240108361178,-0.5000000000000001,-0.8660254037844386,0.7818314824680298,0.6234898018587336,1
2026-02-17T15:00:00+00:00,2026-02-17T16:00:00+00:00,0.010310548168068565,-0.011027213857615834,-0.0005990577532288521,0.014223450405876317,0.010305363099820337,0.0005486188013695937,0.0034745857420068874,35993.6945,-0.29018519514149754,-0.004196831059007171,-0.00945281977804233,-0.030227791111665507,-0.005278140181683442,-0.0004415766143743943,-0.0003856805718001707,-0.0003037046310705234,0.4649645569734148,0.07546990185254188,-0.07007088605317037,-5.076371655311277,-3.2963628312974174,-1.7800088240138598,0.32582060008874647,0.0112791044082897,0.020491813742800274,-0.01703700004993265,0.012487784806871354,-0.0002650232382041696,-0.7071067811865475,-0.7071067811865477,0.7818314824680298,0.6234898018587336,1
2026-02-17T16:00:00+00:00,2026-02-17T17:00:00+00:00,0.005984008777900808,0.016356255356712066,-0.005109192024234788,0.021622331293300177,0.005978898602553087,0.015204306287745727,0.0004746611727159846,43955.8094,0.22120860363472833,0.0015939807458696885,-0.0033875950230255105,-0.0241875125290393,-0.004973647869953757,0.0001678156042853956,-0.0001382500688890325,-0.00024303149951359406,0.5037058000404372,0.038741243067022355,0.007411600080874337,-4.172182068431539,-3.4715266787242416,-0.7006553897072973,1.0793534343065625,0.011955605893766867,0.06632121744886121,0.005432409654458037,0.01993139890609057,-0.0048254462692546955,-0.8660254037844384,-0.5000000000000004,0.7818314824680298,0.6234898018587336,0
2026-02-17T17:00:00+00:00,2026-02-17T18:00:00+00:00,-0.007114868003797248,-0.0011734346584847686,0.009125014755015409,0.015267486153986981,-0.00711988163827967,0.0018715639256053664,0.006224984361252528,24967.607,-0.43198390973093986,-0.005007987945459336,-0.010071583203877878,-0.030830085194805977,-0.005089081316304055,-0.0005268788781461538,-0.0004109161072699164,-0.0003097541251129409,0.46073326679140203,-0.042972533249035154,-0.07853346641719597,-4.540213793030944,-3.685264101585582,-0.8549496914453618,-0.15429430173806447,0.012271721437077089,0.019137789179328693,-0.021984909001377808,-0.0007013442431327264,0.009179688942172125,-0.9659258262890683,-0.25881904510252063,0.7818314824680298,0.6234898018587336,1
2026-02-17T18:00:00+00:00,2026-02-17T19:00:00+00:00,0.016488071322860072,0.009255892867963479,0.01529528899003349,0.02265984219663878,0.016482901723050676,0.004167729863060268,0.002276491101671572,25370.9819,0.0161559295610508,0.010300852705425644,0.006003840716950236,-0.014704750755028162,-0.004253200397652532,0.0010854772680926241,0.0002451147896777061,-0.00014776460214450534,0.5548393097971724,0.09410604300577041,0.10967861959434487,-2.190606582468945,-3.3863325977622543,1.1957260152933094,2.050675706738671,0.012828893290500291,0.06263958686903023,0.007378846299236461,0.022855329754405043,0.015357212096963634,-1.0,-1.8369701987210297e-16,0.7818314824680298,0.6234898018587336,0
2026-02-17T19:00:00+00:00,2026-02-17T20:00:00+00:00,-0.000275180243059181,0.016208353888326688,0.008978165586055162,0.010139429669592716,-0.0002801821183769177,0.008322740148337894,0.0015364288788574192,23332.8204,-0.08033435631436868,0.009059633955641487,0.00550118427029956,-0.014829080501959158,-0.003526500878240817,0.0009545559877347381,0.00022458856217817216,-0.00014901377652934655,0.5530759820397018,-0.001763327757470634,0.1061519640794036,-0.3686566986102662,-2.7827974179318566,2.4141407193215905,1.2184147040282811,0.012640067745155505,-0.014989901147714882,-0.004424470109914143,0.018560148440407234,0.009098023076003645,-0.9659258262890684,0.2588190451025203,0.7818314824680298,0.6234898018587336,0
2026-02-17T20:00:00+00:00,2026-02-17T21:00:00+00:00,-0.001716596434684288,-0.001991304304319338,0.014463934251145599,0.0069834712815397045,-0.001721592473037587,0.001679442124419043,0.0035794676920455105,14385.5431,-0.38346317104468003,0.006625006697227257,0.003626562745024354,-0.01635853009787343,-0.0029787099786452802,0.0006978557891056188,0.0001480448832278742,-0.0001643803123375798,0.5415176660224492,-0.011558316017252608,0.08303533204489838,0.7893798964200869,-2.068361955061468,2.857741851481555,0.44360113215996444,0.012256207831713644,-0.032032967249223276,-0.010231574977795145,-0.00018044479642313302,0.014496294645116602,-0.8660254037844386,0.5000000000000001,0.7818314824680298,0.6234898018587336,1
2026-02-17T21:00:00+00:00,2026-02-17T22:00:00+00:00,0.0025216698166650653,0.000800744692564039,0.0005253441003857299,0.005225679338314003,0.0025216698166650653,0.0015251982757758281,0.001185154070029163,6350.1913,-0.5585713201192939,0.008283450496229687,0.0059144836235716395,-0.013741918065664233,-0.002349504865414733,0.0008727031041253098,0.0002414657864902999,-0.00013809065763986572,0.5561660211854353,0.014648355162986206,0.1123320423708708,2.088931303963136,-1.2369033032565473,3.3258346072196834,0.4680927557381285,0.011725400881113398,-0.04089677394447077,-0.0008793404946290237,0.006123054785491869,0.0005298931389215963,-0.7071067811865477,0.7071067811865474,0.7818314824680298,0.6234898018587336,0
2026-02-17T22:00:00+00:00,2026-02-17T23:00:00+00:00,-0.0029103783491853624,-0.00039604754575851305,-0.0021119641266377867,0.005822701011073614,-0.0029103783491853624,0.0021364949446316755,0.0007673326913817869,6910.2358,0.08819332734117788,0.004837074885175784,0.002869422769893823,-0.016449724776976617,-0.001958180250770312,0.0005094251592441093,0.00011713301526668771,-0.00016529653964209083,0.5348720886603392,-0.021293932525096225,0.06974417732067835,2.6190193719360195,-0.46571876821803393,3.0847381401540535,-0.24109646706562993,0.011335559782236932,-0.036061186387550924,-0.004428821793597876,0.0007930373329854115,-0.002105304967204585,-0.5000000000000004,0.8660254037844384,0.7818314824680298,0.6234898018587336,0
2026-02-17T23:00:00+00:00,2026-02-18T00:00:00+00:00,-0.001133445674851544,-0.004040525268284841,-0.0015290443222322817,0.004277838586907394,-0.0011284360878876178,0.0021489611680708415,0.0009991665244067807,11141.6459,0.6123394660425334,0.003344764165182858,0.0016646616558738858,-0.01739279394652472,-0.0016745016960415143,0.00035220444273496783,6.794999059667317e-05,-0.0001747713988300745,0.5264431472317165,-0.008428941428622707,0.05288629446343293,2.8241992614084666,0.1922648377072662,2.6319344237012006,-0.4528037164528529,0.010843380887334908,-0.04450325239870878,-0.006157684630738482,-0.0003663941296633782,-0.0015221542073718414,-0.2588190451025207,0.9659258262890683,0.7818314824680298,0.6234898018587336,0
2026-02-18T00:00:00+00:00,2026-02-18T01:00:00+00:00,-0.005081188556279746,-0.006208874979939069,-0.009101183153810017,0.008432835067674655,-0.005086183956177534,0.003138972718188897,0.00018167687758001351,10638.9469,-0.045118917304668486,-0.0015866923750946437,-0.003291114248709112,-0.02216780179295583,-0.0017071305646647124,-0.0001669923589043984,-0.00013431315137894426,-0.00022274235260936188,0.48926211477210374,-0.03718103245961274,-0.02147577045579254,2.1454746818053536,0.5829068065268836,1.56256787527847,-1.0693665484227306,0.010722622077305774,-0.016161239418079933,-0.008332540949559396,-0.004086104730935336,-0.009125012580316652,0.0,1.0,0.9749279121818236,-0.22252093395631434,0
2026-02-18T01:00:00+00:00,2026-02-18T02:00:00+00:00,-0.0017511632366745194,-0.006823453802355896,-0.00794916546300761,0.007835920872365489,-0.0017511632366745194,0.001334634264712624,0.004747051418807157,16454.555,0.5466338120364149,-0.003018409394747227,-0.00483995978824603,-0.023648151318513843,-0.0018270652243367565,-0.0003176263861346871,-0.00019751036106287266,-0.0002376133889561373,0.47682659103817976,-0.012435523733923972,-0.04634681792364049,1.3124514393034588,0.7288157330821987,0.58363570622126,-0.9789321690572099,0.010533895563562977,-0.01932112154089204,-0.009920466091726853,-0.0015697715502882763,-0.00796579746780581,0.25881904510252074,0.9659258262890683,0.9749279121818236,-0.22252093395631434,1
2026-02-18T02:00:00+00:00,2026-02-18T03:00:00+00:00,0.0048228829111204175,0.003063274019197158,-0.0020334796099736813,0.007677562499685548,0.004817803122219512,0.0026262697410457925,0.0002565895724010198,12379.751,-0.2476398784409545,0.0016191718657563125,-3.883442209399255e-05,-0.018754404005592515,-0.0016553260305130443,0.00017046819821762586,-1.5850759403696486e-06,-0.00018845095196291006,0.513441749426379,0.03661515838819923,0.02688349885275798,1.4058668311974998,0.8642259527052589,0.5416408784922409,-0.04199482772901919,0.010282923294323378,-0.01911723284058563,0.0017286738098357187,0.00961557998252628,-0.0020094688818338476,0.49999999999999994,0.8660254037844387,0.9749279121818236,-0.22252093395631434,1
2026-02-18T03:00:00+00:00,2026-02-18T04:00:00+00:00,0.004759485009634705,0.009605322359673823,0.007837338635606636,0.006860049973210777,0.004759485009634705,0.0017475601756573426,0.00037555018101518726,9221.4102,-0.2551215125409227,0.005774625951151534,0.00453451003980649,-0.0139459936100183,-0.0012329958216755344,0.0006082250761536754,0.00018511630414473217,-0.0001401410975192653,0.5472774249212571,0.03383567549487807,0.09455484984251412,2.2176781287646463,1.1349163879171364,1.0827617408475099,0.541120862355269,0.009993202012283394,-0.023549605489904986,0.002127627544747926,0.009860586477343407,0.007831204684080603,0.7071067811865475,0.7071067811865476,0.9749279121818236,-0.22252093395631434,1
2026-02-18T04:00:00+00:00,2026-02-18T05:00:00+00:00,0.0010415258353488634,0.005805967971584059,0.010656852386417141,0.004717004727009011,0.0010365133094318523,0.0018157717029737047,0.0018657929620088628,10445.9513,0.13279325758656743,0.006168428279895232,0.005360732188934801,-0.012792090081676725,-0.0008027444195811591,0.0006497301151064432,0.00021885328174555308,-0.00012854719290858913,0.5546113428284898,0.007333917907232745,0.10922268565697962,2.9943658618585687,1.506806282705423,1.4875595791531457,0.40479783830563587,0.009606676096438144,-0.03767764466646145,-0.0007048026552564555,0.006185639652517134,0.010623893756103987,0.8660254037844386,0.5000000000000001,0.9749279121818236,-0.22252093395631434,0
2026-02-18T05:00:00+00:00,2026-02-18T06:00:00+00:00,-0.0013305654903334326,-0.000290425473318375,0.004467677260629656,0.0034610741851950583,-0.0013455516761872641,0.0018682788293455104,0.0002454307309327916,5731.646,-0.45130454513989554,0.004367679132106211,0.003864658146522096,-0.013967240648827872,-0.000500833505533337,0.00045996717064408733,0.00015776603503321994,-0.00014035457570541214,0.5425077903599107,-0.012103552468579153,0.08501558071982132,3.3565643323809127,1.8767578926405208,1.4798064397403918,-0.007753139412753907,0.009179589634684808,-0.04572866853495237,-0.003140634518019934,0.001575237665236963,0.004470445354650136,0.9659258262890683,0.25881904510252074,0.9749279121818236,-0.22252093395631434,1
2026-02-18T06:00:00+00:00,2026-02-18T07:00:00+00:00,0.0027898962679502206,0.0014556186379210436,0.002498660537687717,0.006523281020548808,0.002784873528675154,0.003276625076171516,0.00046951639810997403,5869.8955,0.024120383568699097,0.006482499938858977,0.006402277204276253,-0.011105945923645548,-7.970604018211668e-05,0.0006828343592158543,0.0002613857415612292,-0.00011160508988489597,0.5639664343176348,0.021458643957724205,0.12793286863526973,4.0464171017943045,2.3106897344712776,1.735727367323027,0.25592092758263507,0.008966138656711241,-0.020527756544288463,-0.00042438252342847976,0.0030360721442885498,0.0025008566129656514,1.0,6.123233995736766e-17,0.9749279121818236,-0.22252093395631434,1
2026-02-18T07:00:00+00:00,2026-02-18T08:00:00+00:00,0.007996763333766217,0.010808969741896993,0.009464022209438934,0.013284970293399112,0.007996763333766217,0.002700600078292649,0.0026510477832780376,15598.0276,1.6572922124422826,0.013129018347682587,0.01387569900669425,-0.003166274126603391,0.0007370045132350742,0.0013839145038521173,0.0005666760013193592,-3.182083792073466e-05,0.6192481389004688,0.05528170458283398,0.23849627780093768,5.817938022539238,3.01213939208487,2.805798630454368,1.0700712631313412,0.009208576166751931,0.03525222243251597,0.004704722645398356,0.011280041692557473,0.009456094111383005,0.9659258262890683,-0.25881904510252085,0.9749279121818236,-0.22252093395631434,1
2026-02-18T08:00:00+00:00,2026-02-18T09:00:00+00:00,0.0013032253588825507,0.009310410277414314,0.012126281624250577,0.010827930915029387,0.001308187070751167,0.009081011530657648,0.0004404414311871493,19799.3854,0.2693518634368874,0.013055259125360198,0.014592349976204752,-0.0018486306248208422,0.0015172823367716694,0.001376128931067879,0.0005959610795448774,-1.857885707913205e-05,0.6276006962030487,0.00835255730257984,0.25520139240609735,7.34938104565822,3.8795877227995397,3.46979332285868,0.6639946924043119,0.009313115220428627,0.012670378079014923,-0.0013936111330750062,0.012014764287252535,0.012089884960598988,0.8660254037844387,-0.4999999999999998,0.9749279121818236,-0.22252093395631434,0
2026-02-18T09:00:00+00:00,2026-02-18T10:00:00+00:00,-0.0019844608304053005,-0.0006838216712006431,0.007307473302498481,0.003436323877244427,-0.001979521846497978,0.001021475784577672,0.00043139996727316457,8508.1525,-0.5702819896621639,0.009982495766619129,0.012079680976308758,-0.0037914636783478923,0.0020764569866112154,0.0010518943471038039,0.0004932914195626821,-3.810371064833927e-05,0.6057801423661942,-0.021820553836854585,0.2115602847323882,8.145589898008666,4.732788157841365,3.4128017401673008,-0.05699158269137916,0.008910539938391328,-0.045125383888835434,-0.010965890978641965,-0.00023795713797053207,0.007315527862243466,0.7071067811865476,-0.7071067811865475,0.9749279121818236,-0.22252093395631434,0
2026-02-18T10:00:00+00:00,2026-02-18T11:00:00+00:00,-0.009629640648785917,-0.011594991834512824,-0.010306877363025047,0.011380534429496271,-0.009629640648785917,0.0007960866582885229,0.0008611755045637432,13627.4399,0.6016920124551128,0.00023227137546841288,0.002241993829963216,-0.013253178914509767,0.0020092557618953196,2.445021626886649e-05,9.151832708115113e-05,-0.00013318003875002372,0.5127946174603026,-0.09298552490589146,0.025589234920605292,7.127399227935712,5.211710371860234,1.9156888560754775,-1.4971128840918233,0.009167419178915195,0.018921444639701933,-0.012596712396489936,-0.00920221051482769,-0.010310876120308668,0.49999999999999994,-0.8660254037844387,0.9749279121818236,-0.22252093395631434,0
2026-02-18T11:00:00+00:00,2026-02-18T12:00:00+00:00,-0.007930825576912444,-0.017484095225344495,-0.019433859553620023,0.010966826988589059,-0.007930825576912444,0.000519826589887088,0.002452774006651826,18516.9861,0.3588015236816417,-0.006972138393163002,-0.005484051148036402,-0.020873533604291405,0.0014985352402083652,-0.0007333710766865806,-0.00022378872976315436,-0.00020974025712549826,0.45186856018014604,-0.060926057280156626,-0.09626287963970796,4.984857828557551,5.166339863199697,-0.18148203464214596,-2.0971708907176234,0.009363999987928464,0.013342529235286189,-0.01825812077610634,-0.007075743529352756,-0.01954492705610366,0.258819045102521,-0.9659258262890682,0.9749279121818236,-0.22252093395631434,1
2026-02-18T12:00:00+00:00,2026-02-18T13:00:00+00:00,0.0005248734499830746,-0.007410114806711138,-0.01696839871274218,0.008938344590334294,0.000519823966408255,0.0034855508532285894,0.004933239847261231,17377.6175,-0.06153099612684799,-0.005840138705889354,-0.004768393578181197,-0.020161117177489994,0.001078041036894261,-0.0006143737555725545,-0.0001945904365058944,-0.00020258324495427862,0.45643496046309356,0.004566400282947569,-0.08713007907381282,3.3323839933914314,4.799548689238044,-1.4671646958466127,-1.2856826612044667,0.009329034575520664,-0.0032111116920011144,-0.007921733473452399,0.0029849689107899497,-0.017035592775715286,1.2246467991473532e-16,-1.0,0.9749279121818236,-0.22252093395631434,0
2026-02-18T13:00:00+00:00,2026-02-18T14:00:00+00:00,-0.005947126564336391,-0.005425374603190624,-0.013313172480435754,0.015400775366878507,-0.005952140752996224,0.004785150303448588,0.004627844195912131,18828.9728,0.08351865841217873,-0.010645159355982906,-0.010272362706358956,-0.025736407738395722,0.00037680782901034637,-0.001119288878684612,-0.00041910438832936373,-0.00025859047787353073,0.41429764363962507,-0.04213731682346854,-0.1714047127207499,1.0592220542341693,4.051483362237269,-2.9922613080030995,-1.5250966121564868,0.00981455658794071,0.04578754626331541,-0.009399913540902213,-0.0004970431007374589,-0.01335307869126576,-0.25881904510252035,-0.9659258262890684,0.9749279121818236,-0.22252093395631434,1
2026-02-18T14:00:00+00:00,2026-02-18T15:00:00+00:00,0.0020196074451458474,-0.0039395299802771015,-0.0034167242849860867,0.011419687439863041,0.002024692109790076,0.0011090516848469242,0.008290034740157859,38349.6129,1.0367342025158166,-0.007829970496777248,-0.007951630280741884,-0.023537839305440705,-0.00012261989411789558,-0.0008235286622788103,-0.0003244510353495304,-0.00023650525108384745,0.43331641930261555,0.019018775662990494,-0.13336716139476892,-0.41632330612242185,3.1579220285653307,-3.5742453346877525,-0.581984026684653,0.0099108401626247,0.011849703063200788,-0.008660029820624426,0.006678358041558829,-0.003402645669207469,-0.5000000000000001,-0.8660254037844386,0.9749279121818236,-0.22252093395631434,1
2026-02-18T15:00:00+00:00,2026-02-18T16:00:00+00:00,0.005479424305956436,0.007510098037225706,0.00151830796935136,0.018494268388500528,0.005484516243384866,0.01250075548481976,0.0005389125047848196,33886.8033,-0.11637169876100628,-0.0021659960435314075,-0.0024173569270303937,-0.01800967895977937,-0.0002519065120073341,-0.0002279476115691596,-9.865789533402166e-05,-0.00018096904286854984,0.48251289465133673,0.049196475348721194,-0.03497421069732653,-0.7044990351071192,2.3854378158308407,-3.08993685093796,0.48430848374979263,0.010473790262371621,0.06259211434217725,0.0043655310215747825,0.01595456173565986,0.001551905186765892,-0.7071067811865475,-0.7071067811865477,0.9749279121818236,-0.22252093395631434,0
2026-02-18T16:00:00+00:00,2026-02-18T17:00:00+00:00,-0.00690009468743077,-0.001458478928018043,0.0005581829622261905,0.010482913915345563,-0.00690009468743077,9.635963444200397e-05,0.003438517481666298,24137.2433,-0.2877096406435009,-0.008196196563800998,-0.008939295965024973,-0.02454493653514697,-0.0007492403221780725,-0.0008620138241113424,-0.0003647361420694642,-0.00024662194186162795,0.43143986501154424,-0.05107302963979251,-0.13712026997691154,-2.0151267539970377,1.505324901865265,-3.5204516558623027,-0.4305148049243428,0.010542016212028035,-0.0004310722565477498,-0.019161319206088635,-0.0009120481561426213,0.0005989370636715128,-0.8660254037844384,-0.5000000000000004,0.9749279121818236,-0.22252093395631434,1
2026-02-18T17:00:00+00:00,2026-02-18T18:00:00+00:00,0.0014149651583847912,-0.0054948929226182495,-4.557746650063581e-05,0.00864998455359909,0.0014149651583847912,0.006745772497303294,0.0004912461953741966,10635.9022,-0.5593572112686124,-0.0061498712412345015,-0.007243552732704508,-0.022939494491730786,-0.0011004491118152004,-0.0006469360702843158,-0.0002955678274106144,-0.0002304945433509684,0.4443390100139936,0.0128991450024494,-0.11132197997201274,-2.7964433228823964,0.6449712569157326,-3.441414579798129,0.07903707606417365,0.01039303954948544,-0.012736735648078501,-0.005590052727794718,0.0048702290076335555,-5.705223089543313e-06,-0.9659258262890683,-0.25881904510252063,0.9749279121818236,-0.22252093395631434,0
2026-02-18T18:00:00+00:00,2026-02-18T19:00:00+00:00,-0.011116344318003436,-0.009717108399517229,-0.0165501541189033,0.014534317993260278,-0.01112135238886246,0.0015415185750427584,0.00174637154182578,25111.7124,1.361032654098681,-0.015585488181377428,-0.017575135509628113,-0.033475767564332744,-0.0020211479050374617,-0.001637890616477052,-0.0007168382440959435,-0.0003363267212983157,0.3726987075688172,-0.07164030244517647,-0.2546025848623657,-5.1277147848536515,-0.5095659514381443,-4.618148833415507,-1.176734253617378,0.010797331400226982,0.02735147844165603,-0.01774243041617001,-0.009229707582161677,-0.016601473847049415,-1.0,-1.8369701987210297e-16,0.9749279121818236,-0.22252093395631434,0
2026-02-18T19:00:00+00:00,2026-02-18T20:00:00+00:00,-0.005935614712540033,-0.01698597669365987,-0.015595046100477742,0.019469044785500465,-0.005935614712540033,0.004610953978042609,0.0088870342034899,35636.1392,0.41910430608467775,-0.019427422860500997,-0.022509192906168964,-0.038837660589105316,-0.0031428270762558206,-0.0020408184229490953,-0.0009178992544808884,-0.0003901759504319384,0.34139909724263545,-0.03129961032618169,-0.3172018055147291,-7.820332428451138,-1.9717192468407432,-5.848613181610395,-1.2304643481948876,0.01147660587064032,0.056602297095807615,-0.01848714849893049,-0.004196571944531407,-0.015636993872158677,-0.9659258262890684,0.2588190451025203,0.9749279121818236,-0.22252093395631434,0
2026-02-18T20:00:00+00:00,2026-02-18T21:00:00+00:00,-0.0007006589285069783,-0.0066321147996024924,-0.01767473424593702,0.008748910897214489,-0.0007058071961422181,0.006057731469786097,0.0019848737156321107,16433.1338,-0.538863239146849,-0.01823373570928405,-0.022304796594420712,-0.03913334730854421,-0.004146670173147405,-0.00191566378968785,-0.0009095717869683902,-0.00039314534889505734,0.33781401712258213,-0.0035850801200533054,-0.3243719657548357,-9.949302577384287,-3.567235912949452,-6.382066664434835,-0.5334534828244406,0.011289242566672119,-0.017014892274742243,-0.011164526374281756,0.00825978022435003,-0.01775261795905045,-0.8660254037844386,0.5000000000000001,0.9749279121818236,-0.22252093395631434,1
2026-02-18T21:00:00+00:00,2026-02-18T22:00:00+00:00,0.0012012352616681844,0.0004997346769498809,-0.005438846268091022,0.006400617919670359,0.001196073579147043,0.0032801235839340324,0.0019258496395468637,9781.7132,-0.4047566751997114,-0.015455277461847005,-0.020318550073393324,-0.03761543364416552,-0.004939615743415716,-0.001624228900371583,-0.0008286413584676693,-0.0003779016955579103,0.35039991679035054,0.012585899667768387,-0.2992001664192989,-11.318047821393066,-5.117398294638175,-6.200649526754891,0.1814171376799445,0.010927477809359265,-0.030882345169586396,-0.005525427721362749,0.0031924455786178797,-0.005435038379378827,-0.7071067811865477,0.7071067811865474,0.9749279121818236,-0.22252093395631434,1
2026-02-18T22:00:00+00:00,2026-02-18T23:00:00+00:00,0.0032131822863027855,0.0044182773358354445,0.003714522701864493,0.005245760275941377,0.0032338462172238217,0.0009752391902435485,0.0010470989200508992,5923.7736,-0.3944032626104801,-0.011134146505082114,-0.016508412061120768,-0.034191348197941895,-0.005434777161173636,-0.0011706434094585258,-0.0006733590193047062,-0.0003435135980391562,0.384158674930191,0.03375875813984045,-0.231682650139618,-11.763668194090542,-6.446652274528648,-5.317015919561894,0.8836336071929969,0.010489141289980554,-0.03702894697627796,-6.672243978293742e-05,0.006353502691199084,0.003713758619463992,-0.5000000000000004,0.8660254037844384,0.9749279121818236,-0.22252093395631434,1
2026-02-18T23:00:00+00:00,2026-02-19T00:00:00+00:00,0.003936886625877753,0.007162718846549991,0.008372558218666067,0.006222167686652286,0.003936886625877753,0.0004499184522804637,0.0018508009059722166,10744.237,0.813748756367056,-0.006555986967346483,-0.01214698692413908,-0.030095790566078754,-0.005627896372061408,-0.0006896279763495655,-0.0004955496934079288,-0.00030237879635326573,0.42379666423151385,0.03963798930132285,-0.15240667153697232,-11.366890216071624,-7.430699862837243,-3.936190353234381,1.3808255663275126,0.010146162880277589,-0.028890269315476502,0.002958761935040552,0.008242607942595575,0.008351304173848722,-0.2588190451025207,0.9659258262890683,0.9749279121818236,-0.22252093395631434,1
2026-02-19T00:00:00+00:00,2026-02-19T01:00:00+00:00,0.0003221007101553148,0.004260255410011063,0.007487126673532422,0.005479059973218041,0.0003272150927960901,0.0023919776748750673,0.002759974240240471,5924.9446,-0.44854673254136146,-0.0056454462353323935,-0.01137019865041901,-0.029495772788034117,-0.005757254686884539,-0.0005939045662142074,-0.00046387446145486593,-0.0002963520769297215,0.4270586556900301,0.003261991458516249,-0.1458826886199398,-10.876230658181612,-8.119806021906117,-2.7564246362754954,1.1797657169588858,0.009809764712529282,-0.03284378927285924,-0.00012776026042651486,0.006129732287027838,0.007472169622335853,0.0,1.0,0.43388373911755823,-0.900968867902419,1
2026-02-19T01:00:00+00:00,2026-02-19T02:00:00+00:00,0.005351283388021726,0.005675107750356565,0.00963433663203711,0.009308544440546792,0.005351283388021726,0.003924738562589934,6.100629890030598e-05,9009.3842,0.5205853907899832,-0.00029348960808246163,-0.005842731475985358,-0.024066334995838632,-0.0055508709908545185,-3.089268856837017e-05,-0.0002384219771589334,-0.00024181422526317205,0.47976880621874946,0.052710150528719385,-0.04046238756250105,-9.532651452903792,-8.402375108105652,-1.1302763447981405,1.6261482914773548,0.009725477525296788,-0.003286867917393781,0.0029522440113806526,0.008464496283004353,0.009610270724054792,0.25881904510252074,0.9659258262890683,0.43388373911755823,-0.900968867902419,1
2026-02-19T02:00:00+00:00,2026-02-19T03:00:00+00:00,0.0005338051153781397,0.00588794504584623,0.006211942267282167,0.0051980122557239205,0.0005338051153781397,0.002510086074611574,0.002154405861609915,6281.322,-0.30280229363511885,0.00021728160074258913,-0.005104793148462463,-0.023316556916679602,-0.005320918611491726,2.2872270575420953e-05,-0.00020831549962964553,-0.0002342823543600828,0.48488696709426854,0.005118160875519067,-0.030226065811462918,-8.28759479403493,-8.379419045291508,0.09182425125657723,1.2221005960547178,0.009397269033299016,-0.033231497463909875,-0.003377676948241062,0.005949642714754435,0.00620718921355518,0.49999999999999994,0.8660254037844387,0.43388373911755823,-0.900968867902419,1
2026-02-19T03:00:00+00:00,2026-02-19T04:00:00+00:00,0.0021696492993099714,0.002704612584582659,0.008070369120999296,0.005222249826347495,0.0021696492993099714,0.0005627861463346029,0.0024945115675367945,4860.7223,-0.2261625339379194,0.0021595396568375273,-0.0028310085311045088,-0.020991003436909284,-0.004979794125046112,0.00022737164999283682,-0.00011553801804040579,-0.00021092036187804104,0.5061645863366087,0.02127761924234008,0.012329172673217243,-6.877050747410522,-8.078945385715311,1.2018946383047897,1.1100703870482125,0.009080161926603414,-0.031648167002569935,-0.0003395843892549786,0.004870667475047991,0.008054737802709837,0.7071067811865475,0.7071067811865476,0.43388373911755823,-0.900968867902419,0
2026-02-19T04:00:00+00:00,2026-02-19T05:00:00+00:00,-0.0014348511658799122,0.0007316850096033935,0.001265880702182505,0.005397308961665338,-0.0014297882696519511,0.003818227976643809,0.00014724549378012877,10857.5236,1.2337263743703275,0.0006528221641226607,-0.004095352756133752,-0.02217783467469983,-0.0047450772286710624,6.872284504415092e-05,-0.00016712931847424233,-0.00022284314066702766,0.49166897476121113,-0.014495611575397476,-0.016662050477577708,-5.919307682421049,-7.6470178450564585,1.7277101626354092,0.5258155243306195,0.008829216445256959,-0.029031871346301755,-0.0019965137019620836,0.0032397078150309708,0.001268603248808199,0.8660254037844386,0.5000000000000001,0.43388373911755823,-0.900968867902419,1
2026-02-19T05:00:00+00:00,2026-02-19T06:00:00+00:00,0.00042142675806038446,-0.0010140290924946637,0.0011534201193052966,0.004324148746656643,0.00041634721326621157,0.001212994777524628,0.002694980028726125,7950.2114,-0.2677693650143206,0.0009720889368310305,-0.0035320177943505187,-0.021553847597869366,-0.004499732590911226,0.00010233562275350847,-0.0001441432113453862,-0.0002165746691502643,0.4962257446364237,0.004556769875212581,-0.007548510727152546,-5.0352718601936886,-7.1246686480839045,2.089396787890216,0.36168662525480677,0.008503972259039152,-0.03643136248300289,-0.004803418458057212,0.0005687559985983673,0.0011562248914904435,0.9659258262890683,0.25881904510252074,0.43388373911755823,-0.900968867902419,1
2026-02-19T06:00:00+00:00,2026-02-19T07:00:00+00:00,0.006389792572817825,0.006813912160446851,0.005369284044759318,0.007544429427309238,0.006394900320760149,0.0010489581021926892,0.00014120589837208396,7290.369,-0.08299683704008179,0.006661695151989544,0.002723718536209329,-0.015151830091341625,-0.003911916619799112,0.0007017231386968973,0.00011118454578029422,-0.00015225651383434606,0.5605729368235626,0.0643471921871388,0.12114587364712506,-3.280938701922196,-6.355922658851563,3.0749839569293673,0.9855871690391513,0.008385296561023424,-0.007654704218964568,0.005170525974289329,0.00953059769880869,0.0053763681649982974,1.0,6.123233995736766e-17,0.43388373911755823,-0.900968867902419,0
2026-02-19T07:00:00+00:00,2026-02-19T08:00:00+00:00,-0.000584995864684446,0.00580105870590209,0.0062249301853262206,0.004289116744711771,-0.0005900359568921105,0.002331261101243284,0.0013674713386081243,8023.7906,0.10060143732093679,0.005491264167528967,0.0020531482427102077,-0.015573902332897084,-0.003419339428737117,0.0005783621164942666,8.380899244885886e-05,-0.0001564971362992547,0.5535572033749553,-0.007015733448607193,0.10711440674991067,-1.9616071539667246,-5.477059557874595,3.5154524039078705,0.4404684469785032,0.008097269935317215,-0.03491391067722382,-0.0016322418136020197,0.005949117784410483,0.006226223466193764,0.9659258262890683,-0.25881904510252085,0.43388373911755823,-0.900968867902419,0
2026-02-19T08:00:00+00:00,2026-02-19T09:00:00+00:00,-0.005681818181818178,-0.006263490206362371,8.627996325492316e-05,0.00821618878457247,-0.005681818181818178,0.0003958386196396715,0.00210606445064709,9542.8548,0.1893200203903625,-0.00020063915161395166,-0.003498076676428167,-0.02096102800062607,-0.003298099252650206,-2.1119464654961543e-05,-0.0001427582570244661,-0.00021061922819187265,0.48951424670761545,-0.06404295666733986,-0.02097150658476906,-1.8038219565205509,-4.742412037603787,2.9385900810832357,-0.5768623228246348,0.00814872924461468,0.0006372161676611542,-0.008578400543382533,-0.004320254667643544,0.00012297852631520164,0.8660254037844387,-0.4999999999999998,0.43388373911755823,-0.900968867902419,0
2026-02-19T09:00:00+00:00,2026-02-19T10:00:00+00:00,-0.0034052270997209015,-0.009067697400290665,-0.00964738869949373,0.009608970409259591,-0.0034052270997209015,0.005097286369723846,0.0010948217477428155,9144.5692,-0.04173652521675163,-0.0032629526020193002,-0.0066229312143687505,-0.02405895397322173,-0.0033709779536346125,-0.000343350764710329,-0.00027025066786877513,-0.0002417400799976495,0.4556813680106175,-0.033832878696998,-0.08863726397876505,-2.1949153550283427,-4.232912701088698,2.0379973460603553,-0.9005927350228804,0.008278886478793988,0.012513085479382265,-0.00945756453842041,-0.0013019045439519646,-0.009672041146223526,0.7071067811865476,-0.7071067811865475,0.43388373911755823,-0.900968867902419,0
2026-02-19T10:00:00+00:00,2026-02-19T11:00:00+00:00,-0.002113260582852476,-0.005511291550367876,-0.011161795575649872,0.005715335469780186,-0.0021183419900192763,0.002474944377538801,0.0011175522034659706,10708.9231,0.17106917404047858,-0.0048604395756176215,-0.008383016307626653,-0.025868181076744795,-0.0035397816267165694,-0.0005113635919765643,-0.00034204689481349894,-0.0002599141464375942,0.4356274553605233,-0.020053912650094218,-0.12874508927895348,-2.8073684124913143,-3.947803843369221,1.1404354308779068,-0.8975619151824485,0.008112055866546954,-0.022222010245815597,-0.010537689786974008,-0.0010195550661691237,-0.011200305864391556,0.49999999999999994,-0.8660254037844387,0.43388373911755823,-0.900968867902419,0
2026-02-19T11:00:00+00:00,2026-02-19T12:00:00+00:00,-0.005133595966606199,-0.007236007923454156,-0.010616594772900317,0.008412068240338876,-0.005138672722169858,0.0025184911621989633,0.0007283620061756098,13812.2789,0.28979158511279246,-0.009028219158367337,-0.01295204522126828,-0.030571216293299657,-0.003959573964425542,-0.0009494365723069155,-0.000528375578648212,-0.0003071540323713028,0.39073672725641834,-0.04489072810410491,-0.2185265454871633,-4.057724871614937,-3.9697880490183644,-0.08793682259657265,-1.2283722534744794,0.008172354304083107,0.0022614331982953105,-0.009686841236380344,-0.004020536923037686,-0.010652083649179576,0.258819045102521,-0.9659258262890682,0.43388373911755823,-0.900968867902419,0
2026-02-19T12:00:00+00:00,2026-02-19T13:00:00+00:00,-0.0011694826578032053,-0.00629707497295429,-0.008397028195479155,0.005695064961741974,-0.001174605942787952,0.003384172957428309,0.0011349047398962852,10698.5402,-0.22543265470841312,-0.00922589032738386,-0.013560690944921515,-0.03139937996836163,-0.004375165413809625,-0.0009702041400413209,-0.0005531913994823845,-0.0003154721039186302,0.3811502474473592,-0.009586479809059157,-0.23769950510528162,-5.172987341052249,-4.210427907425141,-0.9625594336271073,-0.8746226110305346,0.008004290209667841,-0.02171038679941356,-0.00878568229018202,-0.000441442181340407,-0.00841633920726188,1.2246467991473532e-16,-1.0,0.43388373911755823,-0.900968867902419,0
2026-02-19T13:00:00+00:00,2026-02-19T14:00:00+00:00,-0.013300467313716358,-0.014454395305655494,-0.01951378824682085,0.01911626938690539,-0.013300467313716358,0.00047881752888522574,0.005157697512230708,31694.4831,1.9625053986337315,-0.020313310253537158,-0.025661338660498047,-0.043860927705211626,-0.005458917083322757,-0.002133680856034417,-0.001046305675763659,-0.000440619112986441,0.293160825640478,-0.08798942180688116,-0.4136783487190439,-8.053913921482717,-4.979125110236657,-3.0747888112460604,-2.112229377618953,0.008898192026227917,0.09689200216995156,-0.01777954993916714,-0.012179385015603303,-0.019603545938125765,-0.25881904510252035,-0.9659258262890684,0.43388373911755823,-0.900968867902419,1
2026-02-19T14:00:00+00:00,2026-02-19T15:00:00+00:00,0.00805142083897148,-0.0053561341344425945,-0.006519352886262701,0.01881902244342679,0.00805142083897148,0.006014859025128218,0.0048170501892228984,29110.3982,-0.08153106305115926,-0.01125538448932306,-0.017129809064862427,-0.0358157097661276,-0.005941296148050611,-0.001183375278480905,-0.0006986873748381874,-0.000359827359737167,0.3845513765830349,0.09139055094255688,-0.23089724683393015,-8.985193562315999,-5.780338800652525,-3.2048547616634737,-0.1300659504174133,0.009540828393583691,0.0808539071515086,-0.005825830758333318,0.013277600196705127,-0.0064185291325480846,-0.5000000000000001,-0.8660254037844386,0.43388373911755823,-0.900968867902419,0
2026-02-19T15:00:00+00:00,2026-02-19T16:00:00+00:00,-0.005457258360137715,0.002550223795149299,-0.010784162686797103,0.01793074806624096,-0.005457258360137715,0.005663707626018835,0.00677983699319937,31392.0646,0.07837977290190423,-0.015089317997391091,-0.021630564585213653,-0.040685410484170945,-0.0066414617156170044,-0.0015858304103200135,-0.0008821013973048172,-0.0004087314681066179,0.35114449724001273,-0.03340687934302217,-0.2977110055199745,-10.455624123512052,-6.715395865224431,-3.7402282582876216,-0.5353734966241479,0.010188721374761598,0.062079567081899996,-0.011403526779299174,0.007442196153906509,-0.010706304834882593,-0.7071067811865475,-0.7071067811865477,0.43388373911755823,-0.900968867902419,0
2026-02-19T16:00:00+00:00,2026-02-19T17:00:00+00:00,-0.0021959196386855725,-0.007641194298016881,0.000348704069948915,0.011929846467610474,-0.002190739712089056,0.0018937915892761972,0.007840505288569062,18684.1929,-0.40481159369173836,-0.01563473407126919,-0.022867800452022604,-0.04238424412992182,-0.007347949619015809,-0.0016430574006049187,-0.0009325092251893938,-0.00042579092767125226,0.3384722209615106,-0.012672276278502181,-0.32305555807697883,-11.825954345263881,-7.737507561232321,-4.08844678403156,-0.3482185257439383,0.010333908672667732,0.012022594435732628,-0.013199642670116767,0.004615207710480612,0.0003982428401481915,-0.8660254037844384,-0.5000000000000004,0.43388373911755823,-0.900968867902419,0
2026-02-19T17:00:00+00:00,2026-02-19T18:00:00+00:00,-0.0007023677597589625,-0.002896745055287301,-0.008338195129254862,0.017597567578824583,-0.0007075668026304316,0.011709150735140993,0.0051803490357782735,19336.2092,0.03489667996309346,-0.014794255001879565,-0.02265133897647861,-0.042646687231090795,-0.007975069181731206,-0.0015548686188461536,-0.0009236904551375136,-0.00042842629415999284,0.3343253911536561,-0.00414682980785443,-0.3313492176926877,-12.872498486576433,-8.764505746301143,-4.107992740275289,-0.019545956243729457,0.01085948594991789,0.05012139557622676,-0.00477219381013821,0.007194546407970649,-0.00835554575858225,-0.9659258262890683,-0.25881904510252063,0.43388373911755823,-0.900968867902419,1
2026-02-19T18:00:00+00:00,2026-02-19T19:00:00+00:00,0.010032696072306209,0.009323281670282598,0.007106888854280255,0.014474301413924895,0.010037954714662792,0.002412383568987502,0.0021237222872283455,14820.3373,-0.23354484083674487,-0.0044444458574072945,-0.012348356857297888,-0.03272383652734516,-0.00793919632812226,-0.0004676176374878994,-0.0005037606628923689,-0.0003287746508483582,0.4398247308626356,0.10549933970897946,-0.12035053827472879,-12.008537360977243,-9.413312069236364,-2.5952252917408796,1.5127674485344098,0.011017524173484028,0.02473171348133858,-0.0023552764878610323,0.015292264375094872,0.007134408673861673,-1.0,-1.8369701987210297e-16,0.43388373911755823,-0.900968867902419,1
2026-02-19T19:00:00+00:00,2026-02-19T20:00:00+00:00,0.0006958798756694153,0.01073555749927105,0.01002564943004156,0.010137327825110523,0.0006907216494844939,0.0031833681889829003,0.00626371475372685,10603.4617,-0.2845330382595273,-0.0033955711861964697,-0.011208898887972225,-0.031741938697523425,-0.00783994880604281,-0.00035730083639695485,-0.00045729686096719434,-0.000318912721502172,0.44644363868381487,0.0066189078211792915,-0.1071127226323702,-11.087103004898381,-9.748070256368766,-1.3390327485296147,1.2561925432112648,0.010947538716892335,-0.005660735000754203,-0.001712372793327482,0.012913560020661697,0.010026208188216661,-0.9659258262890684,0.2588190451025203,0.43388373911755823,-0.900968867902419,1
2026-02-19T20:00:00+00:00,2026-02-19T21:00:00+00:00,0.004610217684692041,0.005309305718070688,0.015395268441001258,0.008824328689579518,0.004615392540165781,0.0008767926821139607,0.0033533474508919002,11823.375,0.11504858833035632,0.001084678585944171,-0.006391225187154546,-0.027013967019227002,-0.007467803606442771,0.00011418973106314715,-0.0002607983006729215,-0.00027142346527325343,0.48950866586790814,0.04306502718409327,-0.02098266826418367,-9.524872634695157,-9.703430732034045,0.17855809733888783,1.5175908458685026,0.010749230428166104,-0.01358771138940506,0.001422321721984874,0.011645157274462635,0.015338793632667665,-0.8660254037844386,0.5000000000000001,0.43388373911755823,-0.900968867902419,0
2026-02-19T21:00:00+00:00,2026-02-19T22:00:00+00:00,-0.0009178122227976166,0.003688174147753656,0.004386620549590457,0.0034898639979471153,-0.0009178122227976166,0.001170130869899909,0.0014010777521170224,6871.6141,-0.4188111178068868,0.00015007123908979925,-0.007018782755889585,-0.027636978321367585,-0.00716777831760574,1.5797222084076316e-05,-0.0002863988809943842,-0.0002776814476906078,0.4814414982497184,-0.008067167618189756,-0.037117003500563184,-8.335149437132031,-9.429774473053643,1.0946250359216112,0.9160669385827234,0.010239873747304697,-0.04825973036984087,-0.001793032786885246,0.007086040345463868,0.004388285337563839,-0.7071067811865477,0.7071067811865474,0.43388373911755823,-0.900968867902419,0
2026-02-19T22:00:00+00:00,2026-02-19T23:00:00+00:00,-0.0023299974339235125,-0.003245671156597187,0.0013495832775300145,0.006034074775201145,-0.0023299974339235125,0.00016461244058516448,0.0035340233338135136,6898.7347,0.003946758302390729,-0.0019730402329647817,-0.00896973165643014,-0.029613854791543257,-0.007010523468322501,-0.00020764532004154506,-0.0003659775076080022,-0.0002975381260370635,0.4607033684224621,-0.02073812982725627,-0.07859326315507573,-7.670207906994165,-9.077861159841747,1.4076532528475827,0.3130282169259715,0.009961665949773426,-0.029435758786692662,-0.004409573024270526,-0.0009302229965514657,0.001362408027970912,-0.5000000000000004,0.8660254037844384,0.43388373911755823,-0.900968867902419,1
2026-02-19T23:00:00+00:00,2026-02-20T00:00:00+00:00,0.0026337990493630996,0.00029766487041310097,-0.0006204205528408782,0.004638085660927188,0.0026337990493630996,0.0011543907895006876,0.0008568144970961032,4916.7686,-0.28729414685275545,0.0005930906979783424,-0.00611168690302874,-0.026796032742299532,-0.006700803416831579,6.243449761027187e-05,-0.00024939439520692145,-0.0002692343550724432,0.4875139894213685,0.026810620998906316,-0.0249720211572631,-6.653399495552776,-8.592968826983952,1.9395693314311764,0.5319160785835937,0.009557111260418107,-0.03808431046732715,0.00013341406594759438,0.006189696916508789,-0.0006140106073580294,-0.2588190451025207,0.9659258262890683,0.43388373911755823,-0.900968867902419,1
2026-02-20T00:00:00+00:00,2026-02-20T01:00:00+00:00,0.0043507706199848225,0.006996028724870835,0.004649730561970719,0.008750689634034145,0.0043507706199848225,0.003565663376856913,0.000853102842313822,9537.7165,0.939834325333106,0.0044732447325075315,-0.0017175289196372343,-0.022342365310125394,-0.0061632041317271485,0.0004710896875758967,-7.00983070925758e-05,-0.00022449597526672384,0.5292561032813297,0.04174211385996116,0.05851220656265923,-5.104465275813254,-7.895268116749813,2.790802840936559,0.8512335095053825,0.009461066232632325,-0.005742540532557595,0.003192694213690159,0.007861853791143434,0.00465457223542441,0.0,1.0,-0.433883739117558,-0.9009688679024191,0
2026-02-20T01:00:00+00:00,2026-02-20T02:00:00+00:00,-0.0019411920962831048,0.002401132842161463,0.005041255992921641,0.005901441323396923,-0.001946290554105317,0.0020422160347227957,0.0019091393006305884,5450.5448,-0.42852727904000926,0.002282499799512662,-0.003512541971680774,-0.024004780551376642,-0.005781844711797944,0.00024032087703862155,-0.00014334850832770657,-0.00024119588640256182,0.5092396528846003,-0.020016450396729297,0.018479305769200635,-4.1358761831306765,-7.143389730025985,3.007513546895309,0.21671070595875008,0.009223894387765587,-0.026960724032290106,-0.0054872896454131615,0.0032607411895799595,0.005043377573064818,0.25881904510252074,0.9659258262890683,-0.433883739117558,-0.9009688679024191,0
2026-02-20T02:00:00+00:00,2026-02-20T03:00:00+00:00,-0.0020831627221357465,-0.00402031099940737,0.0003129681695980295,0.004375054495842915,-0.0020882703695931084,0.0015028030097092684,0.0007796111176648502,6151.3061,0.12856720304362973,0.00017604735273145958,-0.005370411985394593,-0.025785534073323225,-0.005545483070511872,1.8531643703013177e-05,-0.0002191524508753949,-0.00025908395432354755,0.4879535964599895,-0.02128605642461082,-0.024092807080021005,-3.654549957431982,-6.445621775507185,2.7910718180752028,-0.21644172882010615,0.008895428309391733,-0.03761932741615733,-0.006051306103305477,-0.0001743562919544408,0.0003264158015659716,0.49999999999999994,0.8660254037844387,-0.433883739117558,-0.9009688679024191,1
2026-02-20T03:00:00+00:00,2026-02-20T04:00:00+00:00,0.002646574583651685,0.0005578986160019235,-0.0013843764686650914,0.00560145279688981,0.002646574583651685,0.0029618640816431907,0.0,7546.8054,0.2268622756393151,0.002553535790763849,-0.002630958562315347,-0.022981592238165205,-0.005171289280816238,0.00026886551036493523,-0.00010737453323944539,-0.00023091744108230807,0.5155987030419573,0.027645106581967838,0.03119740608391467,-2.824171291058974,-5.721331678617543,2.8971603875585688,0.10608856948336598,0.008638341234329036,-0.026330948051115032,-0.0009454694127869047,0.003428858877818587,-0.001377780234767166,0.7071067811865475,0.7071067811865476,-0.433883739117558,-0.9009688679024191,0
2026-02-20T04:00:00+00:00,2026-02-20T05:00:00+00:00,-0.00802107578586584,-0.005395729577522571,-0.007467652116943698,0.012964309472609466,-0.00802107578586584,0.0006703899090849084,0.004207985890870879,17059.9424,1.2605515175997513,-0.004967949920130037,-0.010218291964634028,-0.030521040150757288,-0.005276555709017164,-0.0005226687713524861,-0.0004168992639280122,-0.00030665005901499656,0.43818050779817996,-0.0774181952437774,-0.12363898440364011,-3.3922316374498678,-5.255511670384008,1.8632800329341404,-1.0338803546244284,0.009012198801735706,0.034910641943873395,-0.010950505957238467,-0.005395729577522571,-0.007457663924349902,0.8660254037844386,0.5000000000000001,-0.433883739117558,-0.9009688679024191,1
2026-02-20T05:00:00+00:00,2026-02-20T06:00:00+00:00,0.008281893799924682,0.00019438831623915347,0.002841477363067956,0.014980334794371998,0.008281893799924682,0.00525257898047799,0.0015138883916470372,13605.4302,-0.20249260630563437,0.002960181948135893,-0.0019419230010792508,-0.022273102905798044,-0.004887636655418726,0.00031169522344313326,-7.925588131671823e-05,-0.00022380018272657776,0.5180084315408283,0.07982792374264833,0.03601686308165654,-2.5174956508622017,-4.707908466479647,2.190412815617445,0.3271327826833046,0.009369756724079364,0.048285358771691135,-0.0004703115814227297,0.012542659022998342,0.0029073925977105273,0.9659258262890683,0.25881904510252074,-0.433883739117558,-0.9009688679024191,1
2026-02-20T06:00:00+00:00,2026-02-20T07:00:00+00:00,0.0016570940503163357,0.009952711727182224,0.00185180448627778,0.0053817520819823455,0.0016570940503163357,0.0009650390355736226,0.002762360413996682,11046.3006,-0.1880961911810771,0.004180133428545974,-0.0002767540691607405,-0.02045161865701984,-0.004438334666599786,0.0004402077426996013,-1.1295956855460152e-05,-0.00020550166648549483,0.5324421276472884,0.01443369610646009,0.06488425529457671,-1.5450102408476596,-4.075328821353249,2.5303185805055897,0.3399057648881447,0.009070505573778148,-0.030333815258098355,-0.003576698041210874,0.011496686826325653,0.0019179120643751778,1.0,6.123233995736766e-17,-0.433883739117558,-0.9009688679024191,1
2026-02-20T07:00:00+00:00,2026-02-20T08:00:00+00:00,0.0012765066608117562,0.002935716002720912,0.011241923090806868,0.005900141256622965,0.0012765066608117562,0.0038654339434055223,0.0007598280442842109,14254.4493,0.29042743051913683,0.004939218538386972,0.000960169552217546,-0.019013794438575874,-0.003959492188947179,0.0005201881959544707,3.9192129930932916e-05,-0.00019105690172779985,0.5437942879878775,0.011352160340589137,0.08758857597575499,-0.5660543185761071,-3.373473920797821,2.8074196022217137,0.27710102171612405,0.008833313165860507,-0.024906729066732927,0.00031116733661170774,0.005718476577325133,0.011215494511052774,0.9659258262890683,-0.25881904510252085,-0.433883739117558,-0.9009688679024191,0
2026-02-20T08:00:00+00:00,2026-02-20T09:00:00+00:00,-0.0004946531563461079,0.0007812220764167808,0.0024396106851879225,0.0046938775510204315,-0.0004742647621282063,0.0027499999999999352,0.0014693877551020965,8987.2822,-0.3695103885914414,0.004017363343827333,0.0004467963773716474,-0.01930876833293341,-0.003556280097153001,0.00042305925542860805,1.8236919410631758e-05,-0.00019402032200488713,0.5383328073357883,-0.00546148065208925,0.0766656146715765,0.13000578370042604,-2.6727779798981715,2.8027837635985975,-0.0046358386231162285,0.008541698525697786,-0.03349137664929534,-0.004343298366818194,0.0015431941052029053,0.002438947554781984,0.8660254037844387,-0.4999999999999998,-0.433883739117558,-0.9009688679024191,1
2026-02-20T09:00:00+00:00,2026-02-20T10:00:00+00:00,0.004158163265306169,0.0036614532603762746,0.004942633790663152,0.006280009145644336,0.004158163265306169,0.0020933363818814066,4.5728221934262194e-05,17267.7588,0.9213549119443474,0.007406240500074912,0.004425358502258109,-0.015081628532617542,-0.002958967175284815,0.0007802125201727128,0.0001806595096063154,-0.00015155118486380543,0.5767920017244793,0.0384591943886911,0.1535840034489587,1.3240129204273217,-1.8734197998330728,3.1974327202603945,0.394648956661797,0.008347305062940888,-0.018694643108681817,0.0009306725253265768,0.005635832243296375,0.004940016769771818,0.7071067811865476,-0.7071067811865475,-0.433883739117558,-0.9009688679024191,0
2026-02-20T10:00:00+00:00,2026-02-20T11:00:00+00:00,-0.005390849274699655,-0.001255102040816345,-0.0017491343569764268,0.008842731183015389,-0.005390849274699655,0.0029169263463325445,0.000505736792096207,13226.2033,-0.23405211682711252,0.0017869895434347344,-0.0009505861639630319,-0.020192374734774646,-0.0027326924146274037,0.00018813955229977537,-3.879792992607641e-05,-0.0002028972638913534,0.5164721163843504,-0.060319885340128894,0.03294423276870091,1.3980183646388014,-1.219132166938698,2.6171505315774994,-0.580282188682895,0.008424703964274123,0.0038314871490513704,-0.007468551466077169,-0.0012092391997592328,-0.001727339165739594,0.49999999999999994,-0.8660254037844387,-0.433883739117558,-0.9009688679024191,0
2026-02-20T11:00:00+00:00,2026-02-20T12:00:00+00:00,-0.00692706151598432,-0.012280568046134732,-0.008173469387755093,0.008744945935657774,-0.006921988424187601,2.5720429222499473e-05,0.0017489891871316017,19265.1571,0.4565901236373708,-0.004664029666018196,-0.007564728775622588,-0.026718281683741307,-0.002914291451389093,-0.0004907095770519519,-0.0003086691337691186,-0.0002684533575007191,0.4514867886614906,-0.06498532772285984,-0.09702642267701876,0.3583586030993047,-0.9036340129310976,1.2619926160304022,-1.3551579155470972,0.008502146368970844,0.0022015626732535334,-0.015137851722006568,-0.006424573867266329,-0.008159747525377806,0.258819045102521,-0.9659258262890682,-0.433883739117558,-0.9009688679024191,1
2026-02-20T12:00:00+00:00,2026-02-20T13:00:00+00:00,0.0030041461331906287,-0.003943725287861309,-0.009313314533953282,0.004749156332379395,0.002998986620301507,0.0009385481736776496,0.0008205885671497416,14375.6202,-0.25380207774168634,-0.0015147178660935784,-0.004404362246325496,-0.023563219795361242,-0.00289402801617299,-0.00015941856757273394,-0.00017973757620125253,-0.0002367602106781498,0.4817322662304885,0.030245477568997856,-0.036535467539023044,0.005595444023128948,-0.7217881215402523,0.7273835655633812,-0.534609050467021,0.008210429405152975,-0.03140990786081576,-0.003964078096425174,0.004761463067742638,-0.009313764657493347,1.2246467991473532e-16,-1.0,-0.433883739117558,-0.9009688679024191,0
2026-02-20T13:00:00+00:00,2026-02-20T14:00:00+00:00,-0.008057153993702002,-0.005077212728526075,-0.011969104079610157,0.013887524494470274,-0.008057153993702002,5.170336744027437e-06,0.0057597551328517375,25969.8241,0.8065185180671373,-0.008657104830347227,-0.01194455486133271,-0.03112751465892164,-0.0033161583615555013,-0.000910444528065908,-0.0004872952790260913,-0.00031274150545854276,0.41537852495622735,-0.06635374127426111,-0.16924295008754528,-1.524069087378848,-0.8822443147079715,-0.6418247726708766,-1.369208338234258,0.008677862649850016,0.048415783069947316,-0.008987267184177588,-0.004262789656042401,-0.011980069376495693,-0.25881904510252035,-0.9659258262890684,-0.433883739117558,-0.9009688679024191,1
2026-02-20T14:00:00+00:00,2026-02-20T15:00:00+00:00,0.0049583529375268965,-0.003138751269347884,-0.000144034403646114,0.010912177805216873,0.0049583529375268965,0.005443226835416951,0.000535061995163844,18771.1565,-0.27719354479570774,-0.0033865334873240606,-0.006771006748094333,-0.026068405500497972,-0.0033959738399011747,-0.00035635017847491927,-0.00027629126441138896,-0.00026192540224023085,0.463920350528668,0.048541825572440585,-0.0721592989426641,-1.9401416508717375,-1.0938237819407246,-0.8463178689310129,-0.20449309626013634,0.00879769923658554,0.01883628390817542,-0.0031438638240256236,0.010780199379085486,-9.465492298447661e-05,-0.5000000000000001,-0.8660254037844386,-0.433883739117558,-0.9009688679024191,1
2026-02-20T15:00:00+00:00,2026-02-20T16:00:00+00:00,0.010418274425065596,0.015428284844191979,0.007246822783641623,0.02295883296417929,0.010418274425065596,0.008421802999058002,0.00422617683749584,62826.6743,2.346979409606435,0.006325914521115748,0.003435979783204613,-0.015765791510820776,-0.002871768177893321,0.0006663294383353589,0.00014026374394252874,-0.00015842506346027977,0.5490631905599997,0.08514284003133177,0.09812638111999945,-0.6286299367893662,-1.000785012910453,0.3721550761210868,1.2184729450520997,0.00972497641705917,0.11691632390504984,0.004948113883373966,0.01597458964238238,0.007319473368890489,-0.7071067811865475,-0.7071067811865477,-0.433883739117558,-0.9009688679024191,1
2026-02-20T16:00:00+00:00,2026-02-20T17:00:00+00:00,0.0023778609435066295,0.012820908576426324,0.017842832103654907,0.009976531783686085,0.0023727570826289,0.0024788938444189885,0.005130497505867124,31207.2409,-0.5032803940729996,0.007881909177481794,0.005592420022966667,-0.013293609007782686,-0.0022715847299844363,0.000830363581875673,0.00022831415720943213,-0.00013358626295707077,0.5661755302445786,0.01711233968457883,0.1323510604891571,0.778607217398303,-0.6449065668487017,1.4235137842470047,1.051358708125918,0.009721522714449852,0.002021879099911485,-0.005993466263399521,0.0171644104577864,0.01775448830609912,-0.8660254037844384,-0.5000000000000004,-0.433883739117558,-0.9009688679024191,0
2026-02-20T17:00:00+00:00,2026-02-20T18:00:00+00:00,-0.0010413386026759631,0.0013340461824383975,0.011766219066728348,0.016134691366185807,-0.0010413386026759631,0.0011797190031375257,0.013912548243896683,28092.6734,-0.09980271918239338,0.006177641816717062,0.004366234151659988,-0.014180626629126194,-0.0018002861421035597,0.0006507012227158326,0.00017824540460545745,-0.00014249855186292915,0.5561975093636791,-0.009978020880899479,0.11239501872735815,1.7087376690562905,-0.17417771966770323,1.8829153887239938,0.4594016044769891,0.010189016285772526,0.04699709796099164,-0.0035115277425893407,0.006505072011300727,0.011754796765896261,-0.9659258262890683,-0.25881904510252063,-0.433883739117558,-0.9009688679024191,1
2026-02-20T18:00:00+00:00,2026-02-20T19:00:00+00:00,0.0045714111371575935,0.003525312147595806,0.0059115557931718726,0.010776691166049103,0.004576519404442275,0.0028447630039078126,0.0033762578711858133,26074.1518,-0.07185224315461554,0.009740886457645799,0.008603304350304031,-0.009578703889929239,-0.001126607947245369,0.0010264089042358905,0.00035127863295085217,-9.625911409423805e-05,0.5902973681703816,0.034099858806702486,0.18059473634076312,3.1351505566053675,0.48768793558691104,2.647462621018456,0.7645472322944624,0.010187938712583909,0.004465169357938466,0.0023440591798836547,0.018744746572057647,0.00590793347798826,-1.0,-1.8369701987210297e-16,-0.433883739117558,-0.9009688679024191,0
2026-02-20T19:00:00+00:00,2026-02-20T20:00:00+00:00,-0.006008422928182333,-0.0014644787625153856,-0.0025042923469231425,0.008392363356741653,-0.006003391460605857,0.0013240379082238725,0.0010286756056200224,9581.1465,-0.6325423517707678,0.0033228748121332777,0.002443212555216202,-0.01537742695855962,-0.0008767489299810765,0.00034989868227910313,9.97329070982067e-05,-0.0001545231235228123,0.5321569326768645,-0.058140435493517086,0.06431386535372895,3.270087712872055,1.0441678910439398,2.225919821828115,-0.4215427991903411,0.010116867975212098,-0.012942476647665782,-0.008828072159016348,0.0019388843251406734,-0.002478350393700703,-0.9659258262890684,0.2588190451025203,-0.433883739117558,-0.9009688679024191,1
2026-02-20T20:00:00+00:00,2026-02-20T21:00:00+00:00,0.0037480457709719453,-0.0022828970013565727,0.002278078075024036,0.004951675502904539,0.0037480457709719453,0.0001572765784733748,0.001060348545191723,5525.9052,-0.4232521963838044,0.0064044472537327455,0.005955813868481742,-0.011572073468023894,-0.0004457784208677035,0.0006746071304754414,0.00024315355288910168,-0.00011628872127028319,0.5610275753706346,0.028870642693770137,0.12205515074126921,3.925664257378685,1.620467164310889,2.305197093067796,0.07927727123968076,0.0097128471106834,-0.036337003694436154,-0.0035892121426586133,0.0047816401331517945,0.0023110339799472055,-0.8660254037844386,0.5000000000000001,-0.433883739117558,-0.9009688679024191,1
2026-02-20T21:00:00+00:00,2026-02-20T22:00:00+00:00,0.0016894548590853375,0.005443832784197126,-0.0005972989937029684,0.0040924239508098375,0.0016945368942285015,0.0004507744203242905,0.0019499792339873322,5270.0343,-0.04630388881807091,0.007327188141038121,0.007352914343582739,-0.009804606097354358,2.5539072952149012e-05,0.0007718782987952786,0.0003002090512254269,-9.852904581783647e-05,0.5738413953378252,0.012813819967190554,0.14768279067565032,4.6601967152414545,2.228413074497002,2.4317836407444524,0.12658654767665656,0.009296176697337993,-0.04128191640246684,0.0015319373427482598,0.00651508972267547,-0.0005709222981250504,-0.7071067811865477,0.7071067811865474,-0.433883739117558,-0.9009688679024191,0
2026-02-20T22:00:00+00:00,2026-02-20T23:00:00+00:00,-0.0015093345759175124,0.0001775703305345559,0.003926281643232912,0.005057319671299482,-0.0015042773137759387,0.0,0.0035507760982043217,7586.0404,0.4394669879093575,0.0052508624757184345,0.005602475559956814,-0.011187970821703056,0.00034977645616978765,0.0005530280368300415,0.00022872477489457917,-0.00011242927604269551,0.5581398947985388,-0.015701500539286428,0.11627978959707747,4.944856655558397,2.771701790709281,2.1731548648491157,-0.2586287758953367,0.009006812037854623,-0.032589629282503634,-0.0019592258273551924,0.002140108479607987,0.00392816605413977,-0.5000000000000004,0.8660254037844384,-0.433883739117558,-0.9009688679024191,0
2026-02-20T23:00:00+00:00,2026-02-21T00:00:00+00:00,-0.0012782793953535466,-0.002785684619981969,-0.0011009360493137391,0.004941895900207233,-0.0012732133164924195,0.0009548575840070912,0.0027122018609565565,7574.1914,-0.0015619479168605746,0.0035868142630769736,0.004147037085011876,-0.012329576510168371,0.0005582205883666059,0.00037770200105280004,0.00016929547590323172,-0.00012389998870133468,0.5445701379014702,-0.013569756897068502,0.08914027580294047,4.910503541498429,3.1994621408671104,1.7110414006313182,-0.46211346421779753,0.008727165417777252,-0.032286937330161636,-0.0027806338224343878,0.0022805945835878733,-0.0010981591121857212,-0.2588190451025207,0.9659258262890683,-0.433883739117558,-0.9009688679024191,0
2026-02-21T00:00:00+00:00,2026-02-21T01:00:00+00:00,-0.0028747308114258265,-0.004149335497615939,-0.005652407337999818,0.004074938111877426,-0.0028747308114258265,0.00030052668575091847,0.0008913927119731869,3689.9173,-0.5128302012542223,0.000634894433077279,0.0012108979580855357,-0.015020196204546156,0.0005756380556112816,6.683545963568394e-05,4.942684934515781e-05,-0.00015093396127470433,0.5143242343356276,-0.030245903565842697,0.028648468671255076,4.376118582716572,3.434793429237003,0.941325153479569,-0.7697162471517491,0.008418226864203874,-0.038172610895958595,-0.005093068865385859,-0.00016297096061192355,-0.005662344782696886,0.0,1.0,-0.9749279121818236,-0.2225209339563146,1
2026-02-21T01:00:00+00:00,2026-02-21T02:00:00+00:00,0.001538289137233719,-0.001340863841371795,-0.0026174292381049413,0.0030972821222230848,0.0015331876550378667,0.0014494670030107764,0.00011697453006754932,4693.7026,0.2720346334049274,0.001966690114764872,0.00264288037504203,-0.013372431202104285,0.0006748630138589811,0.00020706287824004925,0.00010788430613698143,-0.0001343782335519583,0.5293449511181899,0.01502071678256236,0.05868990223637979,4.148482292129756,3.5775312018155536,0.5709510903142028,-0.37037406316536625,0.008026153160944247,-0.045107736482257944,-0.001640035136356491,0.002431849582201095,-0.0026147210695456544,0.25881904510252074,0.9659258262890683,-0.9749279121818236,-0.2225209339563146,0
2026-02-21T02:00:00+00:00,2026-02-21T03:00:00+00:00,-0.0002797217023353988,0.0012581371420421691,-0.0016202104749908853,0.0029862287542797277,-0.0002848061029878934,0.002263836108440316,0.0004375054052267282,2629.8557,-0.4397055109541878,0.001525561998696469,0.0022695652422317853,-0.013514442577455214,0.000742869949370583,0.00016061126538310526,9.264389810622384e-05,-0.00013580509796239185,0.5261534348403203,-0.0031915162778696528,0.05230686968064049,3.8789839756630045,3.6378217565850437,0.24116221907796076,-0.329788871236242,0.007668243869483682,-0.044860128939690005,-0.0017266859310645342,0.0013703515028018617,-0.0016161633765275063,0.49999999999999994,0.8660254037844387,-0.9749279121818236,-0.2225209339563146,0
2026-02-21T03:00:00+00:00,2026-02-21T04:00:00+00:00,-0.003388123254429784,-0.0036668972251607313,-0.0021342488360958298,0.0052985406042787035,-0.003388123254429784,0.00015824157874047128,0.0017406573661455321,5567.7217,1.1171206085565835,-0.0016901516382155763,-0.001082128801167487,-0.016691847817061622,0.0006090522276684419,-0.00017787905217303096,-4.416657172447446e-05,-0.00016772912671363587,0.48780065144461787,-0.038352783395702375,-0.02439869711076426,3.0923515741501433,3.528727720098064,-0.4363761459479205,-0.6775383650258813,0.007523186540331187,-0.02224066100661036,-0.005921753691581709,-0.0029519093254886963,-0.0021295558195314635,0.7071067811865475,0.7071067811865476,-0.9749279121818236,-0.2225209339563146,1
2026-02-21T04:00:00+00:00,2026-02-21T05:00:00+00:00,0.0017202390979209703,-0.001673712538599659,-0.0019529660672145406,0.00360782715042801,0.0017202390979209703,0.0004535262943334043,0.0014370158988992745,4120.7006,-0.2598946531397214,2.459136018843328e-05,0.0006112825919990371,-0.014853282701756561,0.0005866768046299869,2.5885709310069277e-06,2.495093241105443e-05,-0.00014925694217284032,0.5073686704189604,0.019568018974342464,0.01473734083792067,2.7096355721198506,3.364909290502421,-0.6552737183825705,-0.21889757243465002,0.007231521375624781,-0.037115285843532075,-0.0018311291963376954,0.0034669312034036268,-0.0019476058588442124,0.8660254037844386,0.5000000000000001,-0.9749279121818236,-0.2225209339563146,1
2026-02-21T05:00:00+00:00,2026-02-21T06:00:00+00:00,0.0002344068487565272,0.0019550491825035487,-0.001439698019525029,0.0016455580122882011,0.0002344068487565272,0.0007998532753228268,0.000611352821902757,3515.3606,-0.14690220396017126,0.00023433114799228575,0.0008126358635584777,-0.014478968102346656,0.000578169232506205,2.466704507893221e-05,3.316991096393644e-05,-0.00014549609516611298,0.5101197955470552,0.0027511251280949267,0.020239591094110523,2.415602971416547,3.1750480266852463,-0.7594450552686993,-0.10417133688612878,0.006830950323137773,-0.05517093986509561,-0.00021902011419610128,0.003399430531486836,-0.0014334773077522866,0.9659258262890683,0.25881904510252074,-0.9749279121818236,-0.2225209339563146,0
2026-02-21T06:00:00+00:00,2026-02-21T07:00:00+00:00,-0.000692866531489714,-0.00045862209539344217,0.0012608280628678618,0.00283966352281414,-0.000692866531489714,0.0016466989548814775,0.0004996176395615693,4038.7432,0.14888447005977137,-0.0004150303751156904,0.00011453099224174075,-0.015013203881157436,0.0005297812426653038,-4.3685499400670644e-05,4.674756230405512e-06,-0.00015086370787490466,0.5012078617771921,-0.008911933769863154,0.002415723554384215,2.049217281732581,2.9498818776947133,-0.9006645959621324,-0.14121954069343312,0.006550256325937316,-0.041755895898589634,-0.0014915268042129592,0.00015296757087495132,0.0012617794151877837,1.0,6.123233995736766e-17,-0.9749279121818236,-0.2225209339563146,1
2026-02-21T07:00:00+00:00,2026-02-21T08:00:00+00:00,0.0006168748406831692,-7.641910273777222e-05,0.00015796983285769743,0.002465978162846227,0.0006168748406831692,0.001085234191500467,0.0007642494306341742,2646.7788,-0.34465286131586675,0.00018238604275292198,0.0007027709726574342,-0.014264295734019173,0.0005202900362637143,1.919889940674065e-05,2.8685352322115744e-05,-0.00014333920704702515,0.5094197118684606,0.008211850091268503,0.01883942373692122,1.8353342794819127,2.726972358052153,-0.8916380785702405,0.009026517391891975,0.006254772416827407,-0.044521234415973526,-0.0017191481570019082,0.0011170505784179987,0.00015841515794998246,0.9659258262890683,-0.25881904510252085,-0.9749279121818236,-0.2225209339563146,1
2026-02-21T08:00:00+00:00,2026-02-21T09:00:00+00:00,0.003204752612459285,0.003823604384399694,0.003128088605402372,0.004662265109192516,0.0032098639629082153,0.0011071609954291842,0.0003555104113763563,7080.4819,1.6751317110443833,0.0030640942563660645,0.0037558753834869324,-0.01099597164990006,0.0006896679196095922,0.0003226403007008813,0.00015332454087162715,-0.00011050006627438274,0.5508189891539866,0.041399277285526066,0.10163797830797336,2.148613018123342,2.611300490066391,-0.46268747194304893,0.42895060662719153,0.00612246814238581,-0.018015568138727588,0.0021172207406201433,0.004591836734693878,0.00312876092165274,0.8660254037844387,-0.4999999999999998,-0.9749279121818236,-0.2225209339563146,1
2026-02-21T09:00:00+00:00,2026-02-21T10:00:00+00:00,0.0006500761808024239,0.0038569121266004334,0.004476166199337228,0.005308890106989888,0.000644994184894938,0.00374566051525677,0.0009186511561808197,12055.1318,0.7025863451469313,0.0033610525653080493,0.004234782904416382,-0.01025108434741418,0.0008708035226945017,0.0003539202220818934,0.00017287816350647649,-0.00010301536008312565,0.5589752228787073,0.008156233724720536,0.11795044575741442,2.4716819669947654,2.583376785452066,-0.11169481845730056,0.3509926534857484,0.0060606620466072125,-0.009451450362248088,-0.00045657930782581544,0.004220183486238518,0.004471703633944878,0.7071067811865476,-0.7071067811865475,-0.9749279121818236,-0.2225209339563146,1
2026-02-21T10:00:00+00:00,2026-02-21T11:00:00+00:00,0.0019743386726760155,0.0026256983240223832,0.005838865650045109,0.0029328781209319314,0.0019743386726760155,0.0003596448127567719,0.0006027849678599383,6008.2394,-0.5016031761676798,0.004830804866946517,0.005972203471058551,-0.008215105939459896,0.0011359112385723193,0.0005087644851471537,0.0002438228420686975,-8.255706255719135e-05,0.5837143315816328,0.024739108702925564,0.16742866316326555,3.0069447392786515,2.668090376217383,0.3388543630612686,0.45054918151856915,0.005826159703407384,-0.036794582682438334,-0.0017647118311539946,0.0035431069540463743,0.005829167465937724,0.49999999999999994,-0.8660254037844387,-0.9749279121818236,-0.2225209339563146,1
2026-02-21T11:00:00+00:00,2026-02-21T12:00:00+00:00,0.0014436446709249501,0.003420833587104376,0.004073133570340265,0.007460723715490992,0.0014436446709249501,0.005857300381382043,0.0001618597687429382,15667.8925,1.6077343888793776,0.005679794865427491,0.00713123789963141,-0.006716278551606106,0.0014432456947175117,0.0005982308098642153,0.00029115568163519525,-6.749573096965955e-05,0.6013578119935274,0.017643480411894643,0.20271562398705484,3.6193934099937906,2.8583509829726643,0.7610424270211262,0.42218806395985764,0.00593511540896995,0.020171761379166826,0.0010836101434010534,0.004027241009806593,0.004068059524403389,0.258819045102521,-0.9659258262890682,-0.9749279121818236,-0.2225209339563146,0
2026-02-21T12:00:00+00:00,2026-02-21T13:00:00+00:00,-0.0005209861306410521,0.0009219064214327724,0.002898065249609211,0.004392734781046495,-0.0005209861306410521,0.000581986750945142,0.0032894903314288028,6999.5633,-0.553254319302995,0.004662526885388818,0.006345812558236847,-0.007162303353767847,0.001675473731529012,0.0004910332990892227,0.00025907986246866154,-7.19777671071519e-05,0.591598992747453,-0.009758819246074423,0.18319798549490598,3.975820221408867,3.0818448306599047,0.8939753907489623,0.13293296372783603,0.005827818108389179,-0.018589952407730745,-0.006341144523785528,0.0010841755959166604,0.0028969972129599137,1.2246467991473532e-16,-1.0,-0.9749279121818236,-0.2225209339563146,1
2026-02-21T13:00:00+00:00,2026-02-21T14:00:00+00:00,0.0026265315107870256,0.002104176993657162,0.003550859348485688,0.004426654821873824,0.0026265315107870256,0.00011104493281782941,0.0016959589739447701,6317.4235,-0.09745462263338628,0.006601351988811213,0.008633457906513963,-0.004509468981774586,0.002018779245316709,0.0006953623495200474,0.0003525102566928926,-4.531924237247753e-05,0.6246521581285921,0.03305316538113907,0.24930431625718413,4.623780598199346,3.390231984167793,1.233548614031553,0.33957322328259076,0.005713558656671678,-0.017030835215009327,0.0015216083551969704,0.005935546765914046,0.0035491900510709238,-0.25881904510252035,-0.9659258262890684,-0.9749279121818236,-0.2225209339563146,1
2026-02-21T14:00:00+00:00,2026-02-21T15:00:00+00:00,0.003200113063931555,0.0058350497725190775,0.0053110236618749435,0.008789848655611027,0.003200113063931555,0.00404524231202703,0.0015547013363388271,24404.4209,2.86303386182674,0.008878799370005647,0.011390755598901306,-0.0013106319848488225,0.0024898493560021775,0.0009354847738553684,0.00046514505928934983,-1.3172007248183963e-05,0.6607703980280759,0.03611823989948384,0.3215407960561518,5.5845041914317335,3.829086425620581,1.7554177658111523,0.5218691517795992,0.005916369783611247,0.03881016937075199,0.0030887251438376354,0.007548298464486433,0.005305658444077529,-0.5000000000000001,-0.8660254037844386,-0.9749279121818236,-0.2225209339563146,1
2026-02-21T15:00:00+00:00,2026-02-21T16:00:00+00:00,0.0003069151505394297,0.0035080103776537444,0.0061437557882378455,0.004401120651064065,0.0003119481159843816,0.0024495380080778876,0.00163973180828215,11101.6253,-0.5450977777555049,0.008306081512253694,0.011237141081912231,-0.0009941377850885215,0.0029069145008651983,0.0008750894817705353,0.0004588692841141523,-9.99123469773571e-06,0.6641193040469835,0.003348906018907627,0.32823860809396704,6.322227756597613,4.327714691815988,1.994513064781625,0.23909529897047266,0.005806452098209995,-0.018277356087676104,-0.003723265649742346,0.005075603233422236,0.00613355972525801,-0.7071067811865475,-0.7071067811865477,-0.9749279121818236,-0.2225209339563146,0
2026-02-21T16:00:00+00:00,2026-02-21T17:00:00+00:00,-0.0009053733910761278,-0.0005987361133473145,0.00259946092732607,0.006660524686230394,-0.0009053733910761278,0.0007601959392447333,0.004994134912124293,13460.1335,0.2124471089832225,0.006684368320016095,0.009912813101392247,-0.0018797549691067577,0.0032070079589731513,0.000704113144380166,0.0004047683875414751,-1.889165283850684e-05,0.6439185533304229,-0.02020075071656066,0.2878371066608457,6.684578381652273,4.799087429783245,1.885490951869028,-0.109022112912597,0.005872343213369996,0.010432265839241532,-0.0033467134972403776,0.0010482550081894555,0.0026016548233948568,-0.8660254037844384,-0.5000000000000004,-0.9749279121818236,-0.2225209339563146,1
2026-02-21T17:00:00+00:00,2026-02-21T18:00:00+00:00,0.0013190154707425847,0.0004124478781568289,0.0007194896151988728,0.003941778325246948,0.0013139744454625732,0.0015837502199652397,0.0010457779230246748,6840.0562,-0.4918285022953153,0.0072436064993990825,0.01079916493005523,-0.0005576178808336948,0.003529988582417743,0.0007630667215223462,0.00044097661670482316,-5.604168400442673e-06,0.6601237993840813,0.016205246053658442,0.3202475987681626,7.101296639097882,5.259529271646172,1.8417673674517099,-0.04372358441731805,0.005727262749375005,-0.02341929121418543,-0.00034679640537989514,0.00634483735662133,0.0007205572302058866,-0.9659258262890683,-0.25881904510252063,-0.9749279121818236,-0.2225209339563146,1
2026-02-21T18:00:00+00:00,2026-02-21T19:00:00+00:00,0.0015183890997762547,0.0028394073492320512,0.0019314632342955027,0.003785197568236451,0.0015183890997762547,0.001676732079298342,0.0005923783992731133,7986.1033,0.1675493689657111,0.007930844548931554,0.011844537979068986,0.0009503639726998647,0.003882898763643735,0.0008355232583168112,0.0004836843672215433,9.55148794057262e-06,0.6782978044092619,0.01817400502518055,0.3565956088185237,7.587770525824908,5.7251775224819195,1.8625930033429885,0.020825635891278615,0.005580480995116907,-0.02414913001131238,-6.525776818426875e-05,0.0038855795107496176,0.0019320311794427118,-1.0,-1.8369701987210297e-16,-0.9749279121818236,-0.2225209339563146,0
2026-02-21T19:00:00+00:00,2026-02-21T20:00:00+00:00,-0.001817296445227648,-0.00030166670856488924,0.0010169508591220905,0.003475243292176972,-0.001817296445227648,0.00140820278120047,0.00024643548671009083,5053.466,-0.36721755151852337,0.005515061835048567,0.009609564846935622,-0.0008600236203447349,0.004072045429547971,0.0005808700388664376,0.0003923810391010414,-8.643378762203403e-06,0.6345004257729914,-0.04379737863627049,0.26900085154598274,7.593665787211194,6.098875175427774,1.4947906117834195,-0.36780239155956895,0.005439541021520335,-0.027027281750556582,-0.003488179781587842,0.00029178426075447727,0.0010201081252911913,-0.9659258262890684,0.2588190451025203,-0.9749279121818236,-0.2225209339563146,0
2026-02-21T20:00:00+00:00,2026-02-21T21:00:00+00:00,-0.007146629114592406,-0.008950938016134745,-0.007446139923074962,0.008550558724305322,-0.0071416357363427874,0.0010485578530398875,0.00030899530934995863,9505.7552,0.8810367379537132,-0.0015120809313143998,0.0023001512307075918,-0.007921530045065319,0.003818005295024255,-0.00015914108390693897,9.389253868354315e-05,-7.960702950343885e-05,0.49844517831562923,-0.1360552474573621,-0.0031096433687415014,6.378185826334857,6.15473730560919,0.22344852072566646,-1.271342091057753,0.005698114045747934,0.04004946660538277,-0.010342044446226824,-0.006901894499612549,-0.007445536460043799,-0.8660254037844386,0.5000000000000001,-0.9749279121818236,-0.2225209339563146,1
2026-02-21T21:00:00+00:00,2026-02-21T22:00:00+00:00,0.004001742530924789,-0.0031734855533482264,-0.004985014834560793,0.006452947468265002,0.004001742530924789,0.00037839801416722165,0.002088757038203114,6233.462,-0.3442433695325963,0.002246544909239278,0.00606210398604166,-0.003912322980690321,0.0038070064658071814,0.00023653434676548365,0.0002474940539074886,-3.931828296354493e-05,0.5555093718540425,0.057064193538413265,0.11101874370808502,5.9834002635248,6.120469897192312,-0.13706963366751257,-0.360518154393179,0.005730941469018454,0.009785900219203638,-0.0042051637602303635,0.00431207024975551,-0.004962183028895265,-0.7071067811865477,0.7071067811865474,-0.9749279121818236,-0.2225209339563146,0
2026-02-21T22:00:00+00:00,2026-02-21T23:00:00+00:00,-0.0038546144376500335,0.00013170291873929453,-0.0070158674277666505,0.0052927471636953225,-0.0038546144376500335,0.00021778768233390581,0.0012054294975689368,6109.6367,-0.0198646113508032,-0.001462980154731342,0.0020982908905646394,-0.00767531603642109,0.003566488747555728,-0.00015397419931934125,8.565186175856687e-05,-7.713290469347555e-05,0.4966583550782104,-0.05885101677583215,-0.006683289843579274,4.996449748348596,5.895665867423569,-0.899216119074973,-0.7621464854074604,0.00572023392207012,-0.005715787430069786,-0.0042314112941864105,0.002233502538071112,-0.00699950102131765,-0.5000000000000004,0.8660254037844384,-0.9749279121818236,-0.2225209339563146,0
2026-02-21T23:00:00+00:00,2026-02-22T00:00:00+00:00,-0.0005318071312804811,-0.004384371657484236,-0.0004001742530925826,0.003395241594243315,-0.0005267449693323968,0.0017178908961916906,0.0011503281222286883,3447.6736,-0.43569908174736477,-0.0018044462931982976,0.001503888578633289,-0.008122082020644877,0.0033143153759261665,-0.00018990564406981666,6.138697542055418e-05,-8.16223022875872e-05,0.48899102617597834,-0.007667328902232029,-0.022017947648043334,4.082497638186624,5.53303222157618,-1.4505345833895564,-0.5513184643145834,0.005556989315650986,-0.029054730143885266,-0.004600321820759012,0.0006744353505542171,-0.00038467903800572505,-0.2588190451025207,0.9659258262890683,-0.9749279121818236,-0.2225209339563146,0
2026-02-22T00:00:00+00:00,2026-02-22T01:00:00+00:00,-0.0002432411888413197,-0.0007749189627229539,-0.004626546386551267,0.003978974793067921,-0.0002432411888413197,0.0011404704820895447,0.0025952039414659307,6008.3015,0.7427118100739001,-0.001852633731651632,0.0012107989339210738,-0.00828081930385856,0.0030691186182513186,-0.00019497605394082232,4.942280714294368e-05,-8.321738890150135e-05,0.4853026464271265,-0.0036883797488518155,-0.029394707145746962,3.281623504718482,5.08275047820464,-1.8011269734861584,-0.3505923900966019,0.005445529437480794,-0.020295964022601923,-0.002482581480245569,0.0009081315826856159,-0.0046296627577718345,0.0,1.0,-0.7818314824680299,0.6234898018587334,1
2026-02-22T01:00:00+00:00,2026-02-22T02:00:00+00:00,0.0022809409641790894,0.002037144956545966,0.0015042544570501417,0.003671543514870758,0.0022809409641790894,0.0012643056180684446,0.00013148778427911364,5083.1373,-0.1539809878049561,0.000383677275330066,0.003357002337057623,-0.005959235064762283,0.002972184701999316,4.038871279596745e-05,0.00013703928074457712,-5.988822288208819e-05,0.5217250291345078,0.03642238270738126,0.04345005826901556,2.9757349556512054,4.661347373693953,-1.6856124180427479,0.1155145554434105,0.0053073086833664174,-0.023159381980549187,0.0008959303502733255,0.004888832422817884,0.0015058926440572886,0.25881904510252074,0.9659258262890683,-0.7818314824680299,0.6234898018587334,0
2026-02-22T02:00:00+00:00,2026-02-22T03:00:00+00:00,-0.0025994123507486577,-0.0003244004926831837,-0.0005675627739630025,0.00546589393731967,-0.0026044564019055976,0.002844495824523458,1.014080507850596e-05,4860.7958,-0.04374099830040012,-0.0020060385479905565,0.0007194754179908259,-0.008458869429093577,0.002730992442094495,-0.00021111737246354178,2.9367205998888644e-05,-8.500653638087118e-05,0.47994726196801724,-0.041777767166490565,-0.04010547606396557,2.2921386855198307,4.187505636059129,-1.895366950539298,-0.20975453249655018,0.005331480051441669,0.0019431040470823534,-0.003858839216716185,-0.0001926381798733058,-0.000561712575410888,0.49999999999999994,0.8660254037844387,-0.7818314824680299,0.6234898018587334,1
2026-02-22T03:00:00+00:00,2026-02-22T04:00:00+00:00,0.001257459829735892,-0.0013452211776247515,0.0009326514164644126,0.004486734761053471,0.001257459829735892,0.0007849253814483922,0.0024459287692876054,4955.8985,0.019565253080575894,-0.0006796163958662393,0.0019001302292551278,-0.007140797068676894,0.0025815010555646748,-7.15334505852959e-05,7.756235133976307e-05,-7.17616546057084e-05,0.5007212501646925,0.020773988196675218,0.0014425003293848703,1.92827108145093,3.735658725137489,-1.807387643686559,0.08797930685273903,0.005264923664165962,-0.011241898437786642,-0.004175512735818119,0.001267613489435709,0.0009389884431663237,0.7071067811865475,0.7071067811865476,-0.7818314824680299,0.6234898018587334,0
2026-02-22T04:00:00+00:00,2026-02-22T05:00:00+00:00,-0.0005519797843734753,0.0007047859529567406,-0.0018964584271026668,0.0030198315785207063,-0.0005519797843734753,0.0007346905685998549,0.0017328563755940078,4191.9092,-0.15415757606819433,-0.0011140925360565205,0.0012942057275631303,-0.007612911885862466,0.0024109843232587424,-0.00011725914721224075,5.2827514172880977e-05,-7.650582365592924e-05,0.4914295904399388,-0.009291659724753671,-0.017140819120122473,1.5342634591013393,3.295379671930259,-1.7611162128289197,0.046271430857639295,0.005107259984743307,-0.030481502472685055,-0.0013358566180563791,0.0031615329876994,-0.0018939323053862411,0.8660254037844386,0.5000000000000001,-0.7818314824680299,0.6234898018587334,1
2026-02-22T05:00:00+00:00,2026-02-22T06:00:00+00:00,0.0006840222535240504,0.00013166490269456827,0.0013892902957565846,0.002050664060719887,0.0006789519818810608,7.088715271617932e-05,0.0013012855891482724,3675.8565,-0.12310684115008984,-0.0003898166893833337,0.0019013533940449644,-0.006865574740228323,0.0022920635680602555,-4.1031652059049565e-05,7.761228418056152e-05,-6.89959903828896e-05,0.503713088172061,0.012283497732122157,0.007426176344121842,1.3157758523134362,2.8994589080068947,-1.5836830556934585,0.17743315713546126,0.004885689976634656,-0.04272899521322907,-0.0006021779612987078,0.0024210740026393168,0.0013895022988864671,0.9659258262890683,0.25881904510252074,-0.7818314824680299,0.6234898018587334,1
2026-02-22T06:00:00+00:00,2026-02-22T07:00:00+00:00,0.0005468437495252725,0.0012312400563431988,0.000678580652348911,0.002656815363983705,0.0005468437495252725,0.0017661496419625056,0.00034412084714458826,4322.9772,0.1760462357548507,0.0001418771161195829,0.002352962382905069,-0.0062599689015114006,0.002210771608885218,1.4934656316337479e-05,9.604850536428376e-05,-6.291030236161097e-05,0.5138296765059196,0.010116588333858659,0.02765935301183916,1.2157553529516463,2.562718196995845,-1.3469628440441985,0.23672021164925994,0.004724005130400976,-0.03256480749214186,0.0004759228599926357,0.0025316327255385475,0.0006788862186758476,1.0,6.123233995736766e-17,-0.7818314824680299,0.6234898018587334,0
2026-02-22T07:00:00+00:00,2026-02-22T08:00:00+00:00,-8.603021178606078e-05,0.0004607664926556261,0.0011451039207143311,0.0021256351600299843,-9.109035150746247e-05,0.0013766018179241792,0.0006579346923903181,4020.6584,-0.06993300820554882,5.0516839643046574e-05,0.002177644808893111,-0.0062827183397289816,0.0021270205188955943,5.317590344269478e-06,8.889136255953758e-05,-6.313891111290808e-05,0.5120602514601061,-0.0017694250458134065,0.024120502920212346,1.1099756984324358,2.272169697283163,-1.1621939988507273,0.18476884519347125,0.0045387846859220446,-0.03929100666979133,-0.0018489143942531368,0.0008053528103774753,0.0011448357912632622,0.9659258262890683,-0.25881904510252085,-0.7818314824680299,0.6234898018587334,0
2026-02-22T08:00:00+00:00,2026-02-22T09:00:00+00:00,-0.001260197987732053,-0.001346119784418337,-0.000800012152083286,0.0032786220665960743,-0.0012551433039621994,0.0005979558019449089,0.0014239455961569546,3464.4699,-0.13833269197900516,-0.0010946571375450049,0.0008788003458498598,-0.00746058310349373,0.001975620110049408,-0.00011521379136272512,3.587068853154872e-05,-7.497511301946604e-05,0.48567888315691754,-0.026381368303188636,-0.02864223368616493,0.8158181263909228,1.980899383104715,-1.1650812567137923,-0.0028872578630649848,0.004454090984399415,-0.01989667813466662,-0.002723900585209004,-0.0006026598061359009,-0.0007993844499928415,0.8660254037844387,-0.4999999999999998,-0.7818314824680299,0.6234898018587334,1
2026-02-22T09:00:00+00:00,2026-02-22T10:00:00+00:00,0.001236450980292708,-2.5305180476639217e-05,-0.0001113332152526643,0.0022977685327178776,0.001231377318333757,0.00021763005926626465,0.0008502755803890333,3255.7516,-0.06024537837664573,0.0001270633816490021,0.002033175535135825,-0.006171716109188323,0.0019058699872012658,1.3375271700646292e-05,8.299364390948199e-05,-6.202345043275258e-05,0.5122000811769201,0.026521198020002572,0.024400162353840217,0.7706995941489367,1.7388594253135594,-0.9681598311646227,0.19692142554916958,0.004294960378320268,-0.0345345657840881,-0.0006170810045269605,0.002664190238406967,-0.00010977721922540588,0.7071067811865476,-0.7071067811865475,-0.7818314824680299,0.6234898018587334,1
2026-02-22T10:00:00+00:00,2026-02-22T11:00:00+00:00,0.0008452144162200558,0.0020827104627062568,0.0008198878474400727,0.0025233881163084747,0.0008452144162200558,0.001269279393173194,0.00040960809102399265,4793.5056,0.47231920273033123,0.0008796956130367267,0.0027668504892554755,-0.005278946253082858,0.0018854962134713608,9.260811368293606e-05,0.00011294542825996752,-5.305192155623087e-05,0.5300613091341067,0.017861227957186542,0.0601226182682133,0.859786788612837,1.5630448979734148,-0.7032581093605779,0.2649017218040448,0.004165051484047497,-0.029427170819113495,0.0006274478054507044,0.0029314507130829798,0.0008214674087807104,0.49999999999999994,-0.8660254037844387,-0.7818314824680299,0.6234898018587334,1
2026-02-22T11:00:00+00:00,2026-02-22T12:00:00+00:00,0.001658659924146636,0.002505276263646187,0.0037448248952309843,0.002837266127485192,0.0016535946720876162,0.0011864013166531045,0.0,6265.0842,0.30699423820429034,0.002297371838594384,0.004255630950102209,-0.0035930621768624493,0.001953770574012016,0.0002418871098135659,0.00017372939911472075,-3.610987368684057e-05,0.5638410586985221,0.03377974956441541,0.12768211739704413,1.181438729704496,1.486723664319631,-0.3052849346151352,0.3979731747454427,0.004064165957211342,-0.022603431913970136,0.00038888692481350184,0.0029164261627730305,0.0037403253206594,0.258819045102521,-0.9659258262890682,-0.7818314824680299,0.6234898018587334,0
2026-02-22T12:00:00+00:00,2026-02-22T13:00:00+00:00,-0.007274911903391634,-0.005628318584070852,-0.004787861303857132,0.010048973489221251,-0.007279923666819841,0.0004119265448516533,0.002303737343429758,12687.4759,1.0251086010942996,-0.004520760345340111,-0.0029309736221838816,-0.010735114008398522,0.0015970064063894895,-0.0004756431659554298,-0.00011961726641349988,-0.0001078789539249712,0.420749589171039,-0.14309146952748308,-0.158500821657922,0.2704658775146527,1.2434721069586354,-0.9730062294439827,-0.6677212948288476,0.004519307962729948,0.10389940830939638,-0.00845128660249213,-0.005633346986867373,-0.004771037563024943,1.2246467991473532e-16,-1.0,-0.7818314824680299,0.6234898018587334,0
2026-02-22T13:00:00+00:00,2026-02-22T14:00:00+00:00,-0.007841860890880072,-0.015059723947131901,-0.013426042983565084,0.012142802224557294,-0.007841860890880072,0.0011891642533125727,0.0030497962531074838,17873.0243,0.4087139507394061,-0.01116626323994247,-0.010332643329274622,-0.018312153332131903,0.0008430334440238946,-0.0011740161964257948,-0.000421562753946765,-0.00018400787690122435,0.3255424102403231,-0.09520717893071591,-0.34891517951935386,-1.6764269938878442,0.6594922867893395,-2.335919280677184,-1.362913051233201,0.005097011740901055,0.11898585481989432,-0.015467299152200175,-0.005550911389307932,-0.01345811287012507,-0.25881904510252035,-0.9659258262890684,-0.7818314824680299,0.6234898018587334,0
2026-02-22T14:00:00+00:00,2026-02-22T15:00:00+00:00,-0.00015889694764086493,-0.00799951179076155,-0.015216227950605253,0.005675060492966378,-0.00015889694764086493,0.001871180740679912,0.003644957552393126,10915.5928,-0.38926996255468643,-0.010256028480139732,-0.010082677581332028,-0.01828773854436413,0.0001751472136187948,-0.0010784177049941292,-0.00041136856672273526,-0.00018376259238316842,0.3239553509286888,-0.001587059311634249,-0.35208929814262235,-3.2073951752556695,-0.11388520561966242,-3.093509969636007,-0.7575906889588233,0.005139053106630272,0.008088030393573484,-0.009168533390223933,0.002899742930591311,-0.015275669741912572,-0.5000000000000001,-0.8660254037844386,-0.7818314824680299,0.6234898018587334,1
2026-02-22T15:00:00+00:00,2026-02-22T16:00:00+00:00,0.0017122585407865715,0.0015530895204900036,-0.006300950482360834,0.006581438909303129,0.0017071232666034024,0.002425818073879983,0.002451406872127755,8948.8048,-0.18018151061846135,-0.007752287005299692,-0.008061406066988028,-0.016444268894669687,-0.0003115341639391492,-0.0008153648487345607,-0.0003289287526018927,-0.00016524172477698463,0.3601491199812966,0.036193769052607794,-0.27970176003740677,-4.103881412221881,-0.9118844469401062,-3.191996965281775,-0.0984869956457679,0.00523392377078449,0.02020459658192829,-0.00031720045021993806,0.005376814353264444,-0.006288499297734365,-0.7071067811865475,-0.7071067811865477,-0.7818314824680299,0.6234898018587334,0
2026-02-22T16:00:00+00:00,2026-02-22T17:00:00+00:00,-0.0007420751491827171,0.0009689127670917609,0.0008098618621696749,0.004112612866383601,-0.000747189084898099,0.0008040849564410976,0.0025607801160545548,10039.4499,0.12187606327048275,-0.007686384359650061,-0.008455416202705117,-0.01700616031515908,-0.0007749887041092267,-0.0008084389880901705,-0.0003449999626297987,-0.00017088697672201845,0.351354636472402,-0.008794483508894614,-0.297290727055196,-4.875158305432251,-1.7045392186385353,-3.1706190867937156,0.021377878488059388,0.005157439351774628,-0.015344439488119083,-0.0031602270870773027,0.003427790282959757,0.0008112864439629895,-0.8660254037844384,-0.5000000000000004,-0.7818314824680299,0.6234898018587334,0
2026-02-22T17:00:00+00:00,2026-02-22T18:00:00+00:00,-0.006279032844565764,-0.0070164484795136265,-0.005316203912562091,0.009586294690945027,-0.006273943416712761,0.0005566235626999991,0.0027161168291010953,12200.5295,0.2152587663194575,-0.01260842264122747,-0.01411374355237492,-0.02295307365539706,-0.0015245429935447858,-0.0013254432518443728,-0.00057573949847921,-0.00023063095443326856,0.28744216552109064,-0.06391247095131135,-0.42511566895781866,-6.401883412016559,-2.64400805731414,-3.7578753547024193,-0.5872562679087037,0.005504046776544597,0.060504314834966724,-0.007818732230154004,-0.003727798801558893,-0.00530884945296191,-0.9659258262890683,-0.25881904510252063,-0.7818314824680299,0.6234898018587334,1
2026-02-22T18:00:00+00:00,2026-02-22T19:00:00+00:00,0.00138125106299642,-0.00490645470236049,-0.005644888893437994,0.002943976942278391,0.00138125106299642,0.0005970302889934658,0.0009676008131963672,4324.0072,-0.6455885623652645,-0.010184580730495014,-0.012258039161476789,-0.02139316477121237,-0.0020947930196036045,-0.0010709130452769022,-0.0005000779259868259,-0.00021496046318197041,0.31670246589797074,0.029260300376880082,-0.3665950682040585,-7.311290450941442,-3.5774645360396002,-3.733825914901842,0.0240494398005775,0.005314134946073908,-0.03317044410042874,-0.005451474201474132,0.004108527131782969,-0.005639856930752062,-1.0,-1.8369701987210297e-16,-0.7818314824680299,0.6234898018587334,1
2026-02-22T19:00:00+00:00,2026-02-22T20:00:00+00:00,0.0004065982140559271,0.0017884108912677242,-0.004501851444023889,0.003019951228044964,0.0004065982140559271,0.0011215491783880887,0.001491969090516268,2450.5043,-0.4332793201639442,-0.008858745815182242,-0.01139676621523707,-0.020790700216366406,-0.0025607050350681545,-0.0009316308141690876,-0.0004649578448726288,-0.00020890810925122788,0.3254951349656922,0.008792669067721448,-0.34900973006861563,-7.877449350943152,-4.43746149902031,-3.439987851922842,0.29383806297899984,0.005148259115165536,-0.030820172917823983,-0.0001903184490588963,0.0027600224928935398,-0.0044911835675134175,-0.9659258262890684,0.2588190451025203,-0.7818314824680299,0.6234898018587334,0
2026-02-22T20:00:00+00:00,2026-02-22T21:00:00+00:00,-0.0014147982754895202,-0.0010087753158856566,0.0003710823751333718,0.0031787902049985176,-0.001409660806799303,0.001159202262762817,0.0006079371866934213,2422.2064,-0.011547786306679823,-0.00929285297255056,-0.012299830223523114,-0.021960271994177494,-0.003035182758088288,-0.0009772391192733134,-0.0005017819751191924,-0.0002206575506969711,0.3105160523355434,-0.014979082630148782,-0.3789678953289132,-8.450622855492156,-5.2400937703146795,-3.210529085177477,0.22945876674536514,0.005014355827352251,-0.027387430709376867,-0.0025335060023022856,0.0004845235947527407,0.0003730510015628268,-0.8660254037844386,0.5000000000000001,-0.7818314824680299,0.6234898018587334,1
2026-02-22T21:00:00+00:00,2026-02-22T22:00:00+00:00,0.004842889453320259,0.0034212394661837955,0.0038292287500965305,0.005778331513184533,0.00483771251931999,0.0009639097821460742,0.0,5948.999,1.4560248044923008,-0.004068617352693985,-0.00722387183330755,-0.01705527621621538,-0.0031681444480909085,-0.00042809216941738055,-0.00029476499954005607,-0.00017138043493029317,0.41039652569076673,0.09988047335522332,-0.17920694861846656,-8.053529471814045,-5.802780910614553,-2.250748561199492,0.9597805239779849,0.005046851022664397,0.011354706140260212,0.0022662103413190688,0.005454142416009895,0.0038346893918866664,-0.7071067811865477,0.7071067811865474,-0.7818314824680299,0.6234898018587334,1
2026-02-22T22:00:00+00:00,2026-02-22T23:00:00+00:00,0.00417865144919727,0.009041777649549948,0.007614187082634485,0.007291145445076537,0.004173502871205841,0.0011998733750651692,0.0019351149325518963,6012.482,0.010671207038360601,8.417175380746796e-05,-0.0029551586574903636,-0.01282070982025222,-0.0030390746070582037,8.860263114867098e-06,-0.0001206041735927042,-0.00012883475444473719,0.48064475657073535,0.07024823087996865,-0.038710486858529264,-7.000495858142358,-6.042323900120114,-0.9581719580222439,1.292576603177248,0.0051876565838119785,0.032194920975433444,0.003211645930122361,0.009036579082946916,0.007606742627028009,-0.5000000000000004,0.8660254037844384,-0.7818314824680299,0.6234898018587334,0
2026-02-22T23:00:00+00:00,2026-02-23T00:00:00+00:00,-0.00036762077874336356,0.003809494511354055,0.008670832925465832,0.006297821045857206,-0.0003625167855483635,0.0012360686886435284,0.004699104105586849,6604.2264,0.09841932167115004,-0.0002564888007183258,-0.003191846363424544,-0.013054149613546428,-0.0029361106422036132,-2.6998092211545733e-05,-0.00013026247288256773,-0.00013118027303149097,0.475257546017611,-0.005387210553124362,-0.04948490796477799,-6.153127689503435,-6.064484657996778,-0.08864303150665709,0.8695289265155868,0.005268725566248197,0.01525391825039063,-0.0015656156133185255,0.005758729278078319,0.008653920123774165,-0.2588190451025207,0.9659258262890683,-0.7818314824680299,0.6234898018587334,0
2026-02-23T00:00:00+00:00,2026-02-23T01:00:00+00:00,-0.014505930065072307,-0.014868218162508752,-0.010751695814683231,0.015351763742471774,-0.014505930065072307,0.0002643281400628121,0.0003679862342051167,18435.2398,1.791430620852126,-0.013371903364775428,-0.01697100857611945,-0.027105753782053803,-0.0036478843686069094,-0.0014055903102080784,-0.0006922147344459066,-0.00027234544375389383,0.3219655036637494,-0.15329204235386165,-0.3560689926725013,-7.684641201942895,-6.388515966786001,-1.296125235156894,-1.2074822036502368,0.006060955836670993,0.1336775772570912,-0.016078941329457648,-0.0098531268282168,-0.010694899394618401,0.0,1.0,0.0,1.0,0
2026-02-23T01:00:00+00:00,2026-02-23T02:00:00+00:00,-0.03759679074540533,-0.051557344393253636,-0.05190601162090121,0.0441385549954763,-0.03759679074540533,0.0,0.005073025720563565,107679.144,4.840940783422845,-0.04588018525141348,-0.05192466700564228,-0.06308976680797114,-0.006335139110198167,-0.004806281281667339,-0.002114891916209781,-0.0006336662206420344,0.17060247460259106,-0.1513630290611583,-0.6587950507948179,-14.583637358960459,-8.027540245220893,-6.5560971137395665,-5.259971878582673,0.009000646335137693,0.4291889186673076,-0.0518043434967548,-0.037242509241928505,-0.052470341589221,0.25881904510252074,0.9659258262890683,0.0,1.0,1
2026-02-23T02:00:00+00:00,2026-02-23T03:00:00+00:00,0.0034251001680237277,-0.03430046335168085,-0.0483088332941741,0.009274167579055824,0.0034251001680237277,0.002914278353835289,0.00294648032459587,24157.7376,-0.7756507276840908,-0.038711022996966,-0.04685794380792044,-0.05932027170208434,-0.008474996599205493,-0.004058307553676458,-0.0019089181969922948,-0.0005958284120481458,0.20585377878707475,0.0352513041844837,-0.5882924424258504,-19.315288053387576,-10.285089806854229,-9.030198246533347,-2.4741011327937805,0.008991655172413807,0.0024227323356578578,-0.03430046335168085,0.00854145691922963,-0.048677620642453914,0.49999999999999994,0.8660254037844387,0.0,1.0,0
2026-02-23T03:00:00+00:00,2026-02-23T04:00:00+00:00,-0.00019857881969049518,0.0032258411959845447,-0.03449223082584413,0.008486904614922108,-0.00020394472024693903,0.004686317349036712,0.0035966009437050457,17198.7699,-0.2880637175229522,-0.03532785812199411,-0.0452857804691796,-0.05894986542936972,-0.0103225976110387,-0.003704944250228609,-0.0018449889267622564,-0.0005921101569376432,0.20530708306142542,-0.0005466957256493287,-0.5893858338771492,-22.831820215079688,-12.79443588849932,-10.037384326580367,-1.0071860800470205,0.008957259903299281,-0.004023062553017314,-0.0031038118019769043,0.006200746466168549,-0.0343702693970721,0.7071067811865475,0.7071067811865476,0.0,1.0,0
2026-02-23T04:00:00+00:00,2026-02-23T05:00:00+00:00,-0.001449376499701975,-0.0016476675039178723,0.001771789237861339,0.0062359891837843505,-0.0014547367516963177,0.001107425665396144,0.0036717074245903084,11872.4387,-0.3096925670248079,-0.03334494518240582,-0.044921557950792335,-0.05974952197071348,-0.011975950170323157,-0.0034977172623190224,-0.0018301772871724962,-0.0006001373271588095,0.20110981388181826,-0.004197269179607162,-0.5977803722363635,-25.542130937601087,-15.343974898319674,-10.198156039281413,-0.1607717127010453,0.008774956045828716,-0.02177251465902801,-0.006308828085770118,0.0021549750292268488,0.0017771448486312575,0.8660254037844386,0.5000000000000001,0.0,1.0,1
2026-02-23T05:00:00+00:00,2026-02-23T06:00:00+00:00,0.0031771289720831184,0.0017231476163124836,0.0015242266160021888,0.00571786847294868,0.0031771289720831184,0.002459701620509381,9.110006001890207e-05,15346.9253,0.29265146679594983,-0.027469743587593673,-0.04031073296111674,-0.05622918482352339,-0.013203691390427834,-0.002883214990641402,-0.0016426333553704092,-0.0005647982580692185,0.2378395411338535,0.036729727252035216,-0.5243209177322931,-26.90306234769514,-17.65579238819477,-9.247269959500372,0.950886079781041,0.00853078683814657,-0.02473696694665383,0.0006112797194547131,0.006874075992532406,0.0015291736526906483,0.9659258262890683,0.25881904510252074,0.0,1.0,1
2026-02-23T06:00:00+00:00,2026-02-23T07:00:00+00:00,0.007202263568550145,0.010402275060881483,0.00893782174816283,0.010061079424533968,0.007202263568550145,0.0019579467097982804,0.0009523708180811929,17881.7123,0.16516578731245915,-0.01855240593847704,-0.03213112509394817,-0.04896412245411818,-0.013835399095817578,-0.0019490785097639309,-0.0013097567810194067,-0.0004918596882021802,0.31497171833450993,0.07713217720065643,-0.3700565633309802,-26.590594793236505,-19.442752869203115,-7.14784192403339,2.099428035466982,0.008583449084951447,0.013419923814061768,0.004730925283454542,0.010494623655913969,0.008930016040931289,1.0,6.123233995736766e-17,0.0,1.0,1
2026-02-23T07:00:00+00:00,2026-02-23T08:00:00+00:00,0.00318166340342216,0.010406842150390162,0.01361703500217718,0.006247679660567474,0.00318166340342216,0.001702466189339717,0.0013736409440466286,21104.9996,0.18025607648323477,-0.013980812968273127,-0.027944246449815115,-0.045501948231096045,-0.014161421669264828,-0.0014695019091499832,-0.0011392820437391888,-0.00045709697917597586,0.3466541781987628,0.03168245986425291,-0.30669164360247436,-25.565720272868703,-20.66734634993623,-4.898373922932471,2.2494680011009187,0.008391329882711037,-0.019272068070696906,0.00122132540356837,0.011376985340263605,0.013561055944055423,0.9659258262890683,-0.25881904510252085,0.0,1.0,0
2026-02-23T08:00:00+00:00,2026-02-23T09:00:00+00:00,-0.0025881728984354863,0.0005852558099939927,0.00779173454514274,0.006668013740149506,-0.0025881728984354863,0.002270527804660156,0.0018025970158776748,12507.7469,-0.4073562124113947,-0.014981838310008723,-0.029300581225553575,-0.0475176993116651,-0.01453652680979836,-0.0015745524862367311,-0.0011945135218401077,-0.00047733685791339915,0.33311453272306407,-0.013539645475698733,-0.3337709345538718,-24.86069641477002,-21.50601636290299,-3.354680051867028,1.543693871065443,0.008288455115109134,-0.014816092828966497,-0.00428334683461206,0.001965976355005156,0.007795754073536819,0.8660254037844387,-0.4999999999999998,0.0,1.0,1
2026-02-23T09:00:00+00:00,2026-02-23T10:00:00+00:00,0.01987642373259888,0.017236807212940866,0.020473312335064282,0.019911366006256426,0.019871000675305558,0.00042752867570382497,0.0,18360.4707,0.4679279047451785,0.004157189596483567,-0.009617908802479595,-0.028309374295466226,-0.013718069781981673,0.0004377904815283278,-0.00039241365729433646,-0.00028443539806352825,0.4956213846476163,0.16250685192455222,-0.008757230704767381,-21.04313417364142,-21.413439925050675,0.3703057514092549,3.724985803276283,0.008969039474210303,0.10362085288962429,0.014938325828010825,0.021718169856650482,0.020469914237585558,0.7071067811865476,-0.7071067811865475,0.0,1.0,0
2026-02-23T10:00:00+00:00,2026-02-23T11:00:00+00:00,-0.0021167883211678546,0.01771756122980728,0.015083532219570435,0.008307470453619284,-0.0021115855661395285,0.005329320668359533,0.0008620959904699682,23296.5445,0.2688424431297395,0.0018377599582047256,-0.011260124982458366,-0.030073172703008157,-0.013073858327329884,0.00019348584618367418,-0.00045938580574984806,-0.00030215161854469833,0.48188614369825844,-0.013735240949357887,-0.036227712603483155,-18.13623345282963,-20.757998630606465,2.6217651777768367,2.251459426367582,0.008939451387861083,-0.0054087188248173835,-0.0025432296932489146,0.017712149651978298,0.015171462512995542,0.49999999999999994,-0.8660254037844387,0.0,1.0,1
2026-02-23T11:00:00+00:00,2026-02-23T12:00:00+00:00,0.0007105760891145491,-0.0014077163712200445,0.018440726994289152,0.004954837362293118,0.000705347579612795,0.0027619694042708524,0.0014880175429437354,15298.7991,-0.3433017888124996,0.0023062588632346667,-0.010147729876655706,-0.029100096342554373,-0.01242533270620804,0.00024282303958120862,-0.0004140215713300542,-0.00029237777006306173,0.4870146251308145,0.0051284814325561,-0.025970749738370956,-15.543576381506,-19.715114180786372,4.171537799280372,1.5497726215035357,0.008648941853968308,-0.031809983664248455,-0.006685025853261401,0.0015740290437119846,0.018470211500545577,0.258819045102521,-0.9659258262890682,0.0,1.0,1
2026-02-23T12:00:00+00:00,2026-02-23T13:00:00+00:00,0.0024487025531248654,0.0031610186317230188,0.0010375391032325387,0.010843806478158708,0.0024539364795931923,0.003406267740977799,0.004989609320881842,29364.5385,0.9194015365558986,0.00430526547805294,-0.007423227467886407,-0.026463790885415447,-0.011678215129497047,0.0004533913103168056,-0.00030289710178775525,-0.00026589702755861947,0.5052036204560061,0.018188995325191613,0.01040724091201227,-12.961026523557166,-18.36429664934053,5.403270125783365,1.2317323265029927,0.00878610001420288,0.018345909644260028,-0.00031240400085385693,0.0046517712312281415,0.00104249032107156,1.2246467991473532e-16,-1.0,0.0,1.0,1
2026-02-23T13:00:00+00:00,2026-02-23T14:00:00+00:00,0.0009947968479002921,0.0034459353626064516,0.004158960050994303,0.00871013059992716,0.0009895833333333807,0.007086737083094797,0.0006347884905562346,16082.054,-0.45233077645677966,0.004796746258249174,-0.006184991311035671,-0.025248040399335665,-0.010929312430777278,0.0005051757324267227,-0.000252384910716563,-0.00025368477744543096,0.5127802116415316,0.007576591185525458,0.025560423283063186,-10.637592571904406,-16.818955833853305,6.181363261948899,0.7780931361655341,0.00877256562187352,-0.0005471678780062319,-0.0024032846620607425,0.008495521354245953,0.004154075490139707,-0.25881904510252035,-0.9659258262890684,0.0,1.0,0
2026-02-23T14:00:00+00:00,2026-02-23T15:00:00+00:00,-0.007794370154534584,-0.006807327121495391,-0.004375293687672888,0.015983890252344105,-0.007794370154534584,0.0018773729364629493,0.006250917710234343,25345.2872,0.5759981405360285,-0.00274675674322409,-0.01339215001042457,-0.03252942724658661,-0.010674714110164563,-0.00028904871544375846,-0.0005463197393681681,-0.0003268220694658377,0.4540556773914094,-0.058724534250122175,-0.09188864521718117,-9.890997965089127,-15.43336426010047,5.542366295011343,-0.6389969669375564,0.009351651589729712,0.05770213135225211,-0.01477639084070426,-0.006181010850644628,-0.0043508707535094265,-0.5000000000000001,-0.8660254037844386,0.0,1.0,0
2026-02-23T15:00:00+00:00,2026-02-23T16:00:00+00:00,-0.005910053908921182,-0.013658358915656381,-0.012677149360152875,0.010840608762165986,-0.005910053908921182,0.003328673542056785,0.0015667449159918905,17508.2211,-0.30921196663338657,-0.007824103609748681,-0.018483143704871138,-0.03788107741035614,-0.01074309518493881,-0.0008229121115922591,-0.000753845317287311,-0.00038056945758063303,0.4155026158059302,-0.038553061585479255,-0.16899476838813968,-10.092372584079158,-14.365165924896207,4.272793340817049,-1.2695729541942935,0.009509631782665423,0.010883399094759319,-0.0154922408957766,0.00034300791556733033,-0.012709627215555474,-0.7071067811865475,-0.7071067811865477,0.0,1.0,0
2026-02-23T16:00:00+00:00,2026-02-23T17:00:00+00:00,-0.005765832300266433,-0.011641809829463242,-0.01934543940891829,0.010070461394796053,-0.005765832300266433,0.002403540048389136,0.0018676514283288669,27144.3534,0.5503775766231329,-0.0122706692128238,-0.023217625848551374,-0.04301495726378338,-0.01108295187205116,-0.0012899831848287326,-0.0009467609920844048,-0.0004321243161285843,0.38165689241553635,-0.0338457233903938,-0.23668621516892727,-11.007040760392329,-13.693540891995431,2.6865001316031023,-1.586293209213947,0.009600900753523305,0.0037763593798686443,-0.014901501649043759,-0.004205676606716421,-0.0194702563637222,-0.8660254037844384,-0.5000000000000004,0.0,1.0,0
2026-02-23T17:00:00+00:00,2026-02-23T18:00:00+00:00,-0.011036122076488792,-0.016738321947616923,-0.02254945147148281,0.02738314949139446,-0.011041369320804543,0.001845572771363607,0.014372934460706447,49519.889,0.8243163972364139,-0.02101094036226961,-0.032707886803713636,-0.05307155524749148,-0.011947984838331512,-0.002206797208182796,-0.0013332358969352785,-0.0005330981196098347,0.32705812509827353,-0.05459876731726283,-0.34588374980345293,-13.25748402376712,-13.606329518349769,0.34884549458264935,-2.337654637020453,0.010970547696956098,0.1300476561373727,-0.019082402719742333,-0.009185626196045063,-0.02271200828567641,-0.9659258262890683,-0.25881904510252063,0.0,1.0,0
2026-02-23T18:00:00+00:00,2026-02-23T19:00:00+00:00,-0.003310227906777154,-0.014309817903985752,-0.019993142193970453,0.010507334140761665,-0.003310227906777154,0.005490512716996268,0.0016955995155430446,23279.0907,-0.5299042229274787,-0.021992735566743134,-0.03455026966643982,-0.05567797822133216,-0.012839919043928191,-0.0023096778350391992,-0.0014082291823851634,-0.0005592647185177552,0.3127647736184298,-0.01429335147984375,-0.37447045276314045,-15.361763115883832,-13.957416237856581,-1.4043468780272512,-1.7531923726099006,0.010971294093201658,-0.003242416752363641,-0.016110837477557673,0.0112240287840272,-0.020112182283532377,-1.0,-1.8369701987210297e-16,0.0,1.0,0
2026-02-23T19:00:00+00:00,2026-02-23T20:00:00+00:00,-0.00030143991387428096,-0.0036106699858363114,-0.014606944267583499,0.009449760121473815,-0.00030143991387428096,0.0037691350911861466,0.005379094222992806,18636.5723,-0.19942868301123123,-0.020207816148446186,-0.03352076974093444,-0.05543666190439304,-0.013587527857341297,-0.00212262342783827,-0.001366325284313778,-0.0005568421350272907,0.31143443161763584,-0.0013303420007939337,-0.3771311367647283,-16.880024363372513,-14.541937862959767,-2.3380865004127465,-0.9337396223854952,0.01086568497958859,-0.009924486923103375,-0.009033573090303629,0.0013965275531112615,-0.014647789897140226,-0.9659258262890684,0.2588190451025203,0.0,1.0,1
2026-02-23T20:00:00+00:00,2026-02-23T21:00:00+00:00,0.0018145693224709861,0.0015125824249764205,-0.0018026524743551908,0.008432944919809119,0.0018145693224709861,0.0010373220965731091,0.005584340198649923,14636.3465,-0.21464385916073206,-0.016704004650355975,-0.03055933021278244,-0.05321657929616052,-0.01409069662436664,-0.0017552300294507185,-0.001245765732505946,-0.0005345540920194844,0.329906164907636,0.018471733290000146,-0.340187670184728,-17.608348424927954,-15.155219975353404,-2.4531284495745496,-0.1150419491618031,0.010673642779368568,-0.015891693510159476,-0.0022469499932967177,0.007232568211346849,-0.0017970984981804487,-0.8660254037844386,0.5000000000000001,0.0,1.0,1
2026-02-23T21:00:00+00:00,2026-02-23T22:00:00+00:00,0.0016285419443608229,0.0034460663690844035,0.0031435876732606206,0.00576843619036376,0.001633925452151226,0.003069344651988918,0.001067831443611529,8570.3931,-0.4144445063527295,-0.013683999115188689,-0.02787574361998915,-0.051186845691320836,-0.014388638622986175,-0.001438349131257832,-0.0011364923693907658,-0.0005141761470977062,0.34687134584248835,0.016965180934852383,-0.30625730831502324,-17.736598348654525,-15.671495650013629,-2.065102698640896,0.38802575093365377,0.010307156253888072,-0.032763030993496214,0.0005906071978909465,0.009091401342863311,0.0031416713529575277,-0.7071067811865477,0.7071067811865474,0.0,1.0,0
2026-02-23T22:00:00+00:00,2026-02-23T23:00:00+00:00,-0.001963951298300514,-0.0003386077310056552,0.0014753471642642965,0.005527089729183341,-0.001963951298300514,0.0034463662610958916,0.00011290747501252002,6871.8835,-0.19818339487835157,-0.0141544120329252,-0.028650375831021126,-0.05255014444548942,-0.014704091568729583,-0.0014877214957772537,-0.0011680371888398422,-0.0005278633683339876,0.3358116847901127,-0.011059661052375703,-0.32837663041977466,-17.926918393184906,-16.122580198647885,-1.8043381945370207,0.2607645041038751,0.009984556761405862,-0.03320107576400024,-0.005017894303245519,0.0007371298209367027,0.0014791599685312952,-0.5000000000000004,0.8660254037844384,0.0,1.0,0
2026-02-23T23:00:00+00:00,2026-02-24T00:00:00+00:00,-0.0019516863537875667,-0.003911804635139684,-0.0022896332287053313,0.008619296449927275,-0.0019570523780337535,0.0037763292571243823,0.0028820772504443834,7260.3292,0.05652681684722976,-0.014569500262351674,-0.02938345566388668,-0.05388715151164013,-0.015032978384045284,-0.0015312831822764594,-0.0011978880642066342,-0.0005412862626813106,0.3247521797797579,-0.011059505010354798,-0.35049564044048426,-18.16130682245307,-16.530325523408923,-1.630981299044148,0.1733568954928728,0.009905168366571786,-0.009887286849695151,-0.007326203208556174,-0.0018389865140989357,-0.002287095707727258,-0.2588190451025207,0.9659258262890683,0.0,1.0,1
2026-02-24T00:00:00+00:00,2026-02-24T01:00:00+00:00,0.006281312287884546,0.004317366782620837,0.002344936386222355,0.007623289577935293,0.006281312287884546,0.0008672562581639279,0.0005139296344675669,9157.3062,0.261279750235017,-0.007587692036869135,-0.02239395597917706,-0.04748991876981885,-0.014919468272916655,-0.0007980670052851293,-0.0009132043151813256,-0.00047705792289256377,0.3938117696387849,0.06905958985902699,-0.21237646072243024,-17.207835571054147,-16.665827532937968,-0.5420080381161796,1.0889732609279683,0.009684764299987826,-0.016109876346948725,0.0005409893141219588,0.00918987546935357,0.002365674635796465,0.0,1.0,0.7818314824680298,0.6234898018587336,0
2026-02-24T01:00:00+00:00,2026-02-24T02:00:00+00:00,-0.014459624403092139,-0.00826913753164893,-0.010204685122558385,0.030516852711915076,-0.01445434834979523,2.1727912219214873e-05,0.015828784051712484,40396.0586,3.4113473676352544,-0.019889861700368293,-0.035147582424777266,-0.060690271736218056,-0.015567353227137518,-0.002089295358382978,-0.0014325400858788782,-0.0006095806645230394,0.3137602701628224,-0.08005149947596252,-0.37247945967435525,-18.419357119718143,-17.016533450294002,-1.4028236694241407,-0.8608156313079611,0.011304713800074825,0.15038957474218495,-0.015313599845954644,-0.00775599081569948,-0.01012999846899516,0.25881904510252074,0.9659258262890683,0.7818314824680298,0.6234898018587336,1
2026-02-24T02:00:00+00:00,2026-02-24T03:00:00+00:00,0.0014068823161953981,-0.013073085076768277,-0.006873888918816997,0.009389544029421626,0.0014068823161953981,0.005923386528092731,0.0020612517222300328,12161.91,-0.6989332518692801,-0.01677759134346718,-0.03250812139065115,-0.05881278213935769,-0.015998953958624725,-0.0017629487694162701,-0.0013251038674804265,-0.0005907340645780718,0.32786921165889465,0.014108941496072305,-0.34426157668221063,-18.952038024002377,-17.40363436503568,-1.5484036589666985,-0.1455799895425578,0.011153168334261441,-0.012017488714615861,-0.013088935165605836,0.017512873866465037,-0.006771429799012195,0.49999999999999994,0.8660254037844387,0.7818314824680298,0.6234898018587336,0
2026-02-24T03:00:00+00:00,2026-02-24T04:00:00+00:00,-0.0062434229797020905,-0.004845324424889363,-0.019234887256686473,0.011080604575252563,-0.0062434229797020905,0.0,0.004797956365343342,18172.7946,0.4942385365456578,-0.020779113766495078,-0.037092947049932073,-0.06408659101085598,-0.016660013601412095,-0.0021825014022696355,-0.00151170911444068,-0.0006436717616273714,0.2984980997283998,-0.02937111193049489,-0.40300380054320045,-20.071579609706305,-17.937223413969804,-2.134356195736501,-0.5859525367698026,0.011213051539325865,-0.0009077795909960846,-0.012095165169375486,-0.002786925400756671,-0.01929616506659883,0.7071067811865475,0.7071067811865476,0.7818314824680298,0.6234898018587336,0
2026-02-24T04:00:00+00:00,2026-02-24T05:00:00+00:00,-0.000665927959694998,-0.006905193269470702,-0.005508025747576034,0.010951436795735197,-0.000665927959694998,0.0009777093199184862,0.009307355760564975,19146.1198,0.053559467402993666,-0.0194297947684488,-0.03630812999506918,-0.06410724020095368,-0.017212775930342223,-0.0020410670793672217,-0.0014797715207481835,-0.0006438790240572281,0.2954766724776931,-0.003021427250706665,-0.4090466550446138,-20.8172993180533,-18.513238594786504,-2.3040607232667973,-0.1697045275302962,0.011201303113714894,-0.001712975854257745,-0.006905193269470702,0.004151949277111042,-0.005502468623201691,0.8660254037844386,0.5000000000000001,0.7818314824680298,0.6234898018587336,0
2026-02-24T05:00:00+00:00,2026-02-24T06:00:00+00:00,-0.002485238774094502,-0.003149511743803312,-0.009373270989509299,0.014663848521021088,-0.002479790255625936,0.005470195919529536,0.006707697699122797,22890.475,0.1955673128087289,-0.019825486149310085,-0.0372418890413937,-0.06581563661237576,-0.017768675522547465,-0.002082547225067838,-0.0015177699763406075,-0.000661026439562222,0.28393354414642674,-0.011543128331266387,-0.43213291170714657,-21.527281433504186,-19.11604716253004,-2.4112342709741448,-0.10717354770734744,0.01147454167835063,0.021847599895952995,-0.004122542016119328,0.006886209387077749,-0.00939458971349159,0.9659258262890683,0.25881904510252074,0.7818314824680298,0.6234898018587336,0
2026-02-24T06:00:00+00:00,2026-02-24T07:00:00+00:00,-0.0029568626592052015,-0.005434752923569374,-0.006097061729338533,0.007337192315718891,-0.00295140314852846,0.0028008743121381704,0.0015761782893796838,12662.403,-0.44682655121835607,-0.020604153817325672,-0.03857717661653981,-0.06794188570006351,-0.018351132352936134,-0.0021641645303637443,-0.0015721032372366425,-0.0006823670793362461,0.27043075601752675,-0.013502788128899965,-0.4591384879649465,-22.268979313888394,-19.74663359280171,-2.5223457210866833,-0.11111145011253853,0.011210615325864858,-0.025889888298548415,-0.010826873244639565,0.003776164409236944,-0.006108029392994701,1.0,6.123233995736766e-17,0.7818314824680298,0.6234898018587336,1
2026-02-24T07:00:00+00:00,2026-02-24T08:00:00+00:00,0.002658084641323411,-0.00030663760910272655,-0.0027911143155214904,0.009125267020868752,0.002652578163185815,0.0033904803636961465,0.003089226050282014,18837.2692,0.4876535836049444,-0.016314440267028652,-0.03465797861601862,-0.06485525518529026,-0.018647766217051564,-0.0017143654057915538,-0.001412613073564125,-0.0006513870282748844,0.30245051491345337,0.0320197588959266,-0.39509897017309326,-22.21020723368929,-20.239348320979225,-1.9708589127100637,0.5514868083766196,0.011034064949229093,-0.013132276309864062,-0.003085155759412381,0.004240947419952825,-0.0027840167919762925,0.9659258262890683,-0.25881904510252085,0.7818314824680298,0.6234898018587336,1
2026-02-24T08:00:00+00:00,2026-02-24T09:00:00+00:00,0.0032152051268006195,0.005881836055490283,0.002907581614885036,0.009642001124718183,0.0032152051268006195,0.0025169663185136944,0.003920134092609108,15506.6159,-0.17681189691762744,-0.01191407043524253,-0.03035434722820669,-0.06127087094703886,-0.01866262461715949,-0.0012525418487824196,-0.001237419843127438,-0.0006154086866413786,0.34026831860189644,0.03781780368844309,-0.3194633627962071,-21.442790849103858,-20.480036826604152,-0.9627540224997055,1.0081048902103582,0.01090179467075079,-0.00881078485661536,-0.0001746829776897978,0.009001614120524627,0.0029164271089188285,0.8660254037844387,-0.4999999999999998,0.7818314824680298,0.6234898018587336,0
2026-02-24T09:00:00+00:00,2026-02-24T10:00:00+00:00,-0.0024186899763589905,0.000788738566029498,0.0034489197412212913,0.01065599789835482,-0.0024132433553909483,0.001713059754589199,0.006523856956774014,15818.8683,0.020136721126883615,-0.012959317815247081,-0.03145762073458241,-0.06294891288807611,-0.01874117577240128,-0.0013622803779868903,-0.001282338017615164,-0.0006322523948457742,0.3259079197238755,-0.01436039887802096,-0.348184160552249,-20.950566720450297,-20.57414280537338,-0.3764239150769164,0.5863301074227891,0.01090878175127683,-0.0017793291046018381,-0.004923264603688072,0.004740118337989199,0.00345459979176504,0.7071067811865476,-0.7071067811865475,0.7818314824680298,0.6234898018587336,0
2026-02-24T10:00:00+00:00,2026-02-24T11:00:00+00:00,-0.0006896023293234185,-0.0031066243714408005,9.859232075371839e-05,0.004989374986308042,-0.0006950715595325954,0.0013856332289087852,0.0029081867373541375,13127.0018,-0.17016808338937875,-0.012356989632080696,-0.030904639544931556,-0.0630021853524217,-0.018779710602053915,-0.0012990460351256104,-0.0012598246986420644,-0.0006327871194073531,0.3217486865058102,-0.004159233218065311,-0.35650262698837965,-20.426680959021496,-20.544650436103005,0.11796947708150896,0.49439339215842537,0.010492957186881448,-0.03878164782822128,-0.004801901138611943,0.0058725664106830475,0.00010691282111821056,0.49999999999999994,-0.8660254037844387,0.7818314824680298,0.6234898018587336,1
2026-02-24T11:00:00+00:00,2026-02-24T12:00:00+00:00,0.0004764825727867608,-0.00021344834002873345,-0.002631622051027226,0.005080060216230997,0.0004764825727867608,0.0003339263719720268,0.004269878198987372,19078.3384,0.4533660230015357,-0.010766545469714155,-0.029284004337785136,-0.06197185129456727,-0.01871899780913046,-0.0011320376142386992,-0.0011938385291884457,-0.0006224449972438334,0.32812457198621203,0.006375885480401848,-0.34375085602757594,-19.71404475324084,-20.378529299530573,0.6644845462897315,0.5465150692082226,0.010101681311031703,-0.036830665928224496,-0.0016013729176686982,0.0033945412700418353,-0.0026318097328956484,0.258819045102521,-0.9659258262890682,0.7818314824680298,0.6234898018587336,0
2026-02-24T12:00:00+00:00,2026-02-24T13:00:00+00:00,-0.00154919939783765,-0.0010734549915657307,-0.0017623170638265415,0.005055046273959399,-0.00154919939783765,0.0019408745997631274,0.0015625685337076936,11156.188,-0.41524320587583247,-0.011140775416365836,-0.029616228449797322,-0.06283360294356476,-0.018683602856827977,-0.001171339556361223,-0.0012073661558327886,-0.0006310949645542136,0.31766366657693185,-0.010460905409280201,-0.36467266684613636,-19.156805050669163,-20.13418444975829,0.9773793990891271,0.31289485279939555,0.009755761623083921,-0.03573992257956505,-0.0018824971543646722,0.0032121798820734762,-0.0017623191543743076,1.2246467991473532e-16,-1.0,0.7818314824680298,0.6234898018587336,0
2026-02-24T13:00:00+00:00,2026-02-24T14:00:00+00:00,-0.004490328523180871,-0.006032571506774316,-0.005558963349179623,0.015145423603729629,-0.004490328523180871,0.001971658781867308,0.008663182301333358,27668.2331,1.4800794948955684,-0.014118116033352687,-0.03268481938287445,-0.06641901243877968,-0.0188325839550064,-0.0014839122093261365,-0.0013322968775537894,-0.0006670824671366832,0.2889532042974457,-0.028710462279486107,-0.42209359140510855,-19.15524340277784,-19.938396240362202,0.7831528375843604,-0.1942265615047667,0.010181598491849322,0.038963451684432805,-0.007955023520862784,-0.002932341974773028,-0.00556304534823176,-0.25881904510252035,-0.9659258262890684,0.7818314824680298,0.6234898018587336,1
2026-02-24T14:00:00+00:00,2026-02-24T15:00:00+00:00,0.010464110853485926,0.005926795034869921,0.004368413849733142,0.02425970033737934,0.010469675941224412,0.007227221444027181,0.006671281332948177,40891.5399,0.4779237890691329,-0.003440914210670153,-0.02169711119575436,-0.056117869286976776,-0.01831923189042453,-0.00036207035343638837,-0.0008848127883387402,-0.0005636807710868632,0.41993321503332603,0.1309800107358803,-0.16013356993334796,-17.420057001691475,-19.434728392628056,2.0146713909365808,1.2315185533522204,0.011089270425343719,0.10054524241247477,0.003956224350205208,0.019294444444444454,0.004424582932467405,-0.5000000000000001,-0.8660254037844386,0.7818314824680298,0.6234898018587336,1
2026-02-24T15:00:00+00:00,2026-02-24T16:00:00+00:00,0.007009205714192225,0.017546661673266344,0.0129775428746874,0.011815391943017622,0.007009205714192225,0.0014613631812252965,0.003393610054178677,31496.7887,-0.2297480413546373,0.003205551098736483,-0.0142663272359569,-0.04903359985246206,-0.01741605029553289,0.0003375403264737182,-0.0005819601959740476,-0.0004925572662970958,0.48859901015202145,0.06866579511869546,-0.022801979695957045,-14.836192362644624,-18.51502118663137,3.678828823986745,1.664157433050164,0.011069463565949676,0.005210558104291341,-0.00021645138772400876,0.024458269567724567,0.012982988044497278,-0.7071067811865475,-0.7071067811865477,0.7818314824680298,0.6234898018587336,1
2026-02-24T16:00:00+00:00,2026-02-24T17:00:00+00:00,0.005937464480756027,0.01298828710491458,0.023588308834463233,0.013435132575757592,0.005937464480756027,0.002566503099173544,0.0049662103994490454,27165.2043,-0.1375246359639197,0.008282245495798259,-0.008086292723762444,-0.042974109023910856,-0.016234083554165803,0.0008725760405030487,-0.00032994386535039797,-0.00043171413561380933,0.5387572565114503,0.050158246359428914,0.07751451302290079,-11.767623857833996,-17.165541720871893,5.397917863037897,1.719089039051152,0.011177770211791022,0.015779830558837384,0.004469569635030175,0.01646194064950828,0.02341078104843418,-0.8660254037844384,-0.5000000000000004,0.7818314824680298,0.6234898018587336,0
2026-02-24T17:00:00+00:00,2026-02-24T18:00:00+00:00,-0.0016840995179062724,0.004243365681780128,0.011282314018956493,0.00853171502023798,-0.001689470937333473,0.0036703082304372424,0.0031690767099810334,25214.2916,-0.07181660327141368,0.0059533982137711765,-0.00937774362612137,-0.04416178765010627,-0.015240409612528179,0.0006270664621186617,-0.00038261859294079655,-0.00044364015786597444,0.5229956229155683,-0.015761633595882004,0.04599124583113678,-9.479057378477364,-15.628244852392987,6.149187473915623,0.7512696108777259,0.011006275628935547,-0.017000729370483414,-0.0042397213590721254,0.009285450075066997,0.01126257067704198,-0.9659258262890683,-0.25881904510252063,0.7818314824680298,0.6234898018587336,0
2026-02-24T18:00:00+00:00,2026-02-24T19:00:00+00:00,-0.000188635518451322,-0.0018724173553719106,0.004053929713843445,0.008199107316126547,-0.000188635518451322,0.0028246760247536543,0.005185760182849199,12199.6586,-0.5161609616666764,0.005211860724370551,-0.009192975543878316,-0.04392025610356616,-0.01433014952476638,0.0005489180640915655,-0.00037508275172711567,-0.0004412148526054441,0.5211595615388055,-0.0018360613767629274,0.042319123077610925,-7.605917745038596,-14.023779430922108,6.417861685883512,0.2686742119678893,0.010807691846656843,-0.018228009509958308,-0.0055216631463831396,0.0029899164661674315,0.0040647294443984325,-1.0,-1.8369701987210297e-16,0.7818314824680298,0.6234898018587336,0
2026-02-24T19:00:00+00:00,2026-02-24T20:00:00+00:00,-0.001412338012376766,-0.0016007071137148947,-0.003282110881542651,0.008410438012156891,-0.001412338012376766,0.0040756615527461765,0.002920440927199552,9800.1897,-0.19668328259612114,0.0034297648480987675,-0.010181173590297691,-0.044840308965273544,-0.013564415682304291,0.0003611582669501894,-0.0004153854889195023,-0.0004504533718282201,0.5068159875695205,-0.014343573969284904,0.013631975139041116,-6.2606839268739805,-12.471160330112482,6.210476403238502,-0.20738528264501,0.010650653296606768,-0.015922074296626804,-0.004412389085651962,0.0037930922371658014,-0.0032850730487343606,-0.9659258262890684,0.2588190451025203,0.7818314824680298,0.6234898018587336,1
2026-02-24T20:00:00+00:00,2026-02-24T21:00:00+00:00,0.0033037150599742457,0.0018867110852362162,0.001697719666061163,0.006919260941148565,0.0032982990277844715,0.00203381075875129,0.0015979941675903257,6842.4044,-0.30180898437098624,0.006098530463526393,-0.00664187102565207,-0.04128708482891524,-0.01266317473230852,0.0006423629403669862,-0.0002710233030134159,-0.0004147734677544956,0.5387503005742501,0.03193431300472959,0.0775006011485003,-4.647173853646564,-10.906363034819298,6.259189181172735,0.048712777934232676,0.01035155947304694,-0.02487126500671074,-0.002174344877941503,0.006242386508215789,0.0017027415291461577,-0.8660254037844386,0.5000000000000001,0.7818314824680298,0.6234898018587336,0
2026-02-24T21:00:00+00:00,2026-02-24T22:00:00+00:00,-0.002372779218543111,0.00092309685499284,-0.0004905448821613378,0.00709751533030944,-0.0023674115045437425,0.0,0.004724485888564689,8846.6793,0.2929196789362522,0.0033566390444831843,-0.008649045109855535,-0.043147149386694325,-0.011965520221974089,0.00035345531225100855,-0.00035289766865307656,-0.0004334517304535477,0.5129742709771746,-0.025776029597075548,0.025948541954349195,-3.6818634104781722,-9.461463109951072,5.7795996994729,-0.4795894816998345,0.010142374765698106,-0.022532868021179646,-0.004397645997551401,0.00252500675858344,-0.00048140217094563126,-0.7071067811865477,0.7071067811865474,0.7818314824680298,0.6234898018587336,1
2026-02-24T22:00:00+00:00,2026-02-24T23:00:00+00:00,0.003446285939261164,0.001065329445060217,0.004372564049965942,0.006014318269768149,0.003446285939261164,0.0019080276905877557,0.0006718407361224577,7923.1468,-0.10439312522609465,0.006161494789846644,-0.005028399397452341,-0.03946869767171672,-0.011121369924453508,0.0006489993258748896,-0.00020519867659390446,-0.0003965130433998486,0.5468085666463569,0.03383429566918231,0.09361713329271382,-2.3738639075916126,-8.04394326947918,5.670079361887568,-0.10952033758533197,0.00981516821552527,-0.028926230861869986,0.0010707156577368672,0.008209557767650475,0.004377221780692299,-0.5000000000000004,0.8660254037844384,0.7818314824680298,0.6234898018587336,0
2026-02-24T23:00:00+00:00,2026-02-25T00:00:00+00:00,-0.0046330137163004105,-0.0012026944670661364,-0.0035726199571715356,0.004848969189066487,-0.0046330137163004105,2.699871486114805e-05,0.0001673920321392407,11904.5432,0.5025019099734463,0.0013568900188902124,-0.009263652458254144,-0.04350085889202435,-0.010606151096582563,0.00014285093177822928,-0.00037796535177931956,-0.0004370035061725358,0.49668128832742275,-0.05012727831893415,-0.006637423345154474,-2.0096607197733647,-6.837086759538018,4.827426039764653,-0.8426533221229153,0.00950286193613222,-0.036304336437517765,-0.006528584686525927,-0.0005288949334024233,-0.0035595069955823575,-0.2588190451025207,0.9659258262890683,0.7818314824680298,0.6234898018587336,1
2026-02-25T00:00:00+00:00,2026-02-25T01:00:00+00:00,2.159897188891844e-05,-0.004611514812744511,-0.0011811214721412031,0.005367228587781755,1.6199141445488655e-05,0.002537824382552752,0.002813205326191447,5821.5512,-0.5109807153289174,0.001247067116965865,-0.00888303183294809,-0.04306619279904225,-0.010117481771090725,0.00013128745697218005,-0.00036244131653855787,-0.0004326388009349373,0.49691176150432803,0.00023047317690526369,-0.006176476991343946,-1.6982233421974797,-5.80931407606991,4.11109073387243,-0.7163353058922226,0.009207268967036409,-0.03108475147145491,-0.004638263795206885,0.00018902264491281142,-0.001165128805150328,0.0,1.0,0.9749279121818236,-0.22252093395631434,1
2026-02-25T01:00:00+00:00,2026-02-25T02:00:00+00:00,0.03583192043110611,0.03585429333563715,0.031055166186524475,0.038757467393684075,0.03583192043110611,0.0033883461742965273,0.0007767131999541318,52073.9922,7.945037226504166,0.03346974927551452,0.025559562751130926,-0.008690838317286984,-0.007654008769902372,0.003535587843598045,0.0010443369611110752,-8.733748021469873e-05,0.7232895870103895,0.2263778255060614,0.44657917402077885,3.858808487438182,-3.8756895633682915,7.734498050806474,3.6234073169340437,0.011022245935862594,0.24001962102812519,0.0332098153693689,0.03877102353336144,0.031220505686694624,0.25881904510252074,0.9659258262890683,0.9749279121818236,-0.22252093395631434,1
2026-02-25T02:00:00+00:00,2026-02-25T03:00:00+00:00,0.0013709769905231133,0.037252022160066525,0.03727442573733489,0.013920050807664883,0.0013709769905231133,0.012436425347610776,0.0001145254741094485,30910.282,-0.4064161264747434,0.03145955254674515,0.025880739333875684,-0.007259352860004633,-0.005408659214115559,0.0033225345259211975,0.0010574737770224587,-7.295299767289837e-05,0.7285037854207537,0.00521419841036419,0.4570075708415072,8.378433898264575,-1.4248648710417178,9.803298769306293,2.068800718499819,0.011215219338289452,0.018902609440552057,-0.0020105567215975826,0.03808720933374404,0.037224496393518144,0.49999999999999994,0.8660254037844387,0.9749279121818236,-0.22252093395631434,0
2026-02-25T03:00:00+00:00,2026-02-25T04:00:00+00:00,-0.007720058095649556,-0.006359665127141079,0.029244376289160833,0.010209113706233558,-0.007720058095649556,0.0009653016042892537,0.0014636910195474577,16453.4618,-0.4677026304709869,0.021211384798769044,0.01724438612174825,-0.014777071368136873,-0.0038846009122807585,0.0022377737978830367,0.0007043482520396461,-0.0001484912271625831,0.6537020021753402,-0.07480178324541342,0.3074040043506804,10.640950286823454,0.988298160531317,9.652652126292137,-0.15064664301415576,0.011224377860101737,-0.006909746926718812,-0.019908888043355204,-0.006245698913519379,0.02948283932597967,0.7071067811865475,0.7071067811865476,0.9749279121818236,-0.22252093395631434,1
2026-02-25T04:00:00+00:00,2026-02-25T05:00:00+00:00,8.393926993812336e-05,-0.0076367668417518615,-0.00627625968285078,0.010481036562975407,8.393926993812336e-05,0.004222840056654228,0.006174264281592724,16090.4173,-0.02206493104083432,0.019229805136188202,0.01663886618092113,-0.014550287249564054,-0.002542055719142627,0.0020282956701772677,0.0006795989361908577,-0.00014621266144064537,0.6541146464520438,0.00041264427670355985,0.3082292929040875,12.305076229007227,3.251653774226499,9.053422454780728,-0.5992296715114094,0.011170407258088079,-0.004724802286994752,-0.008586391791180611,0.0015498988625318756,-0.00626514183518832,0.8660254037844386,0.5000000000000001,0.9749279121818236,-0.22252093395631434,0
2026-02-25T05:00:00+00:00,2026-02-25T06:00:00+00:00,-0.009610239731416849,-0.00952710713798571,-0.017173615413046538,0.01603830549052425,-0.009615435055158881,0.0010540365893706549,0.005275479613131514,18671.3654,0.16040280695516826,0.008528550251958382,0.006597584135695373,-0.02378736880353632,-0.0019146370380695714,0.0008985487968975965,0.0002693616845743815,-0.00023901189285916566,0.570316913967521,-0.08379773248452267,0.14063382793504217,12.00722531500287,5.002768082381773,7.004457232621097,-2.048965222159631,0.011618763955929198,0.030141926168188997,-0.013774910544048837,-0.0033731530799156833,-0.01724635855712828,0.9659258262890683,0.25881904510252074,0.9749279121818236,-0.22252093395631434,0
2026-02-25T06:00:00+00:00,2026-02-25T07:00:00+00:00,-0.0015519232195256643,-0.011147248596758119,-0.011064245018729026,0.0063022201002626505,-0.0015519232195256643,0.004631176891859642,0.00011670777963450693,9969.6751,-0.466044668591832,0.0062960358402250295,0.004836999293541934,-0.025056919372871495,-0.0014499078747387158,0.0006631801311684208,0.00019746752831983447,-0.0002517649338615476,0.5580045077613509,-0.012312406206170152,0.11600901552270187,11.403299666537805,6.28287439921298,5.120425267324825,-1.8840319652962716,0.011255780318661415,-0.0327445970622412,-0.012183618927841535,0.003743304118166991,-0.011078223681004388,1.0,6.123233995736766e-17,0.9749279121818236,-0.22252093395631434,1
2026-02-25T07:00:00+00:00,2026-02-25T08:00:00+00:00,0.0043818466353677575,0.0028231231263042655,-0.006814247495147674,0.006940226376029215,0.004376518519304425,0.0011989584378680627,0.0013838198710194795,10031.5014,0.006201435792024838,0.009676036713630414,0.00887447066739795,-0.02058231042775353,-0.0007938843917118825,0.001019568641814751,0.000362354545803493,-0.00020681461010303972,0.5851921038166064,0.027187596055255413,0.1703842076332127,11.45910379191082,7.318120277752548,4.140983514158273,-0.9794417531665527,0.010901928103465245,-0.02719328465477545,-0.0017925776739723474,0.004499079492580243,-0.006780316315574755,0.9659258262890683,-0.25881904510252085,0.9749279121818236,-0.22252093395631434,1
2026-02-25T08:00:00+00:00,2026-02-25T09:00:00+00:00,0.008968420385462507,0.013389565263520867,0.01181686246676339,0.012369849603986887,0.008963091289375292,0.0018897654282858244,0.0015966162205738159,13325.2926,0.32834478794968835,0.016917129710600432,0.017207544451185938,-0.01168245452994902,0.00028558348768119876,0.0017839272251434738,0.00070284239358835,-0.00011739781944982354,0.6349082352341333,0.04971613141752698,0.2698164704682667,12.726766809887977,8.399849584179634,4.326917225708343,0.18593371155006988,0.010916797354942866,0.01034456275526229,0.0077601578408719426,0.014794628248443461,0.011798343801304598,0.8660254037844387,-0.4999999999999998,0.9749279121818236,-0.22252093395631434,1
2026-02-25T09:00:00+00:00,2026-02-25T10:00:00+00:00,0.002565055567479331,0.011556480449583063,0.01598896580992552,0.005398942141510721,0.002565055567479331,0.0013784533127260859,0.001461995937739835,12124.8111,-0.09009044199149517,0.017633209391756964,0.019024826626859285,-0.009057170919859194,0.0013675037550455878,0.0018595789196028869,0.0007771269931906409,-9.101855828361984e-05,0.6480185513725671,0.01311031613843376,0.2960371027451342,13.965798897364266,9.51303944681656,4.452759450547706,0.12584222483936358,0.010496729330445372,-0.03601269838631805,0.0006740164062908007,0.013183301856348603,0.015915322588309595,0.7071067811865476,-0.7071067811865475,0.9749279121818236,-0.22252093395631434,0
2026-02-25T10:00:00+00:00,2026-02-25T11:00:00+00:00,-0.0013471248283460934,0.0012144752890921988,0.01019378759949504,0.006906792289070975,-0.0013419104209526852,0.004313477394764223,0.0012496013301195083,10393.5316,-0.14278816269558214,0.014690784065999517,0.016948102702678665,-0.01028975468296941,0.0022246369752505065,0.0015487933742128826,0.0006922381561651059,-0.00010340392645160181,0.6350869407533541,-0.012931610619212962,0.27017388150670824,14.571584163650641,10.524748390183376,4.046835773467265,-0.4059236770804411,0.010253453343967659,-0.024492264205382898,-0.002721826230687823,0.0026841556181158963,0.010186351124595745,0.49999999999999994,-0.8660254037844387,0.9749279121818236,-0.22252093395631434,1
2026-02-25T11:00:00+00:00,2026-02-25T12:00:00+00:00,0.007251870480652156,0.005894976477529626,0.008475152987242803,0.01073979485901751,0.007246604134642599,0.001022590423985729,0.0025227357667870418,13682.7133,0.3164642997766033,0.019907463195428847,0.023346771205046093,-0.0030816294184549116,0.0033721765294683643,0.0020999228771388006,0.000953838377608722,-3.0970190751837973e-05,0.672880130115334,0.03779318936197981,0.34576026023066786,15.98658305702429,11.617115323551559,4.369467733472732,0.32263196000546657,0.010219643606202498,0.003930558093303749,0.001585708863852573,0.00851210855294154,0.008469801219785394,0.258819045102521,-0.9659258262890682,0.9749279121818236,-0.22252093395631434,1
2026-02-25T12:00:00+00:00,2026-02-25T13:00:00+00:00,0.013989244632698001,0.02134256330354864,0.01996668737827579,0.01766636122103172,0.013989244632698001,0.0017200513967738284,0.002150064245967373,28466.2433,1.0804530998979567,0.03082010473519569,0.036132287918018084,0.010755238323626501,0.005153356204851114,0.003254780781027089,0.0014769654718241078,0.00010810453280037113,0.7311452719297035,0.05826514181436949,0.4622905438594069,19.062874690784156,13.106267196998079,5.956607493786077,1.5871397603133452,0.010620630202413222,0.05377498584511938,0.01295340817755193,0.023939069903971186,0.019893990285004062,1.2246467991473532e-16,-1.0,0.9749279121818236,-0.22252093395631434,1
2026-02-25T13:00:00+00:00,2026-02-25T14:00:00+00:00,0.005702789452399048,0.019771811801835428,0.027167064900842326,0.012430201010908276,0.00569764108444584,0.0062710924018997355,0.0004937467232015287,29844.2399,0.04840809465012906,0.03308789893338605,0.040325976048258015,0.01635230301122725,0.007006254862093474,0.0034951099767428595,0.0016486718510136241,0.00016437176751934714,0.750896445786438,0.01975117385673457,0.501792891572876,22.144494920188208,14.913912741636105,7.230582178552103,1.273974684766026,0.010693963183942865,0.012646933319348162,0.003975899304473129,0.021999916765507607,0.026943904565749202,-0.25881904510252035,-0.9659258262890684,0.9749279121818236,-0.22252093395631434,1
2026-02-25T14:00:00+00:00,2026-02-25T15:00:00+00:00,0.016700855657981226,0.022498886573872647,0.03680287363481587,0.019780912996024788,0.016700855657981226,0.002137800518679461,0.0012165937377964313,46629.0012,0.5624120887729493,0.045329607530669266,0.05531239423477032,0.03298371403368155,0.009549893767653727,0.0047944143633789835,0.0022627572553524417,0.00033160453852212136,0.7979717432378934,0.0470752974514555,0.595943486475787,26.92383276464784,17.31589674623845,9.60793601840939,2.377353839857287,0.011179913911496283,0.06290136261811612,0.010364764857933424,0.023001633827920573,0.03639288974307828,-0.5000000000000001,-0.8660254037844386,0.9749279121818236,-0.22252093395631434,1
2026-02-25T15:00:00+00:00,2026-02-25T16:00:00+00:00,0.008185723297519706,0.02502328753874898,0.030868779531388352,0.02084688612673994,0.008185723297519706,0.007433965824614038,0.005293659030753915,54106.0004,0.16035083333502753,0.04850541805689824,0.06128930536561309,0.041010190380942745,0.012192485693022065,0.005132036805011487,0.0025078780190752785,0.0004123326655483227,0.8165741796547918,0.018602436416898342,0.6331483593095837,31.665777426094564,20.185872882209672,11.479904543884892,1.871968525475502,0.01178612304497758,0.06285263742106566,0.0060350211075862045,0.026292721212553598,0.03058936840789998,-0.7071067811865475,-0.7071067811865477,0.9749279121818236,-0.22252093395631434,1
2026-02-25T16:00:00+00:00,2026-02-25T17:00:00+00:00,0.016188863452399234,0.02450710430664161,0.041617249576243145,0.017504508070545776,0.01620904905918978,0.0013927372417938011,0.000161264312207784,41815.8619,-0.22714927012050948,0.05887622277119804,0.07516181033496139,0.05725424715537858,0.01538006729544095,0.006236145628468742,0.0030772695299477568,0.0005757508677171772,0.8468536858115153,0.030279506156723528,0.6937073716230308,37.620682475078866,23.672834800783512,13.947847674295353,2.467943130410461,0.012020226603295905,0.03637306040586939,0.008690294277123223,0.03000422807441406,0.04107544240790016,-0.8660254037844384,-0.5000000000000004,0.9749279121818236,-0.22252093395631434,1
2026-02-25T17:00:00+00:00,2026-02-25T18:00:00+00:00,0.013472900265353176,0.029879874660456007,0.03831018634411077,0.020198659530353488,0.013467947652882792,0.00591638941125415,0.0009932976517671756,52395.6223,0.25300830640059097,0.06571862587799365,0.08583003292458527,0.07073677590831216,0.0188712166215757,0.006965938715614145,0.0035155826735184335,0.0007114281411187058,0.8668693585521868,0.02001567274067142,0.7337387171043736,44.05679688696023,27.749627218018855,16.307169668941373,2.35932199464602,0.012456019851025766,0.05021635455029458,0.012063361930138034,0.030069138157110598,0.037847487015272116,-0.9659258262890683,-0.25881904510252063,0.9749279121818236,-0.22252093395631434,1
2026-02-25T18:00:00+00:00,2026-02-25T19:00:00+00:00,0.00010608033174203188,0.013580409806824885,0.02998912465921443,0.01170134804157907,0.00010608033174203188,0.0034134958440205617,0.008181783117659661,30666.6317,-0.41471003962100095,0.05919088595024137,0.08229744206626173,0.07009596515117981,0.021815289786307573,0.006269683586987607,0.0033704007111644853,0.0007049787066737619,0.8670187152713246,0.0001493567191377565,0.734037430542649,48.61481476650306,31.922664727715695,16.692150038787364,0.3849803698459908,0.01240088789454083,-0.004320518658996479,-0.005776135214292307,0.014596826266460524,0.02976784404949444,-1.0,-1.8369701987210297e-16,0.9749279121818236,-0.22252093395631434,0
2026-02-25T19:00:00+00:00,2026-02-25T20:00:00+00:00,-0.0014560391877036921,-0.0013501133130817214,0.01210459701025738,0.0071701028438993335,-0.0014512248627123047,0.00038143981459126246,0.0053353290521943545,20148.6445,-0.3429782345480088,0.05187351003812549,0.07731128973011586,0.06780965063489897,0.02418330668966878,0.005490348810765673,0.003165551944229842,0.0006819687909583481,0.8528737965102146,-0.014144918761110006,0.7057475930204291,51.39098473176864,35.81632872852629,15.574656003242353,-1.1174940355450111,0.012044051290815963,-0.030189226575285357,-0.004852969440707241,0.006888907254986837,0.012122941409391515,-0.9659258262890684,0.2588190451025203,0.9749279121818236,-0.22252093395631434,1
2026-02-25T20:00:00+00:00,2026-02-25T21:00:00+00:00,0.0018830573125392745,0.000424276319595833,0.0005304016587105979,0.012346987951807177,0.0018830573125392745,0.004332530120481823,0.006134939759036153,28425.5492,0.4107921354213185,0.04847663662298303,0.07599211930059242,0.06907767672685361,0.026243295955772034,0.005128976013625582,0.0031113697502793696,0.0006947303224470653,0.8561378765456079,0.0032640800353934195,0.7122757530912159,53.2915055338226,39.31136408958555,13.980141444237049,-1.5945145590053045,0.01204466954111243,0.0019344863941873132,4.819509373941349e-05,0.0072571054100627735,0.0005330984565776142,-0.8660254037844386,0.5000000000000001,0.9749279121818236,-0.22252093395631434,1
2026-02-25T21:00:00+00:00,2026-02-25T22:00:00+00:00,0.012207228915662616,0.01411327313987737,0.01263668447341525,0.03930334756919138,0.01221210704629909,0.02288211852423188,0.0043564582708429805,72931.0504,1.5656865901468666,0.05511819918939116,0.08533356899912614,0.08124456441007351,0.028636952554650603,0.005835774375139354,0.0034951765259742264,0.0008171955488087378,0.8754630831878077,0.019325206642199787,0.7509261663756155,56.193833734476584,42.68785801856376,13.505975715912825,-0.4741657283242233,0.013856834771934053,0.16449756285685058,0.007840728602344612,0.0203850619665075,0.012634247040498198,-0.7071067811865477,0.7071067811865474,0.9749279121818236,-0.22252093395631434,0
2026-02-25T22:00:00+00:00,2026-02-25T23:00:00+00:00,-0.008179667004708705,0.003927710843373538,0.005818164260537967,0.019979358183520098,-0.008179667004708705,0.007239037035259068,0.004493195401195366,34986.5886,-0.5202785588838851,0.041874888408894105,0.07323804367872619,0.07162834133081142,0.030102611761502886,0.004427398444706147,0.0029982706594384664,0.0007204014320652028,0.7972392645440992,-0.07822381864370855,0.5944785290881984,56.456867695279925,45.44165995390699,11.015207741372933,-2.4907679745398923,0.014400274141666334,0.03071768765974269,-0.030366925930580473,0.00837915811485882,0.005910619223493185,-0.5000000000000004,0.8660254037844384,0.9749279121818236,-0.22252093395631434,0
2026-02-25T23:00:00+00:00,2026-02-26T00:00:00+00:00,-0.012322684396226902,-0.020401555945970352,-0.008443373493975895,0.02557011489783614,-0.012317943105120086,0.0018760814199895637,0.011222466318020062,33015.4094,-0.05634099461757772,0.026198393494114958,0.05752404437736503,0.05780807488505385,0.030525920798403317,0.002765351712254942,0.0023534458817431104,0.0005813234178163039,0.6970235111569049,-0.1002157533871943,0.3940470223138098,53.97181603841341,47.14769117080827,6.824124867605136,-4.191082873767797,0.015364950744765401,0.05384197249858972,-0.02738476229194333,-0.007864827200439748,-0.00829512248527299,-0.2588190451025207,0.9659258262890683,0.9749279121818236,-0.22252093395631434,1
2026-02-26T00:00:00+00:00,2026-02-26T01:00:00+00:00,0.002371833505064501,-0.009980078246885708,-0.018078111534853954,0.013950037820749035,0.002371833505064501,0.006904711107662959,0.004679105490796995,22284.1984,-0.3250364358650054,0.02583502398198675,0.057542639525695966,0.05968103144478933,0.030909078752867757,0.0027268919263474397,0.0023542084446365485,0.0006001693484477538,0.7046250174869509,0.007601506330045993,0.4092500349739018,51.799062563222606,48.07796544929114,3.7210971139314637,-3.103027753673672,0.015230125582841949,-0.006423830536089012,-0.011806420699568698,0.01374859294432239,-0.018130517895871105,0.0,1.0,0.43388373911755823,-0.900968867902419,0
2026-02-26T01:00:00+00:00,2026-02-26T02:00:00+00:00,-0.001949223220000379,0.00041798705212207525,-0.011909848066629836,0.008361106522731927,-0.001949223220000379,0.0022299522916523463,0.004178124119436227,15006.9545,-0.326565208645782,0.021516556896325773,0.053189790539928165,0.05700950536461023,0.03100608935780267,0.0022700421460334574,0.002175735406140883,0.000573288324104467,0.6892831125966953,-0.01534190489025562,0.37856622519339056,49.185776363990726,48.29952763223106,0.8862487317596646,-2.834848382171799,0.01476710162285382,-0.03229181103520027,-0.00879321968602512,0.0051322619553381965,-0.01190007411116278,0.25881904510252074,0.9659258262890683,0.43388373911755823,-0.900968867902419,0
2026-02-26T02:00:00+00:00,2026-02-26T03:00:00+00:00,-0.00245829163306351,-0.004402723093931189,-0.0020413321150143954,0.009589534793111535,-0.0024631379502998564,0.0003457882022909863,0.006774526611080957,12368.7859,-0.17579640159500712,0.017164267998354875,0.04852011947881411,0.05384051463075441,0.030826733170801816,0.0018100353610925259,0.0019843428584241686,0.0005414036591194369,0.6695227144766147,-0.019760398120080538,0.3390454289532295,46.1741615199885,47.87445440978255,-1.7002928897940492,-2.586541621553714,0.014431067344757244,-0.025157953110542232,-0.006613609424514197,0.0017270483085661688,-0.002035681347999388,0.49999999999999994,0.8660254037844387,0.43388373911755823,-0.900968867902419,1
2026-02-26T03:00:00+00:00,2026-02-26T04:00:00+00:00,0.0006185225590274983,-0.00184128958286773,-0.0037869237184584383,0.005840695042710082,0.0006185225590274983,0.0023362780170839,0.002886276800272707,9377.3741,-0.24185169216972213,0.016071561817148586,0.04714955741275112,0.0539208898655601,0.030586423991655134,0.0016946101946998724,0.0019281824637767387,0.0005422123259967563,0.6720638349365302,0.002541120459915476,0.3441276698730604,43.3897434909843,46.9775122260229,-3.587768735038601,-1.887475845244552,0.01380918607304905,-0.042501359320662305,-0.0021903198546908607,0.0074434751908679115,-0.003788992294036391,0.7071067811865475,0.7071067811865476,0.43388373911755823,-0.900968867902419,1
2026-02-26T04:00:00+00:00,2026-02-26T05:00:00+00:00,0.009958385047820708,0.010583067092651765,0.00809875919430224,0.014886675244938516,0.009958385047820708,0.003759018028828645,0.001267463771258986,23573.5254,1.5138727695634961,0.02363675175684929,0.05519490887110671,0.06373443121710404,0.030829449079563354,0.002494285111034691,0.0022579402316910335,0.0006409576109133143,0.7106627093531671,0.038598874416636876,0.42132541870633416,42.34588613502956,46.05118700782423,-3.7053008727946732,-0.11753213775607207,0.01375971414261611,0.00634017100530253,0.007604341175613815,0.013510147263535941,0.008118615973784694,0.8660254037844386,0.5000000000000001,0.43388373911755823,-0.900968867902419,0
2026-02-26T05:00:00+00:00,2026-02-26T06:00:00+00:00,-0.004279497448205121,0.005636270716215194,0.006258279435829457,0.00912333686650906,-0.00427469879518067,0.0002661981579088353,0.004564088416508298,11872.4705,-0.4963642349395903,0.01739029420890194,0.048595206074389594,0.05855882102754783,0.030671525021527587,0.0018339143704587232,0.001987419802009222,0.0005888774371457135,0.6736046701839706,-0.03705803916919649,0.3472093403679412,40.3370989058908,44.908369387437546,-4.5712704815467475,-0.8659696087520743,0.01348345795417065,-0.024270752204000313,-0.008008411713022233,0.006925221256189343,0.0062974101586430855,0.9659258262890683,0.25881904510252074,0.43388373911755823,-0.900968867902419,0
2026-02-26T06:00:00+00:00,2026-02-26T07:00:00+00:00,-0.0017375479761680753,-0.006009609592243051,0.0038889294492710233,0.008222870829171816,-0.0017375479761680753,0.005027781279393317,0.0014545172457261434,12915.98,0.08789320638867877,0.014113670619223478,0.044856699480916196,0.05612347631858839,0.030315170530065775,0.0014878599773548301,0.0018342439841668458,0.000564373376024036,0.65865124803625,-0.014953422147720658,0.3173024960724999,38.017198952509716,43.53013530045198,-5.512936347942265,-0.9416658663955175,0.013129494312043051,-0.02794363060857503,-0.0062682180626822855,0.002839500170175595,0.003941339623447512,1.0,6.123233995736766e-17,0.43388373911755823,-0.900968867902419,0
2026-02-26T07:00:00+00:00,2026-02-26T08:00:00+00:00,-0.004445974381102947,-0.006175797263483042,-0.010428865403058455,0.008152451823100456,-0.004445974381102947,0.0028002746704198465,0.0008863478087240532,12926.6351,0.0008249548234048015,0.008682248195762587,0.03857355274315858,0.05089021562039783,0.029634014676933985,0.0009147568781070448,0.0015769134652196292,0.0005117211781054156,0.6207452052401631,-0.037906042796086864,0.24149041048032616,35.034859114931805,41.83108006334795,-6.796220948416142,-1.283284600473877,0.012828437209447896,-0.02727386122171429,-0.011138935709125986,-0.002995814599376595,-0.010463019805476143,0.9659258262890683,-0.25881904510252085,0.43388373911755823,-0.900968867902419,1
2026-02-26T08:00:00+00:00,2026-02-26T09:00:00+00:00,0.0005162245479382408,-0.003932044954279736,-0.0056627608136953006,0.007126064163782704,0.0005210971286085776,0.0022244612860989003,0.0043807771498664974,18628.8111,0.4411183541492557,0.00831919131673583,0.03751843405386423,0.0508948962858322,0.028958332826134074,0.0008764718793667509,0.0015337133296440234,0.0005117682681282293,0.6234429750889342,0.002697769848771117,0.24688595017786838,32.38356882492167,39.94157781566269,-7.558008990741023,-0.7617880423248806,0.012414978692940637,-0.031730256234488836,-0.006701187937861773,0.001403816626453001,-0.005667297809332781,0.8660254037844387,-0.4999999999999998,0.43388373911755823,-0.900968867902419,1
2026-02-26T09:00:00+00:00,2026-02-26T10:00:00+00:00,0.00998330437152895,0.010504682546253313,0.006012004615668104,0.012265414903563388,0.00998330437152895,0.0015904074334678242,0.0007903843002688621,16397.1081,-0.11979846636589696,0.01660546781733638,0.04591259357565152,0.0607383913904062,0.02882841641727334,0.0017510046387909058,0.0018775018185135568,0.0006108089542083357,0.6720526211639567,0.048609646075022536,0.34410524232791345,31.57342892448719,38.26794803742759,-6.694519112940398,0.8634898778006246,0.012290343706661197,-0.00015600060805874303,0.0077416221466731685,0.014958226535443932,0.006053554538364244,0.7071067811865476,-0.7071067811865475,0.43388373911755823,-0.900968867902419,0
2026-02-26T10:00:00+00:00,2026-02-26T11:00:00+00:00,-0.0046410980558474505,0.005295872821171862,0.005814831228663151,0.010235751533668009,-0.004636300983647589,0.004067186039868151,0.001510669100522387,11777.5046,-0.2817328197037379,0.010743015716039707,0.03938486202356218,0.05522935026745467,0.028337416991431552,0.0011321240149605193,0.0016101337518047171,0.0005553771194463327,0.6308733018256676,-0.04117931933828913,0.2617466036513352,29.810687647229543,36.57649595938798,-6.765808312158434,-0.071289199218036,0.01219680044639077,-0.012216892439578471,-0.006221610593579104,0.006099016460524448,0.00585843086361974,0.49999999999999994,-0.8660254037844387,0.43388373911755823,-0.900968867902419,0
2026-02-26T11:00:00+00:00,2026-02-26T12:00:00+00:00,-0.0037040444291656415,-0.008327951651614119,0.0015722122437853898,0.006798985255095489,-0.0037040444291656415,0.001040016329228285,0.002041153543345265,10700.8354,-0.09141742980087651,0.006328371814174263,0.03409389671969837,0.050784146671628755,0.027590919309439098,0.0006665884456532399,0.0013935268359067973,0.0005106540683691486,0.5994502156334405,-0.031423086192227105,0.19890043126688098,27.479643197557607,34.7571254070219,-7.277482209464296,-0.5116738973058617,0.011853348709878453,-0.03175890828669958,-0.01232161971459158,-0.002196693806099438,0.001638161886515858,0.258819045102521,-0.9659258262890682,0.43388373911755823,-0.900968867902419,1
2026-02-26T12:00:00+00:00,2026-02-26T13:00:00+00:00,0.005997103505924277,0.0022708455389263862,-0.002380791733736905,0.007840579710144936,0.006001992564333054,0.0008502415458938252,0.001024154589371928,8818.2351,-0.1759302175603972,0.011172802330477037,0.03865416867480092,0.056485705075293366,0.027177715105654383,0.0011774692591325772,0.0015802143079675429,0.0005680179896676361,0.6313480792528681,0.031897863619427584,0.26269615850573613,26.32455545838411,33.070611417294344,-6.746055958910233,0.5314262505540626,0.01150110764605902,-0.02389769657220721,0.0012334034680404277,0.008054697924478667,-0.0023480389790888154,1.2246467991473532e-16,-1.0,0.43388373911755823,-0.900968867902419,0
2026-02-26T13:00:00+00:00,2026-02-26T14:00:00+00:00,-0.0023043478260869475,0.0036789362674106334,-3.873510514156579e-05,0.006226909351500643,-0.0022995280170434464,0.0019174619776005754,0.0020046193402187035,10459.4668,0.18611793418844097,0.007993813677282444,0.03478928804962358,0.053484606463817135,0.026582975023019265,0.0008421627125361429,0.001421990125457164,0.0005378228312190357,0.6110900041367266,-0.0202580751161414,0.22218000827345336,24.7390644324405,31.404302020323577,-6.665237587883077,0.08081837102715639,0.011149045549248681,-0.03284495609552324,-0.003151909487585531,0.004718977587288834,-1.128874932831243e-05,-0.25881904510252035,-0.9659258262890684,0.43388373911755823,-0.900968867902419,0
2026-02-26T14:00:00+00:00,2026-02-26T15:00:00+00:00,-0.006798274284220142,-0.009086956521739104,-0.0031443484346295307,0.021051194672360843,-0.006793465102991326,0.006137900438282239,0.008073362292132832,38526.4365,2.683403488598482,0.0010323977862916665,0.02663710247521912,0.04584067746888696,0.025578297710993514,0.00010868526239122396,0.0010884120252192104,0.0004609226781579002,0.5546742107843433,-0.056415793352383406,0.10934842156868654,22.094943948496393,29.54243040595814,-7.447486457461746,-0.7822488695786696,0.011927204048652346,0.06252320808609853,-0.010974227922563112,-0.004803283699401817,-0.0031055186043828127,-0.5000000000000001,-0.8660254037844386,0.43388373911755823,-0.900968867902419,0
2026-02-26T15:00:00+00:00,2026-02-26T16:00:00+00:00,-0.008702265514165015,-0.015441379410525752,-0.01771014492753627,0.02059173576480072,-0.008702265514165015,0.001101635732341754,0.01071144029035969,53604.6883,0.39137416199912484,-0.0069526172790562975,0.016996997264345805,0.036360634849416686,0.02411729285039784,-0.0007313192311928947,0.0006942366205014469,0.00036556710654766627,0.49243040021881684,-0.06224381056552644,-0.015139199562366343,18.34761372377102,27.303467069520714,-8.955853345749695,-1.5083668882879486,0.012643325118250818,0.05081622607991039,-0.02140234188881564,-0.0006340219106177491,-0.017804887624472104,-0.7071067811865475,-0.7071067811865477,0.43388373911755823,-0.900968867902419,0
2026-02-26T16:00:00+00:00,2026-02-26T17:00:00+00:00,-0.02436385454473918,-0.03285409932770738,-0.039429022433336756,0.029745942131263227,-0.02436385454473918,0.0022381288436334585,0.0025355378566387604,46583.7566,-0.13097607546390677,-0.02826453435573568,-0.007478115427468077,0.01099912289514072,0.021391026326785478,-0.0029663885016859926,-0.000305136064683938,0.00011055617001046192,0.36875174647577835,-0.12367865374303846,-0.2624965070484433,11.25067279301743,24.092908214220056,-12.842235421202627,-3.886382075452932,0.014158120888024194,0.09252703390044335,-0.0339091179149033,-0.013800234643759068,-0.03986439434312434,-0.8660254037844384,-0.5000000000000004,0.43388373911755823,-0.900968867902419,1
2026-02-26T17:00:00+00:00,2026-02-26T18:00:00+00:00,0.0023339046274826643,-0.0220868128301218,-0.030596873034677424,0.008388527632353196,0.0023339046274826643,0.005305693436530305,0.0007543639957152125,22310.0391,-0.521076857507022,-0.02357910884832596,-0.004960249856616662,0.013224018286160849,0.019068476678892672,-0.002475866329121821,-0.00020241819639943437,0.00013292237240246414,0.3843156202713997,0.01556387379562132,-0.23136875945720065,5.931523370996729,20.460631245575392,-14.529107874578663,-1.6868724533760364,0.013715395090225927,-0.02900917268455049,-0.024217530842387258,0.004881820524871553,-0.03073221543142153,-0.9659258262890683,-0.25881904510252063,0.43388373911755823,-0.900968867902419,1
2026-02-26T18:00:00+00:00,2026-02-26T19:00:00+00:00,0.00794596742153355,0.010298417179151156,-0.014316346503781906,0.017014015357518914,0.007951036501342747,0.0026044915004765057,0.006521207645829153,23771.1683,0.06549200534570104,-0.014335385277429358,0.0028304352320313786,0.021058913146705792,0.01741547809778309,-0.001506714310240963,0.00011554131690803342,0.00021169217239979892,0.43546810928501706,0.05115248901361738,-0.12906378142996588,2.9569017626215555,16.959885348984624,-14.002983586363069,0.5261242882155948,0.013850610949639847,0.017882996528687998,0.0026263394331108867,0.011062906724511963,-0.014083982495722968,-1.0,-1.8369701987210297e-16,0.43388373911755823,-0.900968867902419,1
2026-02-26T19:00:00+00:00,2026-02-26T20:00:00+00:00,0.012927658003323012,0.020976348174187694,0.023359209597741782,0.015181219029229592,0.012927658003323012,0.002098377451801349,0.00032017496330306823,26957.7929,0.13405418529639535,-0.001441549873179977,0.01516589101277224,0.033906371729894365,0.016631415901435735,-0.00015171906974459668,0.0006193993778052357,0.0003408837171851891,0.5077006523283448,0.07223254304332777,0.01540130465668966,2.6595554681664453,14.099819372820988,-11.440263904654543,2.5627196817085256,0.013781510134654925,0.007874153364192374,0.010296349747443357,0.027736856759561695,0.023207530052339224,-0.9659258262890684,0.2588190451025203,0.43388373911755823,-0.900968867902419,0
2026-02-26T20:00:00+00:00,2026-02-26T21:00:00+00:00,-0.0031869723270316467,0.009699485587981447,0.01772252480600273,0.010431542692237322,-0.0031820622324678894,0.006236194636477237,0.0010031279803525144,16050.133,-0.40461991604661374,-0.004185397063905673,0.01145735880650959,0.03029752194338417,0.015708502189356953,-0.0004403740972055545,0.00046786609453997497,0.0003045904550691221,0.49081252056968483,-0.016888131758660024,-0.018374958860630387,1.880158166605952,11.65588713157798,-9.775728964972028,1.6645349396825146,0.013583141195451419,-0.017534945876497284,-0.005274282343688565,0.010027051577676032,0.017686653097824915,-0.8660254037844386,0.5000000000000001,0.43388373911755823,-0.900968867902419,1
2026-02-26T21:00:00+00:00,2026-02-26T22:00:00+00:00,0.003305874969733122,0.00010836691065630937,0.013037425844339163,0.0082054413995548,0.003305874969733122,0.0022803837743060884,0.002630075454599256,5486.3481,-0.6581742905183402,-0.0008083455077321776,0.01421242527205633,0.03335701139266977,0.015032922575220271,-8.508176129186351e-05,0.0005804357008603635,0.0003353587734582171,0.5089995713312427,0.01818705076155794,0.017999142662485496,1.781768164909181,9.68106333824422,-7.899295173335039,1.8764337916369893,0.013157460445402691,-0.028136630945498696,-0.006065353077958683,0.004313329771868285,0.013046560646024486,-0.7071067811865477,0.7071067811865474,0.43388373911755823,-0.900968867902419,1
2026-02-26T22:00:00+00:00,2026-02-26T23:00:00+00:00,0.0014430938355759885,0.004753739493099117,0.0015516171298530462,0.005041091039645108,0.0014430938355759885,0.0020754540670539015,0.001524622655892622,4396.4027,-0.19866500997266295,0.0005732060968169445,0.015052029558289529,0.03448953464323631,0.01447052886610237,6.0341124707071544e-05,0.0006147462341541415,0.0003467486818483443,0.5171341900990043,0.008134618767761594,0.03426838019800869,1.9181091246634878,8.128472495528074,-6.210363370864586,1.688931802470453,0.012560113976752016,-0.04402225247039049,-0.0008353849404665603,0.0074120683931765555,0.0015619964782774636,-0.5000000000000004,0.8660254037844384,0.43388373911755823,-0.900968867902419,0
2026-02-26T23:00:00+00:00,2026-02-27T00:00:00+00:00,-0.0027590751934057117,-0.001319962962233218,0.0019815483749820824,0.00456679554959362,-0.0027590751934057117,0.0001726110628896751,0.0016274757358162798,4988.7061,0.13472455560087812,-0.001979534378966843,0.011765324029999536,0.03131066518037665,0.01377212079555246,-0.00020832863002962784,0.00048044802680466517,0.00031477910676983527,0.5000517385009948,-0.017082451598009526,0.00010347700198963139,1.5555488039619831,6.8138877572148555,-5.258338953252872,0.9520244176117139,0.01202143068226007,-0.04552915098820581,-0.004824516198693468,0.00020717618855009855,0.0019898936119033986,-0.2588190451025207,0.9659258262890683,0.43388373911755823,-0.900968867902419,0
2026-02-27T00:00:00+00:00,2026-02-27T01:00:00+00:00,-0.006357018858991606,-0.009098554559359462,-0.007668590791780737,0.011177343544488499,-0.006357018858991606,0.00157832826249874,0.0032013261928042357,7570.5945,0.5175467041443872,-0.0075371854910613375,0.005123283847633073,0.024502254106716373,0.01275661833734163,-0.0007927589810075556,0.00020915736408895163,0.0002463144659935149,0.4622671482358264,-0.03778459026516842,-0.07546570352834721,0.22550241248382008,5.496210688268649,-5.270708275784829,-0.012369322531956328,0.012032554592909231,-0.005437561264340157,-0.009269093841584615,-0.004737252887303839,-0.007673000216821329,0.0,1.0,-0.433883739117558,-0.9009688679024191,1
2026-02-27T01:00:00+00:00,2026-02-27T02:00:00+00:00,0.0035289037567191256,-0.00285054841000551,-0.0056017587260055735,0.011167713536772306,0.0035289037567191256,0.0003462090113258905,0.0073050101389781795,28681.5096,2.788541256568424,-0.00365200884891442,0.008327425290472451,0.027830060386540737,0.012023343496228635,-0.0003842742606224902,0.0003400104776458261,0.00027977735283583264,0.4853664696109672,0.023099321375140817,-0.02926706077806557,-0.2519470670215469,4.346579137210609,-4.598526204232156,0.6721820715526725,0.011931490136124387,-0.004899988274722769,-0.004411924012487227,0.006751844807154253,-0.0055871902956781926,0.25881904510252074,0.9659258262890683,-0.433883739117558,-0.9009688679024191,1
2026-02-27T02:00:00+00:00,2026-02-27T03:00:00+00:00,0.0020277956377664124,0.00556385529012951,-0.0008285331018701489,0.007477788746298169,0.002032751534455336,0.004205330700888441,0.0012438302073051377,8985.7077,-0.6867072959088596,-0.0014764559077481228,0.009961306186838785,0.029607822170311746,0.011454674416300187,-0.0001553922608343254,0.0004067493037222617,0.0002976546238741674,0.49873845757286306,0.013371987961895825,-0.002523084854273918,-0.2960804533345254,3.4180472191015823,-3.7141276724361076,0.8843985317960485,0.011590947637180538,-0.026571570044525643,0.0016810046474834822,0.012989870101298996,-0.000800319464506068,0.49999999999999994,0.8660254037844387,-0.433883739117558,-0.9009688679024191,1
2026-02-27T03:00:00+00:00,2026-02-27T04:00:00+00:00,0.009570582428430454,0.011617785251496121,0.015187687054234008,0.014657351409755605,0.009565599380062344,0.0019996186546330616,0.003182767100650727,9221.7961,0.02627376806392208,0.007304851297066433,0.018843025669966484,0.039053779647412024,0.01145450094680156,0.000769523426449032,0.0007696950634206478,0.00039265441493884965,0.5573206710194414,0.05858221344657835,0.11464134203888278,1.2194968702472124,2.9783371493307085,-1.758840279083496,1.9552873933526116,0.011707944585770964,0.019761006993191586,0.005342783555826494,0.01288520677240932,0.015127281822915992,0.7071067811865475,0.7071067811865476,-0.433883739117558,-0.9009688679024191,0
2026-02-27T04:00:00+00:00,2026-02-27T05:00:00+00:00,-0.0013444868704745793,0.008213228035538055,0.010257678421286913,0.011592840637606266,-0.0013444868704745793,0.008875768613167216,0.0013707750753927182,21685.0635,1.3515010812264654,0.005380775370317575,0.01677648524366326,0.03726812694221711,0.011334720289582064,0.0005667183952316361,0.0006852237097599637,0.0003746943829149745,0.5475468972757114,-0.00977377374372999,0.0950937945514228,2.17364438165464,2.8173985957954946,-0.6437542141408548,1.1150860649426413,0.011714359361686381,-0.000797324105354542,-0.0033374319339539386,0.011458281752909185,0.010253891195722287,0.8660254037844386,0.5000000000000001,-0.433883739117558,-0.9009688679024191,0
2026-02-27T05:00:00+00:00,2026-02-27T06:00:00+00:00,-0.0005042494027338151,-0.0018480583165069741,0.007704837117472803,0.0052507579802213945,-0.0005042494027338151,0.003325806593815536,0.0014204475879329862,7895.433,-0.6359045478469546,0.004407594190681303,0.015616021336261303,0.036366166074142635,0.011159241736529664,0.00046417263950636805,0.0006377951493437372,0.00036562273740026,0.543700922654507,-0.003845974621204391,0.08740184530901401,2.814259732396522,2.8167708231157,-0.0025110907191780996,0.6412431234216767,0.011258161349033912,-0.039428100122934,-0.010617779328526054,0.0008677151149109646,0.007721846155222059,0.9659258262890683,0.25881904510252074,-0.433883739117558,-0.9009688679024191,0
2026-02-27T06:00:00+00:00,2026-02-27T07:00:00+00:00,-0.0027919142245579802,-0.003294755806211578,-0.004634812920763286,0.007574008674253809,-0.0027870297805641787,0.0006630941446331795,0.004116095505204115,13142.5053,0.6645705561683571,0.0014504505358368495,0.012273160842885279,0.033128624853747804,0.010807035236998117,0.0001527023182101592,0.0005011964125334351,0.00033306189684805643,0.5218556342444667,-0.02184528841004038,0.04371126848893326,2.829394155543241,2.8192954896012083,0.010098665942032792,0.012609756661210891,0.01102427599218232,-0.023508651333401874,-0.006596956226853201,-0.0013734175042060689,-0.004640650497766375,1.0,6.123233995736766e-17,-0.433883739117558,-0.9009688679024191,0
2026-02-27T07:00:00+00:00,2026-02-27T08:00:00+00:00,-0.0015816023301619556,-0.004369100856676763,-0.004871147142913115,0.0094800486055424,-0.001586506346025393,0.002710693711288977,0.005180327546256425,20364.8805,0.5495432594575402,-0.0001207382380573012,0.010249342165023309,0.0311714783499145,0.010371332619507396,-1.2709126692633337e-05,0.0004185155785465382,0.0003133793653066336,0.5094040165716439,-0.012451617672822692,0.018808033143287873,2.5521417046691113,2.765864732614789,-0.21372302794567766,-0.22382169388771045,0.010930190274188768,-0.010102516707609635,-0.005022149342862033,0.002544968508480803,-0.004877765957453751,0.9659258262890683,-0.25881904510252085,-0.433883739117558,-0.9009688679024191,1
2026-02-27T08:00:00+00:00,2026-02-27T09:00:00+00:00,0.0003394516625752351,-0.001242687545127227,-0.004031132292651286,0.008778487051116926,0.0003394516625752351,0.006171989495323035,0.0022671610815490103,12966.0015,-0.3633156109116378,0.00019784237282739785,0.010172664175218964,0.031198079164678743,0.009972848750330953,2.082594664019136e-05,0.00041538325426811944,0.000313646877837275,0.5120905517460753,0.0026865351744313416,0.024181103492150555,2.3608796225919377,2.684867710610219,-0.32398808801828105,-0.1102650600726034,0.010773053104041058,-0.014041863454378318,-0.003943314245406384,0.005548522372116957,-0.0040340648921447005,0.8660254037844387,-0.4999999999999998,-0.433883739117558,-0.9009688679024191,0
2026-02-27T09:00:00+00:00,2026-02-27T10:00:00+00:00,-0.011493178845075743,-0.011157628561167745,-0.012721583959998275,0.016925288928910792,-0.01149804021855134,0.004497490062238478,0.0007960159402191577,15280.4844,0.17850398212586965,-0.010232657382929623,-0.0013811389331907411,0.01915014794850076,0.008943029405611973,-0.0010759628866687933,-5.636983994332856e-05,0.00019250084792183918,0.4268349668836541,-0.08525558486242119,-0.14633006623269182,0.3198522976301774,2.2118646280142107,-1.8920123303840333,-1.5680242423657522,0.011328807865527146,0.03950140619157041,-0.017556807906428898,-0.008909904934716549,-0.012735329512662465,0.7071067811865476,-0.7071067811865475,-0.433883739117558,-0.9009688679024191,0
2026-02-27T10:00:00+00:00,2026-02-27T11:00:00+00:00,-0.01453226600862684,-0.02585842292144122,-0.025527748943518242,0.017821082390953126,-0.014527363184079625,0.001862883683360286,0.0012166801292406374,32169.5442,1.105269921940433,-0.022324154606946013,-0.015279589147687754,0.0042962214159614955,0.0072054203777798575,-0.002344401875475506,-0.0006232679946449071,4.31799691122103e-05,0.34869410336247325,-0.07814086352118083,-0.30261179327505344,-3.6130306754610046,1.0468855673191675,-4.659916242780172,-2.7679039123961386,0.01194766985457704,0.03930115841180003,-0.030174840753416327,-0.01374719305321131,-0.025685993191127347,0.49999999999999994,-0.8660254037844387,-0.433883739117558,-0.9009688679024191,0
2026-02-27T11:00:00+00:00,2026-02-27T12:00:00+00:00,-0.0094507269789984,-0.023845652509191528,-0.0350647690053016,0.015672143847345676,-0.0094507269789984,0.0016920818722987526,0.00443916659871159,32125.2552,-0.0013767369448772194,-0.02864392227310275,-0.023644556434782277,-0.005143681252320635,0.005146790093720992,-0.0030060859138778514,-0.0009641534471097874,-5.1692616703265995e-05,0.3095786643413217,-0.03911543902115156,-0.38084267131735655,-8.146508438703904,-0.791793233885447,-7.354715204818457,-2.694798962038285,0.012319552931557351,0.021381101824049883,-0.025629565623308516,-0.008244077254737525,-0.035476171832700985,0.258819045102521,-0.9659258262890682,-0.433883739117558,-0.9009688679024191,0
2026-02-27T12:00:00+00:00,2026-02-27T13:00:00+00:00,-0.0011008725434232317,-0.010541195476575062,-0.02492027402848738,0.01004122617249687,-0.0011008725434232317,0.0035307563574023797,0.0054083840156741786,21054.2631,-0.34461958453173624,-0.026959718619491868,-0.023773056446617053,-0.006177196209496461,0.003274954011517092,-0.002829834429424748,-0.0009693882092245645,-6.207851998293403e-05,0.30532272600292615,-0.004255938338395566,-0.3893545479941477,-11.777848470433128,-2.9890042811949833,-8.788844189238144,-1.4341289844196874,0.012169422709941173,-0.013273793769575755,-0.012196842932887033,0.00335317937717902,-0.025083865531048473,1.2246467991473532e-16,-1.0,-0.433883739117558,-0.9009688679024191,1
2026-02-27T13:00:00+00:00,2026-02-27T14:00:00+00:00,0.0017500714314869158,0.0006472722824757308,-0.00880957189014542,0.014714645885858406,0.0017551826359372762,0.0022206942216110867,0.010741844296737793,29787.9554,0.41481823697738435,-0.022906515985857565,-0.021217670724171613,-0.004393970783721742,0.0017284377486049298,-0.0024054122496535526,-0.0008652780220414109,-4.4158560324650495e-05,0.32127932876810716,0.01595660276518103,-0.35744134246378567,-14.215076717851389,-5.234218768526265,-8.980857949325124,-0.19201376008697935,0.012331482795429201,0.015090367523035062,-0.0028694768918233068,0.007197381651037271,-0.008801528090934716,-0.25881904510252035,-0.9659258262890684,-0.433883739117558,-0.9009688679024191,0
2026-02-27T14:00:00+00:00,2026-02-27T15:00:00+00:00,-0.010390404156161593,-0.008658516674149979,-0.009749857294299866,0.012491314753338985,-0.010390404156161593,0.0004889472194343886,0.0015028693481561918,27171.0123,-0.087852390835794,-0.030004913862098682,-0.030193893121060987,-0.014594206176824607,-0.00019482496526321389,-0.0031484678269634676,-0.0012308868512257488,-0.00014665392843369563,0.2800742081575416,-0.04120512061056559,-0.43985158368491684,-17.589941279585446,-7.7053632707381015,-9.884578008847345,-0.9037200595222217,0.012463125575001082,0.00017401539086777854,-0.012583155038089957,0.002130161644711788,-0.009741205268097908,-0.5000000000000001,-0.8660254037844386,-0.433883739117558,-0.9009688679024191,1
2026-02-27T15:00:00+00:00,2026-02-27T16:00:00+00:00,0.0029028024395892187,-0.007517763007105199,-0.005780848197885707,0.00955562740237819,0.0029079642191729357,0.005465490431542855,0.0011906044883737287,27110.3189,-0.002233755567509721,-0.024663626402718433,-0.026333335073680988,-0.011618370415888025,-0.0017119311000411677,-0.0025894485485398445,-0.0010736759838464846,-0.00011675390880127437,0.30655400624928175,0.02647979809174018,-0.38689198750143644,-19.5836962350229,-10.081029863595061,-9.502666371427837,0.38191163741950795,0.012221950519068686,-0.01650445924750194,-0.007997760016290809,0.004412302902532407,-0.005737530285085458,-0.7071067811865475,-0.7071067811865477,-0.433883739117558,-0.9009688679024191,0
2026-02-27T16:00:00+00:00,2026-02-27T17:00:00+00:00,-0.0110028276856598,-0.008131964281118894,-0.018437874041816193,0.012583348467944892,-0.0110028276856598,0.00014010326129257288,0.0013180084580858733,24245.9106,-0.10565749191537542,-0.03213244122018762,-0.0356454064403266,-0.02227453397992807,-0.0036295929006730674,-0.003370960424472966,-0.0014528008474955648,-0.000223814558943971,0.2664351280641762,-0.04011887818510559,-0.46712974387164763,-22.632892325635794,-12.591402356003208,-10.041489969632586,-0.5388235982047487,0.01237402445896704,0.0013029574103867153,-0.016378799942834935,-0.006941080685553999,-0.018490429402232174,-0.8660254037844384,-0.5000000000000004,-0.433883739117558,-0.9009688679024191,1
2026-02-27T17:00:00+00:00,2026-02-27T18:00:00+00:00,0.002698285032301491,-0.008334231418615516,-0.005455621606320357,0.014231376303464693,0.0027034880704047493,0.0013610370792041344,0.010174140295495165,22942.9984,-0.05373740015357472,-0.02678465365422972,-0.031788679348615276,-0.019444764648507074,-0.005141745568619193,-0.002811510349817288,-0.001295815799007591,-0.00019538658695790733,0.29068147595546223,0.024246347891286036,-0.41863704808907554,-24.349124108017804,-14.942946706406127,-9.406177401611677,0.6353125680209093,0.012475772137895693,0.010943155042546603,-0.008471619305645347,0.004021593985274944,-0.00540174021376909,-0.9659258262890683,-0.25881904510252063,-0.433883739117558,-0.9009688679024191,0
2026-02-27T18:00:00+00:00,2026-02-27T19:00:00+00:00,-0.007415840815587201,-0.00473756583556034,-0.015688266900682,0.008993649701254419,-0.007415840815587201,0.0003701734079936791,0.001152229903754933,9761.7661,-0.5745209091763699,-0.030863535550432385,-0.03749789672837011,-0.026457604651707507,-0.006845641889768114,-0.003238272737334863,-0.0015281874658202074,-0.00026583488741062253,0.2647149524091897,-0.025966523546272526,-0.47057009518162063,-26.55940115566159,-17.26623759625722,-9.29316355940437,0.11301384220730704,0.012313600847995612,-0.02031834108972847,-0.008764948474919656,0.005525614947469941,-0.015720383468945512,-1.0,-1.8369701987210297e-16,-0.433883739117558,-0.9009688679024191,1
2026-02-27T19:00:00+00:00,2026-02-27T20:00:00+00:00,0.0016058226712964033,-0.005821926669599193,-0.0031393508548894387,0.0057987611264380306,0.0016058226712964033,0.0012284628598199612,0.0029670501275311256,7072.2831,-0.2755119281130902,-0.02659032335419586,-0.03459116520779199,-0.02465267060967219,-0.008219398312502508,-0.002791168975641886,-0.0014098936874417838,-0.0002477041612118264,0.27961038449842135,0.014895432089231662,-0.4407792310031573,-27.742730453323702,-19.361536167670515,-8.381194285653187,0.9119692737511826,0.011829923521499705,-0.03773717963101097,-0.006187081621884492,0.002761234151612093,-0.0031117331119893074,-0.9659258262890684,0.2588190451025203,-0.433883739117558,-0.9009688679024191,1
2026-02-27T20:00:00+00:00,2026-02-27T21:00:00+00:00,0.0010618916245901781,0.002669419505531808,-0.004766217300178441,0.0033018916979522597,0.0010566807730948255,0.0018927379181962168,0.0003535884023003194,6910.1811,-0.022920745353081223,-0.023179116648618273,-0.03229219837579616,-0.023387458774592883,-0.009329327292749668,-0.0024339683591685893,-0.0013163139471301822,-0.00023499460148786655,0.2898715901882946,0.010261205689873236,-0.4202568196234108,-28.190948786781746,-21.12741869149276,-7.063530095288986,1.3176641903642015,0.011209125960779545,-0.05147072021529373,-0.00016636685972151036,0.005658048862115213,-0.004748126519700619,-0.8660254037844386,0.5000000000000001,-0.433883739117558,-0.9009688679024191,0
2026-02-27T21:00:00+00:00,2026-02-27T22:00:00+00:00,-0.0009775679357717634,8.328561761495073e-05,0.0016892420308443129,0.008603728802973153,-0.0009879573202438126,0.00545475365124971,0.0021600408065540794,9233.3802,0.33619945213881586,-0.02188585097180214,-0.031976419673875184,-0.024105791972687893,-0.010316350818663134,-0.002298478611730909,-0.0013034587644651045,-0.00024221058587624162,0.28583092808781513,-0.004040662100479438,-0.4283381438243697,-28.370824133088945,-22.576099779811997,-5.794724353276948,1.268805742012038,0.011033211110817778,-0.01665612145189231,-0.0028648833805623797,0.0004321948730231913,0.001690146360114818,-0.7071067811865477,0.7071067811865474,-0.433883739117558,-0.9009688679024191,1
2026-02-27T22:00:00+00:00,2026-02-27T23:00:00+00:00,7.28688464862122e-05,-0.0009047703235333928,0.00015616053302804742,0.021192880191527024,7.28688464862122e-05,0.0032892682419069096,0.017830748412615796,25905.3838,1.8056229938414103,-0.019778088704448017,-0.030693073407608018,-0.023801220732521243,-0.011135218033163271,-0.002077578754479161,-0.0012512110161649074,-0.00023915104166623654,0.2866284039819773,0.0007974758941621474,-0.4267431920360454,-28.17726978466203,-23.696333780782005,-4.480936003880025,1.3137883493969227,0.011758155263424247,0.06578329269034763,-0.006330030408969616,0.00223774326981769,0.00015719253530462691,-0.5000000000000004,0.8660254037844384,-0.433883739117558,-0.9009688679024191,1
2026-02-27T23:00:00+00:00,2026-02-28T00:00:00+00:00,0.0043926303736857636,0.004465819306080347,0.0034838857285480087,0.007042034572814285,0.004397857800862822,0.0019224391659412368,0.0007409940720474567,7403.0055,-0.714229074652814,-0.014019438764458393,-0.025424946708591415,-0.019322731436851565,-0.011567680330168651,-0.0014735558251369905,-0.0010366771121739023,-0.0001941606002384125,0.33484934104806496,0.04822093706608768,-0.33030131790387,-27.031239799032164,-24.363314984432037,-2.667924814600127,1.813011189279898,0.01137353924976991,-0.02846162958321324,0.0010997447762122563,0.022702702702702658,0.0034879312844002123,-0.2588190451025207,0.9659258262890683,-0.433883739117558,-0.9009688679024191,1
2026-02-28T00:00:00+00:00,2026-02-28T01:00:00+00:00,0.001326534842266806,0.005724992193192464,0.005798278213255936,0.006582488097702353,0.001326534842266806,0.0024684330366383676,0.002789277582281035,7134.0355,-0.03633254088491495,-0.011514822098915233,-0.023207743396711205,-0.017845707312995843,-0.011829131644264324,-0.0012106191615411167,-0.0009463583899606585,-0.00017932168030933805,0.3492186904777611,0.014369349429696143,-0.30156261904447773,-25.62108821713946,-24.614869630973523,-1.0062185861659358,1.6617062284341912,0.011017330145159519,-0.030034119090149657,-0.0005947609319644507,0.006479301652117781,0.005792034062438782,0.0,1.0,-0.9749279121818236,-0.2225209339563146,0
2026-02-28T01:00:00+00:00,2026-02-28T02:00:00+00:00,-0.0040312564686401315,-0.00271006922853709,0.0016706568127406105,0.008510815178140044,-0.004036410492597421,0.001958838414016337,0.0024992076316759995,6271.2326,-0.12094177271755932,-0.014044232838729617,-0.026108709735162976,-0.021592742632170692,-0.01223632671795103,-0.0014761580349031984,-0.00106452719606508,-0.00021696540456312593,0.3261304614922483,-0.02308822898551284,-0.34773907701550344,-24.84571488982033,-24.661038682742884,-0.1846762070774446,0.8215423790884913,0.010879701566350045,-0.01647290620635831,-0.006483684963116388,8.314063758468886e-05,0.0016879087473124382,0.25881904510252074,0.9659258262890683,-0.9749279121818236,-0.2225209339563146,1
2026-02-28T02:00:00+00:00,2026-02-28T03:00:00+00:00,0.0029876182707145866,-0.001055682053405191,0.00026945238983541736,0.005128577052984865,0.0029876182707145866,0.001129323027829039,0.0010205350297352825,3152.5186,-0.497304788216594,-0.010052191623372213,-0.022309622507547706,-0.01848730205925232,-0.012381896076194075,-0.0010570069880612108,-0.0009097684048108637,-0.0001857675147647494,0.3597769332110428,0.03364647171879454,-0.2804461335779143,-23.496397155996874,-24.428110377393683,0.9317132213968087,1.1163894284742533,0.010438814211226636,-0.03765729791049774,-0.003005918871179417,0.005500572976351675,0.00028289664434126126,0.49999999999999994,0.8660254037844387,-0.9749279121818236,-0.2225209339563146,0
2026-02-28T03:00:00+00:00,2026-02-28T04:00:00+00:00,-0.003040883565759698,-6.235029434529118e-05,-0.004093355412958022,0.005539129847388182,-0.003040883565759698,0.0004728525479478105,0.0020161185560850455,4541.7686,0.44067939837056014,-0.011833180346149275,-0.024315296104142656,-0.021262859310317246,-0.01263158761226753,-0.0012440483471261293,-0.0009914770630928098,-0.0002136514218109712,0.3410553116581528,-0.018721621552890044,-0.31788937668369444,-22.639736285838808,-24.070435559082707,1.4306992732438992,0.49898605184709055,0.010118402508500766,-0.03364180830501106,-0.004165502395810671,0.0009622186160695237,-0.0040845217636852425,0.7071067811865475,0.7071067811865476,-0.9749279121818236,-0.2225209339563146,1
2026-02-28T04:00:00+00:00,2026-02-28T05:00:00+00:00,0.00032735945627147025,-0.0027145195714789,0.0002649887509677238,0.008773479055850998,0.00032735945627147025,0.0033764128989361704,0.00506981382978723,6577.6595,0.4482594952107422,-0.0104249606428653,-0.023076596377356616,-0.020738399284493877,-0.012784918001478993,-0.0010961613898439332,-0.0009410155486267812,-0.0002083826910658016,0.34499481989352504,0.003939508235372245,-0.3100103602129499,-21.66030413644603,-23.58840927455537,1.9281051381093413,0.497405864865442,0.010019261796170043,-0.009473907779054267,-0.003184433041470168,0.0023482122867214015,0.000274094161226359,0.8660254037844386,0.5000000000000001,-0.9749279121818236,-0.2225209339563146,0
2026-02-28T05:00:00+00:00,2026-02-28T06:00:00+00:00,-0.0026907413563828936,-0.0023642627397388164,-0.005397956857788105,0.007104388678812932,-0.0026907413563828936,0.0016042167984416985,0.0028021709011740517,5792.2643,-0.11940344434065034,-0.011855985972380051,-0.024722116874809724,-0.023146151548115317,-0.013020501788993328,-0.0012464429644293673,-0.0010080488071177525,-0.00023257053703737765,0.32764972225324923,-0.01734509764027578,-0.3447005554935015,-21.0593210662787,-23.082591632900037,2.0232705666213384,0.09516542851199716,0.009836157696057371,-0.020916776173417004,-0.006046737971236494,0.0027210102729889,-0.005404265465871121,0.9659258262890683,0.25881904510252074,-0.9749279121818236,-0.2225209339563146,0
2026-02-28T06:00:00+00:00,2026-02-28T07:00:00+00:00,-0.04036063626988344,-0.04294277759308503,-0.04262947586113722,0.04607452033976504,-0.040365634521732335,0.00016282667100868655,0.0038481369915059544,78375.9636,12.531144219368583,-0.04704246720977931,-0.06172694554681654,-0.061988576420649706,-0.015409373274002752,-0.004927438771886785,-0.002513135403046509,-0.0006226128797444867,0.18102572504929143,-0.14662399720395783,-0.6379485499014171,-26.53001158319853,-23.772075622959736,-2.757935960238793,-4.781206526860132,0.012808753247445721,0.24965298405919134,-0.04447152784980811,-0.037664006351328716,-0.04272401816999486,1.0,6.123233995736766e-17,-0.9749279121818236,-0.2225209339563146,1
2026-02-28T07:00:00+00:00,2026-02-28T08:00:00+00:00,0.013178105240305013,-0.027714407741908618,-0.030330576795212703,0.026490172654856377,0.013172606189550917,0.009787167935373611,0.003701660122245896,44514.7202,-0.4320360713242956,-0.031302879706311126,-0.04751849378197488,-0.049157832919959184,-0.016739612140838734,-0.0032842183383932225,-0.0019357758623957154,-0.0004938046085980972,0.2884684721788446,0.10744274712955316,-0.42306305564231084,-28.576962710891166,-24.73305304054602,-3.8439096703451447,-1.0859737101063516,0.013631297833638534,0.07824174954781767,-0.0278713709152454,0.01709201464562817,-0.029873272385961318,0.9659258262890683,-0.25881904510252085,-0.9749279121818236,-0.2225209339563146,0
2026-02-28T08:00:00+00:00,2026-02-28T09:00:00+00:00,-0.007633669571925238,0.005443838367391231,-0.03513651468275052,0.010947486612541012,-0.007633669571925238,0.0010958282950423069,0.002159267576438072,20274.7632,-0.5445380065536164,-0.035141622273487695,-0.052754165910307106,-0.05588626421157647,-0.018254019494881413,-0.0036854850893245843,-0.0021486048185809384,-0.00056135569988555,0.2663802984143176,-0.022088173764527,-0.4672394031713648,-30.991788093432433,-25.984800051123305,-5.006988042309128,-1.1630783719639837,0.01353696449642968,-0.01450119083259138,-0.017251989389920414,0.009223393533273441,-0.034816200601503665,0.8660254037844387,-0.4999999999999998,-0.9749279121818236,-0.2225209339563146,1
2026-02-28T09:00:00+00:00,2026-02-28T10:00:00+00:00,0.001349542235273795,-0.00629442929614888,0.006800727292463824,0.009951589774552846,0.001354947718451576,0.00459843232811134,0.004000043127149658,15840.9953,-0.21868407814499163,-0.030715685948439923,-0.04955719724211263,-0.054098135609029735,-0.01943858063163751,-0.0032228100134940566,-0.0020186595156868417,-0.000543404406469884,0.27684205106766596,0.010461752653348384,-0.446315897864668,-32.33113233225026,-27.254066507348696,-5.077065824901567,-0.07007778259243835,0.013263925366715494,-0.01884757120354234,-0.007373873584622944,0.003516402665974206,0.006893977903653569,0.7071067811865476,-0.7071067811865475,-0.9749279121818236,-0.2225209339563146,1
2026-02-28T10:00:00+00:00,2026-02-28T11:00:00+00:00,0.005450193533083861,0.006807091034720969,-0.0008785416209093442,0.010348026100617105,0.005444773287187483,0.001801521642387299,0.003131216187958714,14486.7513,-0.08548983030125643,-0.023066589456671747,-0.042711150887314336,-0.048479403601293616,-0.02010839348786028,-0.0024221808426929535,-0.0017402784323512484,-0.0004869929093014806,0.3191278795349986,0.04228582846733261,-0.36174424093000285,-32.20553443010181,-28.244360091899317,-3.9611743382024898,1.115891486699077,0.012988883401174389,-0.015398913336665062,0.0008478623672531552,0.01086149426844799,-0.0008339338035675825,0.49999999999999994,-0.8660254037844387,-0.9749279121818236,-0.2225209339563146,0
2026-02-28T11:00:00+00:00,2026-02-28T12:00:00+00:00,-0.0009543775367408398,0.004490614454064156,0.005846216963206041,0.010368645045644545,-0.0009543775367408398,0.008538568461501351,0.0008747873408074243,15745.2742,0.0868740598867049,-0.021763080222925498,-0.041985819024348316,-0.04892013567704035,-0.0206726391046775,-0.002285614548436731,-0.0017107751318070693,-0.0004914180446193624,0.3156284970256428,-0.0034993825093557972,-0.36874300594871445,-31.882111179927506,-28.971910309504956,-2.9102008704225497,1.05097346777994,0.012813245363475763,-0.014463653683217297,-0.002750943295244775,0.007657572398128791,0.005845358231616816,0.258819045102521,-0.9659258262890682,-0.9749279121818236,-0.2225209339563146,1
2026-02-28T12:00:00+00:00,2026-02-28T13:00:00+00:00,0.00280146620798473,0.0018444150148250512,0.007304660966695034,0.006277662119420089,0.0027960844084752145,0.0030344709477504095,0.0004549030521318411,8483.7575,-0.4611870589081262,-0.017242145175543358,-0.037819009457109615,-0.04581654901659789,-0.02093787821745954,-0.0018116745284540354,-0.0015412539086108062,-0.00046025589627903966,0.3385355062809418,0.022907009255299045,-0.3229289874381163,-30.84897773685725,-29.347323794975416,-1.501653941881834,1.4085469285407157,0.012313179223271553,-0.03633514940910049,-0.006629452418926118,0.003679472304585057,0.007297282204327751,1.2246467991473532e-16,-1.0,-0.9749279121818236,-0.2225209339563146,1
2026-02-28T13:00:00+00:00,2026-02-28T14:00:00+00:00,0.019828421272337055,0.02268543613247392,0.02170940812507708,0.023588618688273413,0.019828421272337055,0.002424458694990564,0.001721260718521381,30939.71,2.6469347456006376,0.0020302060399520466,-0.01801880106519216,-0.026636098304160458,-0.02000838595912031,0.000213751578915618,-0.0007349207622114316,-0.00026762783661105847,0.4732917724480559,0.13475626616711409,-0.05341645510388816,-26.732431845712654,-28.824345405122862,2.0919135594102087,3.5935675012920427,0.0128962641319094,0.0681219246041164,0.01674314374132957,0.023146681557286775,0.021675509943580945,-0.25881904510252035,-0.9659258262890684,-0.9749279121818236,-0.2225209339563146,0
2026-02-28T14:00:00+00:00,2026-02-28T15:00:00+00:00,-0.009356731283913521,0.01028616077879404,0.01311644331861046,0.017348695537014965,-0.009356731283913521,0.005493312144086939,0.002410276784531826,32925.6259,0.06418663587990966,-0.006650600459304026,-0.026167916192323545,-0.03540053550916741,-0.01964798664200524,-0.0006995734606026596,-0.0010669386380188686,-0.00035565773904272226,0.42809283688282745,-0.04519893556522845,-0.14381432623434506,-24.624910912813448,-27.984458506660978,3.3595475938475303,1.2676340344373216,0.013327401065451723,0.023761611884307695,-0.011752696052769367,0.012062726176115802,0.013273156196408262,-0.5000000000000001,-0.8660254037844386,-0.9749279121818236,-0.2225209339563146,1
2026-02-28T15:00:00+00:00,2026-02-28T16:00:00+00:00,0.005895907826777968,-0.0035159898823454373,0.016242714861415198,0.015840916750926942,0.0058905793109294185,0.002648929895517343,0.0073359032692956174,19462.8901,-0.40888321579332526,-0.0007183483731403278,-0.019640993975294334,-0.02942639085792075,-0.018936248425403777,-7.560990093584408e-05,-0.000801031058330732,-0.00029565518384842496,0.46259374107271845,0.03450090418989099,-0.07481251785456308,-21.805230285467132,-26.74861286242221,4.943382576955077,1.583834983107547,0.01343440109421586,0.013971817791714781,-0.008909418304235464,0.008326253186066303,0.0163675978152015,-0.7071067811865475,-0.7071067811865477,-0.9749279121818236,-0.2225209339563146,1
2026-02-28T16:00:00+00:00,2026-02-28T17:00:00+00:00,0.002685793731041408,0.008597536750099334,-0.0008396393748884377,0.009705984306557851,0.0026910741651614526,0.0032668410382462143,0.0037552915471800456,9989.0348,-0.48676508223205767,0.0017779911944843655,-0.01635187974907845,-0.026559856165672736,-0.018097693404049934,0.00018719200212796917,-0.0006669785059899131,-0.0002668619934624301,0.47812932320295,0.015535582130231517,-0.04374135359410005,-18.9407485371421,-25.18703999736619,6.246291460224089,1.302908883269012,0.013134670612806555,-0.01968479752565924,3.676644379195253e-05,0.016090040185075535,-0.0007750297260941449,-0.8660254037844384,-0.5000000000000004,-0.9749279121818236,-0.2225209339563146,1
2026-02-28T17:00:00+00:00,2026-02-28T18:00:00+00:00,0.0015388817109423753,0.004228808560835846,0.010149649053105593,0.013424860114006381,0.0015441419770269775,0.002469964497537801,0.009413134337750624,15394.3456,0.5411244337641111,0.0030025065310503936,-0.014264573348717538,-0.024818664390697413,-0.0172153905571854,0.0003161532403388258,-0.0005818886920322025,-0.00024937161125998807,0.48729935418953807,0.009170030986588102,-0.025401291620923843,-16.24691527521054,-23.39901505293506,7.152099777724519,0.9058083175004299,0.013136658333333148,0.0016904484652253266,-0.0017223327400272032,0.00802972955828561,0.010120583268761751,-0.9659258262890683,-0.25881904510252063,-0.9749279121818236,-0.2225209339563146,1
2026-02-28T18:00:00+00:00,2026-02-28T19:00:00+00:00,0.015296998809592401,0.016859420792235166,0.019590495449949348,0.023619891740010755,0.015302323142272712,0.005640262799057928,0.002907937688525324,23930.6935,0.5545119046827168,0.016569300802803902,0.0007822651136352724,-0.009803761969113155,-0.015529719101984795,0.001747184255188029,3.1930207817266794e-05,-9.852056378847459e-05,0.5685759887940987,0.08127663460456055,0.13715197758819728,-11.624260551187717,-21.04406415258559,9.419803601397874,2.2677038236733544,0.013701674327633013,0.058965565711150615,0.012795430054090267,0.026542666567692785,0.019521674251576183,-1.0,-1.8369701987210297e-16,-0.9749279121818236,-0.2225209339563146,1
2026-02-28T19:00:00+00:00,2026-02-28T20:00:00+00:00,0.005650592950704545,0.021034028873937363,0.022605279467221275,0.017801563414859556,0.005650592950704545,0.004119115366046564,0.008063604893632228,23857.5031,-0.0030584320508722194,0.02014561159091392,0.006183275118665501,-0.00416686429998611,-0.013686611316667036,0.00212509715503075,0.0002524422872970626,-4.187627946949478e-05,0.5945368342189128,0.02596084542481414,0.18907366843782555,-6.997345761127917,-18.234720474294058,11.23737471316614,1.8175711117682667,0.013923035100496741,0.02189762868979509,1.0272213662034828e-05,0.02406286324404214,0.022486473471239322,-0.9659258262890684,0.2588190451025203,-0.9749279121818236,-0.2225209339563146,1
2026-02-28T20:00:00+00:00,2026-02-28T21:00:00+00:00,0.009727686413082585,0.015433246560059559,0.030966327723909337,0.01713157948279724,0.009722500423722318,0.003296099615455054,0.004206596268489685,23243.334,-0.02574322624734366,0.027127841288396834,0.015335187729548734,0.005465059737308681,-0.011481193562094245,0.0028637398282050338,0.0006263180585532268,5.492824043641089e-05,0.6354377939346595,0.04090095971574669,0.2708755878693189,-1.7816450479911055,-14.944105389033467,13.162460341042362,1.9250856278762214,0.014027663744713566,0.01731557498012527,0.0055855634667321755,0.02373488580385128,0.030675278173379533,-0.8660254037844386,0.5000000000000001,-0.9749279121818236,-0.2225209339563146,0
2026-02-28T21:00:00+00:00,2026-02-28T22:00:00+00:00,-0.004206596268489685,0.005480169695226589,0.011161728854179646,0.011426732526600172,-0.004206596268489685,0.0009194509856003527,0.006282915068269212,17733.4068,-0.23705408182836415,0.020590297266557603,0.010625586639737858,0.0012231658568937025,-0.009763673683267601,0.002172107537521106,0.00043388558892462934,1.2293275312624954e-05,0.6066612543282247,-0.028776539606434712,0.21332250865644953,1.6653187021643134,-11.62222057079391,13.287539272958224,0.12507893191586206,0.013896908222089808,-0.01348864702902878,-0.00747804749447385,0.009763972848624927,0.011171683095297445,-0.7071067811865477,0.7071067811865474,-0.9749279121818236,-0.2225209339563146,1
2026-02-28T22:00:00+00:00,2026-02-28T23:00:00+00:00,0.003979179543237164,-0.00024415552707075333,0.009481155817608467,0.014876773103771094,0.003974051182510074,0.009926328428678995,0.0009921240612980266,25696.4941,0.4490444159889232,0.022251415200128185,0.014064574680728735,0.005155132432833569,-0.008008637012057054,0.0023477532666159127,0.0005743940117634162,5.181306066356392e-05,0.6239372267730634,0.017275972444838673,0.24787445354612686,4.968377837446496,-8.304100889145829,13.272478726592325,-0.015060546365898375,0.0139157536706751,0.005340664969089779,-0.001158677887547248,0.010326978138059679,0.009500269687830062,-0.5000000000000004,0.8660254037844384,-0.9749279121818236,-0.2225209339563146,0
2026-02-28T23:00:00+00:00,2026-03-01T00:00:00+00:00,-0.0004935181227995335,0.0034836976232191694,-0.0007375531546928958,0.0066836004907076625,-0.0004935181227995335,0.0022855572127400774,0.003904281474769827,7316.2412,-0.7152825139675377,0.01963511381366134,0.01302526086377335,0.0046124974213615135,-0.006482567008864255,0.002071134819111421,0.0005319260955072146,4.635890705225131e-05,0.6202839274017219,-0.003653299371341561,0.24056785480344373,7.422246073494534,-5.158831496617756,12.58107757011229,-0.6914011564800351,0.013405551577758053,-0.037139057488197354,-0.010317432329633912,0.004479100089479735,-0.0007209348480520551,-0.2588190451025207,0.9659258262890683,-0.9749279121818236,-0.2225209339563146,0
2026-03-01T00:00:00+00:00,2026-03-01T01:00:00+00:00,-0.0009417106555832798,-0.0014347640271078497,0.0025387063324632743,0.007459264467610219,-0.0009417106555832798,0.002430375103176292,0.004086291053977755,8007.1719,0.0944379335115414,0.016866351590426584,0.011592412828660845,0.0036298286831486226,-0.00518646206899958,0.001778563101159644,0.00047338369338201713,3.648202117219439e-05,0.6129129037274598,-0.007371023674262105,0.22582580745491954,9.112630063862753,-2.304539184521654,11.417169248384408,-1.1639083217278827,0.012992550259424853,-0.03172092836979831,-0.0037107164068488074,0.00297418286625384,0.0025439507648543505,0.0,1.0,-0.7818314824680299,0.6234898018587334,1
2026-03-01T01:00:00+00:00,2026-03-01T02:00:00+00:00,0.02532277623225613,0.024357218848465985,0.023851679996743737,0.03966487109662296,0.025317552110135595,0.005486095927170184,0.00948637420739835,40313.9255,4.034727117573184,0.03840168156609088,0.03569748624826234,0.028747214082232114,-0.0026041900411314257,0.004058688635224941,0.0014591663190968592,0.00028900022144183517,0.711946029629896,0.09903312590243615,0.42389205925979184,14.297829713708325,1.015934595124342,13.281895118583982,1.8647258701995746,0.014599754339542925,0.15215722493512518,0.02187601559960997,0.0295297343756394,0.023887547453873316,0.25881904510252074,0.9659258262890683,-0.7818314824680299,0.6234898018587334,1
2026-03-01T02:00:00+00:00,2026-03-01T03:00:00+00:00,0.010281460573654842,0.035864591931358394,0.03488910720739521,0.022719559282851028,0.010276440217256303,0.01069821204594094,0.0018494380364476972,62449.7848,0.5490871708834211,0.044197293149760744,0.044447696934693734,0.038917724095130835,0.00023980505080382214,0.0046740921442599385,0.001817488985072878,0.0003912859502893448,0.741585929712156,0.029639900082260057,0.48317185942431196,19.847854171978042,4.782318510495083,15.06553566148296,1.7836405428989774,0.015041774018466065,0.04086857022215512,0.004769200355836643,0.046033608084051096,0.034662526150327694,0.49999999999999994,0.8660254037844387,-0.7818314824680299,0.6234898018587334,0
2026-03-01T03:00:00+00:00,2026-03-01T04:00:00+00:00,-0.004800668945672753,0.005431433739489984,0.030891748952951544,0.010996940626405508,-0.004795773816550585,0.0030692584849428585,0.003108798046745629,18009.6845,-0.7116133457036349,0.03532078353385131,0.03782873267186786,0.0335812723570272,0.002422388478917793,0.0037318521553696767,0.001546417620025072,0.00033761416955181375,0.7047467491594298,-0.036839180552726135,0.40949349831885967,23.191402061824874,8.464135220761042,14.727266841063832,-0.33826882041912754,0.014820233477128538,-0.019458314930105844,-0.015334825773798041,0.00730853674929432,0.030803567860238218,0.7071067811865475,0.7071067811865476,-0.7818314824680299,0.6234898018587334,0
2026-03-01T04:00:00+00:00,2026-03-01T05:00:00+00:00,-0.0037513159260412093,-0.008533976045842408,0.0016597427895605884,0.01568685816341712,-0.0037513159260412093,0.0034777000545716083,0.008443716822939913,21842.9912,0.2128469657533424,0.028358067252099835,0.03256137212193179,0.02939973101083084,0.0040873942682860525,0.00299399697047808,0.0013308042830781572,0.00029556201461869615,0.6765982034583626,-0.028148545701067177,0.3531964069167253,24.941231296755404,11.759554435959915,13.18167686079549,-1.5455899802683426,0.014933953908079153,0.0038932215140548244,-0.011548363368885598,-0.0006445215666831703,0.0017294757019408798,0.8660254037844386,0.5000000000000001,-0.7818314824680299,0.6234898018587334,0
2026-03-01T05:00:00+00:00,2026-03-01T06:00:00+00:00,-0.0022126308478444393,-0.00595564649654768,-0.010727724355033053,0.006563115292058653,-0.002217580902014688,0.0035749090113562053,0.0007656967840734888,8628.2986,-0.6049854838562586,0.02354014943166735,0.029054876130627155,0.02684493360002185,0.005387894849090113,0.002484065759035029,0.0011873213716738378,0.00026987113842020735,0.6599184016668426,-0.016679801791520107,0.31983680333368514,25.67216609566958,14.542076767901849,11.130089327767733,-2.0515875330277566,0.014366787994424797,-0.0401068809802093,-0.00938777520563461,0.00628414753737464,-0.0107646157195584,0.9659258262890683,0.25881904510252074,-0.7818314824680299,0.6234898018587334,0
2026-03-01T06:00:00+00:00,2026-03-01T07:00:00+00:00,-0.006379149181599375,-0.008577665327181606,-0.012296803720672708,0.011844416310967255,-0.006379149181599375,0.0007155688772574514,0.0047087434510436205,24589.1007,1.8498203226300025,0.015365860769483788,0.021589364516390836,0.020088544300830586,0.00612932144694193,0.001620079440484452,0.0008819757474406681,0.00020193568738526162,0.6130948658680929,-0.04682353579874963,0.22618973173618584,24.928799729056436,16.619421360132765,8.30937836892367,-2.820710958844062,0.014272266556083161,-0.012916342604516238,-0.01210638192693658,-0.005617753893615945,-0.012343095955485023,1.0,6.123233995736766e-17,-0.7818314824680299,0.6234898018587334,1
2026-03-01T07:00:00+00:00,2026-03-01T08:00:00+00:00,0.0044185127176104635,-0.0019888228157753426,-0.0041970531329067005,0.008285008270062429,0.0044185127176104635,0.0011906897032741973,0.002695243219545287,14865.8116,-0.39543085445170423,0.017927679848929914,0.025053965780312926,0.024345125901886443,0.0070007782207480804,0.0018906921655543934,0.0010236576515953492,0.0002447345125065995,0.6324251605055313,0.019330294637438357,0.26485032101106254,24.76668876115059,18.24887484033633,6.517813920814259,-1.791564448109412,0.013786305100836688,-0.029781288708372926,-0.002697908748080939,0.009170437405731528,-0.00417326731183335,0.9659258262890683,-0.25881904510252085,-0.7818314824680299,0.6234898018587334,0
2026-03-01T08:00:00+00:00,2026-03-01T09:00:00+00:00,-0.010581694266754354,-0.006209936899835409,-0.012549471967542416,0.01467774420946631,-0.01057676499454473,0.001485397784491463,0.0025025176233635584,15134.2925,0.01806029211348263,0.006470319995199525,0.013642413870704282,0.013369636002327785,0.007125986462808924,0.0006815505100097516,0.000557143455196154,0.00013438625826813971,0.5599540578217619,-0.07247110268376936,0.11990811564352384,22.66307830183814,19.131715532636694,3.531362769201447,-2.986451151612812,0.01398689036317957,0.003813949016253197,-0.011758383384006066,-0.0035122930255895636,-0.012542330730743265,0.8660254037844387,-0.4999999999999998,-0.7818314824680299,0.6234898018587334,0
2026-03-01T09:00:00+00:00,2026-03-01T10:00:00+00:00,-0.0026737160120845647,-0.013227117833442914,-0.00886704930419685,0.010748779465741718,-0.002678737770706057,0.005104281841176509,0.0029585649445395936,16432.5029,0.08577939140531346,0.0034181401491013264,0.010499006256071976,0.01055298263407016,0.007056745163006999,0.00035993373189913765,0.0004287145850278779,0.00010607137691929277,0.5431955021310453,-0.01675855569071665,0.08639100426209055,20.333092006914285,19.371990827492212,0.961101179422073,-2.570261589779374,0.013790415583767347,-0.016683224670590496,-0.014670328030325646,-0.00017162789054174754,-0.008836897561228456,0.7071067811865476,-0.7071067811865475,-0.7818314824680299,0.6234898018587334,1
2026-03-01T10:00:00+00:00,2026-03-01T11:00:00+00:00,0.002080083203328078,-0.0005991943605236931,-0.011174548135748622,0.010474554239448593,0.002080083203328078,0.004141454345756031,0.004257334455187169,13791.3785,-0.16072563115141753,0.0049784056396706515,0.01210079455968368,0.012527518880686383,0.007087106429395977,0.0005243174636514997,0.0004941540496456682,0.0001259205663614378,0.5543403685100404,0.011144866378995104,0.10868073702008076,18.604548989444993,19.218502459882767,-0.6139534704377745,-1.5750546498598474,0.013526987367411127,-0.01706191925199109,-0.005665992024527556,0.005053599550341051,-0.011175327075510841,0.49999999999999994,-0.8660254037844387,-0.7818314824680299,0.6234898018587334,0
2026-03-01T11:00:00+00:00,2026-03-01T12:00:00+00:00,-0.0007507015784886257,0.0013278201030953263,-0.0013494461228600522,0.0037916221285521157,-0.0007507015784886257,0.002354637678236529,0.0006857188955891636,5850.3998,-0.5757929636982989,0.00382014743658931,0.010891419539480784,0.011648960227247809,0.007044361602971474,0.0004022825489724163,0.0004447454468870288,0.00011708868531339303,0.5491225673798621,-0.005217801130178259,0.09824513475972424,16.919399343399846,18.758681836586184,-1.8392824931863387,-1.2253290227485643,0.012841040612898955,-0.05142213303499492,-0.004871978846279302,0.005617977528089851,-0.0013443343872451127,0.258819045102521,-0.9659258262890682,-0.7818314824680299,0.6234898018587334,0
2026-03-01T12:00:00+00:00,2026-03-01T13:00:00+00:00,-0.0025815299598652215,-0.0033302935797380607,-0.0012571376641473471,0.00586897179253862,-0.0025815299598652215,0.0023657870791629074,0.0009149732079668109,6988.714,0.1945703266296433,0.0011116012194801,0.007954414241718204,0.008946629649706602,0.006835214988921012,0.00011702434777763271,0.0003247754138732528,8.99239614681774e-05,0.5306392976336965,-0.018483269746165546,0.06127859526739314,14.99787868802673,18.006521206874293,-3.0086425188475623,-1.1693600256612235,0.01237389707413925,-0.038866563841838946,-0.005669823270402302,-0.0018971119497870749,-0.0012521483350257695,1.2246467991473532e-16,-1.0,-0.7818314824680299,0.6234898018587334,1
2026-03-01T13:00:00+00:00,2026-03-01T14:00:00+00:00,0.014346375492872248,0.011727809934856701,0.010968304270937763,0.027808510002093206,0.014341247895824957,0.00888078222647498,0.004789243389249433,30654.946,3.386350049522702,0.013979615240191088,0.02151697703119532,0.023182905786648625,0.007433445088754356,0.0014737070629376355,0.0008790159509069551,0.0002330483268749042,0.6091677465715165,0.07852844893781992,0.21833549314303297,15.585429414580176,17.52230284841547,-1.936873433835295,1.0717690850122672,0.013313860310179853,0.09139957028362158,0.009346076458752479,0.015275325214152988,0.0110141439545184,-0.25881904510252035,-0.9659258262890684,-0.7818314824680299,0.6234898018587334,0
2026-03-01T14:00:00+00:00,2026-03-01T15:00:00+00:00,-0.00322937535508179,0.011070670306339027,0.0084605610794022,0.01731413429328539,-0.00322937535508179,0.010709464526773698,0.0033648317584120888,26685.2477,-0.12949617657131088,0.009675696963974615,0.01749118305841515,0.019676974414598272,0.007740590486570257,0.0010195328057313975,0.0007144358933636497,0.00019779765300453862,0.5850966857290224,-0.024071060842494062,0.17019337145804486,15.351226372255041,17.088087553183385,-1.7368611809283436,0.20001225290695146,0.013639647863164307,0.021161406516165646,-0.012003556609365827,0.016001219140505944,0.008535470177925237,-0.5000000000000001,-0.8660254037844386,-0.7818314824680299,0.6234898018587334,0
2026-03-01T15:00:00+00:00,2026-03-01T16:00:00+00:00,-0.00335983200839948,-0.00657835720479613,0.007673642705489871,0.011979652650272456,-0.003364814935178461,0.008086767199430172,0.0005167103111299401,16085.6658,-0.397207551496702,0.005681541440348176,0.013513260080147357,0.016086728023057828,0.007787473784775354,0.0005984148799250069,0.0005518660240514708,0.00016170180176844928,0.5603674780069077,-0.024729207722114736,0.12073495601381538,14.456722833427648,16.561814609232236,-2.1050917758045884,-0.36823059487624477,0.013563773805026573,-0.008903899920359008,-0.01707100591715971,5.01663012898673e-06,0.007757168129390978,-0.7071067811865475,-0.7071067811865477,-0.7818314824680299,0.6234898018587334,0
2026-03-01T16:00:00+00:00,2026-03-01T17:00:00+00:00,-0.009707130602293659,-0.01303434828258584,-0.016221630834554294,0.024898304483721167,-0.009707130602293659,0.008105246627457536,0.006990775216182102,32651.4422,1.0298471077274278,-0.0036935341246368035,0.0035303298582171675,0.006161135133322033,0.007250644485687467,-0.00038864196445044643,0.000144115862642847,6.192479055601834e-05,0.4954345173578558,-0.06493296064905188,-0.009130965284288379,12.04756225077449,15.658964137540687,-3.6114018867661972,-1.5063101109616088,0.014496842230543263,0.058416315109171606,-0.020930151817996977,-0.00919517153110645,-0.01629633796577493,-0.8660254037844384,-0.5000000000000004,-0.7818314824680299,0.6234898018587334,0
2026-03-01T17:00:00+00:00,2026-03-01T18:00:00+00:00,-0.0065145919768189444,-0.016158484583972968,-0.019464026798659988,0.011533931275718126,-0.006509559173665874,0.0009688094351841456,0.004012910660473145,18424.6109,-0.43571831262020033,-0.009223098938285112,-0.002889669765931426,-0.00038967929167599616,0.006392386788152603,-0.000969910879398179,-0.00011793179518319939,-3.916359452729101e-06,0.4574924575709957,-0.037942059786860084,-0.08501508485800854,8.996880173188401,14.32654734467023,-5.3296671714818284,-1.7182652847156312,0.014373476004071595,-0.014969022527512175,-0.023992475290885763,0.0004795355647041697,-0.01958155458751208,-0.9659258262890683,-0.25881904510252063,-0.7818314824680299,0.6234898018587334,1
2026-03-01T18:00:00+00:00,2026-03-01T19:00:00+00:00,0.007470030644972064,0.0009067744664467935,-0.00880915831401949,0.018473342713405068,0.007470030644972064,0.010987843022137662,7.085665698297418e-05,27496.181,0.4923615564657597,-0.0016487307254863727,0.004379216572230294,0.007006524728602978,0.006037902172546025,-0.00017352048809750103,0.0001787754885229386,7.042229290586923e-05,0.5040856686225592,0.04659321105156351,0.00817133724511848,7.672877061994768,12.995813288135137,-5.322936226140369,0.00673094534145946,0.014567361874844231,0.021059937784595244,-5.060933641045003e-05,0.01152920698305431,-0.008751691934140538,-1.0,-1.8369701987210297e-16,-0.7818314824680299,0.6234898018587334,0
2026-03-01T19:00:00+00:00,2026-03-01T20:00:00+00:00,-0.011094128007611951,-0.0037069708388359915,-0.010197413413169952,0.01526178412405954,-0.011094128007611951,0.00028148830544037795,0.0037617073545217956,21414.9113,-0.22116779417476196,-0.011526672686361308,-0.006499983949489231,-0.004124059372438526,0.005085305387584958,-0.00121186357175048,-0.00026523509900417254,-4.1446115037237686e-05,0.4428058068387118,-0.06127986178384745,-0.11438838632257642,4.799508504085225,11.356552331325155,-6.55704382723993,-1.234107601099561,0.014768715470678108,0.0025747679103753983,-0.021841974838926016,-0.0036358444286930247,-0.010138689339458832,-0.9659258262890684,0.2588190451025203,-0.7818314824680299,0.6234898018587334,0
2026-03-01T20:00:00+00:00,2026-03-01T21:00:00+00:00,-0.020287629868468243,-0.031156684313348355,-0.023919395054992725,0.024866005662762588,-0.02028261570508069,0.0005850824861825932,0.003578406277099197,34457.2373,0.6090301200547117,-0.02865898798642344,-0.02563722041802679,-0.02409178387661183,0.003110923487244268,-0.00300766225578602,-0.0010453233156642503,-0.00024206986916221518,0.35803967579619295,-0.08476613104251882,-0.28392064840761405,-0.6685666738105738,8.95152853029801,-9.620095204108583,-3.0630513768686534,0.015773932450437893,0.046395455176550915,-0.03142630175523809,-0.016588322930312586,-0.023911727231108126,-0.8660254037844386,0.5000000000000001,-0.7818314824680299,0.6234898018587334,1
2026-03-01T21:00:00+00:00,2026-03-01T22:00:00+00:00,0.0076896555326862745,-0.012753979221045125,-0.02370661295057238,0.010228203506516407,0.00768439143903422,0.0017418532073945297,0.000860558429843794,15745.294,-0.5430482756666043,-0.019210410468923182,-0.017445562684331877,-0.01642504817901373,0.0017994152909342079,-0.0020180676380254945,-0.0007115571089871313,-0.00016504861555323774,0.40368962190021657,0.045649946104023585,-0.1926207561995669,-3.7708071502383973,6.407061394190729,-10.177868544429126,-0.5577733403205425,0.015266036347983987,-0.024756384802294484,-0.0133145099002051,0.011308528318505165,-0.02369210234339392,-0.7071067811865477,0.7071067811865474,-0.7818314824680299,0.6234898018587334,0
2026-03-01T22:00:00+00:00,2026-03-01T23:00:00+00:00,-0.0021358438138291314,0.005537387815657178,-0.014862582527253284,0.029259270804110397,-0.0021358438138291314,0.02183535425953055,0.005283501137745002,30768.4361,0.9541353816575289,-0.019315347079420328,-0.018792111393506183,-0.01834485585600221,0.000533541219754889,-0.0020290689377515598,-0.0007664370784714776,-0.00018433642443085166,0.39521845216358964,-0.008471169736626934,-0.20956309567282078,-6.487026245442621,3.8282438662640583,-10.31527011170668,-0.13740156727755348,0.016295894778579217,0.06518083160944375,-0.0038709543869091456,0.006404860374043846,-0.0147338181496111,-0.5000000000000004,0.8660254037844384,-0.7818314824680299,0.6234898018587334,1
2026-03-01T23:00:00+00:00,2026-03-02T00:00:00+00:00,0.007714846794052626,0.005562525272423778,0.013294954708346853,0.015182681947301423,0.007714846794052626,0.004351165895932926,0.003175732454851423,17908.8176,-0.4179483954987235,-0.010642422664889285,-0.010786902090190053,-0.010665500466243816,-0.00014603357634348165,-0.0011190014503675327,-0.0004400879552859146,-0.0001071794707894833,0.4407697131581154,0.04555126099452579,-0.11846057368376918,-7.356576519514874,1.5912797891082717,-8.947856308623146,1.367413803083533,0.01610053300697556,-0.004366045996184131,-0.015880183256300046,0.013067389499083393,0.01326865851290977,-0.2588190451025207,0.9659258262890683,-0.7818314824680299,0.6234898018587334,1
2026-03-02T00:00:00+00:00,2026-03-02T01:00:00+00:00,0.010903691788978695,0.01870265889467286,0.016526869122541386,0.015335108064828665,0.010903691788978695,0.0033811694868578633,0.0011678549208000387,15733.7356,-0.12145313267359419,0.00013139442655509318,-7.949116154383059e-07,0.00012068493114314944,-0.00013217197151012825,1.3831183567889136e-05,-3.2445371034401614e-08,1.2129153519928774e-06,0.4986835608353154,0.05791384767719997,-0.002632878329369248,-6.266832984733583,0.01965723433990063,-6.2864902190734835,2.661366089549663,0.015884602507736666,-0.002653930108126324,0.006524138285039555,0.021973211028300334,0.01648269476920219,0.0,1.0,0.0,1.0,1
2026-03-02T01:00:00+00:00,2026-03-02T02:00:00+00:00,0.001453443897065643,0.012372983590330512,0.020183286057167866,0.015068416415865845,0.0014483367076859484,0.012995808953460532,0.0006263654001862753,20874.0317,0.32670538203273225,0.0014338576785740858,0.0013956017458578655,0.001558615102942183,-3.820115769293187e-05,0.00015095517124262848,5.6966581572205185e-05,1.566471877597962e-05,0.506105966505506,0.007422405670190599,0.012211933011011951,-5.114277987571995,-1.0071298100424786,-4.107148177529517,2.1793420415439666,0.015804896335186485,-0.0035716753000535673,-0.0019212295869356249,0.013569592550918212,0.020071982480096964,0.25881904510252074,0.9659258262890683,0.0,1.0,0
2026-03-02T02:00:00+00:00,2026-03-02T03:00:00+00:00,-0.004114660515045464,-0.0026671970461939103,0.008207412448252611,0.013484145773996164,-0.004114660515045464,0.0012527932175309467,0.00809969165946531,17187.5317,-0.17660699442168615,-0.00243144837926623,-0.0026182260181076633,-0.002537026170596742,-0.0001872328859384939,-0.00025587644514721666,-0.00010685494888568032,-2.549710033960405e-05,0.48421706264734893,-0.021888903858157036,-0.03156587470530212,-4.797555092501398,-1.7652148665342624,-3.0323402259671353,1.0748079515623816,0.015699764590687174,-0.010739136933043205,-0.01689095780779493,-0.0020462942173052148,0.008242475170998874,0.49999999999999994,0.8660254037844387,0.0,1.0,1
2026-03-02T03:00:00+00:00,2026-03-02T04:00:00+00:00,0.00852410732091441,0.004374372998049569,0.005834174800852715,0.01595599046798156,0.00852410732091441,0.0038128073822440716,0.003691122040257669,15261.3339,-0.1120694834849381,0.005490478649642105,0.005651531325774126,0.005905746951180266,0.00016017324833181122,0.0005782793347350523,0.00023072797110741287,5.935776385037647e-05,0.5294350335191677,0.04521797087181866,0.05887006703833521,-3.1649368118335133,-2.0451592555941125,-1.1197775562394008,1.9125626697277345,0.015594849310968061,0.0017845420101195671,0.003122838426170745,0.016759546136437445,0.005862890702934588,0.7071067811865475,0.7071067811865476,0.0,1.0,1
2026-03-02T04:00:00+00:00,2026-03-02T05:00:00+00:00,0.0003244942452974193,0.008851367589983762,0.004700286702211639,0.0060873620079678,0.0003244942452974193,0.0037406104595172087,0.002022362565511373,9531.0325,-0.3754784108353727,0.005259864060643033,0.005742087505460734,0.006169763462795497,0.00047970028652075044,0.0005539766213014094,0.00023442586119462093,6.201151818287192e-05,0.5311345344312146,0.0016995009120469716,0.06226906886242915,-1.7986981382409795,-1.995867032123486,0.19716889388250647,1.3169464501219073,0.014911045620397188,-0.04353778151598828,-0.003475063389601015,0.012620935663510226,0.004733941051166365,0.8660254037844386,0.5000000000000001,0.0,1.0,0
2026-03-02T05:00:00+00:00,2026-03-02T06:00:00+00:00,-0.0010644013502692105,-0.0007402524970846404,0.007777544832100043,0.011157678959225512,-0.0010644013502692105,0.005408861196241123,0.004683282255282021,11376.1341,0.19358884779796942,0.0037893173583707592,0.004487553163325258,0.005047804632552424,0.0006955999559668719,0.00039903467656817035,0.0001831989909606848,5.0734278686239754e-05,0.524441502937431,-0.00669303149378365,0.04888300587486185,-0.875306606073309,-1.7717549469134506,0.8964483408401416,0.6992794469576351,0.014657701375410035,-0.018036690985311226,-0.004787105114324967,0.0012853666343207995,0.007784200215942618,0.9659258262890683,0.25881904510252074,0.0,1.0,0
2026-03-02T06:00:00+00:00,2026-03-02T07:00:00+00:00,-0.013968663108116322,-0.015018196194511798,-0.014698575267454246,0.017315816827989404,-0.013998680805723347,0.0001543757815273706,0.0029640150053259597,19103.7064,0.6792792904928925,-0.009266805359348918,-0.009172961722077495,-0.008902699686319888,9.472140206774927e-05,-0.0009745026140318736,-0.00037426647306308545,-8.946636376030993e-05,0.4452321531241493,-0.0792093498132816,-0.10953569375170133,-2.3380020540207624,-1.885004368334913,-0.4529976856858495,-1.349446026525991,0.015040383760670144,0.01177458368609292,-0.0203115547489413,-0.009329071527979545,-0.014708570213088114,1.0,6.123233995736766e-17,0.0,1.0,0
2026-03-02T07:00:00+00:00,2026-03-02T08:00:00+00:00,-0.0008490667984005967,-0.014805869578453775,-0.01585451154115177,0.010022352008075582,-0.0008490667984005967,0.0008652390222799376,0.008307324660342237,18656.5057,-0.023409106622367146,-0.009154149369338511,-0.009625304771057323,-0.009648185671385404,-0.0004755082754990869,-0.0009626670496182857,-0.000392715296597561,-9.695728853729731e-05,0.44093367148622853,-0.004298481637920801,-0.11813265702754293,-3.588968549660194,-2.225797204599969,-1.3631713450602252,-0.9101736593743757,0.014693821124977108,-0.023871642975677263,-0.014985795454545436,0.0021212355810173297,-0.015882131256786128,0.9659258262890683,-0.25881904510252085,0.0,1.0,1
2026-03-02T08:00:00+00:00,2026-03-02T09:00:00+00:00,0.003955378387565195,0.0031029532087006053,-0.010909054007428306,0.015974637569639006,0.003960549017588045,0.0009233894548925184,0.011106323165789495,20244.5196,0.08511850640926816,-0.004738772274678887,-0.005485382907890345,-0.005674268509410572,-0.0007501654966684917,-0.0004985694386995675,-0.00022384306297866524,-5.702457222790534e-05,0.46674018714353815,0.025806515657309605,-0.06651962571292373,-3.915521005792016,-2.5637419648383784,-1.3517790409536374,0.011392304106587758,0.014731552416708064,0.006533369023534846,0.0022365153548346826,0.012365426661750244,-0.010862351518951725,0.8660254037844387,-0.4999999999999998,0.0,1.0,0
2026-03-02T09:00:00+00:00,2026-03-02T10:00:00+00:00,-0.0007951409194906762,0.0031570923848664965,0.0023053450041424263,0.010411800040045488,-0.0007900150308054376,0.009138562165325924,0.0004825982267082461,21443.5499,0.059227401968086325,-0.005006101322881741,-0.006031522670637423,-0.0064009820047992,-0.0010305805383520627,-0.0005266804954691808,-0.00024612400686163335,-6.4327339162435e-05,0.4621040003630688,-0.004636186780469345,-0.07579199927386242,-4.250392348849118,-2.9010720416405262,-1.349320307208592,0.0024587337450454605,0.014433884301248898,-0.020985234872032937,-0.0017169449655074142,0.014473958333333314,0.002311170669673922,0.7071067811865476,-0.7071067811865475,0.0,1.0,1
2026-03-02T10:00:00+00:00,2026-03-02T11:00:00+00:00,0.0022897745650198617,0.0014928129520761294,0.005454095979728644,0.006238955051863267,0.0022949203708837896,0.0020130618517095987,0.0019362274298885761,7114.2423,-0.6682339289354325,-0.0024686414425899826,-0.003608813606517459,-0.004084978572146819,-0.0011429938058051103,-0.0002597894858420428,-0.00014727682089483939,-4.1053375577807544e-05,0.47816622721037516,0.01606222684730639,-0.043667545579249636,-4.108534941286052,-3.1425646215696315,-0.9659703197164209,0.3833499874921711,0.01381791272124416,-0.040483328168524235,-0.007564319592502838,0.0027737113799214583,0.00545001203309438,0.49999999999999994,-0.8660254037844387,0.0,1.0,0
2026-03-02T11:00:00+00:00,2026-03-02T12:00:00+00:00,-0.0022742988859009113,1.0268047376761259e-05,-0.0007848810366585474,0.00989316206406168,-0.0022691882145638156,0.0013194305399396944,0.0062993823832919954,13102.9698,0.8417941429967885,-0.004288086677538851,-0.0056458172723716695,-0.006287200295775319,-0.0013635777343492703,-0.000451173895238899,-0.00023038843026089534,-6.318395020728064e-05,0.46333307216534053,-0.014833155045034659,-0.07333385566931895,-4.304760220929666,-3.3750037414416383,-0.9297564794880273,0.03621384022839358,0.013566821251656104,-0.020404418650903765,-0.004278747354537986,0.0019598765432098483,-0.0007796652403717258,0.258819045102521,-0.9659258262890682,0.0,1.0,0
2026-03-02T12:00:00+00:00,2026-03-02T13:00:00+00:00,-0.004974817872379778,-0.007237802535535976,-0.004964600906668621,0.009586609704249441,-0.004969709415751137,0.0006088374300869212,0.003983241491754793,8789.8769,-0.3291691094334966,-0.008368788162487735,-0.010181383469860748,-0.011120234501469282,-0.001827892552932291,-0.0008801497237787353,-0.0004153940483169274,-0.00011174866160948279,0.431847571100739,-0.03148550106460149,-0.13630485779852194,-5.182432332092958,-3.736489459571902,-1.445942872521056,-0.5161863930330286,0.013345505339800851,-0.021206689835359407,-0.008537914170686693,0.001332961344120983,-0.004959342193260828,1.2246467991473532e-16,-1.0,0.0,1.0,0
2026-03-02T13:00:00+00:00,2026-03-02T14:00:00+00:00,-0.0053711844467834065,-0.010319281654781477,-0.012570111409911622,0.011386567481623297,-0.00536605249444039,0.0033148139502311553,0.0026767511710786797,15816.2783,0.7993742665497399,-0.012406916656443424,-0.014899176881223155,-0.01627085098793974,-0.002523569946786214,-0.0013042878385194632,-0.0006077600716904046,-0.00016349940415570738,0.40037072177393085,-0.03147684932680818,-0.1992585564521383,-6.641435469533235,-4.317478661564168,-2.3239568079690667,-0.8780139354480108,0.013272501736674705,-0.010812078999642614,-0.010913400855832272,-0.0013934935764608654,-0.012620301205064096,-0.25881904510252035,-0.9659258262890684,0.0,1.0,1
2026-03-02T14:00:00+00:00,2026-03-02T15:00:00+00:00,0.026995761810645773,0.021479578147895955,0.016397903286254848,0.03221618891274149,0.026995761810645773,0.0028943048364692605,0.003035736835459018,58183.5923,2.6787157633664047,0.012878912334257945,0.011230617150346432,0.010182279756801308,-0.0016273368552148929,0.0013575153321276415,0.0004586027568299542,0.00010234494333308326,0.5693564318273212,0.16898571005339036,0.13871286365464244,-3.5575041900972337,-4.165483767270781,0.6079795771735474,2.931936385142614,0.014301659523982737,0.10662963240786877,0.018128053484186165,0.029752152089672596,0.016649759491482587,-0.5000000000000001,-0.8660254037844386,0.0,1.0,1
2026-03-02T15:00:00+00:00,2026-03-02T16:00:00+00:00,0.034135623184745514,0.06205290214814463,0.05634842011846534,0.04450674781300529,0.034135623184745514,0.00886520492543952,0.002632697220282075,99017.374,0.7018092229413618,0.042741552843402905,0.043876782885099275,0.04420140420843388,0.0010886974232500505,0.004519444306426218,0.0017941021353045828,0.00044443265081085457,0.6911009281186082,0.12174449629128702,0.3822018562372165,4.290219794533186,-2.4743430549099874,6.764562849443173,6.156583272269626,0.016020804649186392,0.15844491836942126,0.031151157402743875,0.06537440807618249,0.05576020054860788,-0.7071067811865475,-0.7071067811865477,0.0,1.0,1
2026-03-02T16:00:00+00:00,2026-03-02T17:00:00+00:00,0.008303497726306947,0.042722565980553066,0.07087165600634944,0.022593286926024473,0.008303497726306947,0.012435027345434148,0.001923142133282967,60174.2489,-0.3922859547860762,0.046278178646614175,0.05038022624939863,0.05231831527465709,0.003920608960888913,0.004895233805387053,0.002060572995228662,0.0005260888377520504,0.713075218009793,0.021974289891184783,0.426150436019586,11.74595545434886,0.36971664694178186,11.376238807407077,4.611675957963904,0.016367758261637437,0.03013976304778279,-0.0005567713073959036,0.04556919710691061,0.06943488272169823,-0.8660254037844384,-0.5000000000000004,0.0,1.0,0
2026-03-02T17:00:00+00:00,2026-03-02T18:00:00+00:00,-0.011296643463012181,-0.003086947390015257,0.03094330092183356,0.019803920607934344,-0.011296643463012181,0.0008182223506989543,0.00755998255765531,27258.717,-0.5470036186857997,0.031074980243633168,0.03694827893397914,0.04001225869518549,0.005696286693871834,0.003281785438029824,0.0015103707973671018,0.0004022950294269397,0.6452642196988606,-0.06781099831093243,0.29052843939772116,15.593201849311527,3.4144136874157307,12.178788161895795,0.8025493544887183,0.016786853685157217,0.014019043958549292,-0.023440191387559813,-0.0011500665570432567,0.03114247744804028,-0.9659258262890683,-0.25881904510252063,0.0,1.0,0
2026-03-02T18:00:00+00:00,2026-03-02T19:00:00+00:00,-0.00568836017461938,-0.016920744260849687,-0.008757747896040129,0.008317729378141264,-0.00568836017461938,5.420321277219865e-05,0.002542623435498217,16184.3755,-0.4062678922122417,0.02275428423836466,0.029795826134911305,0.03374557902272134,0.006884881349375538,0.0024009385132351697,0.0012176370055275462,0.00033926661076322294,0.6139606620805417,-0.031303557618318864,0.22792132416108346,17.503572080700224,6.232245366072629,11.271326714627595,-0.9074614472682008,0.016271092480509907,-0.036237704248822764,-0.017715392061955427,0.0018858795999171416,-0.008681505911324614,-1.0,-1.8369701987210297e-16,0.0,1.0,1
2026-03-02T19:00:00+00:00,2026-03-02T20:00:00+00:00,0.006982359318024956,0.0012542809687360401,-0.010056531659182395,0.015776313020840874,0.006982359318024956,0.0028479572512808155,0.005994411740238896,18799.5712,0.161587680661512,0.026971536401277328,0.035484322305608065,0.0405394406859934,0.008289213091690267,0.0028471925852349123,0.001450440416360337,0.00040759763282469797,0.6371007246276688,0.023140062547127017,0.27420144925533746,19.93120035793413,8.972036364444929,10.959163993489202,-0.3121627211383924,0.016130987020588912,-0.0016884614491471748,0.0012003213921768664,0.009549262933248986,-0.010002644319606605,-0.9659258262890684,0.2588190451025203,0.0,1.0,0
2026-03-02T20:00:00+00:00,2026-03-02T21:00:00+00:00,-0.003948971652549185,0.003005814526460978,-0.0026996438038030144,0.01607467452714311,-0.0039440975552467,0.006946696143453634,0.005168263325964127,20820.4038,0.10749354751240292,0.020688421400150397,0.03012694695955595,0.0360548190290073,0.00924721527305861,0.00218248142057652,0.0012311852576534518,0.0003624913426006758,0.6145089901473993,-0.022591734480269424,0.22901798029479864,20.96229145425218,11.370087382406378,9.592204071845803,-1.3669599216433994,0.01618634996293095,-0.0005304383922010314,-0.006777626513255102,0.009096993282601645,-0.0026549725091436086,-0.8660254037844386,0.5000000000000001,0.0,1.0,1
2026-03-02T21:00:00+00:00,2026-03-02T22:00:00+00:00,0.003689511176615078,-0.00027403025098232285,0.006706415689366266,0.009065055971336401,0.003689511176615078,0.0023788429816789442,0.003010264266939511,13737.182,-0.3402057840972325,0.022073875777160756,0.032553804600941386,0.039464905998479835,0.010253592301057433,0.0023289774036902226,0.0013304945821057347,0.0003967896006308272,0.6277384097108394,0.013229419563440032,0.2554768194216787,22.130328165563924,13.522135539037887,8.608192626526037,-0.9840114453197657,0.015622435927664758,-0.03127789059698824,-0.007139038732565403,0.008903791642386577,0.006722898842090849,-0.7071067811865477,0.7071067811865474,0.0,1.0,1
2026-03-02T22:00:00+00:00,2026-03-02T23:00:00+00:00,0.005291212475709944,0.009000245639892,0.005015732272444902,0.008364900526823218,0.005291212475709944,0.002322501485037628,0.0007790361375387857,11782.1316,-0.14231815520825158,0.024799654667606738,0.036472017837072275,0.04449761460198227,0.011389897641262832,0.0026173224590257385,0.001490873183281907,0.0004474122952951581,0.6465417538409559,0.018803344130116598,0.2930835076819119,23.655595353451417,15.548827501920593,8.106767851530824,-0.501424774995213,0.015027687317135836,-0.03298038323223519,0.0029054578659779545,0.012058048143494348,0.005031751999775837,-0.5000000000000004,0.8660254037844384,0.0,1.0,0
2026-03-02T23:00:00+00:00,2026-03-03T00:00:00+00:00,-0.012888179100408143,-0.007665160718743463,-0.00400393023827074,0.015502996522554106,-0.012888179100408143,0.0009519816509235388,0.001494561866475928,37213.3302,2.1584548079568213,0.010476301469102377,0.02218724703454837,0.030717640850134457,0.011589530153670887,0.001103986016782343,0.0009064227779853886,0.000308815346020321,0.5705458248284417,-0.0759959290125142,0.1410916496568835,22.469458872697032,16.93295377607588,5.536505096621152,-2.570262754909672,0.01524383138981003,0.0013095057895874576,-0.015175435613696867,-0.006887396456370926,-0.003907455448083122,-0.2588190451025207,0.9659258262890683,0.0,1.0,1
2026-03-03T00:00:00+00:00,2026-03-03T01:00:00+00:00,0.00400029595284491,-0.008939439678258136,-0.0036955276772996483,0.009914220864079896,0.004005248256335947,0.0017096872451436128,0.004215263380267815,28632.0074,-0.2305980882087247,0.013117652923797659,0.025219867823556223,0.03448218756157968,0.011945517743997736,0.0013827148312680984,0.0010304430800749428,0.00034667479062038003,0.5865796519250039,0.016033827096562234,0.17315930385000797,21.93103902170492,17.932570825201687,3.9984681965032323,-1.5380369001179197,0.014806746400101479,-0.024787313133232836,-0.009869877173780841,0.005503082516598216,-0.0035966706718532897,0.0,1.0,0.7818314824680298,0.6234898018587336,0
2026-03-03T01:00:00+00:00,2026-03-03T02:00:00+00:00,-0.007590421821111712,-0.003620489801958181,-0.016462007381367487,0.010866282840183983,-0.007590421821111712,0.002980183266419464,0.00023762258602681084,12962.5833,-0.5472694904374745,0.004908205186992568,0.016742723373079072,0.02635807171326525,0.011776715649251113,0.0005169202460658137,0.000683843786956554,0.000264975436732002,0.5448459949198183,-0.041733657005185665,0.08969198983963665,20.026795104013445,18.35141568096404,1.6753794230494066,-2.3230887734538257,0.014630444557847214,-0.01940690278025869,-0.009284235926510865,0.0006191919792347777,-0.016478304968674945,0.25881904510252074,0.9659258262890683,0.7818314824680298,0.6234898018587336,0
2026-03-03T02:00:00+00:00,2026-03-03T03:00:00+00:00,-0.003138598323770634,-0.010705196859677893,-0.00674772486250516,0.01236051587400125,-0.003138598323770634,0.0014302244161159023,0.0077818113196303626,21831.7657,0.6842141103154955,0.0015868700101577613,0.013013226322811086,0.02290125736726662,0.01140825289826078,0.00016706685510949109,0.0005314343672860367,0.00023021637800799315,0.5282373569840935,-0.016608637935724885,0.056474713968186874,17.80088553768519,18.241309652308267,-0.4404241146230774,-2.115803537672484,0.01451108019709785,-0.011271620085093378,-0.01362246997276483,-0.0029016652389416845,-0.006728724192037435,0.49999999999999994,0.8660254037844387,0.7818314824680298,0.6234898018587336,0
2026-03-03T03:00:00+00:00,2026-03-03T04:00:00+00:00,-0.00237874130319266,-0.00550987371349641,-0.013058473268941629,0.005251682529568805,-0.002383695522625221,0.001095137589104399,0.0017671538369639708,8961.6112,-0.5895150523716,-0.0007199247852268162,0.010183470679236608,0.02026025156360169,0.010911250744312078,-7.577581393061182e-05,0.0004158247027715783,0.00020366208853011912,0.5154529604682702,-0.012784396515823247,0.030905920936540383,15.471971939705327,17.68744210978768,-2.2154701700823516,-1.7750460554592742,0.013881823602717168,-0.045639459816406526,-0.006925734963344517,0.0054454454454455,-0.013107761448075005,0.7071067811865475,0.7071067811865476,0.7818314824680298,0.6234898018587336,0
2026-03-03T04:00:00+00:00,2026-03-03T05:00:00+00:00,-0.0045099757078572,-0.0068779889455571844,-0.00999500002475238,0.007585682711444067,-0.0045099757078572,0.002390215119360729,0.0006650598553869485,10046.0129,0.12100521611560211,-0.0047312322081051435,0.005405685858955703,0.015500677476915662,0.01018510616941254,-0.000497776538075397,0.0002206889319997323,0.00015580997625233597,0.49123605091196565,-0.02421690955630453,-0.017527898176068674,12.748270722601774,16.699607832350498,-3.9513371097487244,-1.7358669396663728,0.013490497408600493,-0.03257266643468005,-0.007966744052225416,-0.0027476774396233993,-0.010027315334820493,0.8660254037844386,0.5000000000000001,0.7818314824680298,0.6234898018587336,0
2026-03-03T05:00:00+00:00,2026-03-03T06:00:00+00:00,-0.0032302907261653733,-0.007725697901318251,-0.010086061767817057,0.016003130392904488,-0.0032253064041084132,0.0098276277240439,0.0029397600032106093,23376.1215,1.3269053835278275,-0.007194899937852545,0.002073132926156246,0.012097248914265288,0.009335198684443333,-0.0007567847313090584,8.462483121138078e-05,0.00012159517468707542,0.47413127880911543,-0.017104772102850205,-0.05173744238176908,9.953709703816003,15.350428206643599,-5.396718502827596,-1.445381393078872,0.01371056783018467,0.013030008912777785,-0.010081145774361203,-0.0025669380382189098,-0.010119007737215234,0.9659258262890683,0.25881904510252074,0.7818314824680298,0.6234898018587336,1
2026-03-03T06:00:00+00:00,2026-03-03T07:00:00+00:00,0.0029648432796886073,-0.0002750247522276778,-0.004783760105133272,0.007022563235580969,0.0029698748338224962,0.0012954728475893292,0.0027660095935016144,9807.2108,-0.58046030861022,-0.003848052328528261,0.004845355532304311,0.014945484959956856,0.008726989774154047,-0.00040489413418029057,0.00019780873412035004,0.00015022844419002122,0.4915732319205675,0.017441953111452052,-0.016853536158864982,8.122259222387584,13.904794409792396,-5.782535187404813,-0.3858166845772164,0.013195218660871927,-0.034734331928513655,-0.009968307418045018,0.005922012578616343,-0.004775423154333967,1.0,6.123233995736766e-17,0.7818314824680298,0.6234898018587336,0
2026-03-03T07:00:00+00:00,2026-03-03T08:00:00+00:00,-0.0014705367459122852,0.0014899466227876687,-0.0017451570641357768,0.005039247018278514,-0.0014755311912288652,0.00210886977603905,0.0014526656414519962,11518.4682,0.1744897132220303,-0.004809370512908165,0.00323519983952314,0.01331732726516784,0.008083446642355717,-0.0005059933687705792,0.0001320664122758215,0.00013386040128586293,0.48299097864750623,-0.008582253273061297,-0.03401804270498758,6.360270848363825,12.395889697506682,-6.035618849142857,-0.2530836617380441,0.012630693843115631,-0.044190151915256985,-0.0027624309392265058,0.004281071726816307,-0.0017359841923890512,0.9659258262890683,-0.25881904510252085,0.7818314824680298,0.6234898018587336,0
2026-03-03T08:00:00+00:00,2026-03-03T09:00:00+00:00,-0.021654736441369924,-0.02309342910162213,-0.020197054220010432,0.02693154472377242,-0.021649835697683754,0.0021555475910091837,0.0026470738825456175,36423.8703,2.162214772620547,-0.023909512973218274,-0.01777740196025361,-0.008540696645823615,0.00628231818101554,-0.002510472505083085,-0.0007250821177140042,-8.582877998245862e-05,0.3783825290882532,-0.10460844955925303,-0.24323494182349364,1.458766898933618,10.20846513779207,-8.749698238858452,-2.714079389715595,0.013911782350320416,0.07757551082698065,-0.02515111131076277,-0.020231460347240764,-0.0201604299075936,0.8660254037844387,-0.4999999999999998,0.7818314824680298,0.6234898018587336,0
2026-03-03T09:00:00+00:00,2026-03-03T10:00:00+00:00,-0.0007782499615994992,-0.022416133605165478,-0.02385370660291009,0.015264554873487221,-0.0007782499615994992,0.008090880209881322,0.006394818557271554,29942.9589,-0.17793033377894496,-0.022372274381564503,-0.017827649614407654,-0.009220494479227317,0.004648625083010992,-0.0023494433673584914,-0.0007271300650768393,-9.265969960783418e-05,0.37530462769960016,-0.003077901388653004,-0.24939074460079966,-2.5193204335137125,7.662908023530913,-10.182228457044626,-1.4325302181861748,0.014018470287420618,0.0068846723392799476,-0.02446851584330155,0.0018737839655428397,-0.02390352314888171,0.7071067811865476,-0.7071067811865475,0.7818314824680298,0.6234898018587336,1
2026-03-03T10:00:00+00:00,2026-03-03T11:00:00+00:00,0.003315262505252169,0.0025344324407352648,-0.01917518646716724,0.009621817624677571,0.0033204035725082977,0.003079594494522598,0.0032328081509664856,14868.4866,-0.5034396350188358,-0.01734075968520609,-0.014008064091581568,-0.005877084760150012,0.0033915068997436965,-0.0018220173179739271,-0.000571430997940403,-5.9062689886628555e-05,0.3977609141845948,0.02245628648499462,-0.20447817163081042,-5.0912199625422545,5.112082426316279,-10.203302388858534,-0.021073931813907265,0.013661410994386405,-0.022239810978195444,-0.005505640233837414,0.009772574905884197,-0.019117723897717254,0.49999999999999994,-0.8660254037844387,0.7818314824680298,0.6234898018587336,1
2026-03-03T11:00:00+00:00,2026-03-03T12:00:00+00:00,0.001649600367712785,0.004970331731212682,0.00418821360913423,0.007576684614129613,0.001649600367712785,0.0029011665850873177,0.003028634361233508,13420.8223,-0.09736460333494872,-0.01424396913641144,-0.011901798550657896,-0.004195195119788007,0.0023760144624239794,-0.0014971204420044012,-0.0004855518208449053,-4.216098739922501e-05,0.40917939197998693,0.011418477795392122,-0.18164121604002617,-6.790557542692113,2.7315544325146006,-9.522111975206714,0.6811904136518194,0.01320589598076832,-0.03174859192293226,-0.0014256038450572047,0.008245769159589543,0.004186612911365455,0.258819045102521,-0.9659258262890682,0.7818314824680298,0.6234898018587336,1
2026-03-03T12:00:00+00:00,2026-03-03T13:00:00+00:00,0.003207089247838128,0.004861980031153434,0.00819336127650417,0.014850805816311504,0.003207089247838128,0.011435425423237802,0.00021854368586635478,23995.6503,0.7879418834120173,-0.010037674099539956,-0.008393287987454477,-0.0009916043457118752,0.0016610592838366457,-0.001055482054175002,-0.0003424658601168729,-9.965773503573852e-06,0.43177341809411773,0.022594026114130798,-0.13645316381176456,-7.54279573178178,0.6766843996553242,-8.219480131437104,1.3026318437696105,0.013284187954071585,0.009154664691671716,0.00030503769757541245,0.007919635676268261,0.008171952120803083,1.2246467991473532e-16,-1.0,0.7818314824680298,0.6234898018587336,0
2026-03-03T13:00:00+00:00,2026-03-03T14:00:00+00:00,-0.00784216063469144,-0.004660221895904651,-0.003018309031944973,0.012826948886862604,-0.007847203163276629,0.0006095874271312788,0.004308092657288966,20300.8927,-0.1539761395839312,-0.016133124344733393,-0.01554538145898416,-0.00873893533729437,0.0005973804996308963,-0.001695344541099451,-0.0006341030239017608,-8.78207826849697e-05,0.39215511757110433,-0.03961830052301338,-0.21568976485779132,-9.27708154110519,-1.3140687884967786,-7.963012752608411,0.25646737882869264,0.01334902817297589,-0.0029994309387185586,-0.0190596310682538,-0.004441951194634882,-0.0029854710191405277,-0.25881904510252035,-0.9659258262890684,0.7818314824680298,0.6234898018587336,0
2026-03-03T14:00:00+00:00,2026-03-03T15:00:00+00:00,-0.004794738082309735,-0.01259929761075843,-0.009432615434818077,0.024578181780747176,-0.004789640034219102,0.012960808737993924,0.006804681950606876,56182.4604,1.7674871854280576,-0.018902281068728023,-0.01948634109955458,-0.013359319462653832,-0.0005953128007093806,-0.0019857626972724133,-0.0007947287650513082,-0.00013424649267205203,0.3699777423563681,-0.02217737521473623,-0.2600445152872638,-11.276797414038356,-3.306614513605094,-7.970182900433262,-0.007170147824850481,0.01421083021490232,0.05945487737605622,-0.01320113573449413,-0.0004887510096567144,-0.009429809469163048,-0.5000000000000001,-0.8660254037844386,0.7818314824680298,0.6234898018587336,1
2026-03-03T15:00:00+00:00,2026-03-03T16:00:00+00:00,0.013609363901213752,0.008749372483530856,0.0008385978643708184,0.020652847320258818,0.013609363901213752,0.0017722753171306451,0.005453936076212922,38417.9879,-0.31619249804161303,-0.0050242337737370305,-0.005902726127621704,6.755362132731075e-05,-0.0008829283925342349,-0.0005285871608705914,-0.0002408695649203459,6.789313285168205e-07,0.46245544092906593,0.0924776985726978,-0.07508911814186817,-10.605842073298845,-4.766460025543845,-5.8393820477550005,2.130800852678261,0.014493799482021277,0.03379258293279872,-0.004091417127309283,0.02055390866311495,0.0009724651842125762,-0.7071067811865475,-0.7071067811865477,0.7818314824680298,0.6234898018587336,1
2026-03-03T16:00:00+00:00,2026-03-03T17:00:00+00:00,0.007495353490214395,0.021206724384644708,0.01631030561332687,0.02790350709180531,0.00750046973151669,0.015191685400054371,0.005267190193449554,54907.2008,0.4292055310892531,0.0022011929439269807,0.0014875730621984509,0.007487592104493295,-0.0007120525167529481,0.00023175821984054037,6.0720954655335125e-05,7.525784527174512e-05,0.5060445960891664,0.04358915516010051,0.012089192178332837,-8.781864617468273,-5.569540943928731,-3.212323673539542,2.6270583742154585,0.015351509793726938,0.06711665256752054,0.005712953247056071,0.02688350137678312,0.016309979309118414,-0.8660254037844384,-0.5000000000000004,0.7818314824680298,0.6234898018587336,0
2026-03-03T17:00:00+00:00,2026-03-03T18:00:00+00:00,-0.0017036462061110038,0.005778937853566327,0.019466949422991764,0.013238412602241645,-0.0017036462061110038,0.0008179339594061854,0.010713925073210038,20094.3938,-0.6340298994080208,0.00044674741845561683,-0.00021003640185764707,0.005713436824647772,-0.000656490534861574,4.702825560073673e-05,-8.572840867282601e-06,5.742477303985946e-05,0.4961232950636736,-0.009921301025492824,-0.00775340987265281,-7.522373851590146,-5.960107525461014,-1.5622663261291319,1.65005734741041,0.01522490115575578,-0.009936904259795293,-0.016642503922308493,0.0111499111682901,0.019401071185317142,-0.9659258262890683,-0.25881904510252063,0.7818314824680298,0.6234898018587336,1
2026-03-03T18:00:00+00:00,2026-03-03T19:00:00+00:00,0.003837221044128111,0.0021270375709432692,0.009638333959638852,0.015400865104114219,0.003842289418809611,0.006095966200583387,0.005477316165375653,17019.0589,-0.15304442276830474,0.003875940466198092,0.0034836723410203193,0.009476429394939473,-0.00039075358753553154,0.0004081602601122808,0.00014221092886941054,9.524956804774234e-05,0.518960459890145,0.02283716482647151,0.037920919780290205,-5.843600472607477,-5.936806114890307,0.09320564228282979,1.6554719684119616,0.015183429016129759,0.0011028008356131704,0.0013094278807414064,0.014708734395574076,0.009628928328231503,-1.0,-1.8369701987210297e-16,0.7818314824680298,0.6234898018587336,0
2026-03-03T19:00:00+00:00,2026-03-03T20:00:00+00:00,-0.0010964691680917732,0.0027365444814702986,0.0010282361717355837,0.008761241075114985,-0.001101493303021338,0.0031016807484314634,0.004556852398263841,20447.2398,0.20143187235811255,0.0025102511677667747,0.0022897034071528346,0.008285600295559123,-0.00021999551661146263,0.000264306804655962,9.346601700446021e-05,8.327929964368457e-05,0.5117950413313094,-0.007165418558835696,0.023590082662618812,-4.635631580554218,-5.6765712080230895,1.0409396274688714,0.9477339851860416,0.014740177282357223,-0.030257584318193153,-0.0071488561830106954,0.008285525714575791,0.001037105669925334,-0.9659258262890684,0.2588190451025203,0.7818314824680298,0.6234898018587336,0
2026-03-03T20:00:00+00:00,2026-03-03T21:00:00+00:00,-0.0038670305434990904,-0.004959259631827848,-0.0011410683631222817,0.010094321501865214,-0.003872046243007434,0.001905638060191869,0.004301586178311105,9339.9793,-0.5432156422403771,-0.0012365059341567575,-0.0015240730959132007,0.004342692481357168,-0.0002879231804776851,-0.00013014158034954938,-6.220319566105591e-05,4.3647055548747965e-05,0.48631978053709757,-0.02547526079421182,-0.02736043892580483,-4.2490390687682975,-5.391064780172131,1.142025711403834,0.10108608393496255,0.014461465150508298,-0.022702241152161576,-0.008037625916956219,0.0006929796607939882,-0.0011262786674627531,-0.8660254037844386,0.5000000000000001,0.7818314824680298,0.6234898018587336,0
2026-03-03T21:00:00+00:00,2026-03-03T22:00:00+00:00,-0.004994085950847621,-0.008841804211437924,-0.009928578613821551,0.00967761600438931,-0.004994085950847621,3.0480680328872725e-05,0.004627983296587245,8093.7901,-0.13342526358704035,-0.005634955491213625,-0.006256829565021547,-0.0006663883861599722,-0.0006253981646298985,-0.0005928015874371709,-0.0002553155958715698,-6.6973258606498865e-06,0.45494627238498636,-0.031373508152111214,-0.09010745523002725,-4.685879248209403,-5.250027673779586,0.564148425570183,-0.5778772858336509,0.014187161339906607,-0.02386727140988182,-0.010724695949341601,-0.0006954914891132184,-0.009957585662438484,-0.7071067811865477,0.7071067811865474,0.7818314824680298,0.6234898018587336,1
2026-03-03T22:00:00+00:00,2026-03-03T23:00:00+00:00,0.007543968381374226,0.0025122072040195454,-0.0013645381214690872,0.010058941869904374,0.007543968381374226,0.0024655752252548016,0.00010588359863059047,7331.0526,-0.09423737094442321,0.0016884406361467258,0.001191254567509316,0.006803703910692014,-0.000496348014480091,0.0001777621870575105,4.862499968422408e-05,6.838360977408611e-05,0.5064809177095614,0.05153464532457505,0.012961835419122849,-3.7901172321226113,-4.9580455854481915,1.1679283533255802,0.6037799277553972,0.013793649971331595,-0.020402425995773438,0.0024818034775575485,0.012228545180799775,-0.0013171481129724849,-0.5000000000000004,0.8660254037844384,0.7818314824680298,0.6234898018587336,0
2026-03-03T23:00:00+00:00,2026-03-04T00:00:00+00:00,-0.0002571458823885277,0.007284882598579559,0.0022544153178927972,0.01027839419003435,-0.00025210507739625875,0.009244502723421503,0.0007817228162194646,11408.2277,0.5561513908657536,0.0012944117495395009,0.0008971498052073314,0.006479264065685834,-0.0003967483885564111,0.00013627243601913315,3.661970034950977e-05,6.512247247624357e-05,0.5047159554739136,-0.0017649622356478289,0.009431910947827192,-3.0858009262751693,-4.583596653613587,1.497795727338418,0.3298673740128377,0.013545854744385348,-0.018216968549981283,-0.0027160245448144505,0.0073923536136161335,0.0022927365481380775,-0.2588190451025207,0.9659258262890683,0.7818314824680298,0.6234898018587336,0
2026-03-04T00:00:00+00:00,2026-03-04T01:00:00+00:00,-0.0030865442808149543,-0.0033428964710508604,0.00417585320504355,0.012601938604124013,-0.0030915720618717286,0.002013477143493139,0.0074873019406276956,13652.3461,0.19671051972428646,-0.0016253460322408664,-0.0021063774488234736,0.0033390497774492705,-0.0004818145319203401,-0.0001710597895673971,-8.596719875323824e-05,3.3559415417196805e-05,0.4829661703482384,-0.021749785125675204,-0.034067659303523214,-2.987025462419979,-4.264282415374866,1.277256952954887,-0.22053877438353098,0.013517375824729717,-0.005182463567179119,-0.012464841154459137,-0.0023066246056782013,0.0042002782181707445,0.0,1.0,0.9749279121818236,-0.22252093395631434,1
2026-03-04T01:00:00+00:00,2026-03-04T02:00:00+00:00,0.0025547888378493,-0.0005396409118418078,-0.0007966480277918869,0.01437128165794534,0.0025497169510646403,0.008543040676580595,0.003285008553132864,15208.224,0.11396414129876178,0.0008370937283276096,0.0004256489172866067,0.005843295963767983,-0.0004111006812390266,8.812289425790704e-05,1.7373727036565586e-05,5.873004161591181e-05,0.5020353110665484,0.019069140718310038,0.004070622133096862,-2.4727480994290545,-3.9059755521857036,1.433227452756649,0.15597049980176214,0.013546383491334324,0.004706225288573486,-0.002546821757709645,0.01011784614757269,-0.000788901325354182,0.25881904510252074,0.9659258262890683,0.9749279121818236,-0.22252093395631434,0
2026-03-04T02:00:00+00:00,2026-03-04T03:00:00+00:00,-0.0012564779258526686,0.001295100876216659,-0.00179544079080086,0.006916796346072257,-0.0012514381446420374,0.0005406115478668258,0.005123178593803733,9101.0568,-0.4015700452597226,-0.00038040969689847026,-0.0007987873664813297,0.004533702552608688,-0.0004185368850724506,-4.004152260157832e-05,-3.2602503020994884e-05,4.5566926025094344e-05,0.4923922258786307,-0.009643085187917748,-0.015215548242738635,-2.2402772526477293,-3.5728358922781087,1.3325586396303795,-0.10066881312626963,0.013088666401232857,-0.03500290028086019,-0.009716510061741403,0.004598564598158516,-0.0017882333688183229,0.49999999999999994,0.8660254037844387,0.9749279121818236,-0.22252093395631434,0
2026-03-04T03:00:00+00:00,2026-03-04T04:00:00+00:00,-0.009266182979325356,-0.01051101815080759,-0.007983082744804405,0.017899943903309772,-0.00926117732653604,0.00048447141618646815,0.00806772400428383,24378.1016,1.6786011927757665,-0.00873270032944909,-0.00966696697111929,-0.004727207752745716,-0.0009424971871670789,-0.0009183874028919619,-0.0003944144563100878,-4.750736859841001e-05,0.4272908718500395,-0.0651013540285912,-0.14541825629992103,-3.4956316917489403,-3.557395052172275,0.061763360423334746,-1.2707952792070447,0.013546001367582293,0.02535134053137551,-0.011039999193056186,-0.004164339038139159,-0.007967872067328727,0.7071067811865475,0.7071067811865476,0.9749279121818236,-0.22252093395631434,0
2026-03-04T04:00:00+00:00,2026-03-04T05:00:00+00:00,-0.0003314804426539298,-0.009594591863543587,-0.010839014396512147,0.007141946180334141,-0.0003263824079882604,0.0019181226884325932,0.00489733452365765,10698.7788,-0.5611315854061417,-0.008205387510892025,-0.009607038363270749,-0.005007053557369905,-0.0014132470924206769,-0.0008629796240697217,-0.00039197031385422516,-5.0319614114200516e-05,0.42514543830759444,-0.0021454335424450476,-0.14970912338481113,-4.491187087720164,-3.744153459281853,-0.7470336284383108,-0.8087969888616455,0.013092739740266276,-0.03378130579373675,-0.010064741589148492,0.0077991650729019235,-0.010854141347831955,0.8660254037844386,0.5000000000000001,0.9749279121818236,-0.22252093395631434,1
2026-03-04T05:00:00+00:00,2026-03-04T06:00:00+00:00,0.005555413850274251,0.005222091896578106,-0.0040924799417957946,0.011186420041194411,0.005550284145980691,0.0033990482664852917,0.0022677232464462325,10275.531,-0.03956038421880441,-0.002439464434879982,-0.003944650378564838,0.0005153618262152382,-0.0015088667705084845,-0.0002567198080040236,-0.0001609802190972926,5.179542668861604e-06,0.4728968554301134,0.047751417122518944,-0.054206289139773246,-4.351281063620945,-3.8655789801496714,-0.48570208347127375,0.26133154496703703,0.012889406999652867,-0.010061053153038317,0.0033033873717965077,0.01050419091072207,-0.004042249571705035,0.9659258262890683,0.25881904510252074,0.9749279121818236,-0.22252093395631434,1
2026-03-04T06:00:00+00:00,2026-03-04T07:00:00+00:00,0.004662276652089565,0.010243591378650645,0.009908715385792154,0.011695020526881926,0.004662276652089565,0.0031105926789979864,0.003943787146586768,12984.2822,0.26361179777473287,0.0020004042324088585,0.0006717958117539275,0.005128234215799808,-0.0013259559727151237,0.0002106132151553836,2.7420989104525855e-05,5.154269888275189e-05,0.5098957751571757,0.036998919727062256,0.01979155031435127,-3.4589754200831067,-3.7842582681363583,0.3252828480532517,0.8109849315245254,0.01274855108105521,-0.006316710035354942,0.0012589491566557503,0.012547359379074422,0.009886210059709886,1.0,6.123233995736766e-17,0.9749279121818236,-0.22252093395631434,1
2026-03-04T07:00:00+00:00,2026-03-04T08:00:00+00:00,0.013240217539501007,0.017964223748693574,0.023619436296390742,0.01762228701004206,0.013235101043255218,0.0017193690663078645,0.002840696718247648,18528.9939,0.4270325932996128,0.013793042090896419,0.013367692446820876,0.018249556603180957,-0.00041956259948113363,0.0014540102437251823,0.0005459179636840827,0.00018344627554142247,0.5968452687672494,0.08694949361007381,0.1936905375344989,-0.6288331019829911,-3.153173234905685,2.5243401329226938,2.199057284869442,0.012941986284578676,0.028614225648482948,0.010098213431731317,0.022013619717520756,0.023457908041864824,0.9659258262890683,-0.25881904510252085,0.9749279121818236,-0.22252093395631434,1
2026-03-04T08:00:00+00:00,2026-03-04T09:00:00+00:00,0.028486706037726486,0.04210409376215081,0.04696267134754504,0.03207330487326215,0.028486706037726486,0.0014294644111817155,0.002946150379656021,60466.9033,2.2633667875512655,0.03845233028033227,0.04051181864603747,0.046763933240795794,0.0019832286043878723,0.0040640634727649935,0.0016562823533208492,0.00047021027258883463,0.7153882128997644,0.11854294413251494,0.4307764257995288,6.1554531370070436,-1.291447960523139,7.446901097530183,4.922560964607489,0.01397565042469205,0.1106309614277432,0.026721393034825888,0.045106956204675246,0.04638920022931706,0.8660254037844387,-0.4999999999999998,0.9749279121818236,-0.22252093395631434,1
2026-03-04T09:00:00+00:00,2026-03-04T10:00:00+00:00,0.005582179666716729,0.03422790361565875,0.04792130604495215,0.016562019631559077,0.005582179666716729,0.0069004399512344,0.004110387764247915,59530.1723,-0.015491631766761898,0.03986694476406982,0.044422973111663065,0.05205645410548929,0.00438135702892925,0.0042142055012645745,0.0018164761789435763,0.0005234543043262223,0.7324621664882198,0.017073953588455454,0.4649243329764397,12.319603858301207,1.4307624032417303,10.888841455059477,3.441940357529295,0.014088351101641621,0.013691268613062536,0.004146787570282564,0.037371217763825494,0.04730910324394422,0.7071067811865476,-0.7071067811865475,0.9749279121818236,-0.22252093395631434,0
2026-03-04T10:00:00+00:00,2026-03-04T11:00:00+00:00,-0.0013926167220018372,0.004181789107965804,0.03278762054272268,0.012324232510109327,-0.001397428731134537,0.008521767663607472,0.0024030805755812356,35518.5851,-0.4033515488413932,0.0346331540787762,0.041214006100162646,0.05006274484251862,0.006360565573839501,0.0036589341588699714,0.0016850389103711878,0.0005033964447264408,0.7207802488833663,-0.011681917604853567,0.44156049776673256,16.778131017625128,4.50023612611841,12.277894891506719,1.3890534364472416,0.013980586305355869,-0.00903117715054347,-0.008236223110239064,0.008349633608735153,0.03267626898244138,0.49999999999999994,-0.8660254037844387,0.9749279121818236,-0.22252093395631434,0
2026-03-04T11:00:00+00:00,2026-03-04T12:00:00+00:00,-0.00838182923651541,-0.009762773282961512,-0.004235091170755696,0.01530435967435039,-0.008377044196628977,0.0028662218913170865,0.00399032589283533,31815.4116,-0.10426016378676069,0.02343062433193233,0.031173024663980656,0.040833973242792046,0.007565144278443255,0.00247247958655724,0.0012739893373475315,0.0004105601813693368,0.6533349769839657,-0.06744527189940058,0.3066699539679314,18.694434279002735,7.339075756695276,11.355358522307458,-0.9225363691992605,0.014184873985387874,0.006107933292631674,-0.018123178364948297,-0.005993150684931665,-0.004192266291800519,0.258819045102521,-0.9659258262890682,0.9749279121818236,-0.22252093395631434,0
2026-03-04T12:00:00+00:00,2026-03-04T13:00:00+00:00,-0.0003114400696846537,-0.008690658868718558,-0.010071172833854605,0.011156922208213906,-0.0003114400696846537,0.002102875390029919,0.008742509723364813,34637.6336,0.08870612882468576,0.020864828685032172,0.029606178723280783,0.04009057327467174,0.008562690958320383,0.0022011320978069454,0.0012098774927577266,0.0004030827446531423,0.6509181816494946,-0.002416795334471118,0.30183636329898916,19.931715360948147,9.85760367754585,10.074111683402297,-1.2812468389051617,0.013972695178990675,-0.01526488453690025,-0.01149541434496823,0.0036936245889865227,-0.010085886028201901,1.2246467991473532e-16,-1.0,0.9749279121818236,-0.22252093395631434,1
2026-03-04T13:00:00+00:00,2026-03-04T14:00:00+00:00,0.004945651380255292,0.004632671036560136,-0.0037879884574926717,0.007624158993262374,0.004940759562681755,0.0019568997670128792,0.0007507907521955456,14580.9958,-0.5790418026709538,0.023387980838172055,0.033292234910953414,0.044764255993963324,0.00967790736087169,0.0024679685937211687,0.0013607157624393718,0.00045009451396998447,0.6716815438028455,0.0207633621533509,0.34336308760569095,21.484437401094056,12.18297042225549,9.301466978838565,-0.7726447045637315,0.013455376026169282,-0.03226103110611739,0.0025251421606475137,0.013808885418661584,-0.0037476179259447713,-0.25881904510252035,-0.9659258262890684,0.9749279121818236,-0.22252093395631434,1
2026-03-04T14:00:00+00:00,2026-03-04T15:00:00+00:00,0.007512751333259168,0.012495558162515309,0.012180226475325772,0.02268269230769223,0.0075176315585522655,0.014423076923076924,0.0007980769230768531,64561.6428,3.427793799926888,0.028033808709260453,0.03938169382039225,0.05206253898090884,0.011038435715824895,0.0029596609767291,0.0016100040206441658,0.0005235155228967381,0.7009265110829712,0.029244967280125708,0.4018530221659424,23.693385581822668,14.485053454168925,9.208332127653742,-0.09313485118482312,0.014021303581025435,0.04988832127195793,0.005545000555950264,0.013255130821954529,0.012146962643829806,-0.5000000000000001,-0.8660254037844386,0.9749279121818236,-0.22252093395631434,1
2026-03-04T15:00:00+00:00,2026-03-04T16:00:00+00:00,0.03376442307692309,0.041530838124670136,0.04668188655181986,0.036544927751914875,0.033769393122082436,0.003460094966584995,0.00041855987498994816,89214.3086,0.38184694085882215,0.05643186459884354,0.07134681982304913,0.0866378287986289,0.014118236796908061,0.005975693063228628,0.0029206202772138552,0.0008714907825914852,0.7914936549927859,0.09056714390981468,0.5829873099855718,30.75642605866915,17.73932797506897,13.017098083600178,3.808765955946436,0.015204886680924092,0.12102778581347454,0.019066350710900484,0.04237403166539002,0.04622282579043755,-0.7071067811865475,-0.7071067811865477,0.9749279121818236,-0.22252093395631434,0
2026-03-04T16:00:00+00:00,2026-03-04T17:00:00+00:00,-0.0036461215776917564,0.029995192307692247,0.0377332900619524,0.017093059620330517,-0.0036461215776917564,0.0072442459122755345,0.006189349278142525,58873.9925,-0.3400835199657648,0.047335330669010224,0.06462491594738744,0.08178588948981665,0.016508165791879734,0.00500761767447317,0.0026447278065137663,0.0008226449270041343,0.763690861960537,-0.027802793032248873,0.527381723921074,35.31423354270919,21.254309088597015,14.059924454112174,1.042826370511996,0.015391423508424979,0.008577362585611899,-0.007081713144271459,0.030446012438133857,0.0376310528324905,-0.8660254037844384,-0.5000000000000004,0.9749279121818236,-0.22252093395631434,1
2026-03-04T17:00:00+00:00,2026-03-04T18:00:00+00:00,0.001717707793632481,-0.001934676755509808,0.031764423076923155,0.012422707553807588,0.001717707793632481,0.005013815951949266,0.005694129268849478,43422.743,-0.2624460962113279,0.044247829118858294,0.0636816497849673,0.08274293688151471,0.018610352948980863,0.004679461593242681,0.0026060247240315385,0.0008322794183406897,0.7678136789655845,0.0041228170050474945,0.535627357931169,38.77628517786661,24.758704306450934,14.017580871415678,-0.042343582696496185,0.015154864923617508,-0.013678199102343504,-0.009086921389818694,0.007956301400102414,0.031836009292863815,-0.9659258262890683,-0.25881904510252063,0.9749279121818236,-0.22252093395631434,1
2026-03-04T18:00:00+00:00,2026-03-04T19:00:00+00:00,0.007972712912439795,0.009704115497178369,0.006022611534579937,0.01213491248994536,0.007972712912439795,0.0005547388566833426,0.0036705221017206404,20006.596,-0.5392599679849797,0.04732935740387725,0.06913654429030155,0.09038395040792611,0.020821708789372638,0.0050069825971296505,0.0028298854199582035,0.0009092073181615962,0.7864673655294832,0.018653686563898618,0.5729347310589662,42.41172409227329,28.289308263615403,14.122415828657886,0.1048349572422076,0.014827846456412773,-0.013777774025067135,0.0029441356064223464,0.01549641577902222,0.006044299128380521,-1.0,-1.8369701987210297e-16,0.9749279121818236,-0.22252093395631434,1
2026-03-04T19:00:00+00:00,2026-03-04T20:00:00+00:00,0.006624506513558919,0.014650034714617908,0.016392906987056675,0.01744653296655344,0.006624506513558919,0.009869070635726026,0.0009965511065389448,49507.3799,1.4745528874577163,0.0488466188454704,0.07301183301449461,0.09654222665641354,0.0230397979407364,0.005168323576556205,0.0029889822075229618,0.0009712159799968003,0.8008948743801766,0.014427508850693443,0.6017897487603531,45.91981185607028,31.81540898210638,14.104402873963902,-0.01801295469398312,0.014924284804615573,0.01317145889494423,0.006066402387750814,0.01841796336050666,0.016314927219631195,-0.9659258262890684,0.2588190451025203,0.9749279121818236,-0.22252093395631434,0
2026-03-04T20:00:00+00:00,2026-03-04T21:00:00+00:00,-0.012573995067760932,-0.006032785066429853,0.0018918301826128436,0.01411542557891844,-0.012573995067760932,0.000999939538539361,0.0003813722891174783,18222.5848,-0.6319218500997666,0.03215319245351748,0.05705251140578434,0.08186347562370959,0.024123666074295644,0.0033960406317399532,0.002334109314451789,0.0008234259712123478,0.7031395236218096,-0.09775535075836686,0.4062790472436194,45.96085142193897,34.6444974700729,11.31635395186607,-2.7880489220978326,0.015042981861684106,-0.004720716844194097,-0.02222373806275575,-0.005034682856627276,0.002023224358237783,-0.8660254037844386,0.5000000000000001,0.9749279121818236,-0.22252093395631434,0
2026-03-04T21:00:00+00:00,2026-03-04T22:00:00+00:00,-0.00012557380251425812,-0.012697989905901735,-0.006157601309183568,0.006288781595080601,-0.00012557380251425812,0.002623426641734751,0.0035397653800713193,11687.011,-0.35865240149685024,0.02888561895595941,0.05456582633120307,0.08084866478868401,0.024959244159036966,0.0030498648621297975,0.002232147972645855,0.0008132101682912939,0.7022292772429624,-0.0009102463788472903,0.4044585544859248,45.4476960798479,36.8051371920279,8.642558887820002,-2.673795064046068,0.014419436138480015,-0.04157130762903833,-0.013671857078626818,0.00025589607827636865,-0.006075062356716271,-0.7071067811865477,0.7071067811865474,0.9749279121818236,-0.22252093395631434,0
2026-03-04T22:00:00+00:00,2026-03-04T23:00:00+00:00,-0.008256351576381717,-0.008380888597433635,-0.02084950241330698,0.017231756335273404,-0.008251738493383159,0.006711661218229803,0.0021996988898321636,15161.2618,0.29727453837426865,0.018413041003768615,0.043981473647630144,0.07115820281242342,0.025106152036958165,0.0019419788146644123,0.0017983905924931324,0.0007156696339435957,0.6432727516840222,-0.058956525558940175,0.28654550336804446,43.11177441775544,38.06646463717341,5.045309780582031,-3.597249107237971,0.014731784700760687,0.013226437331670492,-0.010975196797431941,-0.00473334111331538,-0.02095592044665691,-0.5000000000000004,0.8660254037844384,0.9749279121818236,-0.22252093395631434,0
2026-03-04T23:00:00+00:00,2026-03-05T00:00:00+00:00,-0.002265361543259929,-0.010503009498292878,-0.010627264397966591,0.009481591515926474,-0.002265361543259929,0.0022234966718062588,0.004987589786017885,15610.2787,0.029616064013880464,0.014549747739206757,0.03991931035072782,0.06800123943618896,0.025005735468422188,0.0015339016443356873,0.0016320187515825196,0.0006838969374430454,0.6278263978679205,-0.015446353816101705,0.25565279573584104,40.405034945543775,38.534178698847484,1.8708562466962917,-3.174453533885739,0.014387830308402056,-0.02556024524379526,-0.017041253881413414,-6.58074099142965e-05,-0.010647286922155904,-0.2588190451025207,0.9659258262890683,0.9749279121818236,-0.22252093395631434,1
2026-03-05T00:00:00+00:00,2026-03-05T01:00:00+00:00,0.00039957128351693664,-0.0018666954331624625,-0.010107634915761965,0.006512760028757701,0.00039957128351693664,0.00339734884617012,0.0027159994925122994,14409.8472,-0.0769000684145377,0.013511589798168671,0.03869187293262162,0.06770101066316866,0.02484459318266638,0.0014242983508669026,0.0015817581272282348,0.0006808754434052212,0.6295124110484192,0.0016860131804985912,0.25902482209683825,37.891720145998534,38.405686988277694,-0.5139668422791601,-2.384823088975452,0.013819989097066035,-0.03908297001709412,-0.004076112390258529,0.005414164702102848,-0.010122141836124709,0.0,1.0,0.43388373911755823,-0.900968867902419,0
2026-03-05T01:00:00+00:00,2026-03-05T02:00:00+00:00,-0.006766503925982008,-0.006369636343123698,-0.008620568357167364,0.016255623944401446,-0.006771171069572423,0.006524012054519718,0.0029142794964351426,18721.1804,0.299193540372864,0.006016165440676618,0.030384123832476018,0.059838644062241375,0.024222233428152943,0.0006336818711210568,0.001241708246923093,0.0006017552993307861,0.5814550625535821,-0.048057348494836984,0.16291012510716427,34.34206644098731,37.59296287881962,-3.25089643783231,-2.73692959555315,0.014081388086558174,0.012020068941764482,-0.010129439532444228,-0.0036625029460287447,-0.008632294185725,0.25881904510252074,0.9659258262890683,0.43388373911755823,-0.900968867902419,1
2026-03-05T02:00:00+00:00,2026-03-05T03:00:00+00:00,0.0038415502453009094,-0.0029509475454977843,-0.0025525553758791934,0.010024271272710127,0.003846299415248997,0.005768551028583659,0.0004241581638662659,12365.0321,-0.3395164281414649,0.008931391219221737,0.03295125812286767,0.06323393460470117,0.023807235172472567,0.0009410311512191798,0.0013467606359270085,0.000635921069306602,0.5999987083378349,0.018543645784252688,0.19999741667566964,31.81738543061101,36.4378473891779,-4.620461958566885,-1.3695655207345752,0.01374155577587644,-0.02038459787882041,-0.009374722796730019,0.006775575662967182,-0.0025253823971641623,0.49999999999999994,0.8660254037844387,0.43388373911755823,-0.900968867902419,0
2026-03-05T03:00:00+00:00,2026-03-05T04:00:00+00:00,-0.0008011876428587403,0.003037284799856213,-0.0037497709256483474,0.008758814234841952,-0.0008011876428587403,0.001990425205763863,0.005966558969884249,8560.3435,-0.3076974300778402,0.007343742957839575,0.030825086603520933,0.06172305488842252,0.023310159823630456,0.0007736236053412995,0.0012597517780072946,0.000620717260844021,0.5940644808374703,-0.005934227500364458,0.18812896167494075,29.341155175408858,35.01850894642409,-5.677353771015234,-1.0568918124483488,0.013395877030249363,-0.02593675436624538,-0.00653205816062118,0.003469296958567188,-0.003726141323539839,0.7071067811865475,0.7071067811865476,0.43388373911755823,-0.900968867902419,1
2026-03-05T04:00:00+00:00,2026-03-05T05:00:00+00:00,0.00811735018748675,0.00730965902396504,0.011179289691682527,0.011982071340344945,0.00811735018748675,0.0032002096043716034,0.0007298723659093205,15809.5877,0.8468403399933657,0.014021815988466567,0.03759790123007104,0.06959280893986204,0.023250076941019805,0.0014781623693907592,0.0015369668554325816,0.0006999147535032774,0.6335752356029531,0.03951075476548283,0.2671504712059064,28.439594090274113,33.7027259751941,-5.263131884919986,0.41422188609524824,0.013194731982909526,-0.007019979878299775,0.005310267300700336,0.014168446026097332,0.01115771278992892,0.8660254037844386,0.5000000000000001,0.43388373911755823,-0.900968867902419,0
2026-03-05T05:00:00+00:00,2026-03-05T06:00:00+00:00,-0.00828592282067599,-0.0002358323703511544,-0.0010368310672289832,0.011931215059089926,-0.008281282897045323,0.000929398721487158,0.002651381124242158,11146.2593,-0.29496837542449006,0.005081779234546608,0.027831520725486104,0.06008965338711625,0.022634716856836583,0.0005352104269241588,0.0011372723569248995,0.0006042810495067904,0.5718884715717604,-0.06168676403119278,0.14377694314352085,25.99638134163297,32.16145704848187,-6.165075706848903,-0.9019438219289171,0.013206850206499374,-0.007375118952888147,-0.011449491651898017,0.0005003327684922262,-0.0009697602760479797,0.9659258262890683,0.25881904510252074,0.43388373911755823,-0.900968867902419,1
2026-03-05T06:00:00+00:00,2026-03-05T07:00:00+00:00,0.004047838086476506,-0.004271624808174621,0.0038110511048746205,0.009759283536083968,0.004043101252087677,0.0012639611320205309,0.004468501994615132,8734.2192,-0.21639906582829993,0.008271532910276547,0.03069891291238743,0.06369931438573602,0.02224339304450703,0.0008714464324338116,0.0012545888745710545,0.0006406042254843225,0.5925843975163521,0.020695925944591666,0.18516879503270417,24.4703727056135,30.623240179908198,-6.152867474294698,0.012208232554204557,0.012911154894062981,-0.018432332017819714,-0.005183890208103577,0.006717028613595747,0.003879265453287267,1.0,6.123233995736766e-17,0.43388373911755823,-0.900968867902419,0
2026-03-05T07:00:00+00:00,2026-03-05T08:00:00+00:00,-0.010933968603017522,-0.0069303894510886485,-0.01515888759965569,0.01749201885071458,-0.010929321216791387,0.00204754484645808,0.004394382791121921,18349.1464,1.1008341993523592,-0.0024913508507394566,0.01865313824305068,0.051524066853559355,0.021197299002693876,-0.00026217870227426636,0.0007619326807622614,0.0005180981042706138,0.5192662011077099,-0.07331819640864218,0.03853240221541981,21.13962095140323,28.726516334207204,-7.586895382803974,-1.4340279085092753,0.013370895183026608,0.02428468587131243,-0.012182531488746661,-0.0024595407909390587,-0.015172053337217006,0.9659258262890683,-0.25881904510252085,0.43388373911755823,-0.900968867902419,1
2026-03-05T08:00:00+00:00,2026-03-05T09:00:00+00:00,0.006023867436910837,-0.0049759659435306075,-0.0009482697615173346,0.0118953174288359,0.006023867436910837,0.0005572240796359585,0.0053502956120964505,17772.7303,-0.03141378282316185,0.003181442374036038,0.023794106550597584,0.057249644995651515,0.02054729414429909,0.00033500085894367173,0.0009721321455694991,0.0005757045615821041,0.5518074172222709,0.032541216114561,0.1036148344445418,19.30066022145047,26.84134511165586,-7.540684890205387,0.04621049259858623,0.013191153285801583,-0.007499882178321615,-0.006982316778662118,0.01046423407818822,-0.0008622630796301786,0.8660254037844387,-0.4999999999999998,0.43388373911755823,-0.900968867902419,1
2026-03-05T09:00:00+00:00,2026-03-05T10:00:00+00:00,0.003688067849115027,0.009734151717847266,-0.0013062497944302074,0.009960243713096084,0.003688067849115027,0.005768190265590919,0.0005175374626549245,17983.0238,0.01183236882855302,0.006221809561750982,0.026460146991062146,0.06050359392913789,0.020113196948221338,0.0006553565331890262,0.0010811736736894533,0.0006084463026850177,0.5710664979715067,0.019259080749235765,0.14213299594301332,18.262948421955116,25.12566577371571,-6.862717351760594,0.6779675384447934,0.01291536514868728,-0.017296091494549304,0.0031291001595225897,0.015198483017533999,-0.0012220333169916577,0.7071067811865476,-0.7071067811865475,0.43388373911755823,-0.900968867902419,1
2026-03-05T10:00:00+00:00,2026-03-05T11:00:00+00:00,0.01444400009409785,0.018185338395572535,0.024318751900273664,0.020253692924889304,0.01444400009409785,0.003483060083945812,0.002532291352642458,21391.5276,0.18954008168526154,0.018741898590303233,0.03960314504838208,0.07501047395768745,0.02047745997975136,0.001976731187975661,0.0016190720568937105,0.000754442865071043,0.6370827064096375,0.06601620843813087,0.2741654128192751,19.690804437484985,24.038693506469563,-4.347889068984578,2.5148282827760156,0.013268773280370964,0.04220262361295496,0.00862605311291057,0.018714505749950452,0.024155935380123714,0.49999999999999994,-0.8660254037844387,0.43388373911755823,-0.900968867902419,0
2026-03-05T11:00:00+00:00,2026-03-05T12:00:00+00:00,-0.008454884864225595,0.005866992872097794,0.009576698588995392,0.012072481664421467,-0.008450286159525727,0.0014827495883850063,0.0020674300254453267,13375.4536,-0.3747312557519268,0.009155097795568641,0.029569320072686284,0.06522266822486357,0.020229023587861904,0.0009646241077485874,0.0012083694177455456,0.0006559341708709768,0.5799979629082213,-0.057084743501416284,0.1599959258164425,19.13085340193129,23.057125485561908,-3.926272083630618,0.4216169853539604,0.013288384825642749,-0.006989358888039838,-0.011896508693602406,0.008457587064090064,0.009677183078987281,0.258819045102521,-0.9659258262890682,0.43388373911755823,-0.900968867902419,1
2026-03-05T12:00:00+00:00,2026-03-05T13:00:00+00:00,0.00015435563538389053,-0.00830183428796702,0.00602225411089425,0.00905880977434813,0.00015435563538389053,0.0021980591605283845,0.006706418800420973,15735.6277,0.17645563063371536,0.008416653913464963,0.0285291668868423,0.06469438220410106,0.01994464579231676,0.0008867491973228965,0.0011658133293827,0.0006506178243447174,0.5807303313760621,0.0007323684678409137,0.16146066275212434,18.500454688583886,22.145791326166304,-3.6453366375824174,0.28093544604820053,0.012984367988632086,-0.0227275647569238,-0.009753115578587579,0.002226388563393485,0.006143470865256144,1.2246467991473532e-16,-1.0,0.43388373911755823,-0.900968867902419,0
2026-03-05T13:00:00+00:00,2026-03-05T14:00:00+00:00,-0.009657430141470871,-0.009504565184852643,-0.017879090044755783,0.014421987155270101,-0.009657430141470871,0.0006941820929353041,0.003976199471099393,19573.7557,0.24391324408367915,-0.001196299675592697,0.017853934623868875,0.053841605320284265,0.019073051384645587,-0.0001259104262094651,0.0007292634631046634,0.0005414146326959641,0.5196652781230733,-0.06106505325298883,0.03933055624614667,16.14842772298607,20.94631860553026,-4.797890882544188,-1.1525542449617703,0.013204629333477361,0.007142323722986995,-0.011829487388879774,-0.002815999397244285,-0.017957959370312575,-0.25881904510252035,-0.9659258262890684,0.43388373911755823,-0.900968867902419,1
2026-03-05T14:00:00+00:00,2026-03-05T15:00:00+00:00,0.0007414053645637343,-0.008923184847421923,-0.008770206555904804,0.016478149464177045,0.0007414053645637343,0.005889098090290075,0.009848195284002647,30762.7829,0.5716341499040982,-0.00041239141652622016,0.017865791346434488,0.054050040575926314,0.018285723638434167,-4.340773847861235e-05,0.0007297481173075583,0.0005435117327350478,0.5237654626113472,0.004100184488273797,0.04753092522269427,14.246886052241734,19.606432094872552,-5.359546042630818,-0.5616551600866302,0.013429368236332135,0.01777372939298461,-0.009604060344343994,0.004736437857366482,-0.008761669141523248,-0.5000000000000001,-0.8660254037844386,0.43388373911755823,-0.900968867902419,0
2026-03-05T15:00:00+00:00,2026-03-05T16:00:00+00:00,-0.015199346914122055,-0.014469210426898317,-0.023986905179469175,0.026061831563614,-0.015203993997678253,0.001317706137156438,0.009305401157664771,58446.5912,0.8999123515577652,-0.014140250727741303,0.002300762496887399,0.037636527009384274,0.016676827750362177,-0.0014862352619471274,9.391749300953728e-05,0.0003783996850185605,0.44065851380137466,-0.08310694880997246,-0.11868297239725066,10.025257836675337,17.690197243233108,-7.664939406557771,-2.305393363926953,0.014524150155182778,0.06508305577954243,-0.02096498017967305,-0.004659636672342162,-0.024115371691029192,-0.7071067811865475,-0.7071067811865477,0.43388373911755823,-0.900968867902419,0
2026-03-05T16:00:00+00:00,2026-03-05T17:00:00+00:00,-0.003253536244106242,-0.018403431532156456,-0.017675670570457044,0.014768023767288372,-0.0032487601523753544,0.0002259430719605872,0.011282731699813118,28768.1394,-0.5077875576771019,-0.015721586247318575,-0.000922636875481955,0.0339080787812998,0.0150353285869735,-0.0016521696336765593,-3.765722985848775e-05,0.00034090088517963726,0.4253371464190965,-0.015321367382278198,-0.14932570716180707,6.0618139887342295,15.364520592333331,-9.302706603599102,-1.637767197041331,0.014585592431050742,0.0009630527158097788,-0.01968019680196791,0.006108708900432451,-0.017711477793664564,-0.8660254037844384,-0.5000000000000004,0.43388373911755823,-0.900968867902419,0
2026-03-05T17:00:00+00:00,2026-03-05T18:00:00+00:00,-0.00975401048952728,-0.012975811706980454,-0.027977934757475786,0.018908868477775315,-0.00975401048952728,0.006568343787016595,0.0024904363360973014,25380.2189,-0.11776641001677016,-0.022965991297063962,-0.010253598301196938,0.023580690733887782,0.01301120829227162,-0.0024116426875883234,-0.00041833913549990784,0.0002370480451309138,0.3825351820751484,-0.04280196434394803,-0.2349296358497031,1.2688957148343434,12.545395616833535,-11.276499901999191,-1.9737932984000892,0.015027805138956931,0.02026872342304547,-0.013193319983520309,0.001546166188554622,-0.028206893647755575,-0.9659258262890683,-0.25881904510252063,0.43388373911755823,-0.900968867902419,1
2026-03-05T18:00:00+00:00,2026-03-05T19:00:00+00:00,0.008112123036293394,-0.0017210131864222285,-0.004968950051749861,0.010300540790430622,0.008112123036293394,0.0008619900895217464,0.001391704669674961,12902.8648,-0.4916172767918877,-0.013627293647988639,-0.0021375988806486743,0.03155683691946341,0.011648431362049048,-0.0014323972578879672,-8.724132219157138e-05,0.00031725475855422437,0.4331286000538818,0.050593417978733374,-0.13374279989223636,-1.1677085819796957,9.802774777070889,-10.970483359050585,0.3060165429486066,0.014577854568074523,-0.02207196712719818,-0.008172135453980834,0.010629030295656476,-0.004895423697340128,-1.0,-1.8369701987210297e-16,0.43388373911755823,-0.900968867902419,0
2026-03-05T19:00:00+00:00,2026-03-05T20:00:00+00:00,-0.0010738759215829885,0.007029535701108811,-0.0027930409533835914,0.010273048072658528,-0.001078686314167284,0.00823868566690456,0.0009545112709462282,22325.8576,0.730302374399831,-0.013306429814420739,-0.003083717204503517,0.030136966248143892,0.010360574872292432,-0.0013987176711472854,-0.0001258501680887395,0.00030297584945827404,0.4280874755734214,-0.005041124480460369,-0.1438250488531571,-3.2413135600309033,7.19395710965053,-10.435270669681433,0.5352126893691516,0.014284920623632359,-0.021146745243070746,-0.0019341987509502506,0.008444377464158964,-0.002715763374816875,-0.9659258262890684,0.2588190451025203,0.43388373911755823,-0.900968867902419,1
2026-03-05T20:00:00+00:00,2026-03-05T21:00:00+00:00,0.008711120538382782,0.007627889954203618,0.015801891372312818,0.013658760388639012,0.008706257803574072,0.0029821786152942928,0.002045468665618322,15608.8619,-0.30086171023504155,-0.004264448673839168,0.005379730109485046,0.03870639020679457,0.009685482024298225,-0.0004486879228653681,0.00021962904712178563,0.0003891603336534599,0.48081866897114084,0.05273119339771938,-0.03836266205771835,-3.387513317079083,5.0776630243046075,-8.46517634138369,1.9700943282977423,0.014125643502765897,-0.002536026526581533,-0.000601808290625746,0.009674866578523112,0.015749367653093187,-0.8660254037844386,0.5000000000000001,0.43388373911755823,-0.900968867902419,0
2026-03-05T21:00:00+00:00,2026-03-05T22:00:00+00:00,-0.005653713624828514,0.0030081567326788895,0.0019310504240123295,0.0113380755551284,-0.005648961489567182,0.0033355762760742358,0.0023214457368066557,11396.4401,-0.26987373115268576,-0.008960204746862637,-0.0002924652455204838,0.032496520071278144,0.008746106405473039,-0.0009422906978188999,-1.1937214461238535e-05,0.0003267048928983735,0.4514706500376143,-0.02934801893352656,-0.09705869992477148,-4.407156849614694,3.1806990495207472,-7.587855899135441,0.8773204422482497,0.0140011110479258,-0.014419925513100175,-0.008610215040954586,0.005077073943644848,0.0019835309919712797,-0.7071067811865477,0.7071067811865474,0.43388373911755823,-0.900968867902419,0
2026-03-05T22:00:00+00:00,2026-03-05T23:00:00+00:00,-0.00023550898779187818,-0.005887891112247344,0.002771939296939779,0.003557504170452568,-0.00024031413864203285,0.0021104653119305575,0.0012066669551130556,4816.1385,-0.577399744328933,-0.008325311724887464,-0.0005072136847538427,0.03192218417446173,0.007883732571345723,-0.0008755812881812983,-2.0702170788910723e-05,0.00032092893393965435,0.45024478635160387,-0.0012258636860104132,-0.0995104272967923,-5.194887174539872,1.5055818047086234,-6.7004689792484955,0.8873869198869455,0.013258201709184594,-0.05328375454290812,-0.009169461169118208,0.0020907904054881543,0.00282189792576239,-0.5000000000000004,0.8660254037844384,0.43388373911755823,-0.900968867902419,0
2026-03-05T23:00:00+00:00,2026-03-06T00:00:00+00:00,-0.0034853925994298377,-0.0037200807459385667,-0.009352762099568306,0.0071061239061007584,-0.0034853925994298377,0.00209372557722166,0.001514815279372619,7822.1828,0.6241606839172087,-0.010671596112483394,-0.0038349351575684954,0.028035782383468096,0.0069104060169005365,-0.0011220654613756063,-0.00015650346844543736,0.00028184607194578455,0.43157268412186256,-0.0186721022297413,-0.1368546317562749,-6.331201392933963,-0.0617748348198941,-6.269426558114069,0.4310424211344266,0.01286182698041752,-0.033277759308347754,-0.005822541966426798,-0.002281478629187419,-0.009374615212050231,-0.2588190451025207,0.9659258262890683,0.43388373911755823,-0.900968867902419,1
2026-03-06T00:00:00+00:00,2026-03-06T01:00:00+00:00,0.0010420385361287565,-0.002446985976703225,-0.002681918677304589,0.006115603705024556,0.0010420385361287565,0.0025879268633554812,0.0024867230195373103,9180.2101,0.1736123195689061,-0.008730534026435787,-0.002687505473342852,0.028809069296357615,0.006096252089393112,-0.0009181597895948219,-0.00010968206947667394,0.0002896222416440408,0.43903681612342443,0.007464132001561907,-0.12192636775315108,-6.977017929933027,-1.4448234538425206,-5.532194476090506,0.7372320820235627,0.012367521647645648,-0.03742997782131485,-0.004523975149319887,0.0025607328527531177,-0.00267886305109296,0.0,1.0,-0.433883739117558,-0.9009688679024191,1
2026-03-06T01:00:00+00:00,2026-03-06T02:00:00+00:00,0.006086688321076476,0.0071350694209931995,0.0036248083034070137,0.01417383182046806,0.006081839780629625,0.0017866979618231112,0.006342059253227426,13630.6414,0.4847853427668284,-0.002440756882156022,0.0032497339328807395,0.034710030550292585,0.005704413902528023,-0.0002568557852242647,0.00013265979762957342,0.0003489662631149886,0.48187884040050855,0.04284202427708408,-0.03624231919898293,-6.3959680038788065,-2.4350523638497776,-3.960915640029029,1.5712788360614773,0.012427066387047292,0.010930598958818913,0.0034897302909551666,0.00964840160564892,0.0036433342577753946,0.25881904510252074,0.9659258262890683,-0.433883739117558,-0.9009688679024191,0
2026-03-06T02:00:00+00:00,2026-03-06T03:00:00+00:00,-0.0018010681867172266,0.004274657593661696,0.005321150487731803,0.006079975430564989,-0.0018058496115267726,0.0027208729827390473,0.0015499858437825502,7620.4022,-0.44093590489439477,-0.0038354122600838558,0.0013861534316592526,0.03250899198679978,0.005241669655804289,-0.0004035646761239734,5.6580892304419186e-05,0.0003268303207143121,0.470361904711886,-0.011516935688622568,-0.05927619057622806,-6.1677839535068415,-3.1815986817811903,-2.986185271725651,0.9747303683033777,0.011994523527014751,-0.03654489326984155,-0.0035813673268369384,0.01071884139509839,0.005327658670488006,0.49999999999999994,0.8660254037844387,-0.433883739117558,-0.9009688679024191,0
2026-03-06T03:00:00+00:00,2026-03-06T04:00:00+00:00,-4.3188460043328e-05,-0.0018441788613991373,0.0042312845177396845,0.0064641520299451955,-4.3188460043328e-05,0.00233227756982442,0.004088684134753806,8645.163,0.134475946689533,-0.0035103569428554665,0.0012901742160848432,0.0321309914253371,0.004817442100263775,-0.0003693747690074737,5.266294532478313e-05,0.00032302885088011886,0.4700723016862861,-0.0002896030255998738,-0.05985539662742781,-5.925898626822345,-3.7304586707894214,-2.195439956032924,0.7907453156927273,0.011599978035499696,-0.032935570622142515,-0.004552555019991949,0.0015091365239877383,0.004242431674315921,0.7071067811865475,0.7071067811865476,-0.433883739117558,-0.9009688679024191,0
2026-03-06T04:00:00+00:00,2026-03-06T05:00:00+00:00,-0.006209809002783402,-0.006252729270738736,-0.00804253586568628,0.013057377128342795,-0.006214578104529597,0.0009995847135973283,0.0058043518151878835,14588.3921,0.687462931583823,-0.008782825563182309,-0.004735320540342414,0.025459202287576442,0.0040833685364053286,-0.0009236540285230818,-0.0001932410400846972,0.00025593686669383395,0.42915890530043527,-0.04091339638585083,-0.14168218939912947,-6.701106434954909,-4.324588223622519,-2.3765182113323897,-0.18107825529946586,0.011771384317725328,0.008474863798305738,-0.008564931178934709,-0.00212983308276477,-0.008054065649543956,0.8660254037844386,0.5000000000000001,-0.433883739117558,-0.9009688679024191,0
2026-03-06T05:00:00+00:00,2026-03-06T06:00:00+00:00,-0.0009271510386989331,-0.007131202610615283,-0.0071740830849996015,0.007167921737701396,-0.0009319754499315922,0.0016046864577997253,0.0046303904414820764,10611.9387,-0.27257653706744,-0.008785967538799943,-0.005437402164483732,0.02425866573855597,0.003378246538743675,-0.0009239841520035523,-0.0002218855381052255,0.000243865141522686,0.42327220055863835,-0.005886704741796933,-0.15345559888272334,-7.3852594876520925,-4.936722476428434,-2.4485370112236584,-0.07201879989126869,0.011452709257144124,-0.027974063455649255,-0.008121272556427049,0.004905675040313919,-0.007180148501525663,0.9659258262890683,0.25881904510252074,-0.433883739117558,-0.9009688679024191,1
2026-03-06T06:00:00+00:00,2026-03-06T07:00:00+00:00,0.002460197009096516,0.0015307649961851949,-0.004688549764852664,0.008172495094092309,0.002465042316559944,0.0031339951688259086,0.002579519100495127,7652.8744,-0.27884295072303805,-0.005746346553851406,-0.0028736415153545352,0.026505028323078546,0.002889308003586294,-0.0006045129276917959,-0.00011727773474238184,0.0002664531725825301,0.44500638501021633,0.021734184451578,-0.10998722997956734,-7.431074449307744,-5.435592871004296,-1.9954815783034476,0.4530554329202108,0.011192309099268613,-0.02033273239337198,-7.713854564907481e-05,0.007123572371999102,-0.004676763032385819,1.0,6.123233995736766e-17,-0.433883739117558,-0.9009688679024191,1
2026-03-06T07:00:00+00:00,2026-03-06T08:00:00+00:00,0.004242947305487252,0.006713582800854482,0.0057802072568883455,0.009059788844984895,0.004238105340302002,0.002318960260798974,0.0025206089791293576,12517.3472,0.6356399629399381,-0.0013824789254789983,0.0013038235701521394,0.03054398694972758,0.002690021393516762,-0.00014550292323718572,5.3220120808152146e-05,0.0003070690056424797,0.481394468348146,0.03638808333792966,-0.03721106330370802,-6.680290451182373,-5.684532387039911,-0.9957580641424615,0.9997235141609861,0.010996076181206375,-0.013364279428990261,0.001105487544039128,0.009328448618420415,0.005775993275884835,0.9659258262890683,-0.25881904510252085,-0.433883739117558,-0.9009688679024191,0
2026-03-06T08:00:00+00:00,2026-03-06T09:00:00+00:00,-0.0032983968926892215,0.0009305554885897678,0.0033930418475161105,0.004094491223337636,-0.0032983968926892215,0.0,0.0007851789051812699,7247.9481,-0.4209677191026546,-0.004232837590314649,-0.001920637193730368,0.026867489062795416,0.0023220291689363625,-0.00044536341466450493,-7.838720980979236e-05,0.000270097948909412,0.4562450410731821,-0.025149427274963897,-0.08750991785363581,-6.563974891953876,-5.860420888022704,-0.7035540039311723,0.2922040602112892,0.010536896030976616,-0.04491920638028293,-0.00560436086335889,0.0034657940148589625,0.0034047474218945467,0.8660254037844387,-0.4999999999999998,-0.433883739117558,-0.9009688679024191,0
2026-03-06T09:00:00+00:00,2026-03-06T10:00:00+00:00,-0.007688009402878685,-0.010961048189242487,-0.0067646080336350965,0.015393203883495164,-0.007688009402878685,0.0007475728155339629,0.006898058252427202,21572.2567,1.9763260446084048,-0.01076827743775132,-0.009221119370766464,0.018780591356851443,0.0015639996491191156,-0.0011322195140950296,-0.00037623061646301445,0.00018878529503847438,0.40350539801554114,-0.052739643057640964,-0.19298920396891772,-7.671203728547425,-6.222577456127648,-1.4486262724197774,-0.7450722684886051,0.010959579434745521,0.03211819240012177,-0.010961048189242487,-0.00690825471357013,-0.006743458990080655,0.7071067811865476,-0.7071067811865475,-0.433883739117558,-0.9009688679024191,1
2026-03-06T10:00:00+00:00,2026-03-06T11:00:00+00:00,0.001650485436893248,-0.006050212913543587,-0.009328653802758668,0.005190462343704583,0.001650485436893248,0.002922361151497405,0.0006203353688088592,8988.1836,-0.5833452324902104,-0.008272708788994665,-0.007290537637168272,0.020254347320726448,0.0009903641460013227,-0.0008700537986619305,-0.00029748444145514906,0.00020360272523658307,0.41891562169564606,0.015410223680104949,-0.16216875660870783,-8.180044512448148,-6.614070867391748,-1.5659736450564008,-0.11734737263662343,0.01053073073784202,-0.03754413037751787,-0.00678700361010826,0.00860792163418539,-0.009335920858674658,0.49999999999999994,-0.8660254037844387,-0.433883739117558,-0.9009688679024191,0
2026-03-06T11:00:00+00:00,2026-03-06T12:00:00+00:00,-0.005994959775128376,-0.004354368932038738,-0.012008901905624307,0.008527422807077535,-0.005999777068057078,0.0019161104420707111,0.0005753206925302364,12852.7139,0.42995676011780626,-0.012881414474045906,-0.01272911506371704,0.01399531848494758,0.00015428684310276602,-0.0013541022864477464,-0.0005192859189186084,0.0001406762542103149,0.3804095430181293,-0.03850607867751677,-0.2391809139637414,-9.472269690575558,-7.18571063202851,-2.2865590585470486,-0.7205854134906478,0.01044661279796082,-0.013934926933796709,-0.008891337228125445,-0.003735330690914549,-0.012032483741113813,0.258819045102521,-0.9659258262890682,-0.433883739117558,-0.9009688679024191,0
2026-03-06T12:00:00+00:00,2026-03-06T13:00:00+00:00,-0.001223775371398867,-0.007211398662401914,-0.005572815533980592,0.008679436861734313,-0.001223775371398867,0.0019379844961239334,0.005516177533048228,19883.338,0.5470147514915118,-0.012764704122429114,-0.013398074437896522,0.012625904027077445,-0.0006415596343771259,-0.0013418500845393422,-0.000546561288533347,0.00012690961181560886,0.37291912424402646,-0.007490418774102849,-0.2541617515119471,-10.576978651324225,-7.863964235887653,-2.7130144154365725,-0.42645535688952396,0.010332271633423871,-0.012155666774337005,-0.0091034856385501,-0.000648827963021649,-0.005568249709633995,1.2246467991473532e-16,-1.0,-0.433883739117558,-0.9009688679024191,0
2026-03-06T13:00:00+00:00,2026-03-06T14:00:00+00:00,-0.013980825181106297,-0.015187491162976694,-0.021091402539497907,0.02117452521931995,-0.013980825181106297,0.006733073251876304,0.000262391825257045,37363.7986,0.8791512069049977,-0.024097843525364763,-0.026153134920523093,-0.0015162265896083158,-0.002106042477232449,-0.0025301969720676588,-0.0010663366071577357,-1.5238225979942031e-05,0.3002672748913035,-0.07265184935272295,-0.399465450217393,-13.606628365285815,-9.012497061767284,-4.59413130351853,-1.8811168880819578,0.011242755797533907,0.07290760323354165,-0.01709002433090019,-0.008511599140004475,-0.021199560327633538,-0.25881904510252035,-0.9659258262890684,-0.433883739117558,-0.9009688679024191,0
2026-03-06T14:00:00+00:00,2026-03-06T15:00:00+00:00,-0.01897637483414864,-0.03269189463612756,-0.03387566247202636,0.02641871262395595,-0.018981231651228603,0.002250763291362726,0.004819459514016782,77975.8063,1.086934659261331,-0.03871530949897909,-0.04295808628173424,-0.020264334978912037,-0.004413652713582501,-0.004058755109341025,-0.0017503222769935122,-0.00020362018845431493,0.23443901263171923,-0.06582826225958428,-0.5311219747365615,-18.88288807434128,-10.986575264282084,-7.896312810059197,-3.3021815065406663,0.01252869249340149,0.09323225993763311,-0.03907144104125848,-0.018718894693837106,-0.0341809753866538,-0.5000000000000001,-0.8660254037844386,-0.433883739117558,-0.9009688679024191,0
2026-03-06T15:00:00+00:00,2026-03-06T16:00:00+00:00,-0.00178648028058841,-0.02072895419529879,-0.03441997149161345,0.016056541675724588,-0.00178648028058841,0.008316439249548812,0.005950424922017574,36805.7997,-0.5279843653248635,-0.0367233108078918,-0.04299145069859952,-0.021800337928018082,-0.006507102228296169,-0.003850726251675284,-0.0017516793250308145,-0.00021905087984740266,0.22943618627190715,-0.005002826359812076,-0.5411276274561857,-23.0839133384236,-13.406042879110387,-9.677870459313212,-1.7815576492540153,0.012801502445599957,0.01994943372176584,-0.022891298441475003,0.003047667342799184,-0.03474368029584335,-0.7071067811865475,-0.7071067811865477,-0.433883739117558,-0.9009688679024191,0
2026-03-06T16:00:00+00:00,2026-03-06T17:00:00+00:00,-0.003397353906198668,-0.005177764881027474,-0.024055884507990646,0.009486174028174468,-0.003392315470171909,0.003535755774137761,0.0025465558086329165,26399.6306,-0.282731775557644,-0.0363251363435806,-0.04451002265944952,-0.024879861644899963,-0.008493410614461235,-0.0038091335838732277,-0.0018134410757582064,-0.00024998635195021783,0.2198454124796092,-0.009590773792297967,-0.5603091750407816,-26.6483187352012,-16.05449805032855,-10.59382068487265,-0.9159502255594383,0.01260521565941502,-0.018678367313526824,-0.013368368368368386,0.002568353812352487,-0.024160209020935717,-0.8660254037844384,-0.5000000000000004,-0.433883739117558,-0.9009688679024191,0
2026-03-06T17:00:00+00:00,2026-03-06T18:00:00+00:00,-0.0022979876121727257,-0.005687534441180783,-0.007463854053644856,0.013311232687262331,-0.002292926423440598,0.005516687343651557,0.0054963493257946805,23860.4367,-0.09618293295361496,-0.03499766337847152,-0.04495647180657054,-0.02685806602385515,-0.010319983745287902,-0.003670442784992896,-0.0018315971290561734,-0.00026985746908675135,0.21337041582104987,-0.00647499665855932,-0.5732591683579003,-29.498627023443305,-18.7433238449515,-10.755303178491804,-0.1614824936191539,0.012682604984275337,0.0038273724956333867,-0.009173942175448514,0.0002492028053115844,-0.007481821798959804,-0.9659258262890683,-0.25881904510252063,-0.433883739117558,-0.9009688679024191,1
2026-03-06T18:00:00+00:00,2026-03-06T19:00:00+00:00,0.003996420508857156,0.0016892491718620433,-0.001713843711609193,0.008533287417325935,0.003996420508857156,0.004476810728140172,7.596398294359976e-05,15172.6068,-0.36411026374886085,-0.02825909981473615,-0.03959026591238397,-0.02274563300790964,-0.0116606866043073,-0.0029658198332668307,-0.0016133222064174696,-0.00022854708100387318,0.2544035777257592,0.04103316190470935,-0.49119284454848156,-30.76859930598698,-21.148378937158597,-9.620220368828384,1.1350828096634196,0.012339347835654232,-0.023176936144366608,-0.0037888534051753507,0.009545233773869396,-0.0016989210095142379,-1.0,-1.8369701987210297e-16,-0.433883739117558,-0.9009688679024191,1
2026-03-06T19:00:00+00:00,2026-03-06T20:00:00+00:00,0.004623674428497691,0.008638573084667173,0.006320734138559033,0.009416509136736011,0.004623674428497691,0.004814114681789517,0.0,9611.9432,-0.36649362059524276,-0.021551429775397375,-0.03381784167463682,-0.018049035986978403,-0.012536593411776046,-0.0022634367869927667,-0.001378417411137382,-0.0001813644475732181,0.3000754533874233,0.045671875661664106,-0.39984909322515333,-30.68463343839585,-23.055629837406048,-7.629003600989801,1.9912167678385835,0.01207783956439335,-0.016667353579355094,0.00014620914966773397,0.008715505362018957,0.006322107325182121,-0.9659258262890684,0.2588190451025203,-0.433883739117558,-0.9009688679024191,0
2026-03-06T20:00:00+00:00,2026-03-06T21:00:00+00:00,-0.002580970384372976,0.0020307704773577795,0.00603530679899943,0.009819925908330543,-0.002580970384372976,0.002496676993677471,0.004735599884768814,14596.4669,0.5185760669080941,-0.021833815733497235,-0.03493729774044996,-0.02038278677350208,-0.013395967083833126,-0.0022930263388361263,-0.0014239815376934915,-0.0002048101725771091,0.28937053866866436,-0.010704914718758972,-0.4212589226626713,-30.677598830586476,-24.580023636042135,-6.097575194544341,1.5314284064454604,0.01194558085523277,-0.013503234473561977,-0.007359654843726407,0.0020307704773577795,0.00603912455298187,-0.8660254037844386,0.5000000000000001,-0.433883739117558,-0.9009688679024191,1
2026-03-06T21:00:00+00:00,2026-03-06T22:00:00+00:00,0.002597757033907235,1.0081915563947982e-05,0.004633802959556821,0.00661871083845411,0.0025926899284356335,0.00043855890551834046,0.003594166662465966,4970.5242,-0.6594707312356527,-0.01748750191828775,-0.03119820000953221,-0.01766362209374799,-0.013954731484855055,-0.0018374073950465294,-0.001271776443823284,-0.00017749233101799146,0.31576049824839286,0.026389959579728527,-0.3684790035032142,-29.91245662981737,-25.646510234797184,-4.265946395020187,1.8316287995241538,0.011536349635098106,-0.03174919590103808,-0.002473990415801393,0.00736825000253902,0.00464046107803195,-0.7071067811865477,0.7071067811865474,-0.433883739117558,-0.9009688679024191,1
2026-03-06T22:00:00+00:00,2026-03-06T23:00:00+00:00,0.0017391129011932057,0.004341387727872274,0.0017492123503465796,0.004191785509405176,0.0017441626003145726,0.0013536498223649391,0.0010970098932176929,4312.4784,-0.1323896179803329,-0.01429754426770229,-0.028388815068034885,-0.015798977957693753,-0.014295663684700788,-0.0015027430245038147,-0.0011573860509988358,-0.00015875848980712766,0.33364760660592124,0.017887108357528377,-0.3327047867881575,-28.69688987274958,-26.256586162387663,-2.440303710361917,1.8256426846582698,0.010993140313138153,-0.045429535892554586,0.001299983876168941,0.00796851144554176,0.001755899550727465,-0.5000000000000004,0.8660254037844384,-0.433883739117558,-0.9009688679024191,0
2026-03-06T23:00:00+00:00,2026-03-07T00:00:00+00:00,-0.004297460774348066,-0.002565821642629901,2.527001005744102e-05,0.005417753249641189,-0.00430247127911714,0.0002628014636019881,0.0008338892595063835,5536.8561,0.28391509160950235,-0.01679811113746523,-0.03132725144436979,-0.019833206796192705,-0.014777372248250367,-0.0017651011339419912,-0.0012770304322822729,-0.0001992889875024767,0.3119112620358246,-0.02173634457009669,-0.3761774759283509,-28.09874623262249,-26.62501817643463,-1.4737280561878592,0.9665756541740578,0.010638955833830318,-0.03637768310896631,-0.005643471312772949,-0.0014634786382582907,3.940916075237475e-05,-0.2588190451025207,0.9659258262890683,-0.433883739117558,-0.9009688679024191,1
2026-03-07T00:00:00+00:00,2026-03-07T01:00:00+00:00,0.0013999231811106301,-0.0029035537081953593,-0.0011694904147153836,0.0031794897675944153,0.0013999231811106301,0.0009185192661939168,0.0008630043654899374,3668.8535,-0.33737604269686544,-0.013973493646451686,-0.02882972820798355,-0.018280714576841443,-0.015066769976064955,-0.0014687337163366864,-0.0011753405493630286,-0.00018369202568191545,0.32722133597380576,0.015310073937981202,-0.3455573280523885,-27.08893288229342,-26.71780111760639,-0.371131764687032,1.1025962915008272,0.010092326279120404,-0.05005200524539865,-0.0031694126524965185,0.0022356767474444356,-0.0011584246920442304,0.0,1.0,-0.9749279121818236,-0.2225209339563146,0
2026-03-07T01:00:00+00:00,2026-03-07T02:00:00+00:00,-0.00038860430492819995,0.001010774860007682,-0.003291029679652964,0.0037613344911848682,-0.00038860430492819995,0.0011359735040491145,0.002236605610194511,7091.5619,0.9329095315471166,-0.013007150796480254,-0.028093929700610688,-0.018479952847082485,-0.015285601021633654,-0.0013673016944375656,-0.001145377613977259,-0.00018569368077006436,0.32505619130387997,-0.0021651446699257806,-0.34988761739224006,-26.050487290072397,-26.58433835209959,0.5338510620271926,0.9049828267142246,0.009643755779938517,-0.04481802229575468,-0.0013059240547176724,0.0018766091544130848,-0.003286141898165636,0.25881904510252074,0.9659258262890683,-0.9749279121818236,-0.2225209339563146,1
2026-03-07T02:00:00+00:00,2026-03-07T03:00:00+00:00,0.0014338510006663965,0.001044689495066712,0.0024460751612185487,0.006473340324272075,0.0014389070365078023,0.0005596111962572232,0.004476889570057327,7690.4614,0.08445241097028293,-0.010499546312480562,-0.025680177240494536,-0.016905594600004643,-0.015341711943073004,-0.001103995248761781,-0.0010470729885944685,-0.00016987661040096763,0.3423407593894609,0.017284568085580928,-0.3153184812210782,-24.713465959527866,-26.210163873585245,1.4966979140573784,0.9628468520301858,0.009404475902029589,-0.023413622853844056,-9.073952714627397e-05,0.0036786843769765877,0.0024451698768488267,0.49999999999999994,0.8660254037844387,-0.9749279121818236,-0.2225209339563146,0
2026-03-07T03:00:00+00:00,2026-03-07T04:00:00+00:00,-0.0016687505041542033,-0.00023729224306805102,-0.0006258043352090686,0.008186000474697147,-0.0016737836080119466,0.006317511779053732,0.00019189883901207908,9533.4524,0.2396463494374993,-0.011006295630192913,-0.02626337101886981,-0.01836498428835601,-0.015426868059184256,-0.0011572167327078985,-0.001070826428860048,-0.00018453864561842524,0.3316796100943992,-0.010661149295061704,-0.3366407798112016,-23.648352769391522,-25.6978016527465,2.0494488833549767,0.5527509692975983,0.009332039045480694,-0.009358278156875757,-0.0022271153817084656,0.004270231616957218,-0.0006235038084160067,0.7071067811865475,0.7071067811865476,-0.9749279121818236,-0.2225209339563146,0
2026-03-07T04:00:00+00:00,2026-03-07T05:00:00+00:00,-0.0024542851515748972,-0.004118940066145072,-0.0026909950118142022,0.008039081681727345,-0.0024593227015180727,0.0,0.005573695800744167,9092.372,-0.04626659697802663,-0.012169750572913923,-0.02756051203361002,-0.020571740460515305,-0.015580370685775525,-0.0012793874470313506,-0.0011236548379970116,-0.00020670842320087555,0.3161134549152915,-0.01556615517910771,-0.367773090169417,-22.932057788294514,-25.144652879856103,2.212595091561589,0.1631462082066122,0.00926100479471151,-0.010047471604923856,-0.010365523736999286,-0.0022628205451983344,-0.0026891846550627036,0.8660254037844386,0.5000000000000001,-0.9749279121818236,-0.2225209339563146,1
2026-03-07T05:00:00+00:00,2026-03-07T06:00:00+00:00,0.0018528362062419734,-0.000605996333722204,-0.0022737355811889926,0.003744296390619479,0.0018528362062419734,0.0004345607147007342,0.0014603261226572239,6131.9838,-0.3255903080076354,-0.009363972971647764,-0.024773619228121192,-0.018573849869670738,-0.015555305718789894,-0.000984710754395666,-0.0010101467036049449,-0.0001866370181077064,0.34118914130190475,0.025075686386613255,-0.3176217173961905,-21.817558212924496,-24.479233946469783,2.6616757335452874,0.44908064198369857,0.00885105018873195,-0.04249593520903403,-0.000611043217420305,0.007468157243654395,-0.002270199449487127,0.9659258262890683,0.25881904510252074,-0.9749279121818236,-0.2225209339563146,0
2026-03-07T06:00:00+00:00,2026-03-07T07:00:00+00:00,-0.003663447885558941,-0.001817399448199012,-0.0042672241832937136,0.005173043372418573,-0.003663447885558941,0.0,0.0014961252890818586,9083.1526,0.48127472221958567,-0.011770241734131852,-0.02726499855883585,-0.021953506552816093,-0.015679306047101826,-0.001237439660021293,-0.0011116200098314055,-0.00022058958631039868,0.3164378004007847,-0.024751340901120075,-0.36712439919843065,-21.274089221248005,-23.83820500142543,2.564115780177424,-0.09755995336786327,0.0086185553893125,-0.029834700098433205,-0.004096228540257644,-0.0003548867911136578,-0.004264896830891865,1.0,6.123233995736766e-17,-0.9749279121818236,-0.2225209339563146,1
2026-03-07T07:00:00+00:00,2026-03-07T08:00:00+00:00,0.005670061265062717,0.0019858414055512925,0.0038423570506493257,0.008633644991779942,0.005664960923434312,0.0006303771168063582,0.00237021795919193,16455.6679,0.8116692105337965,-0.005582871856492923,-0.02091444711071399,-0.016247312682958544,-0.015417650018603181,-0.0005873255676958234,-0.0008529228041566484,-0.00016326291557107125,0.38993459661723967,0.073496796216455,-0.22013080676552066,-19.714002812142553,-23.013364563568853,3.2993617514263,0.7352459712488759,0.008574511874417377,0.0005307725650292042,0.0019858414055512925,0.007176924131836038,0.0038594495857457497,0.9659258262890683,-0.25881904510252085,-0.9749279121818236,-0.2225209339563146,0
2026-03-07T08:00:00+00:00,2026-03-07T09:00:00+00:00,-0.0024761213148154163,0.00317990019069257,-0.0004951970934962523,0.006127308483693317,-0.0024761213148154163,0.0023659904045943876,0.0012790503682957148,9725.3345,-0.40899788698336575,-0.007284544168814117,-0.02244407723498359,-0.01850074049070337,-0.015270773691618032,-0.0007662066003149083,-0.0009152463418529777,-0.0001859025241843481,0.371064912440872,-0.018869684176367727,-0.2578701751182561,-18.658732801451606,-22.142438211145404,3.4837054096937976,0.18434365826749755,0.008419475563758726,-0.020512415882984854,-0.0031045413997651847,0.005571738677322127,-0.0004695079353116403,0.8660254037844387,-0.4999999999999998,-0.9749279121818236,-0.2225209339563146,1
2026-03-07T09:00:00+00:00,2026-03-07T10:00:00+00:00,0.004206205163723471,0.001719668774647672,0.0073994806670182565,0.007068240743071445,0.00421128198905973,0.0015455483676090134,0.0013290709089535443,9442.4762,-0.029084685981752265,-0.002813719149739602,-0.017626035244674387,-0.014231379955399442,-0.014854111392612545,-0.0002960932659417713,-0.0007189128025419835,-0.00014300848992208803,0.42209818708243796,0.051033274641566,-0.1558036258351241,-16.955615467702728,-21.105073662456867,4.149458194754139,0.6657527850603415,0.008290212063115109,-0.01121128829706352,-0.0006389551322687345,0.005492280435332781,0.0074001451139707715,0.7071067811865476,-0.7071067811865475,-0.9749279121818236,-0.2225209339563146,0
2026-03-07T10:00:00+00:00,2026-03-07T11:00:00+00:00,-0.001001837541218823,0.0032001536882655607,0.000716108404691945,0.0027011227801407647,-0.001001837541218823,0.001174182104053778,0.000524098449878028,4111.341,-0.5645908008748806,-0.0034508729893323663,-0.017893460902513297,-0.015069809586441664,-0.014492600035187556,-0.00036311788585564604,-0.0007298123279248492,-0.0001514324374718447,0.4134566299371826,-0.008641557145255377,-0.17308674012563485,-15.586784331942681,-20.00141579635403,4.41463146441135,0.2651732696572111,0.007898711333715122,-0.04817897924691558,-0.0025434548762956906,0.004545960777166819,0.0007282463076892314,0.49999999999999994,-0.8660254037844387,-0.9749279121818236,-0.2225209339563146,1
2026-03-07T11:00:00+00:00,2026-03-07T12:00:00+00:00,0.0022929307182165443,0.0012887960329247981,0.005500422137176943,0.006430657998602231,0.0022929307182165443,0.003051922912550058,0.0010910498715375986,6240.1404,0.5177871161745036,-0.0010549382191384188,-0.015037388044046932,-0.012685573071380685,-0.013997216023052768,-0.00011103379845691539,-0.0006133944568805791,-0.00012747694425411298,0.4416056041969466,0.028148974259764047,-0.11678879160610676,-13.973748150570145,-18.795882267197253,4.822134116627108,0.4075026522157579,0.007777071313584618,-0.013142363359289913,0.00011565460506467515,0.0028185063428998575,0.005497298340721192,0.258819045102521,-0.9659258262890682,-0.9749279121818236,-0.2225209339563146,0
2026-03-07T12:00:00+00:00,2026-03-07T13:00:00+00:00,-0.00321784293909734,-0.0009322905118022482,-0.0019331940493870256,0.005604007041578669,-0.0032228546145647292,0.0010239544819445918,0.0013467775698483603,4069.8213,-0.347799722583165,-0.003864349567904443,-0.01750534789652338,-0.015707238234144383,-0.013693916408575335,-0.0004066082412129149,-0.0007139938443217162,-0.00015783677441534713,0.4116779092963829,-0.02992769490056368,-0.17664418140723412,-13.061269681966905,-17.648959750151185,4.58769006818428,-0.2344440484428283,0.007645165320078397,-0.02012414808081914,-0.006250689229967231,0.00016143760184439247,-0.0019267497620996188,1.2246467991473532e-16,-1.0,-0.9749279121818236,-0.2225209339563146,0
2026-03-07T13:00:00+00:00,2026-03-07T14:00:00+00:00,-0.0003429995308977325,-0.0035597387513764595,-0.001274970267491772,0.003305026162687998,-0.0003429995308977325,0.0008477013669184863,0.0021142075758262954,9076.3795,1.2301665923267933,-0.0038069749237388526,-0.017154646473337927,-0.015887736420153984,-0.013398679988325831,-0.00040057367892508454,-0.0006996997294629046,-0.00015965025064376142,0.4085101283496148,-0.003167780946768133,-0.18297974330077038,-12.251763534976135,-16.569520507116174,4.317756972140039,-0.269933096044241,0.007337591197573241,-0.04056039338082795,-0.004580727793264581,0.0010051317278163938,-0.0012679117517785284,-0.25881904510252035,-0.9659258262890684,-0.9749279121818236,-0.2225209339563146,1
2026-03-07T14:00:00+00:00,2026-03-07T15:00:00+00:00,0.0026087000398621846,0.0022648057260745264,-0.00096032500213689,0.009954705586311008,0.0026087000398621846,0.0016356316054353297,0.00571716155007544,9828.667,0.08288409491912502,-0.0010932646870924635,-0.014026539299046854,-0.013189688791587986,-0.012947429579502278,-0.00011506725138209332,-0.000572184225898566,-0.00013254211660620313,0.44356727433713755,0.03505714598752277,-0.11286545132572484,-11.065492182946628,-15.468714842282264,4.403222659335636,0.08546568719559744,0.007506799867716064,0.025729378235109387,0.001416195021646085,0.004732913978277088,-0.0009521424301328881,-0.5000000000000001,-0.8660254037844386,-0.9749279121818236,-0.2225209339563146,0
2026-03-07T15:00:00+00:00,2026-03-07T16:00:00+00:00,-0.0029994967287368074,-0.0003986214761104452,-0.000741484280028866,0.005648548237289532,-0.0030045143205117376,0.00020191414610512204,0.002433065460566135,6476.3298,-0.34107750318532504,-0.0037014492994951816,-0.01632880128454926,-0.01599150004324911,-0.012674265134859117,-0.0003894744925692035,-0.0006660377830996498,-0.00016069276708403134,0.4131658414251971,-0.030401432911940487,-0.17366831714960582,-10.485416426422717,-14.472055159110354,3.986638732687638,-0.4165839266479985,0.007395038802958248,-0.01784281742107011,-0.004627559351840239,0.0053642024491618425,-0.0007337962197723554,-0.7071067811865475,-0.7071067811865477,-0.9749279121818236,-0.2225209339563146,0
2026-03-07T16:00:00+00:00,2026-03-07T17:00:00+00:00,-0.0019080886806929556,-0.0049018621036738845,-0.0023059495516769535,0.003312665001062053,-0.0019030504333604145,0.0,0.0014059860615194626,5663.86,-0.1254521967056095,-0.005071612267221755,-0.017504280030503708,-0.01769441987597485,-0.012496042847478956,-0.0005335690749216392,-0.0007139503201703031,-0.0001778017465047259,0.3946893222367308,-0.0184765191884663,-0.21062135552653843,-10.212987655055713,-13.620241658299426,3.407254003243713,-0.5793847294439249,0.0071169294779052554,-0.03944388466418709,-0.0051071495061412045,0.000526257198085215,-0.002298885369567579,-0.8660254037844384,-0.5000000000000004,-0.9749279121818236,-0.2225209339563146,1
2026-03-07T17:00:00+00:00,2026-03-07T18:00:00+00:00,0.00016689762600767083,-0.0017415095101563046,-0.004735782586814334,0.0036812483881896517,0.00016689762600767083,0.0029733160058455542,0.0005410626065058664,3883.3234,-0.3143680458203415,-0.004440439344611144,-0.016671628818718632,-0.01735907080322667,-0.01228574357324794,-0.0004671962934534776,-0.0006800119147952418,-0.0001744325911108782,0.3972236267266275,0.002534304489896684,-0.20555274654674505,-9.856834199938476,-12.867560166627236,3.01072596668876,-0.39652803655495283,0.00687042091395798,-0.03447580979533334,-0.0017364704219522444,0.0015750982537173837,-0.004740687783422092,-0.9659258262890683,-0.25881904510252063,-0.9749279121818236,-0.2225209339563146,0
2026-03-07T18:00:00+00:00,2026-03-07T19:00:00+00:00,-0.00321603567979202,-0.0030496748025044622,-0.0049519444332269645,0.00599118316989897,-0.00321603567979202,0.0,0.002764771234204048,7635.9597,0.9663465834444795,-0.006919402508861466,-0.019071075736963844,-0.02031925578237926,-0.012236341399481234,-0.0007278280393368844,-0.0007778058017799544,-0.00020417193126313538,0.36546551173771086,-0.03175811498891662,-0.2690689765245783,-9.972818425132346,-12.288611818328258,2.3157933931959125,-0.6949325734928475,0.006828201682562375,-0.009341344939311444,-0.006171003342626815,-0.0025098801228626987,-0.004957226734477305,-1.0,-1.8369701987210297e-16,-0.9749279121818236,-0.2225209339563146,0
2026-03-07T19:00:00+00:00,2026-03-07T20:00:00+00:00,-0.008131978510878981,-0.011321861457632712,-0.011156853423424307,0.011835106382978773,-0.008126946763932986,5.114566284774399e-06,0.00363645662847797,17780.5108,1.3285233943809316,-0.013586409458874191,-0.02601485809710336,-0.028012429994735643,-0.012599632403088831,-0.0014281059606886454,-0.001060704653716503,-0.0002814527218097609,0.30029774901559575,-0.06516776272211508,-0.39940450196880845,-11.228785343160098,-12.076646523294626,0.8478611801345277,-1.4679322130613848,0.007237821049922796,0.05136953746000552,-0.011321861457632712,-0.005382087517423072,-0.011181116564663331,-0.9659258262890684,0.2588190451025203,-0.9749279121818236,-0.2225209339563146,1
2026-03-07T20:00:00+00:00,2026-03-07T21:00:00+00:00,0.005738543371522109,-0.0024401008507378367,-0.005648289079131593,0.0070635978071825305,0.005738543371522109,0.0012001505273542274,0.00015764689130498338,5668.1403,-0.6812161155685134,-0.00717640816541408,-0.01964033009554234,-0.022216366311458197,-0.0125540146634679,-0.0007548411702185582,-0.0008010040045911527,-0.00022323022057391004,0.383201425605447,0.08290367658985126,-0.23359714878910595,-11.189798907504837,-11.899277000136667,0.70947809263183,-0.13838308750269768,0.007187028796293973,-0.0013193441925471493,-0.0024401008507378367,0.00940921620664351,-0.005609470819148893,-0.8660254037844386,0.5000000000000001,-0.9749279121818236,-0.2225209339563146,1
2026-03-07T21:00:00+00:00,2026-03-07T22:00:00+00:00,0.0021409464915938792,0.007891775777414107,-0.00030437848449947955,0.00393782698933843,0.0021409464915938792,0.0005581971247773093,0.0012432572324586784,3666.4606,-0.35314575752473876,-0.004571994205171466,-0.016865134700630453,-0.019926745082305387,-0.012349602807933025,-0.0004810310456861078,-0.0006878993137160974,-0.00020022869523757427,0.4113831233127665,0.028181697707319486,-0.17723375337446698,-10.695894447575483,-11.65860048962443,0.9627060420489464,0.25322794941711635,0.006940685507858224,-0.032208532720476954,0.0009396682209287662,0.008051603926563648,-0.0002524886477629929,-0.7071067811865477,0.7071067811865474,-0.9749279121818236,-0.2225209339563146,0
2026-03-07T22:00:00+00:00,2026-03-07T23:00:00+00:00,-0.0021160745548378297,2.034153436191842e-05,0.005759001636661206,0.0064430499476216515,-0.0021110107478863782,0.0002084964860714593,0.00411907691994759,4432.0022,0.20879580705162903,-0.006046202159530503,-0.018216093609054212,-0.021786510515157342,-0.012243920669114427,-0.000636037531372088,-0.000742961622473059,-0.00021891197173046825,0.39226513706502186,-0.019117986247744623,-0.21546972586995622,-10.519691301504508,-11.430818652000445,0.9111273504959367,-0.05157869155300965,0.006918806966781444,-0.005261620398687249,-0.002672779741648188,0.0012678401401243445,0.005763415308278158,-0.5000000000000004,0.8660254037844384,-0.9749279121818236,-0.2225209339563146,1
2026-03-07T23:00:00+00:00,2026-03-08T00:00:00+00:00,0.0015916926863500309,-0.0005277500088805057,0.0016120665981834224,0.004457780553313112,0.001586599337899836,0.0023761290420849335,0.0004975654831716338,8011.5678,0.8076633174956457,-0.004040695553138596,-0.016010777245973388,-0.020032239007765473,-0.012018645379775603,-0.00042515553989885623,-0.0006530743272813551,-0.0002012885100323873,0.4142684100516669,0.022003272986645044,-0.17146317989666612,-10.012071271944706,-11.147069175989298,1.1349979040445923,0.2238705535486556,0.006732809617471565,-0.02533396094510516,-0.0007305824873289877,0.005734389999795757,0.0016165646231060804,-0.2588190451025207,0.9659258262890683,-0.9749279121818236,-0.2225209339563146,0
2026-03-08T00:00:00+00:00,2026-03-08T01:00:00+00:00,-0.0003452495189353299,0.0012458936362804457,-0.0008728173223791514,0.005429400023363093,-0.0003503249390738359,0.003936188043130463,0.0011427642705862634,6916.061,-0.13674062647263624,-0.003968631036966559,-0.015719382216168833,-0.020171968845084945,-0.011797571387170226,-0.00041757619275032787,-0.0006411960412457689,-0.00020269226274444952,0.4107887172744807,-0.0034796927771862584,-0.17842256545103866,-9.554510607509428,-10.828557462293324,1.2740468547838955,0.13904895073930312,0.00664186814126255,-0.01384779657925799,-0.002714927542838568,0.0017400241161237516,-0.0008696313874231288,0.0,1.0,-0.7818314824680299,0.6234898018587334,1
2026-03-08T01:00:00+00:00,2026-03-08T02:00:00+00:00,2.0315809254848427e-05,-0.0003249407237038534,0.0012662347568727606,0.004261154422407933,1.523677955425955e-05,0.0014982604941720437,0.002747657380837544,4903.0232,-0.29106709729714647,-0.0035737019999958113,-0.015093015771354258,-0.019955546254423244,-0.011560628010801856,-0.00037603770034886036,-0.0006156621866229625,-0.0002005180382656624,0.41110207100771684,0.00031335373323614134,-0.17779585798456637,-9.083948712496067,-10.479635712333872,1.395686999837805,0.12164014505390952,0.00647169186717258,-0.02560195306739655,-0.00424810984398304,0.0011644107268160046,0.0012667589766695495,0.25881904510252074,0.9659258262890683,-0.7818314824680299,0.6234898018587334,0
2026-03-08T02:00:00+00:00,2026-03-08T03:00:00+00:00,-0.01351481754234497,-0.013494776297545426,-0.013835366751455887,0.01763337005879506,-0.013509807307485315,0.0005354366382816415,0.0034031117106170395,30383.2688,5.196843775897288,-0.015442404505491907,-0.02732040889840817,-0.03288117578021082,-0.01206430629073596,-0.0016228782487485557,-0.0011138766258582938,-0.00033035490776304804,0.29768274786366816,-0.11341932314404865,-0.4046345042726637,-10.73448912281333,-10.530606394429764,-0.20388272838356514,-1.5995697282213701,0.007351283581523277,0.12056205302389542,-0.014990618185506451,-0.010781712341673876,-0.01383975125202545,0.49999999999999994,0.8660254037844387,-0.7818314824680299,0.6234898018587334,1
2026-03-08T03:00:00+00:00,2026-03-08T04:00:00+00:00,0.0027441127711935885,-0.01080779095456968,-0.010787694714334332,0.0052370268063891955,0.0027441127711935885,0.0020896763825493723,0.0004107472005010882,10074.5213,-0.6684187811944711,-0.011541274682173822,-0.02370746847729122,-0.029935527263210665,-0.012308246650567543,-0.0012133968984494585,-0.0009667163298112011,-0.00030076908122793545,0.33713137277427196,0.03944862491060377,-0.3257372544514561,-11.480132018385802,-10.720511519220972,-0.7596204991648303,-0.5557377707812652,0.007181584661693459,-0.020403490081547987,-0.011324988070944855,0.006168215608581803,-0.010750388961896533,0.7071067811865475,0.7071067811865476,-0.7818314824680299,0.6234898018587334,0
2026-03-08T04:00:00+00:00,2026-03-08T05:00:00+00:00,-0.004759533185806621,-0.002028481110413124,-0.015515884100662767,0.01205633512174984,-0.004759533185806621,0.002940569541890125,0.004333470903838264,34723.4901,2.4466640216443833,-0.014721427808523932,-0.027272562260720737,-0.03422053978790222,-0.012738665801165575,-0.0015472263607737703,-0.0011119280462795727,-0.0003438067792395145,0.30503971665585566,-0.032091656118416266,-0.3899205666882887,-12.672984634365548,-11.111006142249888,-1.56197849211566,-0.8023579929508298,0.007561672401926714,0.047913897239351994,-0.0068349267832805176,-0.0016172728864714983,-0.015530237956958001,0.8660254037844386,0.5000000000000001,-0.7818314824680299,0.6234898018587334,1
2026-03-08T05:00:00+00:00,2026-03-08T06:00:00+00:00,0.0054684275691291315,0.0006828672208330606,0.003428853856688367,0.007460236018470992,0.0054684275691291315,0.0018163160595176828,0.00020523345305289428,5846.9549,-0.8316138474801529,-0.00845211134947048,-0.02111053439336739,-0.028659544670596754,-0.012766325448107898,-0.0008889050762933381,-0.0008609126558015106,-0.0002879526841987892,0.3779560536277725,0.07291633697191685,-0.24408789274445497,-12.617550249342685,-11.412314963668447,-1.205235285674238,0.356743206441422,0.007516238920715079,-0.0005728194572846994,-0.00223715937072848,0.009844559585492229,0.0034530071545160993,0.9659258262890683,0.25881904510252074,-0.7818314824680299,0.6234898018587334,0
2026-03-08T06:00:00+00:00,2026-03-08T07:00:00+00:00,-0.0004874294510005364,0.0049783326454807385,0.0001951049202379673,0.004763738097071417,-0.0004874294510005364,0.001709401709401672,0.0025666692333359002,5507.1103,-0.05812334895895972,-0.008091314164472842,-0.020758672281536432,-0.02885148746026728,-0.012770689780171984,-0.0008509924754739684,-0.0008465754489481171,-0.0002898806429400538,0.3741669826311926,-0.0037890709965799373,-0.25166603473761484,-12.50611248045766,-11.63107446702629,-0.8750380134313698,0.3301972722428683,0.0073230353259544495,-0.026179723652331146,-0.0022995687668370475,0.005185758513931865,0.00022146493232197417,1.0,6.123233995736766e-17,-0.7818314824680299,0.6234898018587334,1
2026-03-08T07:00:00+00:00,2026-03-08T08:00:00+00:00,0.003685737019070385,0.0031965110312981108,0.008682418489475818,0.006761352884315414,0.003685737019070385,0.002649304685382315,0.00043984595162712315,7266.6162,0.3194971235640586,-0.004014676467537419,-0.016488007599990778,-0.02502691921871614,-0.012523609372288918,-0.0004224190096715327,-0.0006725273046808583,-0.0002514635764834076,0.4213808687657379,0.04721388613454529,-0.15723826246852426,-11.703520354061084,-11.645563644433249,-0.05795670962783461,0.8170813038035352,0.007257944318112096,-0.005235552210276819,0.0014854046190962036,0.006268495406705985,0.00866673513719898,0.9659258262890683,-0.25881904510252085,-0.7818314824680299,0.6234898018587334,1
2026-03-08T08:00:00+00:00,2026-03-08T09:00:00+00:00,0.0023015195143282377,0.005995739329072695,0.005505387378142647,0.005863052563363325,0.0023066457994496735,0.0004388359620967684,0.0031228791721309153,5926.3635,-0.18443972587956411,-0.0015586146897787656,-0.013674242334238385,-0.02256141772819704,-0.01213454071787622,-0.00016403779137548436,-0.0005578210022315685,-0.00022669651390396832,0.44941630852620057,0.02803543976046271,-0.10116738294759883,-10.58236104871844,-11.432923125290287,0.8505620765718476,0.9085187861996822,0.0071428336738198666,-0.013594933893072071,-0.0003468662167608121,0.006440049507238617,0.005499827082398086,0.8660254037844387,-0.4999999999999998,-0.7818314824680299,0.6234898018587334,1
2026-03-08T09:00:00+00:00,2026-03-08T10:00:00+00:00,0.0019441453669637886,0.004250139369792784,0.007951541284874623,0.006788759077991754,0.0019441453669637886,0.0033409046925450695,0.001507481385660611,10306.8601,0.7391542216403025,0.00034605927779933336,-0.011300845555166267,-0.020459757791027024,-0.01164287570780665,3.6428619395955164e-05,-0.0004610463404766797,-0.0002055834332038337,0.4727111786488349,0.02329487012263428,-0.05457764270233028,-9.27943155252433,-11.002224810737095,1.722793258212766,0.8722311816409185,0.00710467285262969,-0.0034087738132815605,0.0015046491107268962,0.007408547534759661,0.00793140190036241,0.7071067811865476,-0.7071067811865475,-0.7818314824680299,0.6234898018587334,1
2026-03-08T10:00:00+00:00,2026-03-08T11:00:00+00:00,0.005418784440347587,0.007373464711975653,0.009691954399226713,0.008327508129957781,0.005418784440347587,0.0028467515626740677,9.117709631343832e-05,41737.9695,3.0495329416569845,0.005214643669901919,-0.005711558648483385,-0.015003337759003593,-0.010869521636190283,0.0005492113275025782,-0.00023307050826961627,-0.00015076458077459807,0.5322319852486824,0.059520806599847514,0.06446397049736476,-7.304094408184028,-10.262598730226483,2.9585043220424545,1.2357110638296884,0.00715646211626681,0.012747749414972856,0.002070960864930793,0.008897315473969901,0.009664449321639613,0.49999999999999994,-0.8660254037844387,-0.7818314824680299,0.6234898018587334,0
2026-03-08T11:00:00+00:00,2026-03-08T12:00:00+00:00,-0.011549098866364746,-0.006192896503254252,-0.004260791027335352,0.015102132849573137,-0.011544091947501969,7.686867755120149e-05,0.0033463497627321177,12980.4562,-0.6890012534030914,-0.005789188238650264,-0.016531539673427242,-0.026123539260625432,-0.010804903052447967,-0.000609017107786658,-0.0006743017317386099,-0.0002624792198433876,0.4222407076097693,-0.10999127763891309,-0.15551858478046143,-7.4920314670832795,-9.708485277597841,2.2164538105145617,-0.7420505115278928,0.007801653809428308,0.07756480967509449,-0.014354985352055686,-0.0061017846956237225,-0.004186169059053371,0.258819045102521,-0.9659258262890682,-0.7818314824680299,0.6234898018587334,0
2026-03-08T12:00:00+00:00,2026-03-08T13:00:00+00:00,-0.002608410458239884,-0.014127384534338358,-0.008785153345488251,0.014663796248246645,-0.002613521643546465,0.0016852575926506188,0.010358168618242838,43903.3569,2.3822660947771617,-0.007590224491531305,-0.018361684810925902,-0.0283866930042104,-0.010853843427606058,-0.0007983331540708594,-0.0007488952584584618,-0.0002852120279189034,0.4022547011556014,-0.019986006454167864,-0.19549059768879715,-7.959936211610284,-9.35877546440033,1.3988392527900455,-0.8176145577245162,0.00831075260911598,0.06247661810847838,-0.014197293245269244,0.0007404169987402908,-0.008738724884257042,1.2246467991473532e-16,-1.0,-0.7818314824680299,0.6234898018587334,0
2026-03-08T13:00:00+00:00,2026-03-08T14:00:00+00:00,-0.0010275960930796542,-0.003633326158923503,-0.015140463382265093,0.011891230217714497,-0.0010224633660110617,0.0009772204763693127,0.00989049987399,24068.546,-0.4517834694321518,-0.007796411982485807,-0.01862493643758079,-0.029101238687445068,-0.010913611466303064,-0.000820001990435954,-0.0007596240199385122,-0.00029238924420361896,0.3943560786413861,-0.007898622514215319,-0.21128784271722778,-8.395360883685726,-9.166092548257408,0.7707316645716826,-0.6281075882183629,0.008574439257031488,0.030668171659334893,-0.005310359293384617,0.009428231739290626,-0.015185105417684284,-0.25881904510252035,-0.9659258262890684,-0.7818314824680299,0.6234898018587334,1
2026-03-08T14:00:00+00:00,2026-03-08T15:00:00+00:00,0.0006326216768074815,-0.0003956244958356575,-0.003003003003003068,0.0066408980632426525,0.0006326216768074815,0.002600847074304014,0.003407829269295552,8687.2684,-0.6390613541840042,-0.0064904182489319345,-0.01731027606773635,-0.028211570733755176,-0.010890541991285413,-0.0006827354747523588,-0.0007060430313448145,-0.000283453005821464,0.40213135452172283,0.007775275880336707,-0.19573729095655437,-8.54271228336097,-9.04141649527812,0.49870421191715053,-0.2720274526545321,0.008431295435509661,-0.01607218817868968,-0.0013653769158907707,0.010628240158748317,-0.003003384874512057,-0.5000000000000001,-0.8660254037844386,-0.7818314824680299,0.6234898018587334,0
2026-03-08T15:00:00+00:00,2026-03-08T16:00:00+00:00,-0.0011308030757843895,-0.0004988967695148498,-0.0015259801982233003,0.005315645390362847,-0.0011308030757843895,0.0011886874009426885,0.0029948747504270714,7003.0693,-0.19386981297826605,-0.006893749201963829,-0.017711887963277977,-0.02902729129781022,-0.010893233984400917,-0.0007251316133140788,-0.000722411946278507,-0.0002916464883440524,0.3924271542977367,-0.009704200223986064,-0.2151456914045265,-8.736304265632498,-8.980394049348996,0.2440897837164986,-0.25461442820065194,0.008217612151370034,-0.026446207103229345,-0.003721969875626732,0.002921049100461306,-0.0015257774920565622,-0.7071067811865475,-0.7071067811865477,-0.7818314824680299,0.6234898018587334,0
2026-03-08T16:00:00+00:00,2026-03-08T17:00:00+00:00,-0.003319062223411505,-0.004446112093424941,-0.003816303123505276,0.005488236174859495,-0.003319062223411505,0.0008518899048465261,0.001306231187431254,5289.182,-0.2447337341071293,-0.009228416955764339,-0.020166311086931597,-0.031939363714015845,-0.01103977376658259,-0.0009704695850306338,-0.0008224377775861206,-0.00032089562323613454,0.364643937575892,-0.027783216721844754,-0.270712124848216,-9.302949787176885,-9.044905196914574,-0.25804459026231186,-0.5021343739788104,0.008048067633346787,-0.023882431010549463,-0.005626774410497855,-0.000325161290322637,-0.003817243622388413,-0.8660254037844384,-0.5000000000000004,-0.7818314824680299,0.6234898018587334,0
2026-03-08T17:00:00+00:00,2026-03-08T18:00:00+00:00,-0.0005679266032309391,-0.00388510384290799,-0.005011513631317077,0.006999798529784108,-0.0005679266032309391,0.005052253108582218,0.001379296094060799,5606.9174,0.060072691769729326,-0.008866884789051356,-0.019926319769487694,-0.03217627775809846,-0.011158375006047995,-0.0009324859519524072,-0.0008126582237492741,-0.00032327513535223906,0.3599633602256189,-0.004680577350273083,-0.28007327954876216,-9.728635597080029,-9.181651276947665,-0.5469843201323634,-0.28893972987005156,0.007977437912894214,-0.009338927441104705,-0.004730150079435696,0.0007392702420464157,-0.0050177919024268335,-0.9659258262890683,-0.25881904510252063,-0.7818314824680299,0.6234898018587334,0
2026-03-08T18:00:00+00:00,2026-03-08T19:00:00+00:00,-0.002841246635705688,-0.0034075596193858695,-0.006715311940390649,0.004641837670377738,-0.0028463978344646554,0.0006527584223968621,0.0011345563055945825,12761.0118,1.275940751329777,-0.010582051850745646,-0.02183977635620502,-0.034590601277478976,-0.01137812845068901,-0.0011126608017315313,-0.0008906255222033584,-0.0003475234194315914,0.33669219318920623,-0.023271167036412663,-0.3266156136215875,-10.39002891712289,-9.423326804982711,-0.9667021121401795,-0.4197177920078161,0.00776028760048972,-0.02998446444250836,-0.008414455603215836,-0.0014639697894573108,-0.006728235462348132,-1.0,-1.8369701987210297e-16,-0.7818314824680299,0.6234898018587334,1
2026-03-08T19:00:00+00:00,2026-03-08T20:00:00+00:00,0.01794567599351391,0.015053441266266189,0.014476965413269963,0.021548060725427587,0.017940402428663255,0.0028856283493899695,0.001038215490785819,24494.582,0.9194858827730258,0.006486079078666753,-0.004118642568334627,-0.017096816420874246,-0.010536381841176482,0.0006832116256102957,-0.00016807960442941265,-0.00017179778116334748,0.5388860655512283,0.2021938723620221,0.07777213110245668,-8.026504835479727,-9.143962411082114,1.117457575602387,2.0841596877425665,0.0086180920865792,0.13046706855215062,0.01438793210258958,0.019101904485291147,0.014536502754577284,-0.9659258262890684,0.2588190451025203,-0.7818314824680299,0.6234898018587334,0
2026-03-08T20:00:00+00:00,2026-03-08T21:00:00+00:00,-0.0030790214310071106,0.014811399441528863,0.011928069966989838,0.00926048824316189,-0.0030790214310071106,0.0035939270800363294,0.002578030078719232,7830.7886,-0.680305277305814,0.0030635189401298666,-0.006905164213516582,-0.01992695556834225,-0.0099382371758268,0.0003225797020165249,-0.00028176402394539986,-0.00020023080982809537,0.5096647570554633,-0.029221308495765045,0.019329514110926597,-6.565891895896357,-8.628348308044963,2.062456412148606,0.944998836546219,0.008688693539825805,0.005087991540298446,-0.005947487541738994,0.01587976600423178,0.012025407926801113,-0.8660254037844386,0.5000000000000001,-0.7818314824680299,0.6234898018587334,0
2026-03-08T21:00:00+00:00,2026-03-08T22:00:00+00:00,-0.0025065599379230034,-0.005577863617163145,0.012267713843141148,0.009063691496711808,-0.0025116521259705062,0.0017247114818701185,0.004821003608075986,6632.1837,-0.15306311550793242,0.0004969417208800904,-0.009029333958180294,-0.022165782142835065,-0.009521544026586377,5.231239127263236e-05,-0.0003684084683708527,-0.00022272206365928752,0.4866032080859936,-0.02306154896946971,-0.026793583828012828,-5.738392961511636,-8.050357238738297,2.311964277226661,0.2495078650780549,0.00873575303347071,0.0028960401179165445,-0.009128020487334871,7.165486920432389e-05,0.012360094624583796,-0.7071067811865477,0.7071067811865474,-0.7818314824680299,0.6234898018587334,0
2026-03-08T22:00:00+00:00,2026-03-08T23:00:00+00:00,-0.005501676092018731,-0.007994445749058051,-0.011048852110274789,0.01945244956772332,-0.005496586384433508,0.0,0.013925483738163826,58211.1708,7.777074555398699,-0.004532728298773441,-0.01392134401265355,-0.027278901340370396,-0.00943136553132,-0.0004769017508117318,-0.0005678954344876187,-0.0002740846694644968,0.4396932226956453,-0.0469099853903483,-0.12061355460870943,-5.882222651534903,-7.616730321297618,1.7345076697627153,-0.5774566074639456,0.00954647416326351,0.08679269185159952,-0.009703196347031946,-0.0006839699053241284,-0.011087257460948845,-0.5000000000000004,0.8660254037844384,-0.7818314824680299,0.6234898018587334,0
2026-03-08T23:00:00+00:00,2026-03-09T00:00:00+00:00,-0.0031391519143681226,-0.00862355740935036,-0.011108501883748708,0.010128542666873222,-0.0031391519143681226,0.006194827319188478,0.0007846781270971978,10128.9597,-0.8259962897018385,-0.006933407702617192,-0.016360387130408428,-0.030039671936146834,-0.009492796858650383,-0.0007293001228975841,-0.000667325282875093,-0.0003018151307399983,0.41523151927477064,-0.024461703420874628,-0.16953696145045868,-6.414485540851956,-7.376281365208486,0.9617958243565301,-0.7727118454061852,0.009615965387239305,0.004117252835942197,-0.008618483679130446,0.01093865792687372,-0.011147387944309856,-0.2588190451025207,0.9659258262890683,-0.7818314824680299,0.6234898018587334,1
2026-03-09T00:00:00+00:00,2026-03-09T01:00:00+00:00,0.007170512621960715,0.004008851379168363,-0.0015148801146395948,0.018703324978600614,0.007165313275962702,0.007765288392047161,0.003823699762684488,17896.3422,0.7668489884504132,0.00016953925078813092,-0.008945464135003139,-0.022860112956675414,-0.009113458296899524,1.784655541894112e-05,-0.00036498772042612023,-0.00022969710607919724,0.4854315316882847,0.07020001241351402,-0.029136936623430643,-5.650366886717393,-7.031098469510267,1.3807315827928743,0.41893575843634423,0.010201492032655817,0.06849822625958972,-0.002153232405891999,0.007961437915250252,-0.0014703153844261383,0.0,1.0,0.0,1.0,0
2026-03-09T01:00:00+00:00,2026-03-09T02:00:00+00:00,-0.0025576758466214636,0.004594496928398168,0.0014409221902017056,0.010524152106885929,-0.0025576758466214636,0.006274409044193236,0.0016855087358684342,14979.5243,-0.162984025864235,-0.0021615790661954457,-0.011035022130867237,-0.02511332538594256,-0.008892665263748593,-0.00022748287831235981,-0.000450206289571324,-0.00025233154273174947,0.4638864614591503,-0.021545070229134353,-0.07222707708169934,-5.385369458130981,-6.70195266723441,1.3165832091034293,-0.06414837368944504,0.010248829695723287,0.002070724442165987,-0.0102434211195541,0.008473039152177808,0.0014736848609711289,0.25881904510252074,0.9659258262890683,0.0,1.0,1
2026-03-09T02:00:00+00:00,2026-03-09T03:00:00+00:00,0.007019527235354615,0.004443897713468584,0.011646275360074428,0.012690977006215423,0.007019527235354615,0.0018064358102936038,0.003913944255636219,12927.8319,-0.13696645894155665,0.004379538332283322,-0.003933078764592827,-0.018091578864931217,-0.008276370415389775,0.00046121665771735527,-0.00016050806015309224,-0.00018179185892644234,0.5259174545606721,0.062030993101521756,0.05183490912134417,-4.026692048747009,-6.16690054353693,2.1402084947899214,0.8236252856864921,0.010356931218476959,0.01764126138147376,-0.0018031784841075608,0.008719733157634685,0.011632364010693867,0.49999999999999994,0.8660254037844387,0.0,1.0,1
2026-03-09T03:00:00+00:00,2026-03-09T04:00:00+00:00,0.009093414163681422,0.01617677286742036,0.013577722079559613,0.023732224851831657,0.009093414163681422,0.014427453122155457,0.0002933025871311743,58780.551,3.5468220390458516,0.01221013266546291,0.00492261747772042,-0.009072335119479967,-0.0071996070307577395,0.001286931185891942,0.00020096354058607785,-9.117093453481186e-05,0.5922054729091293,0.06628801834845717,0.1844109458182585,-1.494774510924799,-5.232475337014504,3.7377008260897053,1.597492331299784,0.011225644680921725,0.09373364351892217,0.007273838630806832,0.020197799136370015,0.013555265552414576,0.7071067811865475,0.7071067811865476,0.0,1.0,0
2026-03-09T04:00:00+00:00,2026-03-09T05:00:00+00:00,-8.596799967639255e-05,0.00900666442137915,0.016089414182939334,0.00811203099159968,-8.596799967639255e-05,0.006109310123349363,0.0019167454774415564,10238.8798,-0.8258117757351406,0.010955883135950579,0.004645689274973121,-0.009067229757590166,-0.006241809327429256,0.0011545823795339057,0.00018965593295948977,-9.111963371792501e-05,0.5913559874025184,-0.0008494855066108897,0.18271197480503673,0.4923947795161894,-4.087501313708366,4.579896093224555,0.8421952671348496,0.011004139894502349,-0.019816304242403618,-0.014307007442634904,0.009305388243461226,0.016026973399359642,0.8660254037844386,0.5000000000000001,0.0,1.0,1
2026-03-09T05:00:00+00:00,2026-03-09T06:00:00+00:00,0.016836004470720305,0.01674858911341702,0.02599430513456407,0.01883517358002581,0.016836004470720305,0.0018203521336914762,0.0004575748532775517,43830.6334,3.2808035894707928,0.025244665259800143,0.02069692300837986,0.00753976513528658,-0.004435762901792686,0.0026644134194407925,0.0008454866114155086,7.578227654118412e-05,0.6862630923296122,0.09490710492709382,0.3725261846592244,4.699294995337368,-2.3301420518992186,7.029437047236587,2.449540954012032,0.011394315346960381,0.052890112463130835,0.010575202557349346,0.018788763225100293,0.025843450634725332,0.9659258262890683,0.25881904510252074,0.0,1.0,0
2026-03-09T06:00:00+00:00,2026-03-09T07:00:00+00:00,-0.012732517656420925,0.003889122090112352,0.003802819750389375,0.014780856423173876,-0.012732517656420925,0.0010579345088161897,0.0008261964735516877,15733.8756,-0.641030156776151,0.011016907696443472,0.0073966523101397985,-0.0052364038713704295,-0.0035808059773720924,0.001161020900688378,0.000301995349581224,-5.2624405112879796e-05,0.5755610067697261,-0.11070208555988614,0.1511220135394521,5.899580976447169,-0.6841974462299409,6.58377842267711,-0.4456586245594769,0.011772664112118792,0.020049744502524103,-0.014526426578495323,0.004356427628150264,0.004017518814622987,1.0,6.123233995736766e-17,0.0,1.0,0
2026-03-09T07:00:00+00:00,2026-03-09T08:00:00+00:00,-0.0005541561712845889,-0.013279618024470217,0.003332810737820648,0.011321135137859789,-0.0005591911375760827,0.0004536518977771515,0.010307979232824258,13845.4139,-0.12002520853793962,0.00945136300928339,0.006568463316772378,-0.00573039962367733,-0.002855907474250941,0.0009958710893115024,0.0002681724407188894,-5.7588639374429294e-05,0.5712965456299547,-0.004264461139771356,0.14259309125990938,6.684994996103342,0.7896410422367157,5.895353953866626,-0.6884244688104841,0.011746473303422027,-0.002777637164983262,-0.01430913698017586,0.0002722652468539201,0.0035493306430147906,0.9659258262890683,-0.25881904510252085,0.0,1.0,1
2026-03-09T08:00:00+00:00,2026-03-09T09:00:00+00:00,0.006507384444780409,0.0059496221662468235,-0.006858649159454872,0.010556838156860156,0.006502311092741033,0.001597548089202305,0.0024989858824825645,15655.8201,0.13075854669826817,0.01447243176405642,0.01259765579619349,0.000732329369341193,-0.0018480304729453303,0.0015257382006374249,0.0005144545599045129,7.3601483356041655e-06,0.6080054225255624,0.036708876895607784,0.21601084505112497,8.254023131206168,2.282517460030606,5.971505671175562,0.0761517173089361,0.011590979363032838,-0.00681625705981843,0.005488667663690632,0.01699050141332853,-0.006779289382925105,0.8660254037844387,-0.4999999999999998,0.0,1.0,1
2026-03-09T09:00:00+00:00,2026-03-09T10:00:00+00:00,0.0038411265969221274,0.01037350672916978,0.00981360201511336,0.017575630587484046,0.0038411265969221274,0.008740421455938688,0.005008780332056176,22759.616,0.45374792598696256,0.016590681612802197,0.015830380611883108,0.004530527624152125,-0.0007478929471524227,0.001749442743195228,0.0006465557483863814,4.553501428937486e-05,0.6283657007843317,0.020360278258769283,0.25673140156866353,10.00110758883693,3.8262354857918712,6.174872103045059,0.20336643186949743,0.01197727039733386,0.03729600688976095,0.002240000000000009,0.012916136074222276,0.009794354870417948,0.7071067811865476,-0.7071067811865475,0.0,1.0,0
2026-03-09T10:00:00+00:00,2026-03-09T11:00:00+00:00,-0.0045248643039591,-0.0007011182836623732,0.00580170371490498,0.007261665522373852,-0.004529830530459083,0.0012829443572999761,0.0014282778977754628,17147.8872,-0.24656517930706742,0.010836395944403969,0.010788588581507571,-1.468907581927622e-05,-4.729485709874156e-05,0.0011419758786509887,0.0004405445483833078,-1.4762888085703473e-07,0.589380816265113,-0.03898488451921885,0.1787616325302258,10.5324004534898,5.167468479331457,5.364931974158343,-0.8099401288867165,0.011690994638360075,-0.028318298914431966,-0.013150346191889178,0.004348767094329037,0.005823646737743437,0.49999999999999994,-0.8660254037844387,0.0,1.0,0
2026-03-09T11:00:00+00:00,2026-03-09T12:00:00+00:00,-0.0016086919480207257,-0.00612627713920816,-0.002308682348345561,0.009567312518823383,-0.0016086919480207257,0.0022989659672723256,0.005657062543921284,12567.4869,-0.26711164160212114,0.008325799721102903,0.008800063782056255,-0.0016072305450445018,0.0004703480373947897,0.0008771687212839865,0.0003593153379571167,-1.6152809886944334e-05,0.5757659865158421,-0.013614829749270854,0.15153197303168411,10.572559815215072,6.2484867465081795,4.324073068706893,-1.0408589054514499,0.011556795034466239,-0.013069112743356759,-0.007398918811190508,-0.0001806721002127414,-0.0022924296550576985,0.258819045102521,-0.9659258262890682,0.0,1.0,1
2026-03-09T12:00:00+00:00,2026-03-09T13:00:00+00:00,0.005014556771408498,0.003397797946286714,-0.0011424409323116038,0.010758219749374416,0.005014556771408498,0.005768683291795461,0.0,12668.2488,0.008017665011451057,0.012092208981350695,0.013308035964944698,0.0033653293011402003,0.0012013006056214057,0.001274486351226641,0.0005434803518781562,3.3823549030307896e-05,0.6062506371541287,0.03048465063828665,0.2125012743082574,11.280461767390534,7.254881750684651,4.0255800167058835,-0.2984930520010094,0.011446209681813677,-0.004602286726297311,0.001100005500027523,0.010732332793182996,-0.0011189994805713283,1.2246467991473532e-16,-1.0,0.0,1.0,1
2026-03-09T13:00:00+00:00,2026-03-09T14:00:00+00:00,0.007976265988742341,0.013030820198775241,0.01140116567522464,0.014305109604788466,0.007976265988742341,0.005866730090775716,0.0005252309033971268,41754.9438,2.2960312399295475,0.018209485781306475,0.020534384109394736,0.011254046220893115,0.0022833202406322955,0.0019204691090780768,0.0008388411916993164,0.00011311878658237922,0.6495983324723487,0.04334769531821998,0.2991966649446974,12.980493647101866,8.400004129968094,4.580489517133772,0.5549095004278888,0.011566310943660021,0.018552624872745647,0.002194920893461953,0.013030820198775241,0.011382130812130114,-0.25881904510252035,-0.9659258262890684,0.0,1.0,1
2026-03-09T14:00:00+00:00,2026-03-09T15:00:00+00:00,0.0020464185198397953,0.010039007287020667,0.015103905230398514,0.012372112802812644,0.0020513836929860873,0.005216858116293882,0.005108070553679321,39674.1034,-0.04983458749140984,0.018325069268269496,0.021716388862237663,0.01318917462103917,0.0033302917666605636,0.0019326827171510213,0.0008871695911046569,0.00013257209183423143,0.6600221451050503,0.010423812632701583,0.32004429021010056,14.493960291923031,9.618795362359082,4.875164929563949,0.2946754124301769,0.011601934271922982,0.005132642699315319,-0.003798029556650264,0.010574025675493273,0.015037241279990635,-0.5000000000000001,-0.8660254037844386,0.0,1.0,1
2026-03-09T15:00:00+00:00,2026-03-09T16:00:00+00:00,0.00016812623313181864,0.002214888809608766,0.010208821340632035,0.007554520599417576,0.00017801777210764503,0.003272966385349713,0.0041035681266469665,21397.2501,-0.460674639971826,0.016705299068590695,0.02101177107914948,0.013224829786428392,0.004235713155526944,0.0017615501358351302,0.0008583594584324281,0.00013293053035241817,0.6609164399247621,0.0008942948197118028,0.32183287984952413,15.54167392770114,10.803371075427494,4.738302852273646,-0.13686207729030286,0.011311022338100557,-0.02491052332051758,-0.005022530056472624,0.007376159217459819,0.010190810741713956,-0.7071067811865475,-0.7071067811865477,0.0,1.0,1
2026-03-09T16:00:00+00:00,2026-03-09T17:00:00+00:00,0.0024225884121168296,0.0025911219459128065,0.004642842985689881,0.01004177496757133,0.0024176324012181467,0.005800160786770105,0.0018298126291596357,18205.4291,-0.14916968232287006,0.01731119709131638,0.022543509321442654,0.015521020521079263,0.005143275966180691,0.001825557861395443,0.0009209906809569423,0.00015601449271575042,0.6742167181513764,0.013300278226614353,0.34843343630275286,16.57630228704079,11.957957317750154,4.618344969290636,-0.11995788298301058,0.011194978635238098,-0.007861612742758406,-0.0008476037945053726,0.006732970203131102,0.004637133165088444,-0.8660254037844384,-0.5000000000000004,0.0,1.0,0
2026-03-09T17:00:00+00:00,2026-03-09T18:00:00+00:00,-0.005223103973800594,-0.0028131689928459747,-0.002645515727220087,0.013257707219847892,-0.0052280102981938255,0.002459170823128123,0.005543050363421849,20457.1836,0.12368587895574507,0.010842650027990296,0.016516901671408124,0.01011416025040467,0.005613387645704014,0.0011426357081140215,0.0006746140491969611,0.00010166018550562093,0.6178144442857539,-0.056402273865622445,0.23562888857150796,16.35321849692741,12.837009553585606,3.5162089433418053,-1.1021360259488304,0.011396897401153511,0.012719236940948566,-0.010959696757204668,-0.0009856706275106165,-0.0026323893285519454,-0.9659258262890683,-0.25881904510252063,0.0,1.0,0
2026-03-09T18:00:00+00:00,2026-03-09T19:00:00+00:00,-0.002399674754826691,-0.00761024497787952,-0.005206093057059472,0.008324635952487452,-0.002399674754826691,0.002962079419511971,0.0029571094875999295,12319.782,-0.39777721895207513,0.007609241858960602,0.013518066487532924,0.007613112698344797,0.005864202493489441,0.0008016148990110926,0.0005520624205730993,7.65195502543018e-05,0.5933820739409152,-0.024432370344838715,0.18676414788183052,15.605979419238338,13.390803526716152,2.2151758925221863,-1.301033050819619,0.011202906599915984,-0.019380198453280012,-0.010036900369003735,0.0031608966177408652,-0.005200190316510455,-1.0,-1.8369701987210297e-16,0.0,1.0,1
2026-03-09T19:00:00+00:00,2026-03-09T20:00:00+00:00,0.010839421499925537,0.00841373565896855,0.0031466858690130895,0.021397210299374102,0.010834397721794625,0.00964152789454789,0.0010374107015550835,30136.5564,1.446192343338543,0.016736734190533238,0.023520472398563162,0.018347243765334264,0.00667206955341369,0.0017648707751133394,0.0009609418042345611,0.0001844284172709416,0.6588524441223913,0.06547037018147606,0.31770488824478266,16.58251883792377,14.029146588957676,2.5533722489660953,0.338196356443909,0.01181952104939263,0.06647660706765514,0.005442681299125013,0.013837449841736654,0.0032166427712982514,-0.9659258262890684,0.2588190451025203,0.0,1.0,0
2026-03-09T20:00:00+00:00,2026-03-09T21:00:00+00:00,-0.0039431439935886945,0.006853536106555436,0.0044374150941525504,0.009146597297977664,-0.0039431439935886945,0.001673338631416253,0.0035145047361900784,9526.1172,-0.6839016019759975,0.011501501387495757,0.018706189046353724,0.014187126282511273,0.007122765165425024,0.001212151889909447,0.0007641013253140882,0.0001426045168924992,0.6193607861633774,-0.03949165795901394,0.23872157232675476,16.5188671706494,14.527090705296022,1.9917764653533787,-0.5615957836127166,0.011672046315743137,-0.01637116192472518,-0.01345494565429111,0.00790547263681597,0.004496602751510152,-0.8660254037844386,0.5000000000000001,0.0,1.0,1
2026-03-09T21:00:00+00:00,2026-03-09T22:00:00+00:00,0.001214281130762188,-0.0027336509481737997,0.008076139356890812,0.0065077526067986525,0.001214281130762188,0.0034708013902926965,0.0018241427761481232,6364.9871,-0.33183825410000206,0.011503445284788938,0.019146125162802844,0.015262873704906515,0.007555762576628798,0.001212357007082671,0.0007820856764511573,0.00015341924948278314,0.626751071344467,0.007390285181089524,0.25350214268893384,16.47698774847572,14.917070113931961,1.5599176345437602,-0.4318588308096185,0.011290023377122548,-0.03155519317731859,-0.004393069258332129,0.0047454638220302105,0.00811055863709903,-0.7071067811865477,0.7071067811865474,0.0,1.0,0
2026-03-09T22:00:00+00:00,2026-03-09T23:00:00+00:00,-0.012729558508146985,-0.011530734640084174,-0.015428411286635154,0.01670386960494976,-0.012719823697327336,0.0014931112143138974,0.0023270562738136667,56062.1881,7.807902862835339,-0.0012419905924236211,0.005929337255225744,0.002315697771545534,0.007180245645191984,-0.00013071876220532584,0.00024207235036045698,2.327388609875566e-05,0.5139582785994548,-0.11279279274501221,0.0279165571989094,14.196689195507815,14.772993930247132,-0.5763047347393169,-2.136222369283077,0.011811898873668554,0.032906507482893414,-0.016144326148797097,-0.00972213293508527,-0.015458421370973491,-0.5000000000000004,0.8660254037844384,0.0,1.0,0
2026-03-09T23:00:00+00:00,2026-03-10T00:00:00+00:00,-0.004768967256420605,-0.01743781891685355,-0.016244712200563744,0.00930766992142429,-0.004763997363322196,0.002584070086001912,0.001936798161547094,25894.8364,-0.5381051422072483,-0.005436235783888979,0.0010876490853984882,-0.002439852271105153,0.0065595440976370396,-0.0005719080796549117,4.439581112084286e-05,-2.4520527081875222e-05,0.47958036794990916,-0.034377910649545526,-0.040839264100181655,11.486521506481722,14.11569944549405,-2.6291779390123278,-2.052873204273011,0.011685582970130066,-0.015411922167826969,-0.018874426481302758,-0.002447606701136647,-0.016284244633805404,-0.2588190451025207,0.9659258262890683,0.0,1.0,1
2026-03-10T00:00:00+00:00,2026-03-10T01:00:00+00:00,0.011234432859336207,0.006411888960464971,-0.006399290063351995,0.015629884338855895,0.011239506866636158,0.0035378119154299754,0.000977488004684017,30631.7801,0.18293004932829002,0.005187896653698613,0.011844873641714581,0.008679177574401443,0.006622619522357213,0.0005463927666214322,0.00048369808099442164,8.723552469356929e-05,0.5547719963761238,0.07519162842621462,0.10954399275224759,11.018367089079675,13.496232974211175,-2.4778658851315,0.1513120538808277,0.011846769395819119,0.025183010708035348,0.0038352916564972418,0.013196790540540541,-0.006264092905231383,0.0,1.0,0.7818314824680298,0.6234898018587336,1
2026-03-10T01:00:00+00:00,2026-03-10T02:00:00+00:00,0.0019053573289272668,0.013161195797248351,0.008329463229015328,0.009290762228792444,0.0019053573289272668,0.002862505633391263,0.004526522748995831,11925.195,-0.6106920668315976,0.006422304750825628,0.013225546648535754,0.010494481543494605,0.006759828220812835,0.0006764894075749421,0.0005401097916645621,0.00010548330186993053,0.5663443745572941,0.011572378181170392,0.1326887491145884,10.83233878953024,12.963454137274988,-2.131115347744748,0.3467505373867521,0.01164327729601024,-0.015304382994420376,-0.001626699629171799,0.01416875941737822,0.00837082293184287,0.25881904510252074,0.9659258262890683,0.7818314824680298,0.6234898018587336,1
2026-03-10T02:00:00+00:00,2026-03-10T03:00:00+00:00,0.011484689556806897,0.01341192932315168,0.024797037601982996,0.019672933803368615,0.011489698890649784,0.005772620446533472,0.002541128084606372,27247.3611,1.2848566501428278,0.016240488798864007,0.02386387518084852,0.021874989225616124,0.007501557422687326,0.0017124526175175778,0.0009749853922674122,0.00021989748221779904,0.6290503982407678,0.06270602368347361,0.2581007964815356,12.413059195415599,12.85337514890311,-0.4403159534875112,1.6907993942572368,0.012094065991529537,0.05064598857519396,0.008597573321349776,0.018028840162892627,0.02462447974507037,0.49999999999999994,0.8660254037844387,0.7818314824680298,0.6234898018587336,0
2026-03-10T03:00:00+00:00,2026-03-10T04:00:00+00:00,-0.0076380728554642265,0.00375889580578539,0.005671415174384884,0.012458061969607264,-0.0076380728554642265,0.002703769488849427,0.002057430432208331,13229.4664,-0.5144679753959733,0.0076647171244831,0.015404678359061976,0.013927885383474425,0.007681087868855798,0.0008074638006424212,0.0006291579728682177,0.0001399983443655218,0.5694028686198731,-0.0596475296208947,0.1388057372397462,12.265611545378079,12.735822428198103,-0.4702108828200249,-0.029894929332513698,0.012206503036253456,0.0015877939839271965,-0.01333372278124229,0.006350514644912371,0.005751974030269938,0.7071067811865475,0.7071067811865476,0.7818314824680298,0.6234898018587336,1
2026-03-10T04:00:00+00:00,2026-03-10T05:00:00+00:00,0.009325044404973401,0.0016157461809635499,0.013118992081061409,0.01024099330302588,0.009325044404973401,0.0007870166691107689,0.0002150853008750328,10644.7886,-0.19537279296465046,0.01541131426966914,0.02387465774754001,0.023144758212999817,0.008334891840316057,0.001624879557808972,0.0009754263558344768,0.00023266475560316797,0.6168099416324366,0.0474070730125635,0.2336198832648732,13.518003140985456,12.892258570755574,0.6257445702298821,1.095955453049907,0.01196139025413657,-0.010942715244090278,-0.0010645154989550479,0.011405941768885033,0.013171661106316072,0.8660254037844386,0.5000000000000001,0.7818314824680298,0.6234898018587336,0
2026-03-10T05:00:00+00:00,2026-03-10T06:00:00+00:00,-0.0008358996920369734,0.00848134991119008,0.0007784958871914992,0.0070695062108913536,-0.0008310154519991032,0.0041634254570715925,0.0020743741407736873,23562.7807,1.2135508355703748,0.01315737636167864,0.022096156990080128,0.022062832405909245,0.008822697082363745,0.0013869078347409777,0.0009026980877037033,0.00022178618731050532,0.6102634538439908,-0.0065464877884457455,0.22052690768798172,14.208760053316155,13.15555886726769,1.0532011860484651,0.4274566158185831,0.011621262074861043,-0.029247636038294045,-0.0016216401033551033,0.008700329655145242,0.000851071857472201,0.9659258262890683,0.25881904510252074,0.7818314824680298,0.6234898018587336,0
2026-03-10T06:00:00+00:00,2026-03-10T07:00:00+00:00,-0.0001125250123532983,-0.000948330644767099,0.008367870534833254,0.006404861627588437,-0.00011741682974560132,0.002612831252201895,0.0036745997573100517,11948.6825,-0.4929001524849739,0.011786503524770781,0.02110095075725377,0.021724694081007134,0.009205941372052459,0.0012422257919416434,0.0008620057100936334,0.00021838631614995243,0.6093267040250702,-0.0009367498189207169,0.21865340805014027,14.569680596557191,13.43838321312559,1.1312973834316011,0.078096197383136,0.011249876456319238,-0.032066354637603545,-0.005082270470255977,0.0019659271969604073,0.00837661970058313,1.0,6.123233995736766e-17,0.7818314824680298,0.6234898018587336,1
2026-03-10T07:00:00+00:00,2026-03-10T08:00:00+00:00,0.003542490311974013,0.0034295666808545986,0.0025908002150852785,0.009556313993174128,0.003537580060378623,0.004236957581667506,0.001794246708922508,14222.0333,0.19025953698242448,0.013886538469719201,0.023725851723369076,0.02508563726540063,0.009704550637885537,0.0014638807058374504,0.0009693408228572032,0.00025218053643078886,0.6286501645606426,0.019323460535572465,0.2573003291212852,15.263966713381024,13.803499913176676,1.4604668002043475,0.32916941677274636,0.011092032373851472,-0.01053795263473338,0.0008100168834843678,0.007243707796193984,0.0025940656075837416,0.9659258262890683,-0.25881904510252085,0.7818314824680298,0.6234898018587336,1
2026-03-10T08:00:00+00:00,2026-03-10T09:00:00+00:00,0.0030570453437347546,0.006610365209222213,0.006497096365442088,0.009478580837712114,0.0030570453437347546,0.006430852537586227,0.0,23588.6304,0.6585976071368079,0.015343496470426899,0.025775128848485204,0.027930738117959757,0.010273993396639775,0.0016177176753545564,0.0010531540420251888,0.0002807897566142388,0.6450252039858025,0.016375039425159985,0.2900504079716052,16.13414567427276,14.269629065395893,1.8645166088768654,0.40404980867251794,0.010945395013224939,-0.010203431431810513,-0.0011749340920235922,0.008421197104049363,0.006487010643355469,0.8660254037844387,-0.4999999999999998,0.7818314824680298,0.6234898018587336,1
2026-03-10T09:00:00+00:00,2026-03-10T10:00:00+00:00,0.005303144458432707,0.008376401755241266,0.011948565389282424,0.008838689088957538,0.005303144458432707,0.002814068407972306,0.0007494512083088426,13752.4454,-0.41698838945732086,0.018716964456845446,0.029954178965580346,0.03303886991267231,0.011030752309819737,0.0019740961625847897,0.001224116177985751,0.00033215923696980934,0.6721182742823693,0.02709307029656671,0.3442365485647386,17.502358299766,14.916174912269915,2.586183387496087,0.7216667786192215,0.010741301405968557,-0.013442268100072324,-0.0011205022941319313,0.008376401755241266,0.011902680114141475,0.7071067811865476,-0.7071067811865475,0.7818314824680298,0.6234898018587336,0
2026-03-10T10:00:00+00:00,2026-03-10T11:00:00+00:00,-0.0025723099536789397,0.0027171931734775432,0.005782545099951305,0.006621874484938316,-0.0025674871988279227,0.0005090020650939603,0.0035387762620828276,8922.8527,-0.35118064893389805,0.014541216147194802,0.02620597965475667,0.03007017918673483,0.011497574787409608,0.0015330008256372865,0.001070777159968384,0.0003023042163687546,0.6462176010170808,-0.025900673265288533,0.2924352020341615,17.950475219457076,15.523034973707347,2.427440245749729,-0.15874314174635806,0.010472779180477192,-0.027507044859183625,-0.00537126325940206,0.0034732356546613003,0.005787879848488522,0.49999999999999994,-0.8660254037844387,0.7818314824680298,0.6234898018587336,0
2026-03-10T11:00:00+00:00,2026-03-10T12:00:00+00:00,-0.00056717372967631,-0.003138024736724938,0.002148478323214781,0.008061347729290217,-0.00056717372967631,0.0023863917465768727,0.005107460384441987,14186.1361,0.5898655482679884,0.012618935166137048,0.0245943681795096,0.029183995533045345,0.011826198975242133,0.0013300757163544794,0.0010048604934062735,0.00029339254170524805,0.6403729679172337,-0.005844633099846988,0.28074593583446755,18.00366682070262,16.0191613431064,1.984505477596219,-0.44293476815350985,0.010306052814615668,-0.016478117727940736,-0.003639052396555101,0.002982155714257968,0.002163660775077457,0.258819045102521,-0.9659258262890682,0.7818314824680298,0.6234898018587336,0
2026-03-10T12:00:00+00:00,2026-03-10T13:00:00+00:00,-0.005757412608103008,-0.006321320884597094,-0.008877370441644187,0.007185996819233028,-0.005762235048746013,0.00019026060824868887,0.0012001053751062355,12900.4331,-0.09063095059408034,0.006138342279681126,0.017949045080187385,0.023021802277235624,0.011738646967519284,0.0006465590611054676,0.000733151201802425,0.00023142844399104417,0.5827844421981981,-0.0575885257190356,0.16556888439639636,16.893276573009643,16.19398438908705,0.6992921839225943,-1.2852132936736247,0.010138608628902082,-0.02191104032981518,-0.00868564354041534,-0.0006532888706876552,-0.008896896291458258,1.2246467991473532e-16,-1.0,0.7818314824680298,0.6234898018587336,0
2026-03-10T13:00:00+00:00,2026-03-10T14:00:00+00:00,-0.007898254480881274,-0.01361019357905405,-0.014169647964476511,0.017815433485934028,-0.007898254480881274,0.005138594532928712,0.004715705413472532,29276.7718,1.2694410003955603,-0.0016364481956750224,0.00951673717729275,0.014790842944213619,0.011171466899819025,-0.0001722280372015228,0.0003885891950420793,0.00014867378849109896,0.5147844029838766,-0.0680000392143215,0.02956880596775335,14.539286759882543,15.863044863246149,-1.3237581033636054,-2.0230502872861997,0.010761902734661275,0.05309346469177579,-0.013801531455950047,-0.006706197249140254,-0.014222840818660591,-0.25881904510252035,-0.9659258262890684,0.7818314824680298,0.6234898018587336,1
2026-03-10T14:00:00+00:00,2026-03-10T15:00:00+00:00,0.020436362563494806,0.012376696490423495,0.006548026133899858,0.03451250246965333,0.020436362563494806,0.0024479686197408077,0.012037451992347696,55294.6468,0.8886866071757271,0.01694889586324464,0.028931124846195963,0.03516351814937513,0.011782528140492366,0.001787282982778686,0.0011822583228299909,0.0003535271297187913,0.6331247836361648,0.11834038065228804,0.2662495672723294,15.84463050447107,15.859361991491133,-0.014731487020062772,1.3090266163435427,0.012258239602079796,0.16231801563218604,0.00724176928266687,0.02527123969882023,0.0067806954745105235,-0.5000000000000001,-0.8660254037844386,0.7818314824680298,0.6234898018587336,1
2026-03-10T15:00:00+00:00,2026-03-10T16:00:00+00:00,0.0020046357201026674,0.022481965745981224,0.014406142978407735,0.012744367230144035,0.0020046357201026674,0.003068266525596994,0.007675475509173558,42497.3487,-0.23143828273806785,0.01714816424538535,0.029742165623389365,0.03685445432380341,0.012381678324462601,0.0018083340900391972,0.001215441448336736,0.0003705337702885767,0.6425230706372759,0.009398287001111142,0.2850461412745517,17.01862197952505,16.091213989097916,0.9274079904271346,0.9421394774471974,0.012270190585585455,0.0029815248381824333,-0.0004422502848188325,0.03519776964627975,0.014542743802716198,-0.7071067811865475,-0.7071067811865477,0.7818314824680298,0.6234898018587336,1
2026-03-10T16:00:00+00:00,2026-03-10T17:00:00+00:00,0.0006588597398224882,0.0026648162336941413,0.02315563794790581,0.009006497750778691,0.0006636721267323547,0.0035901034257373675,0.004753162366873163,18680.3037,-0.5604360208005165,0.01609402785886463,0.029192829698518986,0.03715021164533412,0.012891328440593668,0.0016969830685943797,0.0011929655403418507,0.0003735084177096332,0.6457416362045306,0.0032185655672547853,0.29148327240906124,17.853759209501277,16.44372303317859,1.4100361763226879,0.48262818589555323,0.012029567729432353,-0.01896442085928775,-0.0024020366969838944,0.010435939647343804,0.02309985802341996,-0.8660254037844384,-0.5000000000000004,0.7818314824680298,0.6234898018587336,0
2026-03-10T17:00:00+00:00,2026-03-10T18:00:00+00:00,-0.004349455957553024,-0.0036934618991510985,-0.0016962302247023075,0.012965385413700119,-0.0043446708094832835,0.002162506576819676,0.006439249494369347,20761.3728,0.11140445751960663,0.010550976420149705,0.023724135086634363,0.03230391331944104,0.013035620145705295,0.0011118639653295297,0.0009692706201535142,0.00032476788535737764,0.6068708508380588,-0.03887078536647181,0.21374170167611767,17.582670039716504,16.67151243448617,0.9111576052303327,-0.4988785710923551,0.012145208874200123,0.005221808055535081,-0.007911157509613579,0.0010727487979899273,-0.0016859604976278684,-0.9659258262890683,-0.25881904510252063,0.7818314824680298,0.6234898018587336,0
2026-03-10T18:00:00+00:00,2026-03-10T19:00:00+00:00,-0.01544164852510294,-0.019723941712484015,-0.01907807728376649,0.018331306871666193,-0.01544164852510294,0.0007157985566363529,0.0019316755569501365,30444.7151,0.4664114648526517,-0.004574503347764866,0.007603349314379199,0.0161979814690979,0.01223381629574489,-0.00048129491185049225,0.00031043712964550705,0.00016282028973999934,0.4937331905996548,-0.113137660238404,-0.012533618800690363,14.617997099973536,16.260809367583644,-1.6428122676101076,-2.5539698728404403,0.012763950482757249,0.03471699628865702,-0.021825349248749508,-0.009060743418207898,-0.019132244742833475,-1.0,-1.8369701987210297e-16,0.7818314824680298,0.6234898018587336,0
2026-03-10T19:00:00+00:00,2026-03-10T20:00:00+00:00,-0.001304126137433363,-0.016725636805089657,-0.021002345341996916,0.008419161323894642,-0.001304126137433363,0.002272928100853149,0.004840404119743498,15745.2154,-0.4828259897232542,-0.0053163358793610034,0.006041177949358867,0.01472256499258544,0.011418216904929876,-0.0005593013100777692,0.0002466395078577394,0.00014798737433485687,0.48562610021389857,-0.008107090385756237,-0.028747799572202838,11.916467052027429,15.391940904472401,-3.4754738524449724,-1.8326615848348649,0.012469085399565255,-0.024375395673287302,-0.017418106920453674,0.0006287639875426001,-0.02109523062008933,-0.9659258262890684,0.2588190451025203,0.7818314824680298,0.6234898018587336,1
2026-03-10T20:00:00+00:00,2026-03-10T21:00:00+00:00,0.002719659109876174,0.0014119861939127126,-0.014051465725718925,0.005874980416731944,0.002719659109876174,0.0023940545198183165,0.0007686432711890649,7714.4161,-0.5100469632190614,-0.0023630434703755558,0.008430158738859224,0.017305301273261586,0.010818767426960571,-0.0002486795610276419,0.00034420654917170144,0.00017395288020358233,0.503896895357637,0.018270795143738427,0.007793790715274014,10.106020808741505,14.334756885326222,-4.228736076584717,-0.7532622241397444,0.011966673908795526,-0.037682492500623964,-0.0008560345544462435,0.007596834980958515,-0.01402611555266013,-0.8660254037844386,0.5000000000000001,0.7818314824680298,0.6234898018587336,0
2026-03-10T21:00:00+00:00,2026-03-10T22:00:00+00:00,-0.0065408115306281826,-0.0038389411984172646,-0.0051380608722937015,0.014936920954070542,-0.0065408115306281826,0.0028336290163611276,0.005519416518825175,10882.7716,0.4107058083112732,-0.008048697946451492,0.0017621506864685193,0.010544198447039676,0.009890453908986747,-0.0008465141694309785,7.192969132342267e-05,0.00010598307491069817,0.46133900637760034,-0.04255788898003665,-0.07732198724479929,7.506656705782461,12.96913684941747,-5.462480143635009,-1.2337440670502922,0.01225199385292381,0.017146114536562073,-0.00891352658184571,-0.0030705740745289737,-0.005125278558185372,-0.7071067811865477,0.7071067811865474,0.7818314824680298,0.6234898018587336,0
2026-03-10T22:00:00+00:00,2026-03-10T23:00:00+00:00,-0.0007687758722649051,-0.007304558984803308,-0.004604765785313783,0.005760391390976621,-0.0007687758722649051,0.0017853267838471773,0.003205697263814089,8497.767,-0.21915415370841745,-0.007978811642386924,0.0009530802882102669,0.009669189499336112,0.009003731004359696,-0.0008391701118030916,3.890274961847683e-05,9.718722835234761e-05,0.45649088672101684,-0.004848119656583521,-0.08701822655796633,5.26012748886842,11.42733497730766,-6.1672074884392405,-0.7047273448042315,0.011797060940748455,-0.037871567155537945,-0.0100912459539815,0.004777006937561992,-0.004589928293016915,-0.5000000000000004,0.8660254037844384,0.7818314824680298,0.6234898018587336,1
2026-03-10T23:00:00+00:00,2026-03-11T00:00:00+00:00,0.004374543804620095,0.0036024048886260326,-0.0029619692934356665,0.004787602319654703,0.004379497245552631,0.00038791854692585043,3.928289082801195e-05,6853.9595,-0.19343993545598506,-0.003293725301894602,0.005121632565832521,0.01394391770580839,0.008443167341628375,-0.0003465877617909986,0.00020908993663925786,0.0001401595183778898,0.48935030963482345,0.03285942291380664,-0.02129938073035305,4.147660125316179,9.971400006909365,-5.823739881593186,0.3434676068460547,0.01124867347979385,-0.0423138990788081,0.0018152123650889182,0.007604619175316846,-0.0029350435982729924,-0.2588190451025207,0.9659258262890683,0.7818314824680298,0.6234898018587336,1
2026-03-11T00:00:00+00:00,2026-03-11T01:00:00+00:00,0.0005745122783586002,0.004951569312106667,0.004178986792824768,0.0063307290644262545,0.000579425484900596,0.0019777393898943764,0.003773899729103713,10130.8412,0.47810053444290135,-0.0024625906100415253,0.005474370179163252,0.014379820751491294,0.00795655452566797,-0.00025915288658703,0.00022349361901899037,0.00014454170085666912,0.49369850686359557,0.004348197228772079,-0.012602986272808892,3.3221354373442864,8.64154709299635,-5.319411655652063,0.5043282259411228,0.010891394287633652,-0.03120563087230271,0.00018652137633147262,0.00499617765283229,0.00418028021071379,0.0,1.0,0.9749279121818236,-0.22252093395631434,0
2026-03-11T01:00:00+00:00,2026-03-11T02:00:00+00:00,-0.0007753916218445265,-0.00020132481549321233,0.0041723382849025515,0.006080251461126718,-0.0007753916218445265,0.0016305682432100272,0.0036736898973527914,7117.2212,-0.2974698685435915,-0.0029287779958477784,0.004509796283625984,0.01345620258930116,0.0074604242057271855,-0.0003081974056913803,0.00018410720692337148,0.0001352565088269776,0.4876595928986025,-0.0060389139649930715,-0.024680814202795033,2.511457856313882,7.415529245659856,-4.904071389345974,0.4153402663060888,0.010555589188586357,-0.03158363432479267,-0.002747696783578533,0.0035932393866354977,0.004173664461134169,0.25881904510252074,0.9659258262890683,0.9749279121818236,-0.22252093395631434,0
2026-03-11T02:00:00+00:00,2026-03-11T03:00:00+00:00,-0.004611757772211519,-0.005383573475717496,-0.004812154126422141,0.010040903730676766,-0.004611757772211519,0.001455560983071108,0.003952218126915045,11516.9943,0.6181869266617708,-0.006815054492336588,-0.00011794604340684084,0.008694241361041641,0.006743062789283965,-0.0007168599003213363,-4.814101044968022e-06,8.738694597225137e-05,0.45225394234592237,-0.035405650552680114,-0.09549211530815527,1.098631171958914,6.152149630919668,-5.053518458960754,-0.14944706961478005,0.010564238061737242,-0.003796172162625786,-0.007001469867711888,-0.0009415267521762846,-0.004812637115697445,0.49999999999999994,0.8660254037844387,0.9749279121818236,-0.22252093395631434,0
2026-03-11T03:00:00+00:00,2026-03-11T04:00:00+00:00,-0.002733494185157207,-0.007332645744315032,-0.008102351694083463,0.005551240123294824,-0.002728573543198289,0.0013111217760009616,0.0015040793203936152,7998.2934,-0.30552250077956544,-0.008630141173980544,-0.0027396155940583302,0.005877559861142881,0.005941804188900575,-0.0009076114062540071,-0.00011180854210740954,5.907444296201889e-05,0.43231136366531453,-0.01994257868060785,-0.13537727266937097,-0.4627416567745968,4.829171373380815,-5.291913030155412,-0.23839457119465735,0.010233054899154772,-0.033997260999497264,-0.008768789387214577,0.0012235597166493422,-0.008120643579213252,0.7071067811865475,0.7071067811865476,0.9749279121818236,-0.22252093395631434,1
2026-03-11T04:00:00+00:00,2026-03-11T05:00:00+00:00,0.008861204154029525,0.006103487918843787,0.001463582338784941,0.011348255095435246,0.008861204154029525,0.0011328638405556295,0.0014320183612217632,8679.2646,0.08513956239714848,0.00013986466495752642,0.005856801560422442,0.014641518842905786,0.00571613740982124,1.4722813069398917e-05,0.00023911028497607727,0.0001471725997316072,0.5078647494209146,0.07555338575560015,0.015729498841829326,-0.2520480991522618,3.812927478874199,-4.064975578026461,1.2269374521289507,0.010229251371655724,0.008486220205390757,0.004794638677409032,0.010380897167179427,0.0015159521966607989,0.8660254037844386,0.5000000000000001,0.9749279121818236,-0.22252093395631434,0
2026-03-11T05:00:00+00:00,2026-03-11T06:00:00+00:00,-0.01199070168899691,-0.0032357495905836536,-0.0059603988730503755,0.014950636096950862,-0.01199070168899691,0.0011962494353802344,0.0016181631366554742,10074.1241,0.16071171513770882,-0.010735821945367357,-0.005962278796688108,0.0024505653095539463,0.004825347217227981,-0.0011288108666203968,-0.0002432991093700863,2.4629403673581223e-05,0.42475528518800026,-0.0831094642329144,-0.15048942962399947,-2.0345298064380586,2.6434360218117474,-4.677965828249806,-0.6129902502233451,0.010681770155948695,0.03171657954770221,-0.013108715140174093,-0.00179363309798087,-0.005862991720124592,0.9659258262890683,0.25881904510252074,0.9749279121818236,-0.22252093395631434,1
2026-03-11T06:00:00+00:00,2026-03-11T07:00:00+00:00,0.00479988881333041,-0.007248366910567498,0.0015486079844841758,0.005927975102504569,0.00479988881333041,0.0008397964728548365,0.0003112186928815438,8491.4641,-0.15710149927575356,-0.005420320082459938,-0.0011443555009381433,0.007189436187716283,0.004299267990148675,-0.0005702346555898917,-4.670620622175296e-05,7.226086133231937e-05,0.4622374980382572,0.03748221285025693,-0.07552500392348563,-2.6364795223294095,1.587452912983516,-4.223932435312926,0.4540333929368803,0.010294831720334576,-0.03159816987979269,-0.008420320452218749,0.006428454237658941,0.0016703912783630256,1.0,6.123233995736766e-17,0.9749279121818236,-0.22252093395631434,0
2026-03-11T07:00:00+00:00,2026-03-11T08:00:00+00:00,-0.0058094156004544735,-0.001037411336076672,-0.013015673735213902,0.009207270414501065,-0.005814326857052517,0.0006906695022211236,0.002668269947429562,8583.0701,0.010788010044110249,-0.010142564138052916,-0.006676505787934536,0.0013249205600868658,0.0035015732817122395,-0.0010664996943683407,-0.0002724361986153634,1.3315961835938468e-05,0.4258930043675415,-0.036344493670715676,-0.148213991264917,-4.016166855038136,0.46672895937918546,-4.482895814417322,-0.2589633791043964,0.010273008311783427,-0.007916941773825542,-0.006643632773938813,-0.0007249255213505642,-0.013000228476120972,0.9659258262890683,-0.25881904510252085,0.9749279121818236,-0.22252093395631434,1
2026-03-11T08:00:00+00:00,2026-03-11T09:00:00+00:00,0.005575044471165804,-0.00026675887961268767,0.004531849520755613,0.008024666956556117,0.005575044471165804,0.0009684942878602385,0.0015120370004348073,14252.3433,0.6605181052872909,-0.004185521028048451,-0.0010940777481319643,0.006838151671155126,0.003104436966118426,-0.00044038713457219213,-4.465424052741931e-05,6.872986589347201e-05,0.4688067310517321,0.04291372668419058,-0.06238653789653583,-4.156307450692566,-0.4578783226351649,-3.698429128057401,0.784466686359921,0.01005952575973704,-0.015321728923014057,-0.000957693636767564,0.0082653686533776,0.004565517684041741,0.8660254037844387,-0.4999999999999998,0.9749279121818236,-0.22252093395631434,0
2026-03-11T09:00:00+00:00,2026-03-11T10:00:00+00:00,-0.002910424160967753,0.0026483945660707004,-0.003176406659092063,0.006387923899953961,-0.0029054972205065396,0.001808838032182495,0.0016651221337350276,6669.7704,-0.5320228919829625,-0.00641344619404927,-0.003845006596986923,0.0038687913181974214,0.002585018473955685,-0.0006746441473800149,-0.00015691441877600982,3.888383670001685e-05,0.44979905373063844,-0.019007677321093652,-0.10040189253872313,-4.688596436453963,-1.3040219453989246,-3.3845744910550386,0.3138546370023625,0.009824534076237063,-0.02620255180425114,-0.0038751653732994372,0.004175209506937055,-0.0031447952902564228,0.7071067811865476,-0.7071067811865475,0.9749279121818236,-0.22252093395631434,1
2026-03-11T10:00:00+00:00,2026-03-11T11:00:00+00:00,0.005357134007641807,0.002431118314424671,0.008019716378308058,0.006930614981169995,0.005357134007641807,0.0012914801743004766,0.00031054675946915323,6527.2329,-0.021370675668235948,-0.000986899067973586,0.0014329540386687912,0.009153802273070484,0.0024222436166100145,-0.00010387332163050372,5.8491340982478865e-05,9.20064772077274e-05,0.49061905286984675,0.04081999913920832,-0.01876189426030649,-4.189864485851558,-1.8811904534894515,-2.3086740323621067,1.075900458692932,0.00956921402422878,-0.020770093375343024,0.000631350498174989,0.007033968558110942,0.008021754317839858,0.49999999999999994,-0.8660254037844387,0.9749279121818236,-0.22252093395631434,0
2026-03-11T11:00:00+00:00,2026-03-11T12:00:00+00:00,-0.005363093242896913,-3.4690044452782555e-05,-0.0029450132426770154,0.008985033204480181,-0.005363093242896913,0.0026167112696996596,0.0009763108335811415,8797.7518,0.34785320744415293,-0.005743913186181285,-0.0037839841289459965,0.003704248412554313,0.001971251756190957,-0.0006042570932521177,-0.00015442448119023597,3.723001328413308e-05,0.4541022149991944,-0.03651683787065238,-0.09179557000161126,-4.619292564600528,-2.4288108757116667,-2.190481688888861,0.11819234347324548,0.009575398609048817,-0.004720259223362587,-0.00664599025254763,0.00027760702742358145,-0.002916383396222859,0.258819045102521,-0.9659258262890682,0.9749279121818236,-0.22252093395631434,1
2026-03-11T12:00:00+00:00,2026-03-11T13:00:00+00:00,0.0026216671622559043,-0.0027554863260840275,0.002586886172052723,0.01121551685787585,0.0026216671622559043,0.006134180881720577,0.0024665239806434757,16532.0046,0.8791169580392119,-0.0028393621088365667,-0.0011263189998797034,0.0062721904121853835,0.0017179209084904092,-0.00029879091928656083,-4.5970090730359886e-05,6.304106349484002e-05,0.47457926638335446,0.020477051384160064,-0.050841467233291124,-4.4811032523430185,-2.839269351037937,-1.6418339013050813,0.5486477875837799,0.009669300464473483,0.01245395077565414,-0.0053442545576118106,0.0036014941736158264,0.0026157079270007983,1.2246467991473532e-16,-1.0,0.9749279121818236,-0.22252093395631434,1
2026-03-11T13:00:00+00:00,2026-03-11T14:00:00+00:00,0.013657326169374512,0.016314798295172885,0.010864207267779903,0.029740773972068243,0.013657326169374512,0.015575017554810047,0.0006924397284855297,48997.1427,1.963775046372779,0.009742595184067816,0.012018916862920725,0.019812076238652023,0.0022543583777784025,0.0010265891396290204,0.000490808810334959,0.00019915599932156675,0.5661236947920324,0.09154442840867795,0.13224738958406476,-2.1176660048211033,-2.6949486817945703,0.5772826769734669,2.2191165782785482,0.0109820051353647,0.1512714908790752,0.007477278309997446,0.018834365886496916,0.010915900088733502,-0.25881904510252035,-0.9659258262890684,0.9749279121818236,-0.22252093395631434,1
2026-03-11T14:00:00+00:00,2026-03-11T15:00:00+00:00,0.005832097994850608,0.01956907502879255,0.022242045792447162,0.016803382007873294,0.005832097994850608,0.007228460061667496,0.003776640099288177,42234.0784,-0.13802976923387,0.014121774125531464,0.017206229374622004,0.025496869333720175,0.003041503819154498,0.0014887155189291118,0.0007027886415180076,0.00025631562391653477,0.5987157538948794,0.03259205910284706,0.19743150778975888,0.7122368643749724,-2.013511572560662,2.725748436935634,2.1484657599621673,0.011338689348168968,0.038500488299208685,-0.009593500619400199,0.02028520975233335,0.022111091326481022,-0.5000000000000001,-0.8660254037844386,0.9749279121818236,-0.22252093395631434,0
2026-03-11T15:00:00+00:00,2026-03-11T16:00:00+00:00,-0.006278239959664039,-0.0004827572754933788,0.013167975720309082,0.017280324725695503,-0.006278239959664039,0.001351397501134287,0.009611021939474978,24389.6368,-0.42251286818655903,0.007011136682795792,0.01039124310910363,0.018865338984882882,0.003356573033980811,0.0007385594551668254,0.00042431233639773653,0.00018963735233987268,0.5504961718773324,-0.04821958201754704,0.1009923437546648,1.8882321395071813,-1.2331628301470932,3.1213949696542747,0.3956465327186405,0.011829611728682557,0.03674615527927376,-0.01340976804855632,0.00332855261805346,0.01321118420456108,-0.7071067811865475,-0.7071067811865477,0.9749279121818236,-0.22252093395631434,1
2026-03-11T16:00:00+00:00,2026-03-11T17:00:00+00:00,0.008430378635234981,0.002099210735548113,0.007943551533120279,0.01256404178015578,0.00842053909013305,0.0026221450307447073,0.0015916710610978965,18164.7212,-0.2552278925285185,0.014003699197714447,0.018154223617588287,0.027174154402220624,0.004093204416470827,0.0014762497004695892,0.0007415381905191773,0.0002731816872720724,0.5971228085572851,0.046626636679952684,0.19424561711457017,4.166539182536781,-0.15322242761031823,4.319761610147099,1.1983666404928242,0.011790240514152681,0.0050741291076679094,0.0007552833522963036,0.0182164795594155,0.00798423667042155,-0.8660254037844384,-0.5000000000000004,0.9749279121818236,-0.22252093395631434,1
2026-03-11T17:00:00+00:00,2026-03-11T18:00:00+00:00,0.0005515212795293068,0.008986549447976111,0.0026518897744682913,0.013485482194231497,0.000546680728778681,0.008427821966491713,0.0045112781954886865,26324.514,0.44921101238812294,0.013157747686235387,0.017968617979655658,0.02745705743522949,0.004748392147626499,0.0013869470300326909,0.0007339512681473479,0.00027602649558359653,0.600070149063387,0.002947340506101881,0.20014029812677392,5.994995821006796,1.0764212221131046,4.9185745988936915,0.5988129887465927,0.01190529443453823,0.010315306414595245,-0.0020652084750750308,0.010598790105841333,0.0027036599551002495,-0.9659258262890683,-0.25881904510252063,0.9749279121818236,-0.22252093395631434,1
2026-03-11T18:00:00+00:00,2026-03-11T19:00:00+00:00,0.004042259990813107,0.004596010662744737,0.013065135408078235,0.007454816013407119,0.004042259990813107,0.001516968374821039,0.0019118617295367007,16458.5948,-0.37478067781232355,0.015584425586162572,0.021199132851061234,0.03128593520494948,0.005528548019686336,0.0016431614013419364,0.0008660200704321187,0.00031453040786844094,0.621914244099283,0.02184409503589606,0.24382848819856606,8.026122864582703,2.4663615506070244,5.559761313975679,0.6411867150819877,0.011542896181652083,-0.026520878354504392,-0.004348910135309942,0.009146178481695574,0.013024159905577395,-1.0,-1.8369701987210297e-16,0.9749279121818236,-0.22252093395631434,0
2026-03-11T19:00:00+00:00,2026-03-11T20:00:00+00:00,-0.00021670976783173343,0.003824674225757249,0.004378304894509328,0.004489272949722149,-0.00021189501565136267,0.0006743543057522861,0.003602978719304846,15265.9144,-0.07246550598596664,0.013880756885956014,0.02013860184092307,0.030743864125360402,0.006172170556020282,0.0014632703353409568,0.0008226599617283295,0.00030907905939660046,0.6199513414560613,-0.0019629026432217245,0.2399026829121226,9.490098492859488,3.8711089390575175,5.6189895538019705,0.05922823982629133,0.011041389237033851,-0.043654531201389304,-0.0017310521912235217,0.005755312036741035,0.00437707150251068,-0.9659258262890684,0.2588190451025203,0.9749279121818236,-0.22252093395631434,0
2026-03-11T20:00:00+00:00,2026-03-11T21:00:00+00:00,-0.003689681415758627,-0.003905591593587378,0.00012088098058651452,0.005366466834267989,-0.0036848823486910673,6.768516727899472e-05,0.0016002707406690899,7066.8836,-0.5370808839331629,0.009165308010084708,0.01572237762425237,0.026665532351724603,0.0064975178616644815,0.0009657009428074445,0.0006421417804004886,0.0002680671407510909,0.5860435808337535,-0.03390776062230778,0.17208716166750704,9.917884543584933,5.080464059963001,4.837420483621932,-0.7815690701800388,0.010674006996873858,-0.0368401037836531,-0.004571923576688002,-8.701621402113348e-05,0.0001358688072227469,-0.8660254037844386,0.5000000000000001,0.9749279121818236,-0.22252093395631434,1
2026-03-11T21:00:00+00:00,2026-03-11T22:00:00+00:00,0.0022577837942371263,-0.0014402281244278979,-0.001656625780757162,0.005537680830845083,0.0022529382472528704,0.0009020438287177426,0.0023877630760176056,5855.3663,-0.17143586460091126,0.010342628525710353,0.0172969424824862,0.028686854812312153,0.006883124358440231,0.0010898842941157966,0.0007064964371723602,0.00028839324530119896,0.600393416684195,0.014349835850441507,0.20078683336839007,10.512555842089569,6.166882416388314,4.345673425701254,-0.4917470579206773,0.010284798767746819,-0.03428772130741705,-0.0015027526382459654,0.0038642383624926846,-0.001648607389353234,-0.7071067811865477,0.7071067811865474,0.9749279121818236,-0.22252093395631434,0
2026-03-11T22:00:00+00:00,2026-03-11T23:00:00+00:00,-0.005455676846416158,-0.0032102107909494646,-0.006888047551612057,0.012392325003880267,-0.005460474270167919,0.005553507682756612,0.0013483625640230675,10814.3045,0.8469048640048362,0.00436846586634486,0.011281039643063654,0.02283982903675477,0.006882507776422639,0.0004600500609823235,0.00046066271009621965,0.00022959872394327086,0.5506118801761032,-0.049781536508091834,0.1012237603522064,9.956442975196296,6.924794528149911,3.0316484470463854,-1.314024978654869,0.010487724813435673,0.014167356264621471,-0.006351990900941635,-0.0008238589553467565,-0.006887574467937659,-0.5000000000000004,0.8660254037844384,0.9749279121818236,-0.22252093395631434,0
2026-03-11T23:00:00+00:00,2026-03-12T00:00:00+00:00,-0.004748370324383254,-0.010178141596762464,-0.007943337845677958,0.009644390512531732,-0.004748370324383254,0.0015740970871891712,0.003299268507824069,9119.7233,-0.15669812145570716,-0.00036250447408390715,0.006223439036737344,0.017800886146938248,0.006588331810579335,-3.815690968779923e-05,0.00025408246136513185,0.00017893539050707838,0.5111071498068572,-0.03950473036924592,0.022214299613714558,8.62630961252853,7.265097545025634,1.3612120675028958,-1.6704363795434896,0.0104739497600403,-0.006055578950133063,-0.015619827970813755,-0.003404598393379352,-0.007946263376562285,-0.2588190451025207,0.9659258262890683,0.9749279121818236,-0.22252093395631434,1
2026-03-12T00:00:00+00:00,2026-03-12T01:00:00+00:00,0.0018567522917003663,-0.0029004345801645283,-0.008340287592797138,0.00495675607312058,0.0018567522917003663,0.0011577114282655021,0.001945733492883369,5298.1446,-0.4190454659956624,0.0013511373307761988,0.007771957088764417,0.01949094420095335,0.006412156054572123,0.0001422452130098315,0.0003173234005149493,0.00019592726641573692,0.5253789094979182,0.014271759691060879,0.05075781899583632,7.789808435366467,7.370039723093801,0.4197687122726661,-0.9414433552302297,0.010061839543643094,-0.037562512879984626,-0.004460070024551975,0.005173088206532444,-0.008347294879099045,0.0,1.0,0.43388373911755823,-0.900968867902419,0
2026-03-12T01:00:00+00:00,2026-03-12T02:00:00+00:00,-0.004640574380527192,-0.0027924384859426754,-0.007527549278286613,0.006445969192274526,-0.004640574380527192,0.00017593244194213416,0.001607827038861504,9032.4424,0.7048312346929906,-0.002982766457467816,0.0029735704611437105,0.014610909932520276,0.005974156432028648,-0.0003138768669554805,0.000121384955422965,0.00014686488203104648,0.48704026221732205,-0.03833864728059609,-0.025919475565355867,6.284631633483059,7.152958105171653,-0.8683264716885937,-1.2880951839612598,0.009847122752721284,-0.025881261111395753,-0.005791580829478683,-0.0008447389366055256,-0.007532192413210079,0.25881904510252074,0.9659258262890683,0.43388373911755823,-0.900968867902419,0
2026-03-12T02:00:00+00:00,2026-03-12T03:00:00+00:00,-0.010541285479709095,-0.015132942240901325,-0.013304288074386921,0.012871233336790772,-0.010536449959193221,0.0008396430035512184,0.0013829414176138243,16962.6509,0.8779694515405934,-0.012223306369019388,-0.007303234291097358,0.0038764943864880805,0.004980955827006079,-0.0012850104518504124,-0.0002980023636741852,3.8961260498475244e-05,0.41355735163355745,-0.0734829105837646,-0.17288529673288508,3.3130585649594195,6.384978197129206,-3.071919632169786,-2.2035931604811925,0.010160544469676167,0.020951959496364476,-0.01530537803846032,-0.008947845028023187,-0.01332510756853592,0.49999999999999994,0.8660254037844387,0.43388373911755823,-0.900968867902419,0
2026-03-12T03:00:00+00:00,2026-03-12T04:00:00+00:00,-0.0006371408674005955,-0.01117171006333563,-0.01576044129235623,0.008643952198796078,-0.000632204913417548,0.005149798851426744,0.0028615484980577996,13070.2965,-0.22946616203720846,-0.01164284805797897,-0.007626890711220184,0.003204572636391574,0.004063265327587137,-0.001224062787466452,-0.00031120478311634655,3.2207797473568496e-05,0.4095773643823257,-0.003979987251231733,-0.18084527123534855,0.8442413908744584,5.276830835878256,-4.4325894450037975,-1.3606698128340113,0.010058231573916988,-0.010700352375128586,-0.011987714423832823,0.0007468333770223696,-0.01581900072763688,0.7071067811865475,0.7071067811865476,0.43388373911755823,-0.900968867902419,0
2026-03-12T04:00:00+00:00,2026-03-12T05:00:00+00:00,-0.00014332453617224198,-0.0007803740856535408,-0.011313433419344794,0.004181722019287346,-0.0001482660287933527,0.003133820047550983,0.0008996139568679279,6284.3323,-0.5191897674241743,-0.010674150143164406,-0.007466725569015422,0.003030240908483946,0.0032420304944150873,-0.0011223337036526952,-0.0003046714559537005,3.0455610013289897e-05,0.4086253047224701,-0.0009520596598556352,-0.18274939055505982,-1.1227719664955202,3.9969102754035006,-5.119682241899021,-0.6870927968952234,0.009639819703890658,-0.04173631215677947,-0.005891660278711406,0.002726024613524056,-0.011321750883281932,0.8660254037844386,0.5000000000000001,0.43388373911755823,-0.900968867902419,1
2026-03-12T05:00:00+00:00,2026-03-12T06:00:00+00:00,0.0018585431196832523,0.0017149522086804256,0.001076718675142041,0.004425586501221121,0.0018634952646459763,0.0007153958112342036,0.0018501615807780547,9624.648,0.5315307244335248,-0.008000706764733615,-0.005402777918378082,0.004845479228205872,0.002618881751299189,-0.0008414709896941564,-0.00022047292865749578,4.870065533892675e-05,0.42721591678418586,0.018590612061715747,-0.14556816643162832,-2.3511411556999064,2.727299989182819,-5.078441144882726,0.04124109701629486,0.00925076903223066,-0.038575173597207815,-0.0014189079335675725,0.0027606405873534597,0.0010780777161104147,0.9659258262890683,0.25881904510252074,0.43388373911755823,-0.900968867902419,1
2026-03-12T06:00:00+00:00,2026-03-12T07:00:00+00:00,0.0017416187680391743,0.0036033987613008772,0.003459557769672528,0.003526433475506976,0.0017366764354717194,0.0006993764713993663,0.0010933913848638185,6083.881,-0.3678853501967032,-0.005678984293626631,-0.0035271325671236385,0.006529481228449078,0.002164141854101616,-0.0005974306835955163,-0.00014394387175537015,6.56272335702829e-05,0.4448602330487377,0.017644316264551846,-0.11027953390252464,-3.0051495956099643,1.5808100722242624,-4.585959667834227,0.4924814770484991,0.008826953426335996,-0.044152266338040994,0.0010254893260366587,0.005472112037160931,0.0034568373515501847,1.0,6.123233995736766e-17,0.43388373911755823,-0.900968867902419,1
2026-03-12T07:00:00+00:00,2026-03-12T08:00:00+00:00,0.005082792383691691,0.006833263438340349,0.008704506472771913,0.008134463664428828,0.005082792383691691,0.0007644435732836504,0.002312931837114729,14231.7957,1.3392626680239144,-0.0005655614366297094,0.0014773398247278496,0.011528250530905799,0.0020440573013414593,-5.9529238861832825e-05,6.0303220941899374e-05,0.00011587523989653472,0.49394031803420446,0.04908008498546678,-0.012119363931591067,-2.6600547881821512,0.7326371001429796,-3.392691888325131,1.193267779509096,0.008736039666743656,-0.005269120778616394,0.004380352396889503,0.007932274379642773,0.008682954271414118,0.9659258262890683,-0.25881904510252085,0.43388373911755823,-0.900968867902419,1
2026-03-12T08:00:00+00:00,2026-03-12T09:00:00+00:00,0.003479198314303871,0.008579674740688858,0.010336236031280088,0.006919621056743859,0.0034841156667597233,0.0023390956148062266,0.0011085066901064468,13262.4913,-0.06810836948706345,0.0026336370385089307,0.00476617510416612,0.01489560069781764,0.002126936486946611,0.0002773018264074005,0.00019457561165728827,0.00014972694442812255,0.5250512520168741,0.031110933982669665,0.05010250403374826,-1.7929855824972947,0.22751256361492467,-2.020498146112219,1.3721937422129118,0.008578169949737322,-0.014654759760851448,0.0027126810494256183,0.010929771037587686,0.010303609466034737,0.8660254037844387,-0.4999999999999998,0.43388373911755823,-0.900968867902419,1
2026-03-12T09:00:00+00:00,2026-03-12T10:00:00+00:00,0.0038333821662272375,0.007325917577301928,0.012445946079059083,0.013192907352905464,0.0038382841990634428,0.004845182788898906,0.004524116459514,13504.8279,0.018272328668747218,0.005856634081600374,0.008277076536660034,0.01859568117111648,0.002406349347459093,0.0006168680897134616,0.00033795403298188687,0.0001869262029265025,0.5574459282181643,0.0323946762012902,0.11489185643632865,-0.4670141469036935,0.08860722151120104,-0.5556213684148945,1.4648767776973246,0.008877376064572458,0.03884703752391452,0.0014907994290140481,0.008452625072359974,0.0123953728642228,0.7071067811865476,-0.7071067811865475,0.43388373911755823,-0.900968867902419,1
2026-03-12T10:00:00+00:00,2026-03-12T11:00:00+00:00,0.006912655364483271,0.010772536380505994,0.014289214485225698,0.01110703139342747,0.006907757119368122,0.0027199907240101524,0.0015266733015758815,16520.1267,0.22327561834386653,0.011575673757396068,0.014640275223736683,0.025375315642490622,0.003029532585493542,0.0012199785084843198,0.0005979195481829526,0.0002550933539383825,0.6093840218391537,0.05193809362098939,0.21876804367830743,1.710735714565999,0.41303292012216064,1.2977027944438384,1.853324162858733,0.008980045420352743,0.018557883965967137,0.002057503594579809,0.015388841740700283,0.014225235845014379,0.49999999999999994,-0.8660254037844387,0.43388373911755823,-0.900968867902419,0
2026-03-12T11:00:00+00:00,2026-03-12T12:00:00+00:00,-0.0033963649715440655,0.003492812492398918,0.007339583943744493,0.008939175792479291,-0.00340117978423764,0.00328674684777718,0.0022396416573347735,13187.2747,-0.20174494182299466,0.007359051077603644,0.010750479498676753,0.021670207756726706,0.0033666530493225736,0.0007752374831410078,0.0004389877072255016,0.000217838475997546,0.5735234839065685,-0.035860537932585215,0.147046967813137,2.8366567089988166,0.8977576778974918,1.9388990311013248,0.6411962366574864,0.009005543652549006,-0.0005665762896292011,-0.006099764392986647,0.0050328867235078815,0.007349672559166443,0.258819045102521,-0.9659258262890682,0.43388373911755823,-0.900968867902419,1
2026-03-12T12:00:00+00:00,2026-03-12T13:00:00+00:00,0.0012313181406126358,-0.002169228836733033,0.004728431396395203,0.006424998910606807,0.0012313181406126358,0.0027646378130795142,0.0024305572367178674,9232.6706,-0.2998803156803885,0.0077740702533486885,0.011519222806410663,0.02269488979248984,0.0037162620706449267,0.0008189933858386027,0.0004703935254790437,0.00022814138126625886,0.5830701514790109,0.009546667572442403,0.16614030295802182,3.889083052682963,1.4960227528545862,2.393060299828377,0.4541612687270522,0.008810935050940013,-0.02040515759345618,-0.005431825295548215,0.0034787509534983576,0.004747608533551841,1.2246467991473532e-16,-1.0,0.43388373911755823,-0.900968867902419,0
2026-03-12T13:00:00+00:00,2026-03-12T14:00:00+00:00,-9.683494966994685e-06,0.0012216227221826237,-0.002178891325983505,0.013828164717844408,-9.683494966994685e-06,0.00708354516183703,0.0067349359672694,28335.1322,2.0690071624563324,0.0070196624949454296,0.011053088843823769,0.022454196883059385,0.004005310421531699,0.0007394582360201238,0.0004513501084356227,0.00022572125902161407,0.5829594952104626,-0.00011065626854822597,0.16591899042092537,4.66771813046762,2.130361828377193,2.537356302090427,0.14429600226204986,0.009169387825656655,0.04067263927425619,-0.0027666724607451273,0.003664089493199063,-0.0021747303258984243,-0.25881904510252035,-0.9659258262890684,0.43388373911755823,-0.900968867902419,0
2026-03-12T14:00:00+00:00,2026-03-12T15:00:00+00:00,-0.009683588737986299,-0.009693178461970486,-0.00847379570783827,0.027970762950106358,-0.009683588737986299,0.014496296477375556,0.0036961889163223635,48417.0953,0.7087301713736137,-0.002472363909398872,0.0012128979987059728,0.012426711578093939,0.0036943957989451917,-0.00026018112073532794,4.950849173294168e-05,0.00012490717350267582,0.4840325756690089,-0.09892691954145377,-0.031934848661982186,3.629124893626795,2.430114441427113,1.1990104521996816,-1.3383458498907452,0.010595599666643142,0.14435079380968174,-0.01665865384615389,-0.0029686464142261756,-0.008461954092340657,-0.5000000000000001,-0.8660254037844386,0.43388373911755823,-0.900968867902419,1
2026-03-12T15:00:00+00:00,2026-03-12T16:00:00+00:00,0.013190896423594993,0.003379572469557227,0.0033698562485172325,0.020725463608595177,0.013195850078715524,0.004666245240864183,0.00303523087539145,26030.9069,-0.46236124371550225,0.009658383767235849,0.013846481593338601,0.025518448541140944,0.004148034516859187,0.0010177066493282777,0.000565482103300961,0.0002565326116119688,0.5860775687904911,0.10204499312148214,0.1721551375809821,4.9263054072853265,2.929352634598756,1.9969527726865706,0.797942320486889,0.011191068821643519,0.0701318856954721,-0.01082100238663488,0.016949734761678076,0.0034976241906416994,-0.7071067811865475,-0.7071067811865477,0.43388373911755823,-0.900968867902419,0
2026-03-12T16:00:00+00:00,2026-03-12T17:00:00+00:00,-0.0013028812978627044,0.011870828953479943,0.0020722879899291646,0.010513956600938438,-0.0013028812978627044,0.002783106159072017,0.0064262694298015495,22858.0253,-0.12188901493862284,0.0075423621649896196,0.012028453185906476,0.023935940168826848,0.004452508588598916,0.000794563689694784,0.0004911984303359744,0.0002406200968549307,0.5738463001306184,-0.012231268659872611,0.1476926002612369,5.67109007858744,3.4777001233964926,2.1933899551909475,0.19643718250437692,0.011156260486347625,-0.0044091962281753785,-0.0059414024975984105,0.014997180059341437,0.0022044263877459905,-0.8660254037844384,-0.5000000000000004,0.43388373911755823,-0.900968867902419,0
2026-03-12T17:00:00+00:00,2026-03-12T18:00:00+00:00,-0.005426090653885002,-0.006721902399714252,0.006380326105556595,0.009677419354838524,-0.005421285066823765,0.0027302759424795426,0.0014963078118926968,11673.4778,-0.4893050625856119,0.0018773229164623425,0.006279128689286689,0.018193758280146907,0.004393557646370017,0.00019765199716684226,0.0002563566688082401,0.00018288528292243164,0.5247891899248356,-0.04905711020578288,0.04957837984967114,5.294142569452561,3.840988612607706,1.4531539568448544,-0.7402359983460931,0.011107146607443885,-0.009804563405056498,-0.00947504679778068,0.0010066477656797128,0.006461924471847286,-0.9659258262890683,-0.25881904510252063,0.43388373911755823,-0.900968867902419,0
2026-03-12T18:00:00+00:00,2026-03-12T19:00:00+00:00,-0.004673532841041533,-0.010074264482057135,-0.011364020209136445,0.007477620828004928,-0.004678368255109359,0.0018010718573980876,0.0009761907086169463,16647.0399,0.4260565861529286,-0.0025385204980846406,0.0015143427961756756,0.013299734811182864,0.00406317775427691,-0.00026714130046499103,6.181373074910821e-05,0.00013368354539588704,0.486426946197683,-0.03836224372715257,-0.027146107604634012,4.17107380794323,3.907005651674811,0.2640681562684195,-1.1890858005764349,0.010896322881279601,-0.023565732788753773,-0.012750332491663414,-0.0031819862600470793,-0.01140250479278924,-1.0,-1.8369701987210297e-16,0.43388373911755823,-0.900968867902419,1
2026-03-12T19:00:00+00:00,2026-03-12T20:00:00+00:00,0.010157264323158145,0.005436261173727193,-1.9327126104648472e-05,0.01356790475408169,0.01016219487790243,0.001889263090757036,0.0016186780956614156,12389.2923,-0.2557660476322881,0.00686485616561833,0.011223531523489582,0.023351859129150644,0.004328957686009748,0.0007231389906080986,0.000458313282329011,0.0002347471448382238,0.5611591601997926,0.0747322140021096,0.12231832039958519,4.903700005530027,4.106344522445854,0.7973554830841731,0.5332873268157536,0.010985412193623036,0.01841640064077673,0.00363221958197965,0.011144334027106075,5.7640828231610326e-05,-0.9659258262890684,0.2588190451025203,0.43388373911755823,-0.900968867902419,0
2026-03-12T20:00:00+00:00,2026-03-12T21:00:00+00:00,-0.0033919761885204225,0.006730834935913061,0.00202584531675091,0.006525839123035841,-0.0033967916505603718,0.0020411428460609996,0.0010763271064740854,5651.4674,-0.5438425970464834,0.003120036699871601,0.007485570713908662,0.01967896349251475,0.004351955752373438,0.00032853281413768926,0.0003056268777760496,0.00019781765164678065,0.5329838081941296,-0.02817535200566297,0.06596761638825925,4.861812268533868,4.257438071663456,0.6043741968704115,-0.19298128621376165,0.010701589690926641,-0.02914064893196838,-0.0052712804436941575,0.00838458605078668,0.0020917552935961897,-0.8660254037844386,0.5000000000000001,0.43388373911755823,-0.900968867902419,1
2026-03-12T21:00:00+00:00,2026-03-12T22:00:00+00:00,1.9393281197711406e-05,-0.003372648688870751,0.006750358750085381,0.005774237495212306,1.4544890380106512e-05,0.003190132889882201,0.002569559926500757,19369.7965,2.427392414932801,0.0028396423441565117,0.007208669517176572,0.019498909136531274,0.0043566558286501095,0.0002989990941731896,0.0002943180064660126,0.00019600734739689009,0.5331276512859565,0.0001438430918268807,0.066255302571913,4.776779856146277,4.36130642856002,0.4154734275862566,-0.1889007692841549,0.010349443251670358,-0.03288723822886445,-0.0054006876232633744,0.0010969010119640926,0.0067846814158354345,-0.7071067811865477,0.7071067811865474,0.43388373911755823,-0.900968867902419,1
2026-03-12T22:00:00+00:00,2026-03-12T23:00:00+00:00,0.0013041728683561382,0.0013235914417450163,-0.0020728743374291347,0.0060765990413015935,0.0012993183426905058,0.0010845881954194459,0.0036943785406479005,25410.584,0.3118663378833122,0.003751035160337654,0.008185302525756916,0.02061699022995588,0.004417696430779708,0.0003950017711441231,0.0003342056367345584,0.00020724887515568592,0.5433147617885793,0.01018711050262283,0.08662952357715867,4.870309677140085,4.463107078276034,0.4072025988640515,-0.008270828722205081,0.010031723059578392,-0.029435118744733802,-0.0018799626907146625,0.0038983512210296997,-0.0020684100389665727,-0.5000000000000004,0.8660254037844384,0.43388373911755823,-0.900968867902419,1
2026-03-12T23:00:00+00:00,2026-03-13T00:00:00+00:00,0.003980051324262722,0.005289414867570628,0.005308910727878238,0.01389424746325087,0.003980051324262722,0.009611674833133915,0.00031829931710343246,37429.413,0.4729851545324579,0.007003133684561725,0.011713978123975365,0.024427536563754897,0.0046780831973947815,0.0007377157901959546,0.00047835026565393423,0.0002455631665023051,0.5739103015624606,0.03059553977388127,0.1478206031249212,5.543812418065045,4.679248146233836,0.8645642718312088,0.45736167296715724,0.010270689774404127,0.027895964192935545,0.002892326146047969,0.009017075508883353,0.005303617473816571,-0.2588190451025207,0.9659258262890683,0.43388373911755823,-0.900968867902419,1
2026-03-13T00:00:00+00:00,2026-03-13T01:00:00+00:00,0.022025348200162078,0.026093061540696204,0.027431264271966065,0.037127393013368454,0.022030277162878323,0.013972319612682263,0.0015996677976020683,85178.5833,1.2757125071664897,0.026330241046022374,0.03262061137951328,0.04650159571215385,0.00612899248401747,0.002779307461201736,0.0013332286576912232,0.0004675712414170146,0.6958355154048435,0.1219252138423829,0.391671030809687,9.651499039381633,5.673698324863396,3.9778007145182377,3.113236442687029,0.011983495331211187,0.192464796187137,0.012295493085576556,0.026421070985740945,0.02730957239278094,0.0,1.0,-0.433883739117558,-0.9009688679024191,1
2026-03-13T01:00:00+00:00,2026-03-13T02:00:00+00:00,0.0026283627234934873,0.024711601527836836,0.02879000629448508,0.00879158116681427,0.0026283627234934873,0.002654417440087291,0.0035156911839456005,15741.654,-0.8151923477694187,0.026190849937564063,0.033902060647788064,0.04873822482583958,0.007514402131624125,0.0027645532565315394,0.0013856750157636396,0.0004900714576756209,0.7068531066170614,0.011017591212217894,0.4137062132341228,13.204113924579815,7.17978144480668,6.024332479773135,2.0465317652548976,0.011726330944346754,-0.0188879228865263,-0.01118763961280713,0.02639460514366333,0.028633762247918287,0.25881904510252074,0.9659258262890683,-0.433883739117558,-0.9009688679024191,0
2026-03-13T02:00:00+00:00,2026-03-13T03:00:00+00:00,-0.008918654342137592,-0.006313733077260703,0.015572552953431828,0.01172945327451186,-0.008913989881162515,0.001125457662372147,0.0016098318461778948,13893.892,-0.11738042266714797,0.015390908636575397,0.023690232006408463,0.038977726679112194,0.008173525387357519,0.00162272461503876,0.0009678841390292767,0.0003918894637136882,0.6240349149259561,-0.08281819169110527,0.24806982985191225,14.325346510708641,8.608894457987072,5.71645205272157,-0.3078804270515656,0.011824540749675304,-0.0006181973207755754,-0.011542433345850612,-0.002798666489875483,0.015735056581517973,0.49999999999999994,0.8660254037844387,-0.433883739117558,-0.9009688679024191,1
2026-03-13T03:00:00+00:00,2026-03-13T04:00:00+00:00,0.006192391526301026,-0.002781490615410827,-0.0001604386581666323,0.01009037921514034,0.006192391526301026,0.0022323430162588284,0.001703754395072859,11965.2095,-0.1388151354566452,0.019573565331334038,0.028817765833854946,0.04493932190974118,0.009066732226935279,0.002064629209057128,0.0011776204990056412,0.00045185555770963306,0.6540705722875869,0.030035657361630753,0.3081411445751738,16.08078119772472,10.1032718059346,5.977509391790118,0.26105733906854844,0.011633098480946838,-0.01009811465817014,-0.003887885967881446,0.007814803892656956,-9.790009234307865e-05,0.7071067811865475,0.7071067811865476,-0.433883739117558,-0.9009688679024191,0
2026-03-13T04:00:00+00:00,2026-03-13T05:00:00+00:00,-0.003383911083842685,0.0027875259401369977,-0.006155989382330419,0.004939195332626078,-0.003388614632396803,0.0005682679193816384,0.0009707910289436502,5461.6899,-0.5435357901589605,0.014565489087869385,0.02431859359672986,0.04097448621860631,0.009613085220973627,0.0015355637183633976,0.0009935818820704897,0.0004119735338944467,0.6245267346208733,-0.02954383766671363,0.2490534692417465,16.70089918672329,11.422797282092338,5.278101904630953,-0.6994074871591653,0.011191640214446878,-0.04120396493273671,-0.005603744619934305,0.004509561411854257,-0.006110173899679251,0.8660254037844386,0.5000000000000001,-0.433883739117558,-0.9009688679024191,0
2026-03-13T05:00:00+00:00,2026-03-13T06:00:00+00:00,-0.0005730034853765895,-0.003954975576374028,0.002212925192681132,0.0055437888242902385,-0.0005682706104648325,0.0016915663335653713,0.003283628765156499,7222.6564,0.3224215457563783,0.012635488482631156,0.022779802221854207,0.03996017817546259,0.01001773476695316,0.0013318228120455682,0.0009306531557828065,0.00040177118616734243,0.619441703246552,-0.0050850313743212895,0.23888340649310394,16.899898760021642,12.518217577678199,4.381681182343444,-0.8964207222875089,0.010794180460295613,-0.03606663987069092,-0.004523456883295825,0.0003981740873990656,0.0022354769570817517,0.9659258262890683,0.25881904510252074,-0.433883739117558,-0.9009688679024191,0
2026-03-13T06:00:00+00:00,2026-03-13T07:00:00+00:00,-0.006884722360421966,-0.007453780875890183,-0.01081246902801041,0.010973596572420965,-0.006884722360421966,0.0012070956229664018,0.002834050593051354,20205.6324,1.797534768509824,0.005121604586926387,0.015111734327752552,0.03246337440784343,0.009939224960677069,0.0005394070754397854,0.0006171861665768239,0.00032637155306298804,0.5604311364920065,-0.05901056675454548,0.12086227298401298,15.70413034867397,13.155400131877354,2.548730216796617,-1.8329509655468268,0.010876481008470834,0.0006873144469639333,-0.009124260131237934,-0.0036129572054726363,-0.01084163692964124,1.0,6.123233995736766e-17,-0.433883739117558,-0.9009688679024191,1
2026-03-13T07:00:00+00:00,2026-03-13T08:00:00+00:00,0.00164126835691864,-0.0052547536804596565,-0.0058247461736625475,0.005773133020224966,0.0016364894200721826,0.0026150577789632087,0.0015242595432936475,12306.283,-0.39094789233124916,0.006122446903128715,0.016109252821526913,0.03380655386829056,0.009926034300435151,0.0006448837020370683,0.0006579531410211531,0.0003398798395416926,0.570854582856795,0.010423446364788518,0.14170916571359002,14.862726261735588,13.496865357849,1.3658609038865883,-1.1828693129100287,0.010495407176800042,-0.03345273638552417,-0.006445811642214808,0.004488038277512014,-0.005816457488879915,0.9659258262890683,-0.25881904510252085,-0.433883739117558,-0.9009688679024191,1
2026-03-13T08:00:00+00:00,2026-03-13T09:00:00+00:00,0.00031914184187716027,0.001960933996202242,-0.004937288850350689,0.01216637699102411,0.00031914184187716027,0.008071236399133267,0.0037761005690342088,17816.1641,0.4477291071560765,0.005826296515490543,0.015778914656533877,0.03378534253108475,0.00989496712854142,0.000613670730855947,0.0006444523843146232,0.00033966651538344596,0.5729784884619746,0.0021239056051796015,0.1459569769239492,14.087578031094381,13.615007892498076,0.47257013859630526,-0.8932907652902831,0.01061165288393801,0.011398541054143821,-0.0022899276439873766,0.0034882331859993703,-0.004924312161626166,0.8660254037844387,-0.4999999999999998,-0.433883739117558,-0.9009688679024191,1
2026-03-13T09:00:00+00:00,2026-03-13T10:00:00+00:00,0.006428418370991167,0.006749611790147602,0.008401958071318896,0.009883844716235657,0.006428418370991167,0.0015992051288115513,0.0018972818244187353,17352.7715,-0.02600967286779778,0.011108481511615531,0.02141517775934199,0.04001255226735473,0.01019346235956587,0.0011706827388605996,0.0008748535879363646,0.0004022979822753975,0.6143901365965319,0.04141164813455724,0.22878027319306368,14.396649040921602,13.771336122182781,0.6253129187388211,0.15274278014251585,0.010496727621634627,-0.004471302081223944,-0.001629664619744836,0.010566831623993099,0.008388828569786967,0.7071067811865476,-0.7071067811865475,-0.433883739117558,-0.9009688679024191,1
2026-03-13T10:00:00+00:00,2026-03-13T11:00:00+00:00,0.006302192992831827,0.012771124497035645,0.013094342139107632,0.009624471641426253,0.006302192992831827,0.0030232219176537785,0.0003385256268602475,20325.9546,0.17133765058797681,0.015789568515015864,0.026730888200334355,0.046082207428116355,0.01077124635303513,0.001664826885599192,0.0010922483660935867,0.0004633523590717888,0.6504133718108673,0.036023235214335474,0.3008267436217346,15.537298418525097,14.124528581451244,1.4127698370738528,0.7874569183350317,0.010373381093248918,-0.005522814427267503,0.0046954788301928055,0.01470868876548154,0.013049753205700154,0.49999999999999994,-0.8660254037844387,-0.433883739117558,-0.9009688679024191,0
2026-03-13T11:00:00+00:00,2026-03-13T12:00:00+00:00,-0.002750520718238496,0.0035343379621962097,0.009985476536272849,0.005572790449877966,-0.002755209508764071,0.0014709903725565487,0.001338978416045179,11322.5835,-0.44294948390763406,0.011743405777633255,0.022947806238501327,0.04275665569590283,0.011074349876544329,0.001237677929661479,0.0009375232792268163,0.00042989986710049435,0.6228911758410132,-0.027522195969854196,0.24578235168202625,15.78723968680697,14.45707080252239,1.3301688842845802,-0.0826009527892726,0.010057049020733233,-0.033161241365693775,-0.0057563399428116994,0.0038763175456615322,0.009980090645584498,0.258819045102521,-0.9659258262890682,-0.433883739117558,-0.9009688679024191,1
2026-03-13T12:00:00+00:00,2026-03-13T13:00:00+00:00,0.01207437930806882,0.00929064775938361,0.01565139220742349,0.015209887125401252,0.01207437930806882,0.003046635889743441,0.00023292323316081485,32311.9748,1.8537634365867117,0.021628361719353527,0.03386809802155816,0.054766414804145847,0.011980615222550907,0.0022818647068028985,0.0013842849436620087,0.0005507193540576469,0.6856103411293756,0.06271916528836251,0.37122068225875127,17.84611401737766,15.134879445493443,2.7112345718842157,1.3810656875996354,0.010313695269908878,0.037901547178157156,0.007807511737089253,0.013431342001152062,0.01562605158266215,1.2246467991473532e-16,-1.0,-0.433883739117558,-0.9009688679024191,1
2026-03-13T13:00:00+00:00,2026-03-13T14:00:00+00:00,0.018116769075248118,0.030409897124968176,0.027575733354647955,0.02671675390753682,0.018112026236350814,0.0066254255280208,0.002301511768366222,79297.7431,1.4541286501622306,0.036176112898606796,0.050431738636304,0.07308657166089977,0.013757917751856308,0.0038225682694616398,0.0020626842199090306,0.0007350783519350776,0.7528356070182382,0.06722526588886253,0.5056712140364763,22.358153860219318,16.57953432843862,5.7786195317806985,3.067384959896483,0.011314925372587966,0.11695323171678189,0.015024359432836193,0.03065285873276366,0.027440627665078442,-0.25881904510252035,-0.9659258262890684,-0.433883739117558,-0.9009688679024191,0
2026-03-13T14:00:00+00:00,2026-03-13T15:00:00+00:00,-0.015730810058933394,0.00210096756311044,0.014200714750450203,0.029491339475812853,-0.01573531363101871,0.01092444006433798,0.0025800273343435237,69709.4065,-0.12091563044749515,0.01794927213426816,0.03253462520461265,0.05561568258057381,0.01432817279761331,0.0018929736456185196,0.001329709665723229,0.0005592641853265241,0.6255013788708726,-0.12733422814736556,0.2510027577417452,22.89586993241437,17.842801449233768,5.053068483180603,-0.7255510486000958,0.012781161354440632,0.1118149628559157,-0.022209090909090966,0.004449923188628997,0.014460338324383544,-0.5000000000000001,-0.8660254037844386,-0.433883739117558,-0.9009688679024191,0
2026-03-13T15:00:00+00:00,2026-03-13T16:00:00+00:00,-0.010752438242048242,-0.026314103737325564,-0.008674061202908694,0.019168143006846754,-0.01075703693373306,0.006945456083382946,0.0013486778727545196,53218.5441,-0.23656581267837934,0.006332579471467171,0.020574583069459133,0.04380549585832651,0.01415238251103026,0.000667031947819737,0.0008404847221304111,0.00044045015070938307,0.5572166573277175,-0.06828472154315506,0.11443331465543509,21.211107653565705,18.516462690100155,2.6946449634655494,-2.3584235197150534,0.01336637370353014,0.03454234158218899,-0.03667673141605138,-0.008193550491939245,-0.008366479225733518,-0.7071067811865475,-0.7071067811865477,-0.433883739117558,-0.9009688679024191,1
2026-03-13T16:00:00+00:00,2026-03-13T17:00:00+00:00,0.0027725433621080893,-0.00800970648121462,-0.02361451736886422,0.014981887708478709,0.0027725433621080893,0.0044144317239246614,0.00780257836553561,29674.2412,-0.4424078730105659,0.008246688557416233,0.022465740458338403,0.0462133462686933,0.014102750906394318,0.000868826684262184,0.000917810602167972,0.0004646715607681637,0.5701085056155288,0.012891848287811243,0.14021701123105756,20.1200704532871,18.837184242737543,1.282886210549556,-1.4117587529159934,0.013447450915490449,0.008855120719995021,-0.014783487924355812,0.0041267869410956375,-0.023710704938873547,-0.8660254037844384,-0.5000000000000004,-0.433883739117558,-0.9009688679024191,0
2026-03-13T17:00:00+00:00,2026-03-13T18:00:00+00:00,-0.014602302815020247,-0.011870244970653435,-0.022495049136736743,0.02425870883367008,-0.014602302815020247,0.0035096896920699602,0.005930329330638354,26775.0726,-0.0976998394149334,-0.005862885696497902,0.007237741969616985,0.030618973843481376,0.013177888117871203,-0.0006167652286799928,0.00029550533718368304,0.00030782310624237507,0.4891126292115583,-0.08099587640397048,-0.02177474157688337,16.550282670125398,18.379803928215114,-1.8295212580897164,-3.1124074686392724,0.014404723398949153,0.05554438198842818,-0.01893315541703794,-0.004077940284934889,-0.0225821976949604,-0.9659258262890683,-0.25881904510252063,-0.433883739117558,-0.9009688679024191,0
2026-03-13T18:00:00+00:00,2026-03-13T19:00:00+00:00,-0.0008655332302937409,-0.015455197266988777,-0.012725504109473347,0.008486717786884822,-0.0008655332302937409,0.00291299567334461,0.004707439086499728,17729.8676,-0.3378218664475255,-0.006086923459480261,0.0061147728395663185,0.02942244555927633,0.012276421939750124,-0.0006403185147043416,0.0002496448718877729,0.0002957904365557602,0.48478042336074173,-0.004332205850816564,-0.030439153278516498,13.419647994769548,17.387772741526,-3.9681247467564518,-2.1386034886667353,0.013993595953520727,-0.029381985062509226,-0.01884845116728707,0.0050950111946723095,-0.012695292683205898,-1.0,-1.8369701987210297e-16,-0.433883739117558,-0.9009688679024191,1
2026-03-13T19:00:00+00:00,2026-03-13T20:00:00+00:00,0.0007377685120399927,-0.00012840328141718312,-0.014728831112839735,0.004661162056238434,0.0007425318431924802,0.0018169019443705357,0.002102279213119779,10276.3128,-0.4203954010350309,-0.004846245630200788,0.006586377510004951,0.02987263212520899,0.011488298255424533,-0.0005098710178955248,0.000268904025037812,0.00030031762214123765,0.48893210270195736,0.004151679341215626,-0.022135794596085247,10.937587801886366,16.097735753598073,-5.160147951711707,-1.1920232049552553,0.013317413996334739,-0.04761869577276453,-0.003030058751843344,0.005470961818042723,-0.014730067533273996,-0.9659258262890684,0.2588190451025203,-0.433883739117558,-0.9009688679024191,1
2026-03-13T20:00:00+00:00,2026-03-13T21:00:00+00:00,0.004228339865301869,0.004969227913352685,0.0040993936511710335,0.00608609575773072,0.004228339865301869,0.0012456367192865813,0.0006299227515783246,5980.6806,-0.41801298613642823,-0.0005776327118933678,0.01041294055038694,0.033875176776927494,0.010996925446148257,-6.079974652324143e-05,0.0004251986987412651,0.00034056998638613584,0.513163014532482,0.024230911830524705,0.02632602906496416,9.577482661571594,14.793685135192778,-5.216202473621184,-0.05605452190947702,0.012748823056904154,-0.038647486877335956,0.0024070645207234054,0.007092773670403001,0.004100575147048121,-0.8660254037844386,0.5000000000000001,-0.433883739117558,-0.9009688679024191,0
2026-03-13T21:00:00+00:00,2026-03-13T22:00:00+00:00,-0.003931096870752037,0.0002806209809368677,0.0010185965263004135,0.007222774325153254,-0.003931096870752037,0.0025153703871007445,0.0007607925556450159,6766.9247,0.13146398421611077,-0.004079022956938703,0.006186762037880866,0.029505535192747567,0.01030783087358918,-0.00042918655738090014,0.00025258468241655987,0.00029662600303238096,0.4898132400319377,-0.023349774500544384,-0.020373519936124608,7.7406198574894916,13.38307207965212,-5.642452222162628,-0.42624974854144426,0.01240082603695429,-0.031120195692387168,-0.005170293282875987,0.0009137853080456287,0.0010350115065898245,-0.7071067811865477,0.7071067811865474,-0.433883739117558,-0.9009688679024191,0
2026-03-13T22:00:00+00:00,2026-03-13T23:00:00+00:00,-0.006704484396620351,-0.010609225289740828,-0.006425744834671539,0.012551640282052783,-0.006709207448123765,0.0007850758986485554,0.005012039426128571,24012.1641,2.548460366346326,-0.009741742858576827,-0.000537283723642038,0.022373291693474774,0.00929500871975083,-0.0010243961531230157,-2.192946699170573e-05,0.00022490777508267883,0.45217257684503304,-0.03764066318690468,-0.09565484630993396,5.088483816029566,11.724154426927608,-6.6356706108980426,-0.9932183887354142,0.012489322071095422,0.00038397193678204537,-0.013081930966711734,-0.005948217200340714,-0.006407241402070519,-0.5000000000000004,0.8660254037844384,-0.433883739117558,-0.9009688679024191,1
2026-03-13T23:00:00+00:00,2026-03-14T00:00:00+00:00,0.0015557906528097581,-0.005159124517966764,-0.009069940370470401,0.003995755704467086,0.0015605851715685141,0.0008029748305628907,0.0016346273336456363,5111.0336,-0.7871481479672214,-0.007425850402558853,0.0009777233407650418,0.02371978792820392,0.008466444292078467,-0.0007810579350712361,3.9908667771550165e-05,0.0002384466716853427,0.46242704381348554,0.010254466968452504,-0.07514591237302895,3.211870292765525,10.021697600095191,-6.809827307329666,-0.17415669643162346,0.011864623928142314,-0.04854060680760619,-0.005939032270325745,0.006600914120760067,-0.00907979061456263,-0.2588190451025207,0.9659258262890683,-0.433883739117558,-0.9009688679024191,0
2026-03-14T00:00:00+00:00,2026-03-14T01:00:00+00:00,-0.0032979323398111275,-0.0017472725793092464,-0.008440042414184976,0.005941534153031607,-0.003293168467792369,0.001438628124220743,0.0011988567701839525,10862.9162,1.1253854014968714,-0.009690186633396292,-0.002232521842960773,0.020137128918569166,0.007530638078888509,-0.0010189802657311735,-9.111503782237015e-05,0.0002024241724645878,0.44344849838147943,-0.018978545432006087,-0.11310300323704112,1.1545591814588079,8.248269916367914,-7.093710734909106,-0.28388342757943974,0.011478000127907492,-0.03577673178887412,-0.004097616887148349,-0.00010548826682768009,-0.008446626083621721,0.0,1.0,-0.9749279121818236,-0.2225209339563146,1
2026-03-14T01:00:00+00:00,2026-03-14T02:00:00+00:00,0.0034670937793719993,0.00015772719886072306,0.0017137632421721626,0.00672385367135799,0.0034670937793719993,0.0013906477742466627,0.0018780913239828394,8566.592,-0.21139113638748305,-0.005664189586153291,0.0011786638249617473,0.02343295749706815,0.0068818334203079885,-0.0005958752037925716,4.811104211052049e-05,0.00023556258718753046,0.46808265733302995,0.02463415895155052,-0.06383468533394009,0.10630051383759564,6.61987603586185,-6.513575522024254,0.5801352128848514,0.011101593133035388,-0.029440383918260354,-0.0012695624782240703,0.004671551070183701,0.0017249520923706299,0.25881904510252074,0.9659258262890683,-0.9749279121818236,-0.2225209339563146,0
2026-03-14T02:00:00+00:00,2026-03-14T03:00:00+00:00,-7.646173329206433e-05,0.003390366946080078,8.125340547364655e-05,0.0032116383656965483,-7.646173329206433e-05,0.0016058191828481653,0.0015293516027126005,3951.9658,-0.538677014149851,-0.005196371566747459,0.0010588461283640004,0.023116946890054238,0.006287891917888355,-0.0005466874500658647,4.322007721523032e-05,0.000232385114818175,0.467589411508705,-0.0004932458243249727,-0.06482117698259003,-0.7289597016929292,5.1501088883508945,-5.879068590043824,0.6345069319804306,0.01053881321076211,-0.05076620368306706,-0.0014650721082722475,0.0052849297825011176,9.269970626880767e-05,0.49999999999999994,0.8660254037844387,-0.9749279121818236,-0.2225209339563146,1
2026-03-14T03:00:00+00:00,2026-03-14T04:00:00+00:00,0.004191379236184451,0.004114597022771103,0.0075959564958853745,0.005254240514763257,0.004191379236184451,0.0010755963372614263,4.7592758284773805e-06,7940.3097,1.0092050644770256,-0.0009290753091500965,0.005047558033023986,0.027125132562820013,0.005982191248357545,-9.778783756669443e-05,0.00020606523098919754,0.0002726887364918969,0.49876715520403136,0.031177743695326398,-0.0024656895919372345,-0.675457480793284,3.9849956145220586,-4.660453095315343,1.218615494728481,0.010120497924373233,-0.03566781515255922,0.0025048785491743443,0.005729493248579497,0.007582011282264386,0.7071067811865475,0.7071067811865476,-0.9749279121818236,-0.2225209339563146,0
2026-03-14T04:00:00+00:00,2026-03-14T05:00:00+00:00,-0.005111462239905473,-0.0009415070804199026,-0.0010178968244486913,0.00871595181829501,-0.0051067272684006465,0.002363161469943865,0.0012198505563476153,9319.7759,0.17372952090269234,-0.00546409256731557,-8.61870845516593e-05,0.021652646373050203,0.005407452302699203,-0.0005748370110185749,-3.5178278106836825e-06,0.00021766190280669243,0.463008870239326,-0.03575828496470535,-0.07398225952134795,-1.4825944019594317,2.8914776112257607,-4.3740720131851925,0.28638108213015023,0.010068455499854747,-0.010227456731243045,-0.0061804109497865375,-0.0009367323335149621,-0.0009965447370130864,0.8660254037844386,0.5000000000000001,-0.9749279121818236,-0.2225209339563146,1
2026-03-14T05:00:00+00:00,2026-03-14T06:00:00+00:00,0.0009758804450780052,-0.004140569970873146,3.345456630941828e-05,0.004148227445207955,0.0009710920719661506,0.0009223593282547032,0.0022557181499286965,7074.9803,-0.2408636885786063,-0.0040673284516820184,0.0008546927975356106,0.02241923487203795,0.004942122484610984,-0.0004279566117451218,3.488663734263603e-05,0.00022536972350559173,0.4707701569974661,0.007761286758140073,-0.0584596860050678,-1.9353359282072233,1.926114903339164,-3.8614508315463874,0.5126211816388051,0.009636467182785624,-0.04197111237089958,-0.006471708236590131,0.0021984127364252305,5.579744135698287e-05,0.9659258262890683,0.25881904510252074,-0.9749279121818236,-0.2225209339563146,0
2026-03-14T06:00:00+00:00,2026-03-14T07:00:00+00:00,-0.0069009682383415,-0.005931822313219396,-0.011012964267357019,0.011636076649887795,-0.0069009682383415,0.0,0.0046871541178620905,15662.8888,1.2138420371290646,-0.009908625751388437,-0.005816213926616307,0.015208356120551976,0.004133367819589272,-0.001041926493863268,-0.00023734014308446732,0.0001528711662280601,0.424049893308591,-0.04672026368887508,-0.15190021338281795,-3.419901671811658,0.8569115883089997,-4.276813260120658,-0.41536242857427075,0.009841476418375966,0.014226533106826037,-0.007816118296974246,-0.0036869938773847056,-0.011036550033168967,1.0,6.123233995736766e-17,-0.9749279121818236,-0.2225209339563146,0
2026-03-14T07:00:00+00:00,2026-03-14T08:00:00+00:00,-0.0002694873004109419,-0.0071685958154516696,-0.006199711062848631,0.0022864459484177794,-0.0002694873004109419,0.001145629759417803,0.0008712562456075907,6134.1971,-0.6083610642757037,-0.009215283449343109,-0.00584693538834208,0.014783968714151422,0.0033996770486404778,-0.0009690897907614766,-0.00023859348357803284,0.00014860468021196603,0.4222995529776664,-0.0017503403309245867,-0.15540089404466711,-4.588722107150716,-0.23221515078294352,-4.356506956367772,-0.07969369624711398,0.009304294762074743,-0.054838219656877574,-0.0071685958154516696,0.004438470613263115,-0.006194575093674436,0.9659258262890683,-0.25881904510252085,-0.9749279121818236,-0.2225209339563146,0
2026-03-14T08:00:00+00:00,2026-03-14T09:00:00+00:00,-0.0015018339703290993,-0.0017709165455577118,-0.008659663745065565,0.004304983753868621,-0.0015018339703290993,0.0020150987784065466,0.0007857921073691434,6236.0466,0.01660355843472968,-0.009693799292115269,-0.0070541760496085825,0.013126260184947083,0.002665461693181206,-0.0010193597708515975,-0.0002878426757836333,0.00013193961868054077,0.41209362066983407,-0.010205932307832342,-0.1758127586603318,-5.701060372933625,-1.32598419521308,-4.375076177720546,-0.018569221352773724,0.008960196033211845,-0.038429076549016644,-0.0029129013651220657,-0.0006311275985835499,-0.00867228950908154,0.8660254037844387,-0.4999999999999998,-0.9749279121818236,-0.2225209339563146,0
2026-03-14T09:00:00+00:00,2026-03-14T10:00:00+00:00,-0.0033793881427346614,-0.004876146833152075,-0.005144320073916543,0.006728485534481604,-0.0033841926386578842,0.0015914246878824202,0.0017413765581691888,9384.4378,0.5048697358996644,-0.011813154063930052,-0.010005585393558182,0.009605043598985032,0.0018291770203231466,-0.0012419455547108672,-0.0004082245252332175,9.654242103672042e-05,0.38932719211774197,-0.02276642855209211,-0.22134561576451603,-7.066783397430754,-2.474144035656615,-4.59263936177414,-0.21756318405359387,0.008829000605816767,-0.01797193351101824,-0.0068743875021617315,-0.0025956356653849834,-0.005150709413474702,0.7071067811865476,-0.7071067811865475,-0.9749279121818236,-0.2225209339563146,0
2026-03-14T10:00:00+00:00,2026-03-14T11:00:00+00:00,-0.0005272501245568658,-0.0039048564844723446,-0.005400826008683804,0.0035233080377885437,-0.0005272501245568658,0.0007501548706830678,0.002245624903205762,5875.7597,-0.37388261020814695,-0.011172616588631926,-0.010118892117956912,0.008981642475446245,0.0010656303500007813,-0.0011746834001462399,-0.0004128454930183557,9.027591257706968e-05,0.38575851138929756,-0.00356868072844442,-0.22848297722140487,-8.143212736880741,-3.6079577759014403,-4.535254960979302,0.057384400794838086,0.008454347430650481,-0.042939257547720024,-0.005486994859552228,0.001216244373052562,-0.005408472237620626,0.49999999999999994,-0.8660254037844387,-0.9749279121818236,-0.2225209339563146,1
2026-03-14T11:00:00+00:00,2026-03-14T12:00:00+00:00,0.003595903670435328,0.0030667576052203303,-0.000322994301802054,0.005208157517830794,0.003595903670435328,0.0014370656854755183,0.00018807235481049187,5365.3022,-0.08687514909774127,-0.006896473437721082,-0.006303766136563727,0.012482805958630548,0.0005968232770344362,-0.000725417959161547,-0.00025723039250311345,0.00012547107728386577,0.4244840378577227,0.03872552646842514,-0.1510319242845546,-8.301062359106709,-4.546578692542494,-3.754483666564215,0.7807712944150866,0.008194348351900407,-0.027267981748523094,0.0023152623641777017,0.005854675979821577,-0.000310734596856199,0.258819045102521,-0.9659258262890682,-0.9749279121818236,-0.2225209339563146,1
2026-03-14T12:00:00+00:00,2026-03-14T13:00:00+00:00,0.0008535591487555791,0.0044525321356668505,0.003922934412986861,0.0037967852599931143,0.0008535591487555791,0.0011708360636779845,0.0017731179894385244,5477.3079,0.02087593500325102,-0.00547587909077807,-0.0052427646735757165,0.013212459056188102,0.00023439795204688893,-0.0005760762701869593,-0.00021394461274772724,0.0001328061683642326,0.43364448043646336,0.009160442578740628,-0.13271103912707333,-8.188938133111606,-5.275050580656316,-2.9138875524552894,0.8405961141089255,0.007873747477626404,-0.03830446932448131,-0.0005826692028026082,0.004642156981387877,0.003922212694634042,1.2246467991473532e-16,-1.0,-0.9749279121818236,-0.2225209339563146,1
2026-03-14T13:00:00+00:00,2026-03-14T14:00:00+00:00,0.0014792044096674265,0.002334026146879757,0.0059383227505035415,0.003680521142549273,0.0014792044096674265,0.001029583692164037,0.0011739178546170354,5090.1256,-0.07068843071611867,-0.0036247500238285376,-0.00362395662762436,0.014562695530591665,7.962825292949776e-07,-0.00038140710720090565,-0.0001478947209621532,0.0001463801730701901,0.4499966071683403,0.01635212673187695,-0.10000678566331941,-7.762870000116891,-5.772614464548431,-1.9902555355684601,0.9236320168868293,0.007563432322898352,-0.03799046046800246,0.00030800771944362615,0.004115961912859694,0.005928667228858334,-0.25881904510252035,-0.9659258262890684,-0.9749279121818236,-0.2225209339563146,0
2026-03-14T14:00:00+00:00,2026-03-14T15:00:00+00:00,-0.003507320147605938,-0.0020333037813669652,-0.0011814801776561714,0.005175693552592096,-0.0035025258599952853,0.0009752706134548633,0.0006855862728245277,7563.1166,0.4858408601940981,-0.0064456934107353986,-0.006841316750838611,0.010893611030092142,-0.00039818995044300394,-0.0006780340012042851,-0.00027915946663279996,0.00010949551589598177,0.4190558557352609,-0.030940751433079398,-0.16188828852947823,-7.922128642356256,-6.202517300109996,-1.7196113422462602,0.2706441933221999,0.007417598817780161,-0.022721086348373058,-0.004532237521928383,-0.0008586589483840811,-0.001174556589182932,-0.5000000000000001,-0.8660254037844386,-0.9749279121818236,-0.2225209339563146,1
2026-03-14T15:00:00+00:00,2026-03-14T16:00:00+00:00,0.0016898253203426002,-0.0018234215856553098,-0.00034691438923806743,0.003725803963908392,0.0016849891127493238,0.0014507981799954783,0.0005928510835197127,4297.1614,-0.4318266361251128,-0.004314741819963059,-0.004961584015895841,0.012474888916229705,-0.0006496452474500955,-0.00045397716060252525,-0.00020247262983406154,0.000125391489056627,0.43899974594993346,0.019943890214672563,-0.12200050810013309,-7.677420984368382,-6.497498036961673,-1.179922947406709,0.5396883948395512,0.0071422796915698835,-0.035489910901015304,-0.002787764597312298,0.0023770412600249385,-0.0003382904175959112,-0.7071067811865475,-0.7071067811865477,-0.9749279121818236,-0.2225209339563146,1
2026-03-14T16:00:00+00:00,2026-03-14T17:00:00+00:00,0.0013592195573379367,0.0030513417213044315,-0.000466680458597868,0.004620849658730956,0.0013592195573379367,0.0006016731326472655,0.00266180193883138,4257.8346,-0.009151808912739425,-0.0026801059809267625,-0.0034680655281812624,0.01371135332857733,-0.0007900770374479572,-0.0002820368518183176,-0.00014153366041518624,0.0001378215381746698,0.45522742754541695,0.016227681595483504,-0.08954514490916608,-7.1732492183173235,-6.632648273232803,-0.5406009450845204,0.6393220023221886,0.006953175279486459,-0.02515352632717455,-9.144595303530996e-05,0.0036425120772946686,-0.0004582752699254012,-0.8660254037844384,-0.5000000000000004,-0.9749279121818236,-0.2225209339563146,0
2026-03-14T17:00:00+00:00,2026-03-14T18:00:00+00:00,-0.0011552124146827936,0.00020243695534822665,0.0018926043587837473,0.002235993716086564,-0.0011552124146827936,0.00028913711845943363,0.000790308123789177,2302.5926,-0.4592104164872915,-0.003468514667275499,-0.00443892778747223,0.012413973265377026,-0.0009737907276183325,-0.00036497355275311654,-0.0001811479055101485,0.00012477911829168408,0.4434702064641786,-0.011757221081238356,-0.11305958707164279,-6.887949410518104,-6.683708500689863,-0.20424090982824072,0.33636003525627967,0.006623701017483012,-0.04848519274993596,-0.001755829112127772,0.0028755213392679347,0.0018938324629977433,-0.9659258262890683,-0.25881904510252063,-0.9749279121818236,-0.2225209339563146,1
2026-03-14T18:00:00+00:00,2026-03-14T19:00:00+00:00,0.0008529544994554497,-0.00030324325885427436,0.0010555641243155966,0.0026144609058648843,0.0008577775850186471,0.0005922259510522932,0.0011651925215825784,1926.7755,-0.16321476061375337,-0.0023697268931128206,-0.0034494702081899805,0.01314366525899479,-0.0010823080896638698,-0.00024938272885836215,-0.00014077488201746344,0.00013211459024055813,0.45465667420532463,0.011186467741146018,-0.09068665158935076,-6.444732188903345,-6.635913238332559,0.19118104942921477,0.3954219592574555,0.006332085030249467,-0.04321073763151523,-0.0005918754270645953,0.0016445623342174365,0.001056961642110593,-1.0,-1.8369701987210297e-16,-0.9749279121818236,-0.2225209339563146,1
2026-03-14T19:00:00+00:00,2026-03-14T20:00:00+00:00,0.00027926101756933487,0.001132453713966243,-2.4066925305978177e-05,0.0022623454264520254,0.00027926101756933487,0.0009530731796543032,0.001030089194171752,2284.875,0.18585429387077013,-0.0018923495046947378,-0.0030471917354333937,0.013291223131354467,-0.0011570317391772038,-0.0001991550140845403,-0.00012435970561483655,0.0001335979780088619,0.4584976740758534,0.003840999870528776,-0.08300465184829321,-5.977770181211781,-6.504284626908404,0.5265144456966224,0.33533339626740766,0.00603974780563772,-0.04590124060324435,-0.0003127796972292969,0.0023061595688734773,-2.2996897658009077e-05,-0.9659258262890684,0.2588190451025203,-0.9749279121818236,-0.2225209339563146,1
2026-03-14T20:00:00+00:00,2026-03-14T21:00:00+00:00,0.004101102773058083,0.004381509068760979,0.005238200796091033,0.0053067818466834595,0.004096269554753415,0.0006040239500288893,0.000623199313522074,4998.7446,1.187754078450681,0.0019909568695338285,0.0010005335573840981,0.017270236113478523,-0.000988455340199932,0.00020961833795827975,4.083977220180214e-05,0.00017360034404433156,0.5127841874703598,0.05428651339450646,0.02556837494071971,-4.864135899616485,-6.17625488145002,1.3121189818335344,0.785604536136912,0.0059644866684499575,-0.008410974432491393,0.003145032147614738,0.005417467960304147,0.005233318290082868,-0.8660254037844386,0.5000000000000001,-0.9749279121818236,-0.2225209339563146,1
2026-03-14T21:00:00+00:00,2026-03-14T22:00:00+00:00,0.00032118733850730244,0.004423607333850009,0.004704103692504722,0.0034840032971035243,0.00032118733850730244,0.001073475568846319,0.002089443517932854,3530.6553,-0.29369160008694983,0.0020920577586346,0.0012701316105916479,0.017418826263965376,-0.0008202102208866349,0.00022026511220758912,5.184479429805355e-05,0.0001750942331657927,0.5168858626142679,0.004101675143908139,0.033771725228535984,-3.8827513667470157,-5.717554178509419,1.834802811762403,0.5226838299288685,0.005785530975325563,-0.029691985861140618,-0.0002826658745634947,0.005047683267507957,0.004701551129134721,-0.7071067811865477,0.7071067811865474,-0.9749279121818236,-0.2225209339563146,0
2026-03-14T22:00:00+00:00,2026-03-14T23:00:00+00:00,-0.0010686832671995795,-0.0007478391762265761,0.003350196631512083,0.0028784571469692246,-0.0010686832671995795,0.0007771834296818565,0.0010314471443304643,3321.8129,-0.05915117230503924,0.0009237975948065997,0.0001922427616187641,0.016166397940187347,-0.0007308796483266184,9.72513089824233e-05,7.846704901703987e-06,0.00016250276406562777,0.501745437759543,-0.015140424854725013,0.003490875519085961,-3.247504210034549,-5.223544184814445,1.976039974779896,0.14123716301749312,0.005583630251306459,-0.03592891596733819,-0.002139861746740064,0.0013450868301586373,0.0033536068443658063,-0.5000000000000004,0.8660254037844384,-0.9749279121818236,-0.2225209339563146,1
2026-03-14T23:00:00+00:00,2026-03-15T00:00:00+00:00,0.005617788865168288,0.004543101961009843,0.004865748486344569,0.007394473704297382,0.005617788865168288,0.0016840317533013702,0.00012403633310423037,11074.4081,2.333844630442612,0.0059195827937854485,0.005581952823410308,0.021652631512563473,-0.0003356431032363694,0.000623502491411173,0.00022788672964839613,0.0002176617533898964,0.5725505878455022,0.07080515008595917,0.1451011756910043,-1.7786637971112214,-4.534568107273801,2.7559043101625793,0.7798643353826833,0.005684011819073406,0.023696616738306347,0.0037638270363451955,0.006656101426307291,0.004870292936476011,-0.2588190451025207,0.9659258262890683,-0.9749279121818236,-0.2225209339563146,0
2026-03-15T00:00:00+00:00,2026-03-15T01:00:00+00:00,-0.0038928326081977783,0.001703087145290212,0.0006325838173558781,0.005402298850574808,-0.0038928326081977783,0.0002921455938697928,0.0012021072796935912,5680.9896,-0.48701641219091435,0.0018125311910686282,0.0016018979956004581,0.017496555905376743,-0.0002102521069663056,0.0001908291657773303,6.538786695067346e-05,0.00017587570979473238,0.5173761501680728,-0.05517443767742933,0.03475230033614565,-1.258533401834029,-3.8793611661858463,2.620827764351817,-0.13507654581076212,0.005684516173737549,-0.003804445864494198,-0.005567488534021715,0.001828048306536326,0.0006562729897709302,0.0,1.0,-0.7818314824680299,0.6234898018587334,1
2026-03-15T01:00:00+00:00,2026-03-15T02:00:00+00:00,0.00015325670498092132,-0.003740172505915432,0.0018566048597953159,0.003749425375421356,0.00015325670498092132,0.0013695219123504407,0.0022266702421085325,3987.6479,-0.2980716071016923,0.0017784883163746278,0.001686444885017966,0.017473778156055945,-9.18800238078115e-05,0.00018724435034354672,6.883922361538005e-05,0.00017564670721261695,0.5193323510342917,0.0019562008662187937,0.03866470206858324,-0.8111545063679841,-3.2657198342222737,2.4545653278542896,-0.1662624364975276,0.005545486564043686,-0.02430808928540512,-0.004030008060016034,0.001356995238529258,0.001878212961951431,0.25881904510252074,0.9659258262890683,-0.7818314824680299,0.6234898018587334,1
2026-03-15T02:00:00+00:00,2026-03-15T03:00:00+00:00,0.006545931657983267,0.006700191570881121,0.0027812762384550453,0.009319739865555827,0.006545931657983267,0.0028163787648847393,0.0,13602.8655,2.4112504015211575,0.007536168142000105,0.00791758515701032,0.023888215231803706,0.00037856409235768255,0.000793910651174326,0.0003232712116064937,0.00024014021862351845,0.5948756921653642,0.07554334113107253,0.18975138433072827,0.6390842807504669,-2.484759011227726,3.1238432919781927,0.6692779641239031,0.005781587805518578,0.049400015122331845,0.00516933023460436,0.008947128422972555,0.00280635575476641,0.49999999999999994,0.8660254037844387,-0.7818314824680299,0.6234898018587334,0
2026-03-15T03:00:00+00:00,2026-03-15T04:00:00+00:00,-0.002778319592386116,0.003749425375421356,0.0039032567049808865,0.005495789900531919,-0.002778319592386116,0.0014598191923289841,0.0012499105502945355,5347.8134,-0.6068612602249137,0.00428384372781739,0.004915604357267802,0.02082977670717083,0.000629065809826601,0.0004511343491441791,0.0002006771757905734,0.00020938832381103096,0.5547624841361989,-0.04011320802916529,0.1095249682723977,1.3021592930995212,-1.7273753503622764,3.0295346434617976,-0.09430864851639509,0.005776130960065764,-0.0037195289582606897,-0.005578985820077595,0.003749425375421356,0.003920868770578073,0.7071067811865475,0.7071067811865476,-0.7818314824680299,0.6234898018587334,1
2026-03-15T04:00:00+00:00,2026-03-15T05:00:00+00:00,0.003907163132409443,0.0011179881921419056,0.007671238124425366,0.003901460790556676,0.003907163132409443,0.0,9.504167577474081e-06,3355.9252,-0.3724677828138132,0.007420254242436402,0.008492284847369557,0.024565310299224402,0.001064134456716184,0.0007816899558575415,0.00034674406109000573,0.0002469485092058779,0.5959144194275584,0.041151935291359576,0.19182883885511687,2.460156419092982,-0.8898689964712246,3.3500254155642066,0.32049077210240906,0.005621351243323121,-0.022993969722752656,-0.0003372841500202068,0.005163527630365911,0.007674775198006594,0.8660254037844386,0.5000000000000001,-0.7818314824680299,0.6234898018587334,1
2026-03-15T05:00:00+00:00,2026-03-15T06:00:00+00:00,0.0016964939125805282,0.005610285523459563,0.0028163787648847393,0.006613185572438862,0.0016964939125805282,0.0038142045912775992,0.0011053602857806677,9171.6989,1.7329866887378775,0.008252700547160811,0.00979914005315154,0.026034938926278707,0.001533781665203082,0.000869460625825725,0.00040012493605880856,0.00026172616031041863,0.6127177400669909,0.016803320639432472,0.2254354801339818,3.62416947884185,0.012938698591390296,3.6112307802504597,0.2612053646862531,0.005683356146944101,0.012745455607741447,0.0016964939125805282,0.00561988044634624,0.002825337452603855,0.9659258262890683,0.25881904510252074,-0.7818314824680299,0.6234898018587334,0
2026-03-15T06:00:00+00:00,2026-03-15T07:00:00+00:00,-7.116053341918593e-05,0.0016252126557495807,0.005538725759129894,0.003928340987588814,-7.116053341918593e-05,0.0015988537594414664,0.0022583216305462755,3352.8652,-0.6344335726067064,0.007396051842615364,0.009342256444068246,0.02569695987901993,0.0019319160501900955,0.0007791383568731737,0.0003814620473607542,0.00025832761923103687,0.6115670097965443,-0.0011507302704465872,0.22313401959308862,4.482878634156805,0.9069266857044732,3.5759519484523317,-0.035278831798128074,0.005558373490752688,-0.022060590568721093,-0.0038706018573215818,0.0027354769958278027,0.005532496511570785,1.0,6.123233995736766e-17,-0.7818314824680299,0.6234898018587334,0
2026-03-15T07:00:00+00:00,2026-03-15T08:00:00+00:00,-0.0010058071127644255,-0.0010768960724129503,0.0006177708925362475,0.004763397351873894,-0.0010058071127644255,0.0027212628939417773,0.00103531467867244,6266.7978,0.8690873107573784,0.005771411106951179,0.007997890012502132,0.02441388884357696,0.002213702717101982,0.0006078862598382878,0.00032655109111080825,0.0002454259361317519,0.5945710335505471,-0.016995976245997184,0.18914206710109427,4.935452717276348,1.7126318920188481,3.2228208252575,-0.35313112319483153,0.0055067860268915615,-0.01027750807146813,-0.0026713652381495237,0.0012553495007132061,0.0006195262663969167,0.9659258262890683,-0.25881904510252085,-0.7818314824680299,0.6234898018587334,1
2026-03-15T08:00:00+00:00,2026-03-15T09:00:00+00:00,0.0034621302786800993,0.0024528409306560604,0.0023815058517678562,0.0034833146389137964,0.0034621302786800993,3.312935118539834e-05,0.0,4131.6464,-0.3407085194291733,0.00836486302818354,0.011032241588332941,0.02767462934668906,0.0026452513945588044,0.0008812878821690824,0.00045049843248478965,0.0002782143600600893,0.6324023254009585,0.037831291850411404,0.26480465080191706,5.8153275377571845,2.5331710211665155,3.282156516590669,0.05933569133316885,0.0053446100264842615,-0.026090039363300142,-0.0002649645846443302,0.004502106053835014,0.002385162632496488,0.8660254037844387,-0.4999999999999998,-0.7818314824680299,0.6234898018587334,1
2026-03-15T09:00:00+00:00,2026-03-15T10:00:00+00:00,0.0020208904223045637,0.005490017286905618,0.004478688275704823,0.005011335726431196,0.0020208904223045637,0.002947288872095332,4.723219346302147e-05,10018.3924,1.4247942418305695,0.009402613151565193,0.01255622676639209,0.029446695630326158,0.003124237617119555,0.000990729325911004,0.0005127618416469531,0.0002960343001231551,0.6528364282711518,0.020434102870193344,0.30567285654230375,6.7790433938289425,3.382345495699001,3.3966978981299416,0.11454138153927262,0.005310795566326556,-0.0043187293644474534,0.0019876952200661704,0.005490017286905618,0.004477213588220237,0.7071067811865476,-0.7071067811865475,-0.7818314824680299,0.6234898018587334,1
2026-03-15T10:00:00+00:00,2026-03-15T11:00:00+00:00,0.0009163045531834756,0.002939046726583482,0.006411352367926141,0.0033834480024913967,0.0009163045531834756,0.0011089404192266247,0.0013590418754776251,3826.0329,-0.6180991173793512,0.009334777306177143,0.01294840396494332,0.03007849906728132,0.003580206230890625,0.0009835746059040028,0.0005287857508758493,0.00030238788382888415,0.6620286655193754,0.009192237248223592,0.32405733103875095,7.611595208200924,4.228195438199386,3.383399770001539,-0.013298128128402809,0.005168613307060722,-0.025880535908860223,-0.002025016011754597,0.0029865157158881434,0.006399325254168139,0.49999999999999994,-0.8660254037844387,-0.7818314824680299,0.6234898018587334,1
2026-03-15T11:00:00+00:00,2026-03-15T12:00:00+00:00,0.00023122587464737416,0.001147742301152603,0.00317095218488084,0.002939192217509668,0.00023122587464737416,0.000773719941687876,0.0019342998542197973,3043.6351,-0.2044932232548236,0.00864902667925081,0.01265911387769762,0.03000596980699472,0.003975701252247391,0.0009112534878926224,0.000516965641004819,0.00030165850616099463,0.6644454020375128,0.00241673651813727,0.32889080407502547,8.216225886603752,5.025801527880259,3.190424358723493,-0.19297541127804596,0.005008259448442166,-0.03080048941360246,-0.0008767422896170488,0.0025114457603389955,0.0031684208501354134,0.258819045102521,-0.9659258262890682,-0.7818314824680299,0.6234898018587334,0
2026-03-15T12:00:00+00:00,2026-03-15T13:00:00+00:00,-0.004736675740577348,-0.00450654510792101,-0.0035943699225390482,0.005512919572049597,-0.004736675740577348,9.48051517118578e-05,0.0006588958043981662,4978.9406,0.6358533255185551,0.0035013891587410435,0.007551815157357878,0.024870925702395325,0.004036293364787869,0.0003687031717926983,0.0003083323929223227,0.00025002154743452106,0.5738925125763201,-0.09055288946119262,0.14778502515264022,7.795395496331366,5.5797203215704805,2.215675174760886,-0.974749183962607,0.005066439473043144,0.006825114395489913,-0.005506135475446236,-0.002576783417807615,-0.0035891453127464977,1.2246467991473532e-16,-1.0,-0.7818314824680299,0.6234898018587334,0
2026-03-15T13:00:00+00:00,2026-03-15T14:00:00+00:00,-0.005778373996843014,-0.010487679453489532,-0.010258878601696813,0.012596548107180352,-0.005783086841107233,0.0015066272527893148,0.00527319538476206,27709.343,4.5653090137287435,-0.002078889410959069,0.0016618557665003426,0.01875675603668464,0.003748537973358805,-0.00021878258801612794,6.783544894827251e-05,0.00018854565368361438,0.48709430778402457,-0.08679820479229555,-0.02581138443195087,6.404427008267703,5.744661658909925,0.6597653493577784,-1.5559098254031074,0.0056316470263585595,0.10513612042797431,-0.010581037158640002,-0.0051228536192010855,-0.01028382386277299,-0.25881904510252035,-0.9659258262890684,-0.7818314824680299,0.6234898018587334,0
2026-03-15T14:00:00+00:00,2026-03-15T15:00:00+00:00,-0.0001954801182417799,-0.005972724557852646,-0.010681109438911662,0.006008612344360207,-0.00019071321976365434,0.0008631419320072797,0.004954720814119225,7654.676,-0.723751082802649,-0.0020578408911479463,0.0014084776242526166,0.018369564524183483,0.0034734663565030013,-0.0002165679188241039,5.749218778414669e-05,0.00018465282930893112,0.48444040276792016,-0.002653905016104403,-0.031119194464159675,5.2089454064143865,5.637518408410817,-0.42857300199643067,-1.088338351354209,0.005659595561464551,0.004766313757023958,-0.007464170090308617,0.00510463299366337,-0.010710529855662142,-0.5000000000000001,-0.8660254037844386,-0.7818314824680299,0.6234898018587334,0
2026-03-15T15:00:00+00:00,2026-03-15T16:00:00+00:00,-0.0015259967858691833,-0.0017211786020788248,-0.007489606985243664,0.0034053080776964783,-0.0015259967858691833,7.641645055154014e-05,0.001800562616117176,5532.4587,-0.2772445626699288,-0.003240783784879144,-0.00011497615139825532,0.016645431984180788,0.0031359706362687656,-0.0003410188017553309,-4.692882115414078e-06,0.00016731876459602846,0.4632266892497649,-0.02121371351815526,-0.0735466215004702,3.957682665288303,5.301551259786314,-1.3438685944980113,-0.9152955925015807,0.005506606913562155,-0.028516474472563513,-0.0025771722560974917,0.0034457969903192056,-0.007499850900953977,-0.7071067811865475,-0.7071067811865477,-0.7818314824680299,0.6234898018587334,0
2026-03-15T16:00:00+00:00,2026-03-15T17:00:00+00:00,-0.001065054279560041,-0.0025894257960218394,-0.0027843997330028345,0.004790682552735749,-0.001065054279560041,0.002424027998240626,0.0013004647248942415,4230.6156,-0.23531004397737304,-0.0038942310283738325,-0.0011336895309672925,0.015405411620665638,0.0027713337111344182,-0.00040975109083798934,-4.627090098494485e-05,0.00015485223299555742,0.4484877412079662,-0.014738948041798707,-0.10302451758406761,2.7543550742029765,4.792112022669647,-2.0377569484666704,-0.6938883539686591,0.0054609211840552,-0.00935274803391692,-0.002665522256395654,0.0007368350542099901,-0.002786531183671004,-0.8660254037844384,-0.5000000000000004,-0.7818314824680299,0.6234898018587334,1
2026-03-15T17:00:00+00:00,2026-03-15T18:00:00+00:00,0.009184532119566274,0.008109695814766532,0.006571323659149639,0.012630461869365355,0.009179707109969935,0.00335896379046516,0.00017529148130793293,12688.5845,1.9992288829077263,0.004751724639153939,0.007722684146046253,0.024479327336218777,0.0029569090891178144,0.0005004318477362863,0.0003153109874778748,0.00024608393271711103,0.574179469066596,0.1256917278586298,0.14835893813319204,3.312610037606646,4.496211625657047,-1.1836015880504007,0.8541553604162697,0.005926881661072661,0.0952945655985483,0.005674509019181772,0.010498649968403436,0.00659348105413705,-0.9659258262890683,-0.25881904510252063,-0.7818314824680299,0.6234898018587334,0
2026-03-15T18:00:00+00:00,2026-03-15T19:00:00+00:00,-0.0055098376421875,0.003624089196580508,0.002555175065312142,0.009151366750192954,-0.0055098376421875,0.0013148241660871684,0.0022961784349779953,7844.0554,-0.38180217028936525,-0.0007096525526098561,0.0020850086757556677,0.0186437094940217,0.0027966458752496405,-7.469468898252832e-05,8.510963796293128e-05,0.0001874090803465277,0.4998995673626391,-0.07427990170395696,-0.00020086527472187754,2.784489452950311,4.153867191115699,-1.3693777381653884,-0.18577615011498771,0.006187693601347303,0.03825262020004358,-0.008839111178264972,0.003796863045141572,0.0026096401978187326,-1.0,-1.8369701987210297e-16,-0.7818314824680299,0.6234898018587334,1
2026-03-15T19:00:00+00:00,2026-03-15T20:00:00+00:00,0.006836132892517845,0.0012886292679921544,0.010484996844460515,0.008459940666859135,0.006831336493342396,0.0004069098978467499,0.0012680447979409844,6704.3386,-0.14529688303833246,0.005535389569093825,0.008581980127538165,0.025346036181217474,0.00302981932813912,0.0005830122914999866,0.00035040764567316224,0.0002547989379329155,0.5732574054782674,0.0733578381156284,0.14651481095653496,3.4837170353089277,4.019837159954345,-0.536120124645417,0.8332576135199714,0.006310985178283936,0.026897632788710383,-1.8925683572231462e-05,0.00915332900416346,0.010510827369896619,-0.9659258262890684,0.2588190451025203,-0.7818314824680299,0.6234898018587334,1
2026-03-15T20:00:00+00:00,2026-03-15T21:00:00+00:00,0.007362230244761225,0.014248692321617573,0.008660346698124476,0.01362109861205702,0.007362230244761225,0.004673445903102237,0.0016392287640026215,14299.0754,1.132809252802357,0.011691739796595546,0.015370003608606152,0.03255690137405455,0.0036357555046857793,0.0012322259644150714,0.0006277408974884717,0.00032731213711571626,0.6356644012398897,0.06240699576162221,0.27132880247977936,5.233097995443586,4.262489327052193,0.9706086683913933,1.5067287930368103,0.006790307308016891,0.08387183943778331,0.006952491309385992,0.015540408400788176,0.008688525495091571,-0.8660254037844386,0.5000000000000001,-0.7818314824680299,0.6234898018587334,1
2026-03-15T21:00:00+00:00,2026-03-15T22:00:00+00:00,0.004706324416993486,0.012103203705719158,0.019022075707194514,0.009822025459662478,0.004701605403323635,0.002660034500974748,0.0024823872056547684,10594.8838,-0.2590511271798735,0.014862838957765972,0.019343236616364473,0.03703035964138659,0.004414781472538432,0.0015669608889591936,0.0007901436960343062,0.0003723029764271492,0.669211887891633,0.03354748665174327,0.33842377578326593,7.343375408706379,4.87866654338303,2.464708865323349,1.4941001969319556,0.006977322890780103,0.03237749307601593,3.2725572697598745e-05,0.0137772511848342,0.01890468755427256,-0.7071067811865477,0.7071067811865474,-0.7818314824680299,0.6234898018587334,1
2026-03-15T22:00:00+00:00,2026-03-15T23:00:00+00:00,0.021168077716016653,0.025974025974025844,0.033527482978391254,0.030755144551010524,0.021163303850253373,0.0037265090301462096,0.006303934808982069,52207.2025,3.927586133601579,0.03277062010825429,0.039253046468714636,0.05836115884632647,0.006276733898356702,0.0034614794670400784,0.00160473621444534,0.0005868885461507002,0.7715720562432858,0.10236016835165287,0.5431441124865717,12.52512124065106,6.407957482836636,6.117163757814424,3.6524548924910754,0.008541434914857078,0.250084138211049,0.018458941793020985,0.028534432018834564,0.033236632377771365,-0.5000000000000004,0.8660254037844384,-0.7818314824680299,0.6234898018587334,0
2026-03-15T23:00:00+00:00,2026-03-16T00:00:00+00:00,-0.00276970265754102,0.018339745777370547,0.023132382987717526,0.01729330211632928,-0.002774267977805831,0.008497452141578186,0.006013864022402958,54595.4533,0.045745619103034714,0.02698469838444017,0.03489838766982763,0.05484802180137351,0.007705751894684082,0.0028485859597246754,0.0014264558644727372,0.0005515404291743968,0.7386814462012374,-0.03289061004204839,0.47736289240247487,15.959536109090095,8.318273208087328,7.641262901002767,1.5240991431883426,0.00918859673111682,0.07278778585470247,-0.006472093373287724,0.02493283332784405,0.02310469947546912,-0.2588190451025207,0.9659258262890683,-0.7818314824680299,0.6234898018587334,0
2026-03-16T00:00:00+00:00,2026-03-16T01:00:00+00:00,-0.0032456502777395966,-0.006006363449080913,0.015034571098654954,0.010408846598471792,-0.0032410744207612145,0.004163538639388717,0.002993694818144554,18053.2391,-0.6693270591454179,0.021350851485839435,0.030265194230506005,0.05088663098014049,0.008727992669412451,0.002252520496466102,0.0012368419384491864,0.0005116851146910181,0.701071190883384,-0.0376102553178535,0.40214238176676786,17.904453329558237,10.23550923238151,7.668944097176727,0.027681196173960032,0.009303540368892055,0.009223127521309528,-0.014363080889929897,0.0027849621282099576,0.015152724780736036,0.0,1.0,0.0,1.0,1
2026-03-16T01:00:00+00:00,2026-03-16T02:00:00+00:00,0.006751933235999804,0.0034843685442775053,0.0007050152219195475,0.011656579242322359,0.006751933235999804,0.0020998311900416516,0.002850097671886517,12499.7225,-0.30761884719069604,0.025488191125674672,0.0357096861054424,0.05737211048032886,0.009967442890344388,0.00269018516624792,0.00145966572695395,0.000576936789563316,0.7315887027289253,0.03051751184554135,0.4631774054578506,20.393668207936116,12.267141027492432,8.126527180443684,0.4575830832669574,0.009413675809622607,0.018669876672245424,-0.0006583368764658532,0.009774891094963278,0.0007365803007191871,0.25881904510252074,0.9659258262890683,0.0,1.0,0
2026-03-16T02:00:00+00:00,2026-03-16T03:00:00+00:00,-0.0024703896353430828,0.0042648636947719785,0.001005371160996924,0.008901668890937292,-0.0024658261203727226,0.0016280744236385983,0.00480167301844989,12116.1894,-0.030683329169907618,0.020723356016653042,0.03180968335802692,0.05418558946067154,0.010861245876295007,0.002186174831157317,0.001300042338496562,0.000544875516197994,0.7031144808292509,-0.02847422189967446,0.40622896165850164,21.6807320789394,14.149859237781826,7.530872841157574,-0.59565433928611,0.009398751709197977,-0.004051836923596595,-0.004560644242357947,0.007154734411085349,0.0010358933229171244,0.49999999999999994,0.8660254037844387,0.0,1.0,1
2026-03-16T03:00:00+00:00,2026-03-16T04:00:00+00:00,0.025306238506024013,0.022773332601366127,0.029679029858651573,0.03403901291335479,0.025310940710302345,0.007966291984058446,0.0013866089360236122,91298.9481,6.535285648472943,0.04193438290214477,0.055523380992412615,0.0799940899900221,0.013042086251552447,0.004433716639302821,0.0022714080508983827,0.0008046075762902935,0.7921419952763862,0.0890275144471353,0.5842839905527722,26.843864945634778,16.688660379352417,10.155204566282361,2.6243317251247866,0.010943363526276178,0.1938073523901728,0.021119652146905924,0.03025317739007018,0.029587782106680734,0.7071067811865475,0.7071067811865476,0.0,1.0,1
2026-03-16T04:00:00+00:00,2026-03-16T05:00:00+00:00,0.012358711258817316,0.037977702259584044,0.03541349290220474,0.018702779127822172,0.012358711258817316,0.0064949410153315144,0.0,74574.0343,-0.18318846107275136,0.04933369239327725,0.06570266579849586,0.09232690421466413,0.015599397526143404,0.0052201284848634845,0.002688952536667888,0.0009287703990987986,0.821074804649594,0.028932809373207958,0.6421496092991882,32.78724408682774,19.908377120847483,12.878866965980258,2.723662399697897,0.011373555173932758,0.05215527480806071,0.004357704528107711,0.0394602687633762,0.03519456012949825,0.8660254037844386,0.5000000000000001,0.0,1.0,1
2026-03-16T05:00:00+00:00,2026-03-16T06:00:00+00:00,0.007586267838995986,0.020038735591567505,0.04585207911983088,0.013957649081110442,0.007586267838995986,0.0035782097550067795,0.002850289633277351,50113.0247,-0.3280097399799651,0.051556304831715,0.07068920138218822,0.0995128331360954,0.018194837939310468,0.00545659227011961,0.0028936224179598865,0.0010011302355997505,0.8363219450905156,0.015247140440921498,0.6726438901810312,38.43978051839713,23.614657800357413,14.825122718039715,1.9462557520594572,0.01147861676781873,0.016893702291804716,0.00108428446005259,0.020038735591567505,0.04525121760383731,0.9659258262890683,0.25881904510252074,0.0,1.0,0
2026-03-16T06:00:00+00:00,2026-03-16T07:00:00+00:00,-0.008230759448710127,-0.0007069323554104023,0.01164304213054688,0.009139143122430063,-0.008226410461047428,0.0003758234956006142,0.000468674006278439,26844.5155,-0.46432059009202054,0.038657421883293096,0.05930617371086387,0.08948233238731215,0.019880233263177834,0.004085828365701897,0.0024265339655403493,0.0009001294278186227,0.7600702830487779,-0.07625166204173767,0.5201405660975559,40.933023813576256,27.078331003001182,13.854692810575074,-0.9704299074646414,0.011399968902866951,-0.015026049758679029,-0.01176686489297103,0.002171215880893139,0.011714219649103175,1.0,6.123233995736766e-17,0.0,1.0,0
2026-03-16T07:00:00+00:00,2026-03-16T08:00:00+00:00,-0.005637352434009816,-0.013821712190908008,-0.006340299562585765,0.010391516040819001,-0.005637352434009816,0.0032459592254163866,0.0014762444696412589,35430.2232,0.31983098000036536,0.029585704084430352,0.051135989377521056,0.08244291090767036,0.02093102614731283,0.003124013708374918,0.0020915486852602218,0.0008292590697414101,0.7125456153336981,-0.04752466771507983,0.4250912306673962,41.40285233471559,29.943235269344065,11.459617065371525,-2.395075745203549,0.011387950112559967,-0.006685691798092548,-0.014184832398928742,-0.005171101988817351,-0.006281844043723957,0.9659258262890683,-0.25881904510252085,0.0,1.0,0
2026-03-16T08:00:00+00:00,2026-03-16T09:00:00+00:00,-0.0024055670423974987,-0.008029358447185681,-0.016194030177989555,0.010657264858215077,-0.0024055670423974987,0.004403754780391751,0.003842142328641295,27741.6638,-0.21700567215167874,0.024463998992113548,0.04661238701964327,0.0789818591666515,0.02161948887351797,0.0025818063473678344,0.001906172991545044,0.0007944181285166286,0.6927524536429993,-0.019793161690698752,0.3855049072859987,40.86755727481386,32.128099670438026,8.739457604375836,-2.7201594609956885,0.011361257377478144,-0.0047438740822808466,-0.011220802115469386,-0.0009306965083295759,-0.01627367892511744,0.8660254037844387,-0.4999999999999998,0.0,1.0,1
2026-03-16T09:00:00+00:00,2026-03-16T10:00:00+00:00,0.007563939131907724,0.0051401765268238074,-0.0005261528938407393,0.01130275911188171,0.007563939131907724,0.002149957310518278,0.0016456463364461116,16719.2804,-0.3973223624748851,0.029055938441917055,0.05227871900115473,0.086201370715409,0.022567073073208294,0.003067903078411522,0.0021383882121475246,0.0008670966395405664,0.7191101697885781,0.02635771614557882,0.43822033957715634,41.336171603667935,33.969714057084005,7.366457546583931,-1.3730000577919057,0.011277880399197993,0.00016971911930633175,0.0007437478694723778,0.011450074275589348,-0.0004789803444995907,0.7071067811865476,-0.7071067811865475,0.0,1.0,1
2026-03-16T10:00:00+00:00,2026-03-16T11:00:00+00:00,0.007869905463811246,0.015493372081621107,0.01305053469396846,0.01000746170390211,0.007869905463811246,0.00030724663126007026,0.001891761401044814,28633.6751,0.7126140847545089,0.03349745492157172,0.05804729225151239,0.0937185337804846,0.023754134287445987,0.0035385248947074673,0.0023749040408342294,0.00094278281410546,0.7439121895578671,0.02480201976928896,0.48782437911573423,42.651397398597055,35.70605072538662,6.945346673210437,-0.4211108733734932,0.011105363600538116,-0.007547396671137215,0.005707676891633725,0.017179951960425398,0.01302827755332147,0.49999999999999994,-0.8660254037844387,0.0,1.0,0
2026-03-16T11:00:00+00:00,2026-03-16T12:00:00+00:00,-0.003669402624764134,0.004171624987281558,0.011767118036674224,0.006167563900367411,-0.003669402624764134,0.0007489184736159625,0.0017357286976748523,16228.0755,-0.4332520906476305,0.026800256464151653,0.05193047117011317,0.08873344812791667,0.024474297262545415,0.0028290606331234547,0.002124113362360805,0.0008925894539491115,0.7120920427326288,-0.03182014682523828,0.42418408546525765,42.52889456102184,37.070619492513664,5.458275068508179,-1.4870716047022583,0.010790642313528045,-0.031904988524738914,-0.0039754278192189315,0.006089885648435528,0.011764441970954836,0.258819045102521,-0.9659258262890682,0.0,1.0,1
2026-03-16T12:00:00+00:00,2026-03-16T13:00:00+00:00,0.004114646202102322,0.0004301452837642181,0.008303435950294393,0.014789758169246443,0.004114646202102322,0.010687585553332487,4.387350391447421e-06,51358.9156,2.164818625597348,0.027987700090436128,0.053933575995254564,0.09220019136339676,0.025239480883415117,0.0029547786894981516,0.002206227172085929,0.000927494538063271,0.7261837929540537,0.014091750221424774,0.4523675859081072,42.693328012368966,38.195161196484726,4.49816681588424,-0.9601082526239395,0.011035234120649882,0.02687494246029385,-0.00031578947368412276,0.005860547219770609,0.008315149041149435,1.2246467991473532e-16,-1.0,0.0,1.0,1
2026-03-16T13:00:00+00:00,2026-03-16T14:00:00+00:00,0.00417237022217532,0.00830418425156608,0.0046043102313127245,0.015811848181790402,0.00417237022217532,0.008629013583596573,0.0030278007156621144,44699.8576,-0.12965729362089562,0.029113366028366814,0.05591558147313056,0.09570235788012538,0.026043987309387413,0.0030739852722911215,0.0022874892966231047,0.0009627587554079292,0.7401309030691243,0.0139471101150707,0.48026180613824865,43.09425646556247,39.17498025030027,3.919276215262194,-0.5788906006220458,0.011333844194177874,0.03134496864903715,-0.006446319737458939,0.008308626257197416,0.004617613799513508,-0.25881904510252035,-0.9659258262890684,0.0,1.0,0
2026-03-16T14:00:00+00:00,2026-03-16T15:00:00+00:00,-0.00034516054334384703,0.003825769541258555,0.007956157431473935,0.02175262237762237,-0.00034952813701510916,0.006997377622377519,0.014405594405594422,50578.4164,0.13151180150515734,0.025948215789733945,0.053256627491451144,0.09428623509417897,0.026617729122611008,0.0027388720666462903,0.00217847533636482,0.0009484991508351117,0.7367736011878847,-0.0033573018812396074,0.4735472023757694,42.85425161874173,39.91083452398856,2.9434170947531655,-0.9758591205090283,0.012081676457651751,0.06561429050218137,-0.008897398355670667,0.00688714326578216,0.007941855880933796,-0.5000000000000001,-0.8660254037844386,0.0,1.0,0
2026-03-16T15:00:00+00:00,2026-03-16T16:00:00+00:00,-0.006171328671328624,-0.006514359115515122,-0.0023691692113299335,0.012832691258993365,-0.006166984995563649,0.004995866096715802,0.001631572466445035,31399.4323,-0.37919305239457834,0.017715393043198444,0.04484082131232824,0.08658664475959026,0.026653255374293448,0.0018682621095553807,0.0018335935163901276,0.0008709754734019732,0.6776100813903958,-0.05916351979748896,0.3552201627807915,41.05146432714446,40.138960484619744,0.9125038425247141,-2.0309132522284514,0.012204984575024487,0.003971894653855826,-0.013419761281840949,0.00835461898680296,-0.0023441189924971514,-0.7071067811865475,-0.7071067811865477,0.0,1.0,1
2026-03-16T16:00:00+00:00,2026-03-16T17:00:00+00:00,0.010180836279838906,0.003946678321678409,0.003600155540700648,0.0131561189884328,0.010180836279838906,0.0013887498204201076,0.0016891377126115501,21757.2974,-0.3070799117600607,0.02533488171108445,0.05318684587701763,0.09658352996000177,0.027163773185453002,0.0026739606513564904,0.0021756146922588936,0.0009716318954600817,0.7176431803748793,0.040033098984483505,0.4352863607497585,41.01792483284862,40.31475335426552,0.7031714785831014,-0.2093323639416127,0.012158704135058148,0.006350301856693112,-0.0010089807989213078,0.01183171304351662,0.003664347065166435,-0.8660254037844384,-0.5000000000000004,0.0,1.0,1
2026-03-16T17:00:00+00:00,2026-03-16T18:00:00+00:00,0.007709955899574485,0.017969285978151738,0.011687062937062842,0.012748732039019597,0.007709955899574485,0.003568435331830019,0.0015293294279272915,35717.6299,0.6416390897887897,0.029979530994123746,0.05876140539098398,0.10388440961280083,0.02794412270414764,0.003165730326797326,0.002404190980891872,0.0010451556280217421,0.7438483603725653,0.02620517999768609,0.48769672074513065,41.93697024520543,40.6391967324535,1.297773512751931,0.5946020341688296,0.012114467841238086,0.004043664393554492,0.006312439679682805,0.01970925110132149,0.011719463508084765,-0.9659258262890683,-0.25881904510252063,0.0,1.0,1
2026-03-16T18:00:00+00:00,2026-03-16T19:00:00+00:00,0.0029031338292854728,0.010635472762654311,0.02092458704944849,0.014025656268038193,0.0028988011664326757,0.01063985595271933,0.0004953779087298902,45602.6551,0.276754791056279,0.029736356732390067,0.05926650855036889,0.10591071567068705,0.028677390698028136,0.0031399713727642935,0.002424907115455491,0.0010655635202583766,0.7532079213234152,0.009359560950849896,0.5064158426468305,42.7151742549413,41.05439223695106,1.6607820179902433,0.3630085052383123,0.01221841805159428,0.011508711316854589,-0.000662935858803256,0.012195387815076699,0.020793926008698865,-1.0,-1.8369701987210297e-16,0.0,1.0,1
2026-03-16T19:00:00+00:00,2026-03-16T20:00:00+00:00,0.00407502175355166,0.006989985916344942,0.014753834299073095,0.012711718977914347,0.00407502175355166,0.007353319719252429,0.001299915913030134,24597.7302,-0.4606074987068023,0.030601987320039534,0.060937644831843704,0.10919867165363774,0.029434891340243304,0.0032316718844282552,0.0024934526515891027,0.001098679859647178,0.7661612494007686,0.012953328077353348,0.5323224988015371,43.5927395132253,41.56206169220591,2.0306778210193883,0.36989580302914504,0.01220760760345709,0.0031866497153156914,-0.006495720666962092,0.007486168741355535,0.014688111482411618,-0.9659258262890684,0.2588190451025203,0.0,1.0,1
2026-03-16T20:00:00+00:00,2026-03-16T21:00:00+00:00,0.006173528049010636,0.010273707063658176,0.013206666839472324,0.0101692313596072,0.006173528049010636,0.0009465699630327141,0.0030870119515118413,13876.1783,-0.43587566059245586,0.0333266909310466,0.06466965712392891,0.11475913958110899,0.030332097746010728,0.003520422628202534,0.0026465636525672747,0.001154689957860769,0.784675178103617,0.018513928702848403,0.569350356207234,44.93142751315463,42.23593485639565,2.6954926567589794,0.6648148357395911,0.011992457813851384,-0.011559514320836831,-0.0011711796121053125,0.011594052871986693,0.01315168363184777,-0.8660254037844386,0.5000000000000001,0.0,1.0,1
2026-03-16T21:00:00+00:00,2026-03-16T22:00:00+00:00,0.00671126631447452,0.012926226554321945,0.017053922962273805,0.013854005633086988,0.00671126631447452,0.006475932318248221,0.000711547828296663,47279.3304,2.407229957545299,0.03628803709044042,0.06880489332088752,0.12087723490446198,0.031378202841889254,0.003834440147022891,0.0028162721070520537,0.0012163242292868132,0.8030439471815259,0.01836876907790895,0.6060878943630519,46.723830618362626,43.13351400878905,3.590316609573577,0.8948239528145976,0.012051188062824628,0.01164139858865532,0.005759244823282336,0.016082248846657175,0.016959816117036817,-0.7071067811865477,0.7071067811865474,0.0,1.0,0
2026-03-16T22:00:00+00:00,2026-03-16T23:00:00+00:00,-0.0013638000042355115,0.005338313485210903,0.0115447977622569,0.01301620557885855,-0.00135957035882494,0.010594487304004113,0.0010602969679747905,37418.6029,-0.20856318007414085,0.03144888846068014,0.06453574494338561,0.11802087897311236,0.032078037848374465,0.0033214045201016545,0.0026410689099157212,0.0011875480848433744,0.7882298676462135,-0.014814079535312458,0.576459735292427,47.338803642461244,43.974571935523485,3.3642317069377583,-0.2260849026358187,0.012135400179842036,0.005614538404679116,-0.007789289411447948,0.006058976886283166,0.011520994359249644,-0.5000000000000004,0.8660254037844384,0.0,1.0,0
2026-03-16T23:00:00+00:00,2026-03-17T00:00:00+00:00,-0.0020612173057430465,-0.0034222062218082555,0.003266092755328658,0.01337458616131944,-0.0020612173057430465,0.0015469810494820899,0.009762130413902345,31354.1379,-0.1620708559378094,0.026456312675956235,0.05975066419624541,0.11443322886282119,0.03243620903211292,0.0027926522058852247,0.0024447649193462115,0.001151406915315235,0.7652830464136329,-0.02294682123258056,0.5305660928272659,46.89345426085856,44.5583484005905,2.335105860268058,-1.0291258466697002,0.012247188443252574,0.007131544519509718,-0.013851518428177544,-0.0010019827370262883,0.0032862490044959615,-0.2588190451025207,0.9659258262890683,0.0,1.0,1
2026-03-17T00:00:00+00:00,2026-03-17T01:00:00+00:00,0.0019762257912340963,-8.906494530989782e-05,-0.0014527434827726184,0.015460506782263392,0.0019762257912340963,0.008075940991338708,0.005412237765203792,56259.723,0.7943316821350076,0.02570225580044505,0.05927591635554944,0.11534118772394088,0.032732364938501506,0.002712840201394486,0.0024252929722002096,0.0011605532393265236,0.7721186947247572,0.006835648311124345,0.5442373894495145,46.38107563697167,44.92289384786674,1.458181789104934,-0.8769240711631241,0.012454281099679214,0.01891904652408284,-0.0016303404235496997,0.011854077253218838,-0.0014487915187444617,0.0,1.0,0.7818314824680298,0.6234898018587336,1
2026-03-17T01:00:00+00:00,2026-03-17T02:00:00+00:00,0.0015227220671694955,0.003501957101025613,0.0014335215007019628,0.012252192731692773,0.0015227220671694955,0.006115508573993865,0.0046162772476823705,48190.3209,-0.1434312447645716,0.0246036474559127,0.05836174303309725,0.11574018196198832,0.032947467697392825,0.0025965824056855065,0.0023877999673963556,0.0011645725608250156,0.7775060986826706,0.005387403957913364,0.5550121973653412,45.737461893049385,45.08580745690327,0.6516544361461172,-0.8065273529588168,0.012422263182282888,-0.0010520288581581758,-0.006500719497109312,0.008973553655441177,0.0014377305526605453,0.25881904510252074,0.9659258262890683,0.7818314824680298,0.6234898018587336,0
2026-03-17T02:00:00+00:00,2026-03-17T03:00:00+00:00,-0.0041970006903239675,-0.002680669488721554,-0.0007097413056688433,0.007268319652958,-0.004192783330509756,0.0002892017181985672,0.0027686811551057787,20865.153,-0.5670260622813159,0.018334277322535297,0.05169598492442692,0.10983100206265367,0.03276105729211845,0.0019336557371649877,0.0021145018849793784,0.0011050489517220666,0.7264507871448166,-0.051055311537854066,0.4529015742896331,43.92144016327484,44.85293399817758,-0.9314938349027457,-1.583148271048863,0.012102740630784686,-0.029810812800084532,-0.010249826363311055,0.0019516601895413098,-0.0006980528319203757,0.49999999999999994,0.8660254037844387,0.7818314824680298,0.6234898018587336,0
2026-03-17T03:00:00+00:00,2026-03-17T04:00:00+00:00,-0.013311784970016663,-0.017452916089632026,-0.01595676996292867,0.020672413793103268,-0.013315981304039002,0.002017241379310274,0.005159482758620604,33726.4226,0.616399486742321,0.004321375177532948,0.03616429746397384,0.09402239753973514,0.03170590915762601,0.0004550886090686369,0.0014782758478150298,0.0009458424916431241,0.5938192595048636,-0.132631527639953,0.1876385190097271,39.5012357862347,43.78259435578901,-4.281358569554307,-3.349864734651561,0.012866479759456035,0.04895282274209869,-0.017731637509102963,-0.010572375351310764,-0.015986063593171132,0.7071067811865475,0.7071067811865476,0.7818314824680298,0.6234898018587336,0
2026-03-17T04:00:00+00:00,2026-03-17T05:00:00+00:00,-0.003663793103448276,-0.016926806447497205,-0.021052765319476047,0.015509409474367254,-0.0036680876375533803,0.00432186891628803,0.007505948518278135,42398.8148,0.2571394038097596,0.0005805949689391451,0.031059247748261954,0.0890387142042305,0.030460967294962334,6.111899519155451e-05,0.001269333563015177,0.0008956629435284592,0.5637195080852824,-0.030099751419581225,0.12743901617056466,34.90989348757057,42.00805418214532,-7.0981606945747515,-2.8168021250204447,0.01309919438661333,0.014356832059455371,-0.018883781340328178,0.0015034466623049959,-0.021172578763788905,0.8660254037844386,0.5000000000000001,0.7818314824680298,0.6234898018587336,0
2026-03-17T05:00:00+00:00,2026-03-17T06:00:00+00:00,-0.0017867185810080508,-0.005443965517241426,-0.018683281588908387,0.00889324208947849,-0.0017824000969071426,0.0030077534162271566,0.0040999059535315255,14141.1701,-0.6664725142269778,-0.0010923188416772033,0.02803914265393964,0.08615165370617121,0.029163317136410755,-0.00011496771160831985,0.0011457660796937315,0.0008665961044590118,0.5491542302722299,-0.014565277813052405,0.09830846054445985,30.58539574944325,39.72352249560491,-9.13812674616166,-2.0399660515869087,0.012820540941187128,-0.023021274075646466,-0.009712446351931378,0.0057624828367804195,-0.018762296654472987,0.9659258262890683,0.25881904510252074,0.7818314824680298,0.6234898018587336,1
2026-03-17T06:00:00+00:00,2026-03-17T07:00:00+00:00,0.0034541490961572073,0.0016612589227774802,-0.0020086206896551095,0.011613845050835007,0.0034541490961572073,0.0042283206786044225,0.003943265351956995,14746.8686,0.04283227595147876,0.00213300132124403,0.030313760417206,0.08892926977055259,0.028120777440526917,0.00022457687831810592,0.001238829142327604,0.000894561029443816,0.572129519449683,0.022975289177453107,0.14425903889936606,27.484488453195354,37.275715687123,-9.791227233927643,-0.6531004877659825,0.012693369013655215,-0.006499502541153284,-0.0013327984886322601,0.007585153465540553,-0.0019963625882991193,1.0,6.123233995736766e-17,0.7818314824680298,0.6234898018587336,1
2026-03-17T07:00:00+00:00,2026-03-17T08:00:00+00:00,0.005338308844489221,0.008810897255316629,0.00700843608046715,0.009670490183442978,0.0053339667868788345,0.004364823645658938,0.0,15496.423,0.050828038163980176,0.006765237832319932,0.034361167959937995,0.09371125846595989,0.027410491632622554,0.0007126377891002608,0.0014044664108643263,0.0009427095574367429,0.605689105583768,0.03355958613408497,0.211378211167536,25.727772042138895,34.966126958126175,-9.23835491598728,0.5528723179403627,0.012415169025125785,-0.016695644922068348,0.0011053145415523902,0.012818504594820401,0.0070057393596383785,0.9659258262890683,-0.25881904510252085,0.7818314824680298,0.6234898018587336,0
2026-03-17T08:00:00+00:00,2026-03-17T09:00:00+00:00,-0.00302444473085018,0.002297718693582674,0.005759804452688543,0.008316599588048111,-0.0030287278054397593,0.003292166883558933,0.00198650383942485,12844.343,-0.1711414305094795,0.0033648224640036428,0.029971274810964392,0.08942341340366955,0.02651722658725687,0.0003543173346242708,0.00122481567747864,0.0008995362110767653,0.5778864881766851,-0.027802617407082907,0.15577297635337017,23.49663785065968,32.67222913663288,-9.175591285973198,0.06276363001408214,0.012157386759961404,-0.023725138892216505,-0.007357155689391269,0.0022933897682855487,0.005768013209796248,0.8660254037844387,-0.4999999999999998,0.7818314824680298,0.6234898018587336,0
2026-03-17T09:00:00+00:00,2026-03-17T10:00:00+00:00,-0.002098540932320931,-0.005116638742105879,0.00019435590453230112,0.009646815989360066,-0.0021028409898865884,0.003743862785485762,0.00379568095552704,18557.2102,0.44477691073805803,0.001139157955454828,0.026690148259927826,0.08619544219143671,0.02552191680990054,0.00011992574419161976,0.0010905818796729263,0.0008670369530150042,0.5587784306419027,-0.01910805753478243,0.11755686128380533,21.092340260747278,30.356251361455758,-9.26391110070848,-0.08831981473528216,0.012001800529002956,-0.014869355084224205,-0.008375618215684992,-0.0001122600980117952,0.00021532318131810974,0.7071067811865476,-0.7071067811865475,0.7818314824680298,0.6234898018587336,0
2026-03-17T10:00:00+00:00,2026-03-17T11:00:00+00:00,-0.0012306815384814293,-0.003326639835219205,-0.00634102332774832,0.005659463712850374,-0.0012263686533263718,0.0005663787214540565,0.0038652105112973335,13150.6623,-0.2913448649732922,-8.407621789506912e-05,0.024405162376960887,0.0839434376234794,0.02449129773054048,-8.850049875446378e-06,0.00099712233916565,0.0008443649901846174,0.547371809707824,-0.01140662093407876,0.0947436194156478,18.740912345451306,28.03318355825487,-9.292271212803563,-0.028360112095082712,0.011562508736925329,-0.03778779334173519,-0.007040620948423197,0.0025747724317295427,-0.0063536672016525405,0.49999999999999994,-0.8660254037844387,0.7818314824680298,0.6234898018587336,1
2026-03-17T11:00:00+00:00,2026-03-17T12:00:00+00:00,0.0060010203463990025,0.004762953462965208,0.0026544172778435056,0.009089658847697754,0.0060010203463990025,0.0026216037338513114,0.0005028321915747985,15268.0948,0.16101337344811908,0.005349954607444942,0.0293193671237711,0.08946770278131534,0.023841859649444554,0.0005634704367057416,0.0011981426901703381,0.0008999821318108887,0.5911457081655511,0.04377389845772726,0.18229141633110232,17.79229033380352,25.985004913364598,-8.192714579561077,1.0995566332424858,0.01132183029854949,-0.014939310172724637,0.004199232658204911,0.00990451388888896,0.002671797875596642,0.258819045102521,-0.9659258262890682,0.7818314824680298,0.6234898018587336,0
2026-03-17T12:00:00+00:00,2026-03-17T13:00:00+00:00,-0.004899390584574694,0.0010722284192413198,-0.00015977269096070494,0.00960084995378809,-0.004895113911320595,0.003537155246132475,0.0011445007817156676,14896.7218,-0.02432346699864618,0.0003839224652482938,0.023302132654688924,0.08322319348196926,0.02290941475045224,4.04145243465175e-05,0.0009520129218809376,0.0008371141788667579,0.544563287276829,-0.04658242088872214,0.08912657455365804,15.936905107198527,23.975384952131385,-8.038479844932858,0.15423473462821846,0.011250664651970641,-0.011154296055921314,-0.0075013288068172075,0.0015788767913763441,-0.00012905177665712103,1.2246467991473532e-16,-1.0,0.7818314824680298,0.6234898018587336,1
2026-03-17T13:00:00+00:00,2026-03-17T14:00:00+00:00,0.005713866166829352,0.0007864811201553739,0.006792221155758488,0.01420136130375976,0.005713866166829352,0.007656796856547753,0.000863161058982766,26349.2284,0.7687937489709985,0.005515827193473198,0.027974063144349758,0.08844422153595942,0.02233503973135903,0.0005809506965392776,0.0011431036897611953,0.0008896774710281453,0.5853953533556205,0.04083206607879156,0.17079070671124114,15.357023176300572,22.251712596965223,-6.894689420664651,1.1437904242682073,0.011402074817415866,0.019248649006543876,-0.0027194860813704105,0.006866225348824185,0.0068154959286536605,-0.25881904510252035,-0.9659258262890684,0.7818314824680298,0.6234898018587336,1
2026-03-17T14:00:00+00:00,2026-03-17T15:00:00+00:00,0.00635561376763349,0.012105795060939157,0.0071470934580241076,0.012801638609742047,0.006351292159439319,0.002342699865582896,0.004147730909556338,29242.0135,0.10978633059327085,0.01076034357773903,0.03310943035469179,0.09432357616772717,0.022111163065464946,0.0011339521360339457,0.0013532340883466284,0.0009488751504044703,0.6258111141045642,0.04041576074894365,0.25162222820912844,15.908317695667847,20.983033616705747,-5.0747159210379,1.8199734996267516,0.011435177677797415,0.009277296874453295,-0.0012912958985374689,0.012985160434164271,0.007170089349888147,-0.5000000000000001,-0.8660254037844386,0.7818314824680298,0.6234898018587336,0
2026-03-17T15:00:00+00:00,2026-03-17T16:00:00+00:00,-0.011722033753653717,-0.005440920705129613,0.00024185676896629787,0.023083100890335856,-0.011722033753653717,0.006165856354545462,0.005056174923790377,34576.0959,0.1824115976145076,-0.0009843230468193633,0.020159184182817997,0.0806195992325024,0.021164339777050626,-0.00010360221776513827,0.0008235014408178718,0.0008109042613978026,0.5237574831114511,-0.10205363099311313,0.04751496622290219,13.967613200064989,19.579949533377594,-5.612336333312605,-0.5376204122747055,0.012393117528693395,0.07106730929852675,-0.014031861179936498,-0.001276445272408961,0.000347446180809125,-0.7071067811865475,-0.7071067811865477,0.7818314824680298,0.6234898018587336,1
2026-03-17T16:00:00+00:00,2026-03-17T17:00:00+00:00,0.0046891596645912866,-0.007087840576927041,-0.0007772743864470596,0.010537896890203013,0.0046891596645912866,0.004349246187963027,0.0015213766309673047,17283.2355,-0.5001391843085442,0.0033466396102335223,0.02394130334815709,0.08476192368865339,0.02052597071130263,0.00035240199712801375,0.0009781519012059812,0.0008526049459699858,0.5546758992571813,0.030918416145730206,0.1093517985143626,13.154267931999584,18.294813213101992,-5.140545281102408,0.4717910522101967,0.012206891269561884,-0.010407889432307268,-0.013101584999130465,0.009794859109392633,-0.0006772603214289406,-0.8660254037844384,-0.5000000000000004,0.7818314824680298,0.6234898018587336,1
2026-03-17T17:00:00+00:00,2026-03-17T18:00:00+00:00,0.00567292981038654,0.010388690748624748,-0.0014551195886406173,0.009418642416368935,0.005668607774459056,0.0011110921180834128,0.002670894514623682,12222.797,-0.2927946274874284,0.008170706477045557,0.028550073369798784,0.08992971462855293,0.020214202576830407,0.000860814730688447,0.00116666864674529,0.0009046338501763918,0.5895555590884901,0.03487965983130877,0.17911111817698014,13.420116876597604,17.319873945801113,-3.8997570692035097,1.2407882118988987,0.011943790871147376,-0.016002773090938272,0.0013179515267697894,0.011935444811541017,-0.0013599442786758915,-0.9659258262890683,-0.25881904510252063,0.7818314824680298,0.6234898018587336,0
2026-03-17T18:00:00+00:00,2026-03-17T19:00:00+00:00,-0.0030170424437188873,0.0026387718966494784,0.0073403051839825905,0.006253804147485058,-0.0030170424437188873,0.0011401726547162231,0.002087458958070747,10802.8868,-0.11616900779747878,0.004638269578566092,0.024424602988846304,0.08570536058205407,0.019694982770843826,0.0004884773966753463,0.0009979174173706873,0.0008621029892422165,0.5641064513160455,-0.025449107772444534,0.12821290263209106,12.91227639870067,16.438354436381026,-3.5260780376803567,0.37367903152315307,0.011570925507644906,-0.0341411986588953,-0.004123552914660321,0.0053348271998621515,0.007345047031258939,-1.0,-1.8369701987210297e-16,0.7818314824680298,0.6234898018587336,0
2026-03-17T19:00:00+00:00,2026-03-17T20:00:00+00:00,-0.005469399651947388,-0.008469940684774689,-0.0028450602533910134,0.009912853091517184,-0.005469399651947388,0.0030255751609761065,0.0013877994328123195,10125.5071,-0.06270358215731739,-0.0007749905429173557,0.018070175213566245,0.07891086870328412,0.01885978190910464,-8.157129746669865e-05,0.0007381025655612459,0.0007937035229928312,0.5203841940101688,-0.0437222573058768,0.040768388020337484,11.34935549551983,15.420554648208787,-4.071199152688957,-0.5451211150085999,0.011511580529947605,-0.010570149480294682,-0.009595765569641874,-0.003389015123855972,-0.0028135122852797354,-0.9659258262890684,0.2588190451025203,0.7818314824680298,0.6234898018587336,1
2026-03-17T20:00:00+00:00,2026-03-17T21:00:00+00:00,0.0033014110730880306,-0.002186045315433441,-0.005196492367651773,0.005459903431448372,0.0033014110730880306,0.0010782342732442237,0.0010911215354743216,7920.3514,-0.21778224816019348,0.0022829454147708953,0.02057351162603275,0.08158522128677448,0.018248904957364847,0.00024036780645824115,0.0008404409162037251,0.0008206248456924414,0.5432698803051885,0.02288568629501981,0.0865397606103771,10.606561562879051,14.45775603114284,-3.851194468263788,0.2200046844251684,0.011044144147818598,-0.03743839703205199,-0.005179487179487133,0.004695727233491631,-0.0051850310225782445,-0.8660254037844386,0.5000000000000001,0.7818314824680298,0.6234898018587336,1
2026-03-17T21:00:00+00:00,2026-03-17T22:00:00+00:00,0.004540612059040719,0.007857013559059062,0.0023446407598864114,0.0071885223117877,0.004540612059040719,0.0026684342192478936,0.0,8452.162,0.06714482390263653,0.006179051956500112,0.024195091441398312,0.08556198094898351,0.017905401081314783,0.0006508498517421471,0.0009885309811788565,0.000860659504332647,0.5735117361732325,0.030241855868043926,0.14702347234646496,10.746918891290079,13.715588603172288,-2.9686697118822085,0.8825247563815797,0.01072238783396546,-0.024725330156656743,0.0034586485523882037,0.008961547754651196,0.0023726234801813607,-0.7071067811865477,0.7071067811865474,0.7818314824680298,0.6234898018587336,0
2026-03-17T22:00:00+00:00,2026-03-17T23:00:00+00:00,-0.0038102161688297184,0.0007130951767272602,0.004016860470127903,0.010182267743846535,-0.0038102161688297184,0.0015711256299528274,0.004786352670484341,8924.0082,0.05582550358121389,0.0021214572448298415,0.019481391978120967,0.08055028625111976,0.017323184338372963,0.0002233611679997901,0.0007957916370176461,0.0008102065187752455,0.5409934115122262,-0.03251832466100623,0.0819868230244525,10.02364421820721,12.977199726179272,-2.9535555079720623,0.015114203910146173,0.01072188935505278,-0.0038565285768451993,-0.00646140854441316,0.0007130951767272602,0.0040318069632990314,-0.5000000000000004,0.8660254037844384,0.7818314824680298,0.6234898018587336,0
2026-03-17T23:00:00+00:00,2026-03-18T00:00:00+00:00,-0.005215621968285624,-0.009005965489961276,-0.004506246026427581,0.0070467206641954645,-0.005215621968285624,0.001540526195418192,0.0002632271650432912,7390.8877,-0.17179729843816144,-0.002810324419577502,0.013601150224648554,0.07411388024115398,0.016457726194039887,-0.0002957361373778178,0.000555457350347458,0.0007454183526400059,0.49940944945650173,-0.04158396205572451,-0.0011811010869965345,8.373515694074285,12.056462919758275,-3.6829472256839892,-0.7293917177119269,0.010511576498505568,-0.024728595593013165,-0.010554585395220657,-0.00043133381355164575,-0.004485226078074622,-0.2588190451025207,0.9659258262890683,0.7818314824680298,0.6234898018587336,1
2026-03-18T00:00:00+00:00,2026-03-18T01:00:00+00:00,0.0029559116074548996,-0.0022751272783468764,-0.006076674720434492,0.008028430798884736,0.002960239580905882,0.0006109523973428187,0.004465975974942394,11666.4174,0.5784866275264878,0.00012420419653609119,0.0159360201401516,0.07646102063892683,0.015809852293614028,1.3074296886223202e-05,0.0006508731619579813,0.0007690434420644741,0.5217300542321966,0.022320604775694905,0.04346010846439327,7.531694021957719,11.151509140198163,-3.619815118240444,0.06313210744354514,0.010305442067832113,-0.016712284296287225,-0.003801792457278202,0.0032199863603793112,-0.006069926529660442,0.0,1.0,0.9749279121818236,-0.22252093395631434,1
2026-03-18T01:00:00+00:00,2026-03-18T02:00:00+00:00,0.0003355935703714763,0.003292497162756424,-0.0019402972260617898,0.005230062537096392,0.0003355935703714763,0.004434370457028303,0.00046021109495819775,7119.2733,-0.3897635361477809,0.0004160269962123054,0.01562867353808258,0.07599977901246557,0.015206320302111546,4.37942332417258e-05,0.0006383122249576128,0.0007644007366786618,0.5243309140919731,0.002600859859776463,0.048661828183946196,6.8485380791662465,10.29091492799178,-3.4423768488255337,0.17743826941491037,0.009939704627198146,-0.035166054719855726,-0.00027519069855433414,0.007811009969657556,-0.0019241167904592476,0.25881904510252074,0.9659258262890683,0.9749279121818236,-0.22252093395631434,1
2026-03-18T02:00:00+00:00,2026-03-18T03:00:00+00:00,0.002782771761103044,0.003119299211785358,0.006084431191987499,0.0071027540328289646,0.0027784587725747972,0.004207609725969402,0.00012438397762821988,8007.8454,0.12481219115439779,0.0028943166414216394,0.01771839013087226,0.07814660641415715,0.014781291750754705,0.00030475775861825514,0.0007237229933556787,0.0007860103563428494,0.5463674067615043,0.022036492669531213,0.09273481352300862,6.751381279780617,9.583008198349548,-2.831626918568931,0.6107499302566026,0.00971145235389838,-0.020244818681977646,-0.0016443072285287927,0.0035813134639306244,0.00607427693892942,0.49999999999999994,0.8660254037844387,0.9749279121818236,-0.22252093395631434,1
2026-03-18T03:00:00+00:00,2026-03-18T04:00:00+00:00,0.003911661641268179,0.006705318663925534,0.007043162496127916,0.009121553782988156,0.003915967539931764,0.004011774708302482,0.0012090865201806055,12961.3324,0.618579249794208,0.006164031115921507,0.020830678843830205,0.08147763500791427,0.014576795904383641,0.0006492666542926545,0.0008509552987906312,0.0008195418023694123,0.5761732332050586,0.029805826443554367,0.15234646641011737,7.325843829780297,9.131575324635698,-1.8057314948554009,1.0258954237135303,0.00963417969282967,-0.004076322312727185,-0.00029470806816728076,0.006826569852972955,0.007030026972742699,0.7071067811865475,0.7071067811865476,0.9749279121818236,-0.22252093395631434,0
2026-03-18T04:00:00+00:00,2026-03-18T05:00:00+00:00,-0.005596831595182413,-0.0017070628653777472,0.0010709585293890963,0.006607920051901005,-0.005596831595182413,0.0005972047381106301,0.0003823828898695719,6998.1637,-0.4600737421100318,0.00048194264732977227,0.014515822195130293,0.07461829073637298,0.014027119280799923,5.073337872719272e-05,0.0005928337822409745,0.000750495391152516,0.5230148150443102,-0.05315841816074844,0.04602963008862048,6.647421681434935,8.634744595995546,-1.987322914560611,-0.1815914197052102,0.009468369486853296,-0.022711126681403106,-0.009570212765957355,-0.0004895540334528042,0.0010976018071888098,0.8660254037844386,0.5000000000000001,0.9749279121818236,-0.22252093395631434,0
2026-03-18T05:00:00+00:00,2026-03-18T06:00:00+00:00,-0.003905461201026051,-0.009480434587564803,-0.005605857198615353,0.007401592463833065,-0.0039011815252416445,0.0014967089655885473,0.0019884231502489314,11045.5592,0.5783510751541865,-0.0031001834866609007,0.010135605784208182,0.06967188031992988,0.01327695025279602,-0.0003262286440006513,0.00041386941230274395,0.000700710554188907,0.48928178962750835,-0.03373302541680189,-0.02143642074498331,5.315012058868433,7.970798088570123,-2.65578602970169,-0.6684631151410789,0.009355214223371851,-0.015809658660443614,-0.010068317677198945,-0.0035244259913521842,-0.005590631154940286,0.9659258262890683,0.25881904510252074,0.9749279121818236,-0.22252093395631434,1
2026-03-18T06:00:00+00:00,2026-03-18T07:00:00+00:00,0.0018590246806014204,-0.0020536968691864696,-0.007639034268844493,0.005579641198072973,0.0018590246806014204,0.003620739388564256,0.00010332668885330471,7129.4966,-0.3545372877092542,-0.0011283016265884135,0.011536920990715169,0.07089683545972382,0.01267952895044274,-0.00011875448796910244,0.0004711165806319567,0.000713039072095436,0.5055653101702517,0.016283520542743374,0.01113062034050344,4.55434911174234,7.287508293204566,-2.7331591814622263,-0.07737315176053627,0.009069411083286447,-0.028747912620874384,-0.003535009030575161,0.0038551134276367,-0.007643268115607044,1.0,6.123233995736766e-17,0.9749279121818236,-0.22252093395631434,0
2026-03-18T07:00:00+00:00,2026-03-18T08:00:00+00:00,-0.002148334072406279,-0.00029330319786763874,-0.004197618914634281,0.005043706369135279,-0.002148334072406279,0.0002114128418199547,0.00267933417898452,7584.7659,0.0638571452576329,-0.0029633060883938033,0.008993291438009548,0.06786731935060833,0.011992133889771744,-0.0003118296885872706,0.0003672079120727166,0.0006825491671648294,0.4862357570043532,-0.019329553165898544,-0.02752848599129365,3.508424020840266,6.531691438731706,-3.0232674178914403,-0.290108236429214,0.008799992100410148,-0.031790852029395064,-0.005748260507734452,-0.0001898040704345886,-0.00419477059283091,0.9659258262890683,-0.25881904510252085,0.9749279121818236,-0.22252093395631434,1
2026-03-18T08:00:00+00:00,2026-03-18T09:00:00+00:00,0.0020925556792394163,-6.027390183098021e-05,0.0017986387280993403,0.0035305413353195433,0.0020968792741174027,0.0012529116202170225,0.0001851381431935194,4961.8445,-0.34581441729137613,-0.0007934983937869274,0.010664544814072374,0.06935598195375663,0.011467142366908769,-8.351917067983768e-05,0.0004354771011891187,0.0006975312554666624,0.5060051285878875,0.019769371583534295,0.01201025717577494,3.0358795875599753,5.83252906849736,-2.7966494809373845,0.22661793695405574,0.008406539312345878,-0.04271158794176115,-0.00027117535145171546,0.004784709694444781,0.0018032462874345578,0.8660254037844387,-0.4999999999999998,0.9749279121818236,-0.22252093395631434,1
2026-03-18T09:00:00+00:00,2026-03-18T10:00:00+00:00,0.0028760995268212798,0.004974673604459604,0.0028156522712497636,0.0050444989202625716,0.0028760995268212798,0.0018675378981397215,0.000309109721071518,7538.4614,0.5192861041896819,0.0018818205012952921,0.013032172304953597,0.07165919854115933,0.011129408255036692,0.0001981256145408812,0.0005322084954191125,0.0007207120018653346,0.5326777009112547,0.02667257232336716,0.06535540182250926,3.163933041969358,5.298809863191759,-2.1348768212224014,0.6617726597149831,0.008144006915685979,-0.028443264622828573,0.0016211567404859093,0.00516549432529228,0.002820321133654417,0.7071067811865476,-0.7071067811865475,0.9749279121818236,-0.22252093395631434,0
2026-03-18T10:00:00+00:00,2026-03-18T11:00:00+00:00,-0.007058005297797187,-0.004202205296673205,-0.0021184429659926716,0.009758607420346377,-0.007058005297797187,0.0011760483909322346,0.0014743841959849425,14463.1891,0.9185863444230145,-0.0046975534671599255,0.005650208554500484,0.06341721154199961,0.010396600608897412,-0.000494234923387566,0.00023067395552892647,0.0006377653954271544,0.4659922369503136,-0.06668546396094101,-0.06801552609937275,1.9167506140338446,4.6223980133601765,-2.705647399326332,-0.5707705781039305,0.008313089617805835,0.013557069965604112,-0.008908905477327056,-0.0038934134986024042,-0.0020893500917364915,0.49999999999999994,-0.8660254037844387,0.9749279121818236,-0.22252093395631434,0
2026-03-18T11:00:00+00:00,2026-03-18T12:00:00+00:00,-0.01880380313295823,-0.025729091088624263,-0.022926990988508516,0.024557800946530716,-0.01880380313295823,0.0027893572580573764,0.002604281421030039,43820.6483,2.029805390569083,-0.021230552989768055,-0.012746474349443645,0.04297030937761043,0.008668107352799008,-0.002229811879001432,-0.0005199937250108056,0.000432048991522048,0.34348812515843735,-0.1225041117918763,-0.31302374968312535,-2.5515176769586105,3.1876148752964193,-5.73913255225503,-3.033485152928698,0.00962136001120994,0.13561170223250302,-0.026865466833048017,-0.017355006884845512,-0.022985708903934136,0.258819045102521,-0.9659258262890682,0.9749279121818236,-0.22252093395631434,0
2026-03-18T12:00:00+00:00,2026-03-18T13:00:00+00:00,-0.014034917641252682,-0.032574810945897516,-0.03940290305546382,0.015664874479886026,-0.01403057290037154,0.0005229073649491496,0.0009117359183728034,41031.3103,-0.06365350829371466,-0.0317429749930474,-0.025585953290792385,0.028042487924918546,0.006358871191469851,-0.003330238244603017,-0.0010432351479601825,0.00028191350232059046,0.2845006329045663,-0.058987492253871066,-0.4309987341908675,-8.563961293240936,0.8372996415889484,-9.401260934829885,-3.6621283825748554,0.010180214138607783,0.0432346009199853,-0.03521533658738512,-0.011460482541982769,-0.0398967260720081,1.2246467991473532e-16,-1.0,0.9749279121818236,-0.22252093395631434,0
2026-03-18T13:00:00+00:00,2026-03-18T14:00:00+00:00,-0.0008089421628699774,-0.014832506367490242,-0.03335740197074584,0.009487046446718689,-0.0008134078212291235,0.003309954913046631,0.00536302154154431,31025.6691,-0.24385380644302745,-0.02951994691758729,-0.025366151387437474,0.026932813985649864,0.00428014518892649,-0.003097737040482987,-0.0010342822704811105,0.00027075483593258173,0.28154163501263596,-0.002958997891930295,-0.4369167299747281,-13.321357730006184,-1.9944318327300783,-11.326925897276105,-1.9256649624462199,0.010138355327139711,-0.004917397008821662,-0.015335829112530352,0.00010288756178846237,-0.03364766293708089,-0.25881904510252035,-0.9659258262890684,0.9749279121818236,-0.22252093395631434,0
2026-03-18T14:00:00+00:00,2026-03-18T15:00:00+00:00,-0.020311493594789887,-0.02110400493410018,-0.03484272960420217,0.02295607390869628,-0.020315875635709812,0.0006939783679637587,0.0015249261506572913,51230.1483,0.6512181618026733,-0.04475293423105908,-0.04346833093263454,0.006013470710258317,0.0013447864374129008,-0.004688747266632653,-0.0017710753161096925,6.044054439900649e-05,0.21978128622715573,-0.06176034878548023,-0.5604374275456885,-20.51930242855451,-5.699405951894965,-14.819896476659546,-3.4929705793834405,0.011249087264881772,0.08702064046349496,-0.024335159695309416,-0.015029073297087307,-0.03515535339891255,-0.5000000000000001,-0.8660254037844386,0.9749279121818236,-0.22252093395631434,0
2026-03-18T15:00:00+00:00,2026-03-18T16:00:00+00:00,-0.0011916339081483687,-0.021478923638445568,-0.02227049059437134,0.012460802866990401,-0.0011870736807503965,0.0027289432544361555,0.008543375113134608,47106.9921,-0.0804830034036813,-0.04170291133450885,-0.04293393268073139,0.004766535421668901,-0.0012845925974134312,-0.004370594192884721,-0.0017493398628906462,4.790717359714373e-05,0.21683703904109636,-0.0029442471860593854,-0.5663259219178073,-26.13308471455639,-9.78614170442725,-16.346943010129138,-1.5270465334695924,0.011348100538196848,0.007599771422129023,-0.02214812199123023,0.0003338012647867185,-0.022312069665808235,-0.7071067811865475,-0.7071067811865477,0.9749279121818236,-0.22252093395631434,0
2026-03-18T16:00:00+00:00,2026-03-18T17:00:00+00:00,-0.003044348756205194,-0.004232354915147439,-0.024457883060187435,0.01103163686382391,-0.003048905913597605,0.0014947271893625692,0.0064786795048143555,25173.853,-0.46560262335238345,-0.04054303909965107,-0.044128972860450436,0.0016906551443068214,-0.003737461821564508,-0.004249552560424963,-0.0017979441400933491,1.699179770432001e-05,0.2091380274974769,-0.007699011543619463,-0.5817239450050462,-30.764816309405887,-13.981876625422977,-16.78293968398291,-0.43599667385377217,0.011357673842408211,-0.002203312875136967,-0.006934610673745472,0.005546411430310332,-0.02454747625914345,-0.8660254037844384,-0.5000000000000004,0.9749279121818236,-0.22252093395631434,1
2026-03-18T17:00:00+00:00,2026-03-18T18:00:00+00:00,0.010554791380100863,0.0074783101578856535,0.0062777648417774974,0.01574849593016399,0.010554791380100863,0.003484541882559975,0.0018194027277430415,25927.7863,0.029949062624620895,-0.027599342017085818,-0.03274876977959132,0.012139786909619808,-0.005295582350990122,-0.0028967781942060094,-0.0013349001404983673,0.00012202279638549392,0.3014606536204721,0.09232262612299522,-0.3970786927590558,-32.20671637591886,-17.626844575522153,-14.579871800396706,2.203067883586204,0.011561151456163868,0.02865931527931592,0.005974631777373146,0.017144544896555904,0.0063188087157473,-0.9659258262890683,-0.25881904510252063,0.9749279121818236,-0.22252093395631434,0
2026-03-18T18:00:00+00:00,2026-03-18T19:00:00+00:00,-0.010353808041669387,9.170105456204406e-05,-0.0029529268716345486,0.02017238217494957,-0.010353808041669387,0.007326242435356694,0.0023840088024939567,32888.1753,0.2684528836925813,-0.03420271895467307,-0.04115552102833506,0.0016437384324795225,-0.007199028419438756,-0.00358737064470804,-0.0016770001311906743,1.6520257160313688e-05,0.26805456233887637,-0.033406091281595704,-0.4638908753222472,-34.78978091377439,-21.0594318431726,-13.730349070601793,0.8495227297949128,0.012288554053515293,0.051912585856806394,-0.013790297056562826,0.0019338628105779248,-0.0028433654177737184,-1.0,-1.8369701987210297e-16,0.9749279121818236,-0.22252093395631434,1
2026-03-18T19:00:00+00:00,2026-03-18T20:00:00+00:00,0.0021318540253072124,-0.008244026823713066,0.002223750573131549,0.008124985703502171,0.0021318540253072124,0.004904270649861727,0.0010933961616761776,15080.6564,-0.5414565793803708,-0.029171771645868948,-0.03763534836107972,0.003741353030340305,-0.008717893102015874,-0.0030613123936614403,-0.0015337805712234477,3.760295192213965e-05,0.2854310174971529,0.017376455158276512,-0.4291379650056942,-36.04614451564112,-24.056774377666304,-11.989370137974813,1.7409789326269802,0.0119668819034066,-0.024100516908888755,-0.015382882882882924,0.004526654411764664,0.0023328373637386875,-0.9659258262890684,0.2588190451025203,0.9749279121818236,-0.22252093395631434,1
2026-03-18T20:00:00+00:00,2026-03-18T21:00:00+00:00,0.0006908067799712782,0.002824133504493082,-0.007558915073365874,0.01900464486870024,0.0006908067799712782,0.0033922171018945543,0.014922097871406569,33883.3554,1.246809057992993,-0.025856910629209667,-0.035572288821344424,0.0043904238173798895,-0.009973255775401563,-0.0027143920879556488,-0.0014498251111735396,4.412680957557366e-05,0.29131463750782616,0.005883620010673241,-0.4173707249843477,-36.49923685880594,-26.54526687389423,-9.953969984911712,2.035400153063101,0.012461908240047273,0.04208574225178138,-0.004192900749805394,0.003924160436201496,-0.007531147236390897,-0.8660254037844386,0.5000000000000001,0.9749279121818236,-0.22252093395631434,1
2026-03-18T21:00:00+00:00,2026-03-18T22:00:00+00:00,0.0069170141174747886,0.007612599217695575,0.009760682193288083,0.00963000967087253,0.0069170141174747886,0.0019886582912976266,0.0007718536747046629,12999.5184,-0.6163450093257292,-0.01732946995244322,-0.02779945078029331,0.011223726369358126,-0.01065461974049775,-0.0018208332502467426,-0.0011333854403073789,0.00011281399560575288,0.34914199785997807,0.05782736035215194,-0.3017160042800438,-35.23132645121359,-28.282478789358102,-6.948847661855488,3.0051223230562236,0.01218013751005672,-0.015849943931215922,0.003512880562060699,0.022886759767974208,0.009739674922753279,-0.7071067811865477,0.7071067811865474,0.9749279121818236,-0.22252093395631434,0
2026-03-18T22:00:00+00:00,2026-03-18T23:00:00+00:00,-0.0036685751127133056,0.0032230634189158286,0.003916096712949171,0.007254797417073415,-0.0036730987514189085,0.00045570335534380544,0.003112453916998158,10013.8603,-0.22967451624977125,-0.01897855015509969,-0.0301731148394567,0.007438654083434499,-0.011411131414228377,-0.0019937591050450754,-0.0012300408439107735,7.476593207386752e-05,0.33349171914071335,-0.01565027871926475,-0.3330165617185733,-34.48101115807185,-29.52218526310085,-4.958825894971,1.9900217668844888,0.011869972333559973,-0.029039989187001666,-0.005646005428502829,0.004003367403896306,0.0039392457847327615,-0.5000000000000004,0.8660254037844384,0.9749279121818236,-0.22252093395631434,1
2026-03-18T23:00:00+00:00,2026-03-19T00:00:00+00:00,0.004092216130987381,0.0004086284160200914,0.007328469022017292,0.00821915321391135,0.004092216130987381,0.001583922955082957,0.002559692110792857,18382.5666,0.8357123076701997,-0.013558177991288693,-0.025202649930998775,0.011444956272355027,-0.011804519719164186,-0.0014251427003047876,-0.0010276224947347243,0.00011503791835468626,0.36742913930423093,0.033937420163517584,-0.26514172139153813,-32.78385802346702,-30.174519815174087,-2.6093382082929324,2.349487686678067,0.011564278480313632,-0.02176671680821709,-4.992058089409001e-05,0.007227164263706903,0.007340655135748863,-0.2588190451025207,0.9659258262890683,0.9749279121818236,-0.22252093395631434,0
2026-03-19T00:00:00+00:00,2026-03-19T01:00:00+00:00,-0.004561153495295761,-0.00048760259021773917,-0.004154388896203677,0.00794222509961979,-0.004561153495295761,0.0022294765061505865,0.001130695651381007,12225.727,-0.3349281813563509,-0.016365874943895874,-0.028519309662473263,0.006763164715901182,-0.012355645670471413,-0.0017197610052998983,-0.0011627000106459548,6.797612512197607e-05,0.34618422617430966,-0.021244913129921272,-0.3076315476513807,-31.8822838237229,-30.51607261688385,-1.3662112068390506,1.2431270014538818,0.011354763651052644,-0.022595931914046775,-0.006135358515188847,0.0020879306642544275,-0.0041375124770216855,0.0,1.0,0.43388373911755823,-0.900968867902419,1
2026-03-19T01:00:00+00:00,2026-03-19T02:00:00+00:00,0.001632213883848344,-0.0029363843895088026,0.001143815421913051,0.006709393150410682,0.0016367806030101013,0.002303224514320023,0.0027720627059702424,10063.2321,-0.17688067957022116,-0.01337342348354173,-0.02590478519206861,0.008322075477642068,-0.012701220509153637,-0.0014057498731764758,-0.0010562213879143567,8.364594558296489e-05,0.3603718792818848,0.014187653107575145,-0.2792562414362304,-30.527007355846763,-30.518259564676434,-0.008747791170328867,1.3574634156687218,0.011005769928003025,-0.0291533987622898,-0.005144275182495031,0.002766037081328768,0.0011632765195399635,0.25881904510252074,0.9659258262890683,0.43388373911755823,-0.900968867902419,0
2026-03-19T02:00:00+00:00,2026-03-19T03:00:00+00:00,-0.00010924385048169094,0.001522791724037172,-0.003045307458053289,0.007311033013456647,-0.00011379515960909088,0.003673725804395799,0.0035234990986396666,6192.2136,-0.38466950394595384,-0.012212962474295949,-0.025016670260422817,0.008129547549243367,-0.012962012356629748,-0.0012839244161664818,-0.0010200470236889532,8.17106715581214e-05,0.3598081908642045,-0.0005636884176802681,-0.2803836182715909,-29.136440238783052,-30.241895699497757,1.1054554607147047,1.1142032518850336,0.010742976703576346,-0.02398440366228053,-0.002406924676881798,0.004315941551910195,-0.0030381834619291077,0.49999999999999994,0.8660254037844387,0.43388373911755823,-0.900968867902419,1
2026-03-19T03:00:00+00:00,2026-03-19T04:00:00+00:00,0.007106178414698604,0.006996158257924681,0.00863979136841521,0.01673831188496976,0.007101593761522977,0.009686795130837204,0.0,24098.4539,2.8917349201261406,-0.004701271058264647,-0.01739125743072542,0.015139018123615306,-0.01274992723637211,-0.0004946258618962658,-0.0007093437163896415,0.00015217408934581214,0.42302355513708184,0.06321536427287733,-0.1539528897258363,-26.469683207023536,-29.487453201002914,3.0177699939793783,1.9123145332646736,0.01110114945043233,0.04068327685319194,0.003306122448979575,0.010667263607042636,0.008629148448065256,0.7071067811865475,0.7071067811865476,0.43388373911755823,-0.900968867902419,0
2026-03-19T04:00:00+00:00,2026-03-19T05:00:00+00:00,-0.008443739292768957,-0.0013975635959719709,-0.0015066547712251448,0.010156773537684547,-0.008443739292768957,0.0003738130296635061,0.001267317344468798,9828.265,-0.5921620100283695,-0.011872006646879209,-0.024705659016326133,0.006501676288408315,-0.012987844141422523,-0.001248125147035512,-0.0010073784109716436,6.534775033486882e-05,0.3752690907166559,-0.047754464420426,-0.24946181856668828,-25.56883729089259,-28.70373001898085,3.1348927280882606,0.1171227341088823,0.011121475067845124,-0.006628252230966427,-0.017956592589939507,-0.0014021095375314346,-0.001446804728552044,0.8660254037844386,0.5000000000000001,0.43388373911755823,-0.900968867902419,0
2026-03-19T05:00:00+00:00,2026-03-19T06:00:00+00:00,-0.0020377368812141876,-0.010464270055010912,-0.0034324526103028043,0.005403948582548365,-0.002042286266536601,0.002229185890349685,0.001128296956795728,6929.8877,-0.29490223350713474,-0.012579753913586372,-0.025673140194714915,0.004406210090886039,-0.01326019628726823,-0.0013224334764089724,-0.0010467863633328964,4.428547961830922e-05,0.3646605999036739,-0.01060849081298194,-0.27067880019265217,-24.928244766392254,-27.94863296846313,3.020388202070876,-0.11450452601738448,0.010734167168271056,-0.036791999748757666,-0.010830912155292893,-0.0007713971417225684,-0.00337529775928454,0.9659258262890683,0.25881904510252074,0.43388373911755823,-0.900968867902419,0
2026-03-19T06:00:00+00:00,2026-03-19T07:00:00+00:00,-0.0038828032926171924,-0.005912628042359514,-0.014306442645403672,0.008213185119964715,-0.0038828032926171924,0.0030082911438843395,0.0013069557561082568,16389.5626,1.3650545736837845,-0.01487375259176317,-0.028333842058636136,0.0005012580314454694,-0.01366331422219745,-0.0015632107139322282,-0.001155147440551124,5.037794539548073e-06,0.34470544778549567,-0.01995515211817825,-0.31058910442900867,-24.820336152992695,-27.322973605369043,2.502637452376348,-0.5177507496945282,0.010592949490966464,-0.01698762592459359,-0.00812372071867188,-0.002757617747534013,-0.014364279466600337,1.0,6.123233995736766e-17,0.43388373911755823,-0.900968867902419,0
2026-03-19T07:00:00+00:00,2026-03-19T08:00:00+00:00,-0.006401790300095402,-0.010259736700256738,-0.012276566937605267,0.017935274244466247,-0.006406346731479263,0.0006230730887809502,0.01086454852585521,46063.5714,1.8105430586658853,-0.01920188404521309,-0.03324422481002073,-0.005845340900663037,-0.014317259114163067,-0.002017173737789601,-0.0013550684330775945,-5.874369370592282e-05,0.314286569241325,-0.030418878544170695,-0.37142686151735005,-25.566557767531776,-26.97169043780159,1.4051326702698148,-1.0975047821065331,0.011180776972595155,0.048735292516805945,-0.013216741813544649,-0.005101501981366489,-0.012322330473926783,0.9659258262890683,-0.25881904510252085,0.43388373911755823,-0.900968867902419,0
2026-03-19T08:00:00+00:00,2026-03-19T09:00:00+00:00,-0.002778444440341897,-0.009162447721769764,-0.013009675032204437,0.005970397933964454,-0.002778444440341897,0.0019947608601075346,0.001189451371340104,14135.1619,-0.6931379510881781,-0.01988020909590482,-0.03456998075722152,-0.008522627117471775,-0.01498773088518738,-0.00208828353500815,-0.0014090314517163753,-8.564720782172668e-05,0.3019136122759826,-0.012372956965342326,-0.3961727754480347,-26.34007546818202,-26.845367443877677,0.5052919756956555,-0.8998406945741593,0.010837533639283888,-0.033392564695054035,-0.00978001833180575,0.008174920910439814,-0.013063038033054492,0.8660254037844387,-0.4999999999999998,0.43388373911755823,-0.900968867902419,1
2026-03-19T09:00:00+00:00,2026-03-19T10:00:00+00:00,0.01331074764192433,0.010495320028799932,0.004026340890747763,0.014236647148559925,0.013315437484090427,0.0007947310246548317,0.0003014496990071842,34822.2119,1.463517018506877,-0.006187244017660836,-0.02088543377299871,0.0046279485114697795,-0.014789697220991466,-0.0006508649428881223,-0.0008517406041232332,4.6514208812450745e-05,0.41949322979085024,0.1175796175148676,-0.1610135404182995,-24.351691040279093,-26.34663216315796,1.994941122878867,1.4896491471832114,0.010948135338834573,0.023652020351420375,0.008489214597948536,0.014517466834098635,0.004130512901487029,0.7071067811865476,-0.7071067811865475,0.43388373911755823,-0.900968867902419,0
2026-03-19T10:00:00+00:00,2026-03-19T11:00:00+00:00,-0.007609321190086805,0.005600140697749931,0.002806136577621237,0.009016182183029945,-0.007613853834102766,0.0012150444595815126,0.0001288683517738729,8226.4387,-0.7637588696655999,-0.012456321005651852,-0.027254907831376195,-0.0029866620691163513,-0.014985247883713138,-0.0013094747124510401,-0.0011112090584044908,-3.0015803236633385e-05,0.37960659296858795,-0.03988663682226232,-0.24078681406282412,-23.845330693171945,-25.846371869160755,2.00104117598881,0.006100053109943104,0.01088808915047371,-0.013052191211615757,-0.00839737855747624,0.005912064407705794,0.0029229820114956267,0.49999999999999994,-0.8660254037844387,0.43388373911755823,-0.900968867902419,0
2026-03-19T11:00:00+00:00,2026-03-19T12:00:00+00:00,-0.002687825622710352,-0.01027669428433101,0.0028972628733813827,0.005422442914366935,-0.002687825622710352,0.0022243553061486853,0.0005030181086519786,8602.233,0.045681286119593836,-0.01369125838348655,-0.02873178000380359,-0.005610393706850728,-0.015249303778516998,-0.0014391110675807414,-0.0011713520397832297,-5.6382687213746924e-05,0.3664530327801237,-0.013153560188464227,-0.2670939344397526,-23.64273690904929,-25.405644877138464,1.7629079680891735,-0.23813320789963655,0.010524933993659941,-0.03595161085379548,-0.011473173758137327,-0.0025592870820444584,0.0030136008291271714,0.258819045102521,-0.9659258262890682,0.43388373911755823,-0.900968867902419,0
2026-03-19T12:00:00+00:00,2026-03-19T13:00:00+00:00,-0.01590737083048763,-0.018552440214289843,-0.026020589927926233,0.017500996506365996,-0.01590737083048763,0.00026260873642990247,0.00107388215432951,24789.6612,1.8817704891276483,-0.026657253970853653,-0.04252314918393851,-0.02121982331160151,-0.016300419639239557,-0.00279817497997445,-0.0017326315198098884,-0.00021321908382230945,0.3003089541810125,-0.06614407859911119,-0.39938209163797495,-25.964320275801583,-25.51737995687109,-0.44694031893049413,-2.2098482870196676,0.011181202359594465,0.04545442602850667,-0.020724841337631732,-0.015412105289888916,-0.02620451764328479,1.2246467991473532e-16,-1.0,0.43388373911755823,-0.900968867902419,1
2026-03-19T13:00:00+00:00,2026-03-19T14:00:00+00:00,0.002363478627869335,-0.013581488933601744,-0.016232809882361803,0.015092468268857288,0.002363478627869335,0.0026526439889777605,0.010081918511899345,61210.5376,1.4691962147510111,-0.02208832407294277,-0.03874251064270222,-0.018721894975888727,-0.01703035865071488,-0.0023196932564782573,-0.0015788303180530895,-0.00018812435107073427,0.31964562781367034,0.019336673632657835,-0.36070874437265926,-27.085283651168083,-25.83096069573049,-1.254322955437594,-0.8073826365071,0.011436097433114929,0.025214108136406836,-0.0138363445106761,0.003441056070905438,-0.01623171782532865,-0.25881904510252035,-0.9659258262890684,0.43388373911755823,-0.900968867902419,0
2026-03-19T14:00:00+00:00,2026-03-19T15:00:00+00:00,-0.007396525831699773,-0.0050505287345541435,-0.020877558931571186,0.02125673994193298,-0.007401169590643351,0.004600128200294209,0.009200256400588205,44113.7835,-0.2793106345793637,-0.02660324192085181,-0.04413369856747168,-0.02572808781234199,-0.018009569583130297,-0.0027925212423865814,-0.0017981363330842166,-0.0002585069037589876,0.29235163947977694,-0.027293988333893394,-0.41529672104044607,-28.916063689974635,-26.447981294579318,-2.4680823953953173,-1.2137594399577232,0.012216702624133945,0.06035660665872881,-0.010022583474868894,0.005106826472120776,-0.020940418034318068,-0.5000000000000001,-0.8660254037844386,0.43388373911755823,-0.900968867902419,0
2026-03-19T15:00:00+00:00,2026-03-19T16:00:00+00:00,-0.0013527016326684,-0.008739222171799559,-0.006396398508757473,0.017656137171336673,-0.001347994739992613,0.00713608110212803,0.009170241786663192,35200.3392,-0.20205576563161934,-0.025328262705558824,-0.043723151377065714,-0.02678408069902185,-0.018872906608094177,-0.0026590435528324424,-0.001781439234275735,-0.0002691142986927971,0.287551557359658,-0.004800082120118958,-0.424896885280684,-30.249853592857562,-27.208355754234965,-3.041497838622597,-0.5734154432272796,0.012620599605656087,0.03166362378880765,-0.013249443476803121,0.007920424706016713,-0.006385748836498837,-0.7071067811865475,-0.7071067811865477,0.43388373911755823,-0.900968867902419,0
2026-03-19T16:00:00+00:00,2026-03-19T17:00:00+00:00,-0.001755702493380624,-0.0031060291844197483,-0.010479581191022947,0.007333021289874077,-0.001755702493380624,0.0014845703965315293,0.004089660487260632,34288.2759,-0.02591063952020103,-0.024527469076813073,-0.04369942063087867,-0.028217248155105127,-0.0196540147941647,-0.0025751901242814512,-0.00178047407939432,-0.0002835100329864069,0.28110892289745976,-0.006442634462198242,-0.4377821542050805,-31.24687014249139,-28.01605863188625,-3.2308115106051396,-0.18931367198254279,0.012263526930498127,-0.02999887420545381,-0.0101554200459567,0.007483161695357694,-0.010504929957748797,-0.8660254037844384,-0.5000000000000004,0.43388373911755823,-0.900968867902419,1
2026-03-19T17:00:00+00:00,2026-03-19T18:00:00+00:00,0.005612054333385289,0.0038464987422185525,0.0024885939444214966,0.012614247564599206,0.0056168088204702,0.002228532741565324,0.004800278331515419,15221.908,-0.5560608516918752,-0.01726982412166421,-0.036884816937098934,-0.022542153426107308,-0.019959693206635702,-0.0018145775459568745,-0.001503239600800521,-0.00022650299056232204,0.3325004152824567,0.05139149238499698,-0.3349991694350865,-30.725024189725445,-28.557851743454087,-2.1671724462713584,1.0636390643337812,0.012225027446300106,0.002455087694459698,0.002361035839675873,0.009741554471050674,0.002503650207336265,-0.9659258262890683,-0.25881904510252063,0.43388373911755823,-0.900968867902419,0
2026-03-19T18:00:00+00:00,2026-03-19T19:00:00+00:00,-0.0009026968067100805,0.004704291543149378,0.002940329713376857,0.007138689154086546,-0.000907394086423333,0.0011811542370968162,0.005049316718744127,7902.9561,-0.48081698430971986,-0.016456156445884516,-0.03632744524509082,-0.02319682859388195,-0.020203765118797137,-0.001729231572694121,-0.0014805575661702446,-0.00023307961694430805,0.32841081576301506,-0.004089599519441691,-0.3431783684739699,-30.119190190382596,-28.87011943283979,-1.2490707575428068,0.9181016887285516,0.011871974070517403,-0.029756184226449094,-0.0031242670169347726,0.009582539539258991,0.0029536550332945844,-1.0,-1.8369701987210297e-16,0.43388373911755823,-0.900968867902419,1
2026-03-19T19:00:00+00:00,2026-03-19T20:00:00+00:00,0.007599856943869335,0.00669029977056457,0.012339900429768902,0.0148889169106899,0.007599856943869335,0.007346382151980916,0.0,28980.1593,2.6670024397579533,-0.008132952610223546,-0.027898003957212987,-0.015618767658930773,-0.0199271176504993,-0.0008553679939856787,-0.0011373988897341706,-0.00015694790277479933,0.3957351270006545,0.06732431123763945,-0.208529745998691,-28.01297620012383,-28.6986907862966,0.685714586172768,1.9347853437155749,0.012004321266097025,0.01883244678451896,0.005498995059826829,0.01271336748158979,0.012309214470544543,-0.9659258262890684,0.2588190451025203,0.43388373911755823,-0.900968867902419,1
2026-03-19T20:00:00+00:00,2026-03-19T21:00:00+00:00,0.0024098748826586404,0.010028046530888806,0.00911629743859775,0.006247816059822634,0.0024145564595223538,0.003005101684254792,0.0008339739557853862,8053.483,-0.722103563454187,-0.005198598720846775,-0.024577819979781545,-0.013116454594281308,-0.019480492522443407,-0.0005469216310268199,-0.0010021709715123965,-0.00013180628907606955,0.41588303253217324,0.02014790553151876,-0.16823393493565347,-25.631948416301384,-28.085342312297556,2.4533938959961716,1.7676793098234036,0.011566344341150796,-0.03416298790607484,-0.004900506277469801,0.010028046530888806,0.009107035019817895,-0.8660254037844386,0.5000000000000001,0.43388373911755823,-0.900968867902419,1
2026-03-19T21:00:00+00:00,2026-03-19T22:00:00+00:00,0.0016772660563281428,0.004091182940327464,0.011722132289274486,0.004865229423940109,0.0016772660563281428,0.0026372706342008296,0.0005535012442150071,9694.9183,0.20381682062282855,-0.003194930780970931,-0.022061948558709618,-0.011348440842378002,-0.018927489797499232,-0.00033619543787553885,-0.0008996775477114496,-0.00011404167484607698,0.43015862107367325,0.0142755885415,-0.1396827578526535,-23.187189344459966,-27.10571171873004,3.918522374270072,1.4651284782739005,0.011069709305405016,-0.04133269544583162,-0.0013238573021183407,0.004935986426037303,0.011686997882856119,-0.7071067811865477,0.7071067811865474,0.43388373911755823,-0.900968867902419,0
2026-03-19T22:00:00+00:00,2026-03-19T23:00:00+00:00,-0.004590804437312445,-0.0029212383814382474,-0.0005184033177812932,0.009009009009009103,-0.004590804437312445,0.0011261261261262707,0.0032709057605323165,12230.9541,0.261584030058304,-0.007036173693759513,-0.025536826567542734,-0.01573155260491189,-0.018631749096645767,-0.0007401017062740682,-0.0010412341531247985,-0.0001580810627573985,0.4012076745388626,-0.02895094653481067,-0.1975846509222748,-21.794888768578858,-26.043547128699803,4.248658360120945,0.3301359858508732,0.010969923012725221,-0.013563776588991062,-0.007209062821833145,-0.0023681217251859663,-0.0005036634983256621,-0.5000000000000004,0.8660254037844384,0.43388373911755823,-0.900968867902419,0
2026-03-19T23:00:00+00:00,2026-03-20T00:00:00+00:00,-0.0010607080109154713,-0.005646642945184713,-0.003978847811400734,0.007909963935054965,-0.0010607080109154713,0.003461486287368892,0.0033866433406148262,11527.744,-0.05749429637709132,-0.007324640636368063,-0.025555096987432586,-0.016611425695334126,-0.018364973179903855,-0.0007704207979878025,-0.0010419783318410683,-0.00016692113464622356,0.39462932600304557,-0.006578348535817042,-0.2107413479939089,-20.63676280435766,-24.962190263831374,4.325427459473715,0.0767690993527701,0.010762170730592413,-0.019978973652536234,-0.006760021557732062,0.002217450822285155,-0.003974246391899774,-0.2588190451025207,0.9659258262890683,0.43388373911755823,-0.900968867902419,1
2026-03-20T00:00:00+00:00,2026-03-20T01:00:00+00:00,0.0036439159700815153,0.0025793428283054755,-0.0020233028675085045,0.006655480984340138,0.0036392212627815927,0.001584638329604815,0.001444817300522168,9477.5198,-0.17785129510162617,-0.00335551268288741,-0.021159646804461793,-0.012900080388543808,-0.017864077259386334,-0.0003530871467883202,-0.0008629137899365209,-0.000129632242434203,0.4292165197588098,0.03458719375576429,-0.14156696048238032,-18.872797871656076,-23.744311785396313,4.8715139137402375,0.546086454266522,0.010432552690036127,-0.02709515603310783,-0.0008754447072848683,0.0070544502175472965,-0.0020075964781464013,0.0,1.0,-0.433883739117558,-0.9009688679024191,1
2026-03-20T01:00:00+00:00,2026-03-20T02:00:00+00:00,0.0024608501118569166,0.006113733212961004,0.005046540316249945,0.00729003942572356,0.002456177963376374,0.00460276723945552,0.00023711225172962612,15224.7082,0.6064021517528245,-0.0008169978608776367,-0.018028796359195323,-0.010367866846308938,-0.017225871998892535,-8.59923795039839e-05,-0.0007353281337965711,-0.0001041888103577294,0.45206736476325965,0.02285084500444981,-0.0958652704734807,-16.854502863167454,-22.36635000095054,5.511847137783086,0.6403332240428483,0.010184306811054079,-0.021393021732834073,0.0008748255002327171,0.0075700794483587125,0.005044058071022961,0.25881904510252074,0.9659258262890683,-0.433883739117558,-0.9009688679024191,0
2026-03-20T02:00:00+00:00,2026-03-20T03:00:00+00:00,-0.0029941233355650033,-0.0005406413124533252,0.0031013046061156555,0.008897427766689638,-0.002998758653394557,0.00041036354479496236,0.005479285967432057,12247.0988,-0.19557743642009504,-0.0034471944554417436,-0.020163208346482112,-0.013200052203274514,-0.016773836567452176,-0.0003627309527697409,-0.0008223113433282004,-0.00013264624387862844,0.4294827235269621,-0.02258464123629757,-0.14103455294607584,-15.594875687135755,-21.012055138187584,5.41717945105183,-0.09466768673125614,0.010120786906700914,-0.00921248646034148,-0.007562084062236851,-0.00030767796373122673,0.0031106427463734286,0.49999999999999994,0.8660254037844387,-0.433883739117558,-0.9009688679024191,1
2026-03-20T03:00:00+00:00,2026-03-20T04:00:00+00:00,0.0032362761373598953,0.00023246299189169084,0.002693885160328207,0.0062610975280981505,0.0032315978456015724,0.0026494622056539604,0.00039044706188571556,7545.4335,-0.38390033237912635,-0.00020092869884642887,-0.016336711822105002,-0.009907914467110672,-0.01613902591673667,-2.1149942022735988e-05,-0.0006663602321234635,-9.956711522267236e-05,0.4607478514998359,0.03126512797287383,-0.0785042970003282,-13.876650683838761,-19.58497424731782,5.708323563479059,0.2911441124272294,0.009814778805254368,-0.027097178266253207,-0.00018124613690118956,0.008763580267174345,0.0027030029136518086,0.7071067811865475,0.7071067811865476,-0.433883739117558,-0.9009688679024191,0
2026-03-20T04:00:00+00:00,2026-03-20T05:00:00+00:00,-0.0013944537924494974,0.0018373095073772427,-0.001162314959458454,0.009337268081065707,-0.0013944537924494974,0.0036585706439268995,0.004282296428006345,10683.1639,0.41584494780849895,-0.0014434070746948292,-0.01702576184118318,-0.011177483727443196,-0.015604878959177785,-0.00015191450528665844,-0.0006944464637175364,-0.0001123239017975912,0.44928584593426607,-0.01146200556556984,-0.10142830813146787,-12.611640773177442,-18.190307552489745,5.578666779312304,-0.1296567841667553,0.009793397308624099,-0.003569916076915227,-0.004033230107367283,0.002225218206670048,-0.0011523009906546054,0.8660254037844386,0.5000000000000001,-0.433883739117558,-0.9009688679024191,0
2026-03-20T05:00:00+00:00,2026-03-20T06:00:00+00:00,-0.0037283906943837764,-0.0051176454182897575,-0.001897931394676542,0.006629694865840979,-0.003733027988400608,0.0016492475600014018,0.0012334316029470945,6696.9482,-0.37313063220905934,-0.004676677657817238,-0.019895417991046816,-0.014718474803107739,-0.015290247893937644,-0.0004920396365307922,-0.0008113989742570284,-0.00014790249149763282,0.4192934397869634,-0.029992406147302687,-0.16141312042607325,-12.115788099318706,-16.975403661855538,4.859615562536831,-0.7190512167754726,0.00960145094502099,-0.023254884569888334,-0.008739186009892319,0.0005562879234099303,-0.0018865683494733785,0.9659258262890683,0.25881904510252074,-0.433883739117558,-0.9009688679024191,0
2026-03-20T06:00:00+00:00,2026-03-20T07:00:00+00:00,-0.0017567056163185636,-0.005478546625829687,-0.006865360838159684,0.004549262616949399,-0.0017613694764480987,0.0006552435868034367,0.002129541657111116,7941.355,0.18581699646415062,-0.005816806416670635,-0.020787062796106297,-0.016288315510419777,-0.015057844948553641,-0.0006119207360217515,-0.0008477322829348588,-0.00016367486957299485,0.4056056727779651,-0.013687767008998293,-0.18878865444406984,-11.889170897869917,-15.958157109058414,4.068986211188497,-0.7906293513483345,0.009256270054951192,-0.03764445954378637,-0.007114576750065033,-0.0005239202331444527,-0.006879550103151838,1.0,6.123233995736766e-17,-0.433883739117558,-0.9009688679024191,1
2026-03-20T07:00:00+00:00,2026-03-20T08:00:00+00:00,0.006519673688693695,0.004751514924989639,0.0010054087265753053,0.014949733555293132,0.006519673688693695,0.0013298985371116684,0.0071423921433687015,17958.4824,1.2613876850990797,0.0006015775344281167,-0.01384591426941006,-0.009777539958448721,-0.014438805742679408,6.332796116920969e-05,-0.0005648201558348659,-9.825707784865041e-05,0.47410154305243557,0.0684958702744705,-0.051796913895128825,-10.464907610149567,-14.859507209276645,4.394599599127078,0.3256133879385814,0.009607271698783315,0.044687321987279,0.004090055934783107,0.008667673517630845,0.0010345773779913549,0.9659258262890683,-0.25881904510252085,-0.433883739117558,-0.9009688679024191,1
2026-03-20T08:00:00+00:00,2026-03-20T09:00:00+00:00,0.006351893012917618,0.01291297897136103,0.011133589052360072,0.013922003511690284,0.006356572565832431,0.005840495333148659,0.001765086406062362,21588.2621,0.20212062573839754,0.006290524397132627,-0.0072868035047878345,-0.0034531686637792854,-0.013492453295289272,0.0006625992098556523,-0.00029733211853334376,-3.470400829135104e-05,0.531157497373921,0.05705595432148549,0.06231499474784215,-8.140086998856987,-13.515623167192713,5.375536168335726,0.980936569208648,0.009859159010532406,0.03273683152118684,0.005015324602953342,0.020247495580435978,0.01111486108529275,0.8660254037844387,-0.4999999999999998,-0.433883739117558,-0.9009688679024191,0
2026-03-20T09:00:00+00:00,2026-03-20T10:00:00+00:00,-0.010622862951667953,-0.004338445227710216,0.002152943213782538,0.013655830114748314,-0.010618291369981386,0.0,0.0029235805922820358,16374.6285,-0.24150316388830573,-0.003981862402090759,-0.017144944971685238,-0.013901596045959575,-0.013215705691203379,-0.0004189678031524896,-0.0006993043035869135,-0.00013969501570125484,0.4438740672279291,-0.08728343014599198,-0.1122518655441418,-8.059841938740647,-12.4244669215023,4.364624982761653,-1.0109111855740736,0.010228979178586107,0.02648898590895266,-0.01636776244464458,-0.0025620600826380836,0.0022487037499433603,0.7071067811865476,-0.7071067811865475,-0.433883739117558,-0.9009688679024191,1
2026-03-20T10:00:00+00:00,2026-03-20T11:00:00+00:00,0.0033485739371664023,-0.007309860456519596,-0.0010043988951611478,0.009174354630000296,0.0033485739371664023,0.0013451996387975464,0.00449175657937613,10311.9047,-0.3702510747037712,-0.0005850750062329852,-0.01331773190751017,-0.010495211159574379,-0.012740110821695598,-6.158305005579083e-05,-0.0005432855745257545,-0.00010546838438812109,0.47296215415609183,0.029088086928162723,-0.05407569168781635,-7.333156014845827,-11.406204740171004,4.073048725325178,-0.29157625743647486,0.010121949116169416,-0.0071498793903176676,-0.007305273566553743,0.0062905454460293175,-0.0009223960015839324,0.49999999999999994,-0.8660254037844387,-0.433883739117558,-0.9009688679024191,0
2026-03-20T11:00:00+00:00,2026-03-20T12:00:00+00:00,-0.0032024129809438313,0.00013543743957853907,-0.010488864245448582,0.01106233948167175,-0.0032024129809438313,0.004814382442213376,0.0030352556619192153,13415.6096,0.30098269818184037,-0.0034263149421993096,-0.015841556135116876,-0.013529893329254092,-0.012457925970820198,-0.0003605346986077419,-0.0006461763141536355,-0.0001359603397021292,0.448709395689761,-0.024252758466330845,-0.10258120862047804,-7.2290783705998365,-10.57077946625677,3.3417010956569335,-0.7313476296682442,0.010219315885012131,0.00638615134835311,-0.0045415033910201795,0.004663251327666148,-0.010476701995445382,0.258819045102521,-0.9659258262890682,-0.433883739117558,-0.9009688679024191,0
2026-03-20T12:00:00+00:00,2026-03-20T13:00:00+00:00,-0.0001727760915245813,-0.003374635772070118,-3.736205229749872e-05,0.008112538706197143,-0.00016810725242689557,0.005254234913340152,0.0026901682756302597,8711.1423,-0.3506711539966101,-0.0032569010395505707,-0.015393355066267737,-0.013565859390589277,-0.012176110413380186,-0.0003427141950875237,-0.0006279056935093468,-0.00013632170924066816,0.4473807474661865,-0.0013286482235744758,-0.10523850506762698,-7.094669066753795,-9.875557386356174,2.7808883196023793,-0.5608127760545543,0.010070471619485141,-0.01473525272607184,-0.008134563091504544,0.002871194379391152,-2.661513530201028e-05,1.2246467991473532e-16,-1.0,-0.433883739117558,-0.9009688679024191,0
2026-03-20T13:00:00+00:00,2026-03-20T14:00:00+00:00,-0.006417172240826216,-0.006588839598412387,-0.009770152393896905,0.013847954535839709,-0.006417172240826216,0.005410385495842212,0.001978950733057896,18804.5296,1.1586755160686564,-0.00874186018590158,-0.02087808095053531,-0.01970190763809196,-0.012243249540336456,-0.0009193498271842639,-0.0008514409998537599,-0.00019796992214042298,0.40001242338681153,-0.04736832407937499,-0.19997515322637696,-8.004580078648814,-9.501361924814702,1.496781846165888,-1.2841064734364913,0.010400687350702938,0.026162898722197413,-0.011775690515343195,-0.003737057278129794,-0.00979236131329463,-0.25881904510252035,-0.9659258262890684,-0.433883739117558,-0.9009688679024191,1
2026-03-20T14:00:00+00:00,2026-03-20T15:00:00+00:00,0.0008978137530026508,-0.005525119913316766,-0.005696941396217519,0.01449302587704864,0.0008978137530026508,0.008660123045132015,0.004935894425397907,25684.6291,0.3658745869399464,-0.00710941188666828,-0.019229818317440108,-0.01863799166004134,-0.012207192389448217,-0.0007477995233525444,-0.0007842749735586928,-0.00018728141819625695,0.40937411908126103,0.009361695694449494,-0.18125176183747796,-8.47388836342543,-9.295867212536848,0.8219788491114173,-0.6748029970544707,0.010684334134596702,0.028194225644294735,-0.010842500371636544,0.002882468749705793,-0.005692134579348147,-0.5000000000000001,-0.8660254037844386,-0.433883739117558,-0.9009688679024191,1
2026-03-20T15:00:00+00:00,2026-03-20T16:00:00+00:00,0.0022119945522002704,0.0031117942643334538,-0.003325346896265005,0.008645695193555921,0.0022119945522002704,0.0022352285134558795,0.004203354248574399,15282.994,-0.40497509461797127,-0.004447305880194871,-0.01640229998425532,-0.016306043060013698,-0.012008399128114638,-0.0004679184109362035,-0.0006690337262195345,-0.0001638529775507923,0.4328739159279051,0.023499796846644046,-0.1342521681441899,-8.369285015447531,-9.110550773118984,0.741265757671453,-0.0807130914399643,0.010516819935452107,-0.013501173673875334,-0.00639276634974418,0.008092097804315837,-0.0033073639356232948,-0.7071067811865475,-0.7071067811865477,-0.433883739117558,-0.9009688679024191,1
2026-03-20T16:00:00+00:00,2026-03-20T17:00:00+00:00,0.001546384506164323,0.003761799652467836,0.004662990800934513,0.006634507862687346,0.0015510777881911648,0.003485689956066398,0.0016001422348653554,10515.1938,-0.3119676812017332,-0.0026315941929398886,-0.01430604886121819,-0.014639914516689919,-0.011705258157672895,-0.0002769332018036659,-0.0005835795976726316,-0.00014711317379291692,0.4494035321856799,0.01652961625777486,-0.10119293562864015,-7.928706494776179,-8.874181917450423,0.9454754226742441,0.20420966500279114,0.010224433845611815,-0.026298366374497117,-0.0006873077174839182,0.008008187404790772,0.004656192811367244,-0.8660254037844384,-0.5000000000000004,-0.433883739117558,-0.9009688679024191,0
2026-03-20T17:00:00+00:00,2026-03-20T18:00:00+00:00,-0.0002900842648000949,0.001255851659551659,0.0034706241487812294,0.01003421179487902,-0.0002947616641401892,0.0017971722617692275,0.007942190958913204,9903.9451,-0.058130046067243986,-0.0026434680519596227,-0.014027775711477303,-0.014779431994178938,-0.01141448147663084,-0.00027818238796886285,-0.000572234633974616,-0.000148514945001535,0.44676884859976246,-0.0026346835859174435,-0.10646230280047504,-7.542626952998944,-8.607870924560128,1.065243971561184,0.11976854888694,0.010213601449416075,-0.0013492386445510486,-0.0037626587590220643,0.002867763707535097,0.003468294793564498,-0.9659258262890683,-0.25881904510252063,-0.433883739117558,-0.9009688679024191,0
2026-03-20T18:00:00+00:00,2026-03-20T19:00:00+00:00,-0.006271382371799414,-0.006559647407254905,-0.005023406638207063,0.009541795986417408,-0.0062760331352084316,0.00045683820862918147,0.0027692872852978674,12289.6719,0.24088651299167624,-0.008057646215741452,-0.019433992360236314,-0.020753916312774318,-0.011468757333623389,-0.0008474544976017232,-0.0007925954720769906,-0.00020853857608662169,0.3931249444416295,-0.05364390415813297,-0.21375011111674097,-8.22313298775498,-8.530923337199098,0.30779034944411876,-0.7574536221170654,0.010225468866455463,-0.005116746371190483,-0.008345943320443075,0.0016841847036401809,-0.005015082130435186,-1.0,-1.8369701987210297e-16,-0.433883739117558,-0.9009688679024191,1
2026-03-20T19:00:00+00:00,2026-03-20T20:00:00+00:00,0.004530704708259301,-0.0017690914451793194,-0.0020586625243881754,0.00819068783961808,0.004530704708259301,0.0009658166542423007,0.0027146011786713755,12300.9312,0.0009161595274159867,-0.0032251668366746556,-0.014411914451820348,-0.016157504201482504,-0.011222943480268126,-0.0003393760307742595,-0.0005878955816731401,-0.0001623606116505167,0.4446761446768592,0.05155120023522969,-0.11064771064628161,-7.895174661848614,-8.403773602129002,0.5085989402803879,0.20080859083626912,0.010037301997972274,-0.01395445225312348,-0.002226723488658314,0.007320263907320736,-0.002030761928340208,-0.9659258262890684,0.2588190451025203,-0.433883739117558,-0.9009688679024191,1
2026-03-20T20:00:00+00:00,2026-03-20T21:00:00+00:00,0.00015940663225365607,0.0046908335648922364,-0.001609966817835088,0.006112738778858532,0.00015940663225365607,0.001757881167233095,0.004195476385796235,6221.3872,-0.4942344527542761,-0.0027750585815432298,-0.013703453601254424,-0.0158439850357324,-0.010958806349314329,-0.00029202612546717286,-0.0005590119676201896,-0.00015921067843345648,0.4464658126711554,0.001789667994296238,-0.10706837465768913,-7.521131247969606,-8.227245131297122,0.7061138833275162,0.19751494304712836,0.009755490564646013,-0.027921481637793368,-0.0008056319292541816,0.00743801652892562,-0.0015812710312864573,-0.8660254037844386,0.5000000000000001,-0.433883739117558,-0.9009688679024191,1
2026-03-20T21:00:00+00:00,2026-03-20T22:00:00+00:00,0.00669401148482372,0.0068544851869044385,0.011416245543472741,0.012302505669303838,0.00669401148482372,0.0045261300191381726,0.0011268759924192317,13961.4019,1.2440978918656598,0.0035276018097482246,-0.006824596307832239,-0.009164777608689922,-0.01031580805441868,0.00037146444088244227,-0.0002784773800869676,-9.209983451444871e-05,0.5168877777977915,0.07042196512663608,0.033775555595583026,-6.0032210946683335,-7.782440323971365,1.7792192293030311,1.0731053459755149,0.009877184593177293,0.019251929402337345,0.004927468413664109,0.011097195804064184,0.011384122825336677,-0.7071067811865477,0.7071067811865474,-0.433883739117558,-0.9009688679024191,1
2026-03-20T22:00:00+00:00,2026-03-20T23:00:00+00:00,0.0033433758783345683,0.010059767959685943,0.010220778185671305,0.009500118345392094,0.0033433758783345683,0.006167883381058223,0.0,12246.0432,-0.12286435934488789,0.006223190397722263,-0.0033670870625084766,-0.005794151132165289,-0.009530964453761061,0.0006555020749411511,-0.00013741324000681587,-5.822928384819397e-05,0.5480236020952485,0.031135824297456906,0.09604720419049684,-4.172798939293898,-7.060512047035871,2.8877131077419733,1.1084938784389422,0.009819689125617112,-0.0024971241118533676,-0.001177424962336291,0.011206900597419836,0.010196793995411945,-0.5000000000000004,0.8660254037844384,-0.433883739117558,-0.9009688679024191,0
2026-03-20T23:00:00+00:00,2026-03-21T00:00:00+00:00,-0.003940205410472981,-0.0006100031198634711,0.006079924997070104,0.00585214936027059,-0.003935582679723404,0.0004752541677926689,0.0014257625033780067,4769.1938,-0.6105522639345254,0.002042933078747288,-0.007009990383418203,-0.009615823490795919,-0.009034466651394518,0.00021509184178792785,-0.0002860402140517984,-9.663210345264026e-05,0.5064589170129353,-0.04156468508231313,0.012917834025870576,-3.3684192000196163,-6.32209347763262,2.953674277613004,0.06596116987103073,0.009572363458484478,-0.02902767508995401,-0.010046125461254704,-0.0006100031198634711,0.0060971819526853075,-0.2588190451025207,0.9659258262890683,-0.433883739117558,-0.9009688679024191,1
2026-03-21T00:00:00+00:00,2026-03-21T01:00:00+00:00,0.0032988230470317034,-0.0006543804038593845,0.0026868076348176657,0.005818975525937026,0.0033034977937853914,0.00161148005387071,0.0009148748432639458,6542.3128,0.3717858980693969,0.004836651190298118,-0.003588374720300564,-0.0062859470790608205,-0.008384473138612788,0.0005093805143336214,-0.0001464428256557792,-6.317135665587264e-05,0.5379321416923761,0.03147322467944086,0.0758642833847523,-2.1350342852033464,-5.484681639146766,3.3496473539434195,0.39597307633041545,0.009275038735372663,-0.027864384039141363,-0.0011225947711203765,0.004731331305175689,0.002701993514893291,0.0,1.0,-0.9749279121818236,-0.2225209339563146,0
2026-03-21T01:00:00+00:00,2026-03-21T02:00:00+00:00,-0.0026703199739934055,0.0006196941599651397,-0.003322952972789774,0.005829899187446151,-0.0026703199739934055,0.003059300132709231,9.312937999127976e-05,4294.0714,-0.34364627139197623,0.0019479290946590397,-0.006005521079398534,-0.008851318823097306,-0.00793798753718086,0.0002050872200021968,-0.00024506323865114833,-8.89500653035756e-05,0.5095141457050775,-0.02841799598729871,0.019028291410154878,-1.6030656563848424,-4.708358442594381,3.1052927862095387,-0.24435456773388076,0.009052017142970676,-0.02665146546947133,-0.004274911093904218,0.0015436704846474277,-0.0033117023374346828,0.25881904510252074,0.9659258262890683,-0.9749279121818236,-0.2225209339563146,1
2026-03-21T02:00:00+00:00,2026-03-21T03:00:00+00:00,0.0034225047146748196,0.0007430455579807314,0.0040443197808240966,0.004626664810432156,0.0034271771422185976,0.0006589632929602639,0.0005522298018469788,2628.7681,-0.38781453424365514,0.004862505673649206,-0.002501724921392649,-0.005405081909581096,-0.007328595259015016,0.0005121048196041472,-0.00010210079564434402,-5.43194804858428e-05,0.5427654847030159,0.03325133899793847,0.08553096940603183,-0.5816877773231681,-3.8830243095401387,3.3013365322169705,0.1960437460074318,0.008707250996069655,-0.034795066595703514,-0.0023010644159138284,0.003515961533983832,0.0040510077877131175,0.49999999999999994,0.8660254037844387,-0.9749279121818236,-0.2225209339563146,0
2026-03-21T03:00:00+00:00,2026-03-21T04:00:00+00:00,-0.000603276254118605,0.002817163744732242,0.00013932104212126834,0.0023031203566122012,-0.0005986384455818922,0.0004921991084695141,0.0012119242199109062,2251.5862,-0.14348237868528593,0.0038493740747752134,-0.002982149322002265,-0.0059457004618960725,-0.006805327146887885,0.0004053615224116758,-0.00012170556644202473,-5.975221299642478e-05,0.5358461637747288,-0.006919320928287078,0.07169232754945767,0.1214622735346893,-3.082126992925173,3.203589266459862,-0.09774726575710835,0.008254693709821315,-0.052546681743184456,-0.0012614083252950649,0.0033778274745498173,0.00014890848656280925,0.7071067811865475,0.7071067811865476,-0.9749279121818236,-0.2225209339563146,0
2026-03-21T04:00:00+00:00,2026-03-21T05:00:00+00:00,-0.0008590267459137765,-0.0014617847695949189,0.001955716979814122,0.0036388985709306042,-0.0008543873253498323,0.0021377948181712137,0.0006459858254908203,4075.4141,0.8100191322899384,0.0027017919492086677,-0.0036886356916099416,-0.006732417285971079,-0.006373208557248009,0.0002844800584359173,-0.00015053389497599696,-6.765790738401345e-05,0.5255777981885574,-0.010268365586171413,0.051155596377114844,0.5234007775002283,-2.3610214388400927,2.884422216340321,-0.31916705011954116,0.007931584220655125,-0.03996791931318577,-0.001948097126556654,0.00035332567794374605,0.001960201714642438,0.8660254037844386,0.5000000000000001,-0.9749279121818236,-0.2225209339563146,1
2026-03-21T05:00:00+00:00,2026-03-21T06:00:00+00:00,0.0007621703264783887,-9.75111441307747e-05,-0.0007007285720916136,0.0038311685296207377,0.0007575194259581246,0.003069578664338614,4.643840642065896e-06,6665.2561,0.6354794718897399,0.003134889397015958,-0.002814726474152622,-0.005916273469500827,-0.00593102277077103,0.0003300972858417347,-0.00011487359740405958,-5.9456499583778603e-05,0.5341011350307255,0.008523336842168092,0.06820227006145103,0.9631713914045577,-1.6961828727911628,2.6593542641957204,-0.22506795214460062,0.00763308824386302,-0.03690035373652844,-0.0022240859238529423,0.0014090663888836033,-0.0007001326735539929,0.9659258262890683,0.25881904510252074,-0.9749279121818236,-0.2225209339563146,1
2026-03-21T06:00:00+00:00,2026-03-21T07:00:00+00:00,0.0011191655947135955,0.0018821889159986902,0.0010215453194652084,0.0019528713238702946,0.0011191655947135955,0.0003200667965486593,0.0005148900640132074,2211.7065,-0.6681738155567647,0.0038505199011441373,-0.0016322036369319712,-0.004756158200636209,-0.005461693179793371,0.00040548223353201315,-6.66161186065245e-05,-4.779830014421136e-05,0.5469812200964254,0.012880085065699803,0.09396244019285063,1.488995417780643,-1.0591472146768015,2.5481426324574445,-0.11121163173827586,0.007219434834097982,-0.05313362740323598,-0.0019444444444443603,0.0018821889159986902,0.0010223091752782076,1.0,6.123233995736766e-17,-0.9749279121818236,-0.2225209339563146,0
2026-03-21T07:00:00+00:00,2026-03-21T08:00:00+00:00,-6.030243992954315e-05,0.0010587956663680059,0.001821772975485104,0.0035348638706297095,-6.494078791724348e-05,0.00256532771713676,0.0009045911479958773,3541.8064,0.6013907812813319,0.003427797021119805,-0.0016261466491186277,-0.004768480220651737,-0.005036678957112904,0.0003609509776637473,-6.636892749016132e-05,-4.792212768783733e-05,0.5461041918474848,-0.000877028248940519,0.0922083836949696,1.8736268296961498,-0.4725924058022112,2.346219235498361,-0.20192339695908368,0.006956655471369191,-0.03645699034283872,-0.0003802475318687817,0.0015750738751462972,0.001821033481262441,0.9659258262890683,-0.25881904510252085,-0.9749279121818236,-0.2225209339563146,0
2026-03-21T08:00:00+00:00,2026-03-21T09:00:00+00:00,-0.0007747011370015228,-0.0008349568605622886,0.0002832742791598955,0.003551532033426015,-0.0007747011370015228,0.0007195914577528909,0.0020566388115133873,3571.4994,0.00838357511579408,0.0023974123121320487,-0.002305703488069134,-0.005484670245928783,-0.0046918674593871565,0.00025242289198744634,-9.410149052795625e-05,-5.5119275727326996e-05,0.5342534295417578,-0.011850762305727045,0.0685068590835155,2.0204049805738578,0.02600707147300263,1.9943979091008552,-0.35182132639750563,0.006718440625400025,-0.0349908990839576,-0.0033960413447213975,0.00013000761473181292,0.0002841620177825296,0.8660254037844387,-0.4999999999999998,-0.9749279121818236,-0.2225209339563146,1
2026-03-21T09:00:00+00:00,2026-03-21T10:00:00+00:00,0.0022144846796657296,0.0014380679788649974,0.001377678819927544,0.00240877907326849,0.002219137507602264,0.0001065421513176569,8.801308152308945e-05,4558.6368,0.27639299057421096,0.0041756359488154095,-9.254766173501564e-05,-0.0032497774094863837,-0.004250435339946828,0.00043973390710799455,-3.7774413119300723e-06,-3.2660012781026484e-05,0.5633970834627605,0.029143653921002793,0.1267941669255211,2.492890369659108,0.5193837311102237,1.973506638548884,-0.020891270551971264,0.0063968230054432884,-0.045762397936551326,0.000718517351035213,0.004279925752592294,0.0013794811027346636,0.7071067811865476,-0.7071067811865475,-0.9749279121818236,-0.2225209339563146,0
2026-03-21T10:00:00+00:00,2026-03-21T11:00:00+00:00,-0.0020520944797268056,0.0001578458681523424,-0.0006169775522227091,0.003003239971406463,-0.0020520944797268056,0.0003481344634551649,0.0005987912771428667,2279.3326,-0.49999688503370127,0.0019131613406986082,-0.002060529341849966,-0.0052427906867143804,-0.003966102887830344,0.00020142596853407036,-8.409616568302417e-05,-5.268858745205131e-05,0.530214085035394,-0.0331829984273665,0.0604281700707881,2.4812719096016735,0.9117613668085137,1.56951054279316,-0.40399609575572404,0.006166638532748854,-0.03796243813207262,-0.0021584066697544484,0.0002507196582783748,-0.0006123109370625988,0.49999999999999994,-0.8660254037844387,-0.9749279121818236,-0.2225209339563146,1
2026-03-21T11:00:00+00:00,2026-03-21T12:00:00+00:00,0.001406463232358748,-0.0006485174428031198,0.0015645311049210264,0.0022759192906176757,0.001406463232358748,0.00025030476923289176,0.0006211266495780259,1630.6651,-0.28458659346161247,0.0030049535767523957,-0.000631217129770749,-0.003805601011334752,-0.0036252769176826362,0.00031641098706093075,-2.5763300715708588e-05,-3.8245783549251175e-05,0.549747610972004,0.019533525936609876,0.09949522194400785,2.6856019262563677,1.2665294786980845,1.4190724475582832,-0.15043809523487672,0.005880687687069641,-0.04502937430039149,-0.0009955916129510683,0.002006455957827133,0.001568853432297672,0.258819045102521,-0.9659258262890682,-0.9749279121818236,-0.2225209339563146,1
2026-03-21T12:00:00+00:00,2026-03-21T13:00:00+00:00,0.00028275168376315946,0.001689612595969008,-0.0003659491284388627,0.0017887098119536199,0.00028275168376315946,0.0012233662962584792,0.00028267175784746503,2567.7216,0.5746468112919078,0.0029744276319312187,-0.0003349761928785031,-0.0034889837711553156,-0.0032995894348207626,0.00031319570630475844,-1.3672310733946781e-05,-3.5063934006664605e-05,0.5537702500004162,0.0040226390284123425,0.10754050000083254,2.8637453646465474,1.5859726558877771,1.2777727087587702,-0.14129973879951296,0.0055868599848302005,-0.049696230053905166,3.243879494518479e-05,0.0023130515559684245,-0.000362879563604898,1.2246467991473532e-16,-1.0,-0.9749279121818236,-0.2225209339563146,0
2026-03-21T13:00:00+00:00,2026-03-21T14:00:00+00:00,-0.0009824002076015026,-0.0006999262991511718,0.0007055525126024591,0.0022218511406120823,-0.0009824002076015026,0.0008395721429035027,0.00039891273088239835,1853.6867,-0.27808112063239254,0.0017993258798414233,-0.0012654637651264154,-0.004423695788231785,-0.0030592849943037776,0.00018943860438168264,-5.164891450197533e-05,-4.445727761567773e-05,0.5358521991907463,-0.01791805080966995,0.07170439838149263,2.8015643506828383,1.8290909948467893,0.972473355836049,-0.30529935292272126,0.005351603716343572,-0.04304988593621877,-0.0022030713406335977,-0.00041729260557507136,0.0007068147085204049,-0.25881904510252035,-0.9659258262890684,-0.9749279121818236,-0.2225209339563146,0
2026-03-21T14:00:00+00:00,2026-03-21T15:00:00+00:00,-0.0017301680071989916,-0.0027108684973910367,-0.002428883316259975,0.008205823997620893,-0.0017301680071989916,0.005766380283718852,0.0007062770371678206,8218.2346,3.4334539380360227,5.9754385805511024e-05,-0.0028763900721236295,-0.006085425901762026,-0.0029359690209035524,6.2899749115063055e-06,-0.00011738989440792893,-6.115631899000782e-05,0.5048978069320477,-0.030954392258698605,0.009795613864095429,2.423370515233273,1.947946898924086,0.47542361630918717,-0.4970497395268618,0.005564089299003902,0.03790616497751373,-0.0035466411086262344,-0.0013317865429233833,-0.002429816531037335,-0.5000000000000001,-0.8660254037844386,-0.9749279121818236,-0.2225209339563146,1
2026-03-21T15:00:00+00:00,2026-03-21T16:00:00+00:00,0.0013893212770602992,-0.000343250489363983,-0.0013253134876134753,0.005164445599317027,0.0013893212770602992,0.0011414677604959522,0.002635584097405384,7311.5105,-0.11033076373847973,0.0013109626357827087,-0.0014326756597986445,-0.0046579657482218526,-0.0027400461973962485,0.00013801511246708104,-5.847313823491322e-05,-4.681153469037631e-05,0.5284149382280414,0.023517131295993678,0.056829876456082784,2.3379665642091823,2.0259508319811053,0.312015732228077,-0.16340788408111018,0.005528375136546875,-0.005038286006169946,-0.006064742859514771,0.0020970794332769603,-0.001323246937740195,-0.7071067811865475,-0.7071067811865477,-0.9749279121818236,-0.2225209339563146,0
2026-03-21T16:00:00+00:00,2026-03-21T17:00:00+00:00,-0.003930175581870058,-0.0025463145813682344,-0.004272077036542278,0.005082337595788719,-0.003934797436813565,0.00020962895674647385,0.0009223674096848662,5011.8088,-0.3145316826119583,-0.002375019322167478,-0.005148215066887696,-0.008485286276936526,-0.002779797818250282,-0.0002499395485168706,-0.00021008708136376197,-8.527198713276061e-05,0.46153564875793296,-0.06687928947010846,-0.07692870248413414,1.5687416274899988,1.9345089910828839,-0.3657673635928851,-0.6777830958209621,0.005516770440173345,-0.006021040907342175,-0.005065860825554481,9.317710638508834e-05,-0.0042710223120087515,-0.8660254037844384,-0.5000000000000004,-0.9749279121818236,-0.2225209339563146,1
2026-03-21T17:00:00+00:00,2026-03-21T18:00:00+00:00,0.0008897584608575475,-0.0030439140279891357,-0.001658821725453464,0.004002680865323709,0.0008944210487087136,0.0009541274155714442,0.002154931675168324,3222.349,-0.35704869667015227,-0.0013459100374010446,-0.0040965441934205215,-0.007527994668917118,-0.0027543412515563747,-0.0001416546718902261,-0.00016717793231158374,-7.565251414271938e-05,0.4775925080211712,0.016056859263238295,-0.044814983957657546,1.100559792425429,1.7677191513513928,-0.6671593589259639,-0.3013919953330788,0.005404067257344965,-0.019557614266023964,-0.0032566640996854594,0.0018137988594981384,-0.0016510958439522117,-0.9659258262890683,-0.25881904510252063,-0.9749279121818236,-0.2225209339563146,1
2026-03-21T18:00:00+00:00,2026-03-21T19:00:00+00:00,0.001349741222027819,0.002240700626557634,-0.001698281302201202,0.0036486850789695874,0.001349741222027819,0.0019428667044703765,0.00035789649819191704,2747.2698,-0.14743257170467883,1.8226916976307145e-06,-0.0026446831008847434,-0.006127215321018525,-0.0026465009688270303,1.9186232081676928e-07,-0.00010793459788069345,-6.157626160815367e-05,0.5018802275757325,0.024287719554561205,0.0037604551514648678,0.9525477017914454,1.6046848614394034,-0.6521371596479579,0.015022199278005965,0.0052719188598750275,-0.02313677186301472,0.0003952367002849931,0.004411744109504539,-0.0016906758989846918,-1.0,-1.8369701987210297e-16,-0.9749279121818236,-0.2225209339563146,1
2026-03-21T19:00:00+00:00,2026-03-21T20:00:00+00:00,0.0003253604529016659,0.001675540827344784,0.002566790114829974,0.0018446583897109205,0.0003207109557651534,0.0004042450375438377,0.001119805218942762,2984.2132,0.08624686224847669,0.00029601415775961986,-0.0022293983973633077,-0.0057464305409737505,-0.002524665218474656,3.1160355964946504e-05,-9.098757346171036e-05,-5.77497355390164e-05,0.5078283332698839,0.00594810569415138,0.015656666539767626,0.8815690244932739,1.4600616940501774,-0.5784926695569035,0.07364449009105445,0.005025522304285254,-0.04642739311480723,-0.0016143697463398426,0.0020346495700230894,0.002564860135787032,-0.9659258262890684,0.2588190451025203,-0.9749279121818236,-0.2225209339563146,1
2026-03-21T20:00:00+00:00,2026-03-21T21:00:00+00:00,0.00163091963422804,0.0019568107238805447,0.003309193134006091,0.002866858099802053,0.001626265583109141,0.0004267814646954649,0.0008164514976783173,2702.1336,-0.09452394353057617,0.0017435330356945962,-0.0005785160504122194,-0.0040840068848523444,-0.002318007563343137,0.00018356348259890502,-2.3612342460926377e-05,-4.1043610677955917e-05,0.5376421057577913,0.02981377248790743,0.07528421151558248,1.0959125790377584,1.3872318710476936,-0.2913192920099352,0.28717337754696826,0.004863733617823741,-0.03061499253069802,0.0012261789199406754,0.0030757633570026558,0.0033060213091575252,-0.8660254037844386,0.5000000000000001,-0.9749279121818236,-0.2225209339563146,0
2026-03-21T21:00:00+00:00,2026-03-21T22:00:00+00:00,-0.0009138690059240304,0.0007155601813991356,0.0010411534492855,0.0022240794911083084,-0.0009138690059240304,0.000617541904629209,0.0006918326600732608,2883.6209,0.06716444368257726,0.0007491477150429168,-0.0014334360591254738,-0.004944696388544706,-0.0021809499205188107,7.886387323508951e-05,-5.8504171311642065e-05,-4.969297157671349e-05,0.5186523040890677,-0.018989801668723487,0.03730460817813551,1.0942055339769468,1.3286266036335443,-0.2344210696565976,0.056898222353337635,0.004679317998366377,-0.038795690301263466,-0.0013400785499331478,0.0015299408019865811,0.0010424110812056757,-0.7071067811865477,0.7071067811865474,-0.9749279121818236,-0.2225209339563146,0
2026-03-21T22:00:00+00:00,2026-03-21T23:00:00+00:00,-0.0017458327529366968,-0.0026581062964182913,-0.0010315218199389452,0.0020140096932937325,-0.00174119766540217,0.0,0.0002697749704642582,2656.0382,-0.07892254491566486,-0.0009030318097349257,-0.00305256748895085,-0.0066158498608679004,-0.002151478532768976,-9.504694519148993e-05,-0.00012457906950744113,-6.648653262265408e-05,0.4835470443463643,-0.03510525974270344,-0.032905911307271364,0.7804555068328227,1.2189923842734,-0.43853687744057734,-0.20411580778397975,0.0044968701202977536,-0.04066803352043559,-0.0032730644413537066,-0.0010547297893792808,-0.0010287821246326872,-0.5000000000000004,0.8660254037844384,-0.9749279121818236,-0.2225209339563146,0
2026-03-21T23:00:00+00:00,2026-03-22T00:00:00+00:00,-0.030265960910537112,-0.03195895435761709,-0.03284361706569196,0.03796399775525555,-0.03026145037280281,0.0,0.00675821514051221,46149.8222,16.375436166543086,-0.028259603443620183,-0.03196480333487144,-0.03632984497425666,-0.003812952414432516,-0.002965872532839825,-0.0013029858631839492,-0.000364990803165367,0.2138207260986647,-0.2697263182476996,-0.5723585478026706,-4.665023352118624,0.042189236994995216,-4.7072125891136185,-4.268675711673041,0.0070180467676856945,0.5134168113567783,-0.0319544595554607,-0.030004280343916438,-0.03292566266939784,-0.2588190451025207,0.9659258262890683,-0.9749279121818236,-0.2225209339563146,1
2026-03-22T00:00:00+00:00,2026-03-22T01:00:00+00:00,0.001343009396269399,-0.02896359898415769,-0.03065886613734492,0.02170362174098394,0.0013478123231295844,0.003717062562569641,0.01664056100820543,60906.6793,0.3197597823031266,-0.024450213385508394,-0.029497656872042897,-0.03469911026612706,-0.005173947609635532,-0.002567099710505764,-0.00120253815567956,-0.00034861320299664576,0.2336307308987402,0.01981000480007552,-0.5327385382025196,-8.654899684891461,-1.6972285473822961,-6.957671137509165,-2.250458548395547,0.008058276080137297,0.14976412778901457,-0.028959082388728827,0.00815634688378286,-0.030668784267204412,0.0,1.0,-0.7818314824680299,0.6234898018587334,1
2026-03-22T01:00:00+00:00,2026-03-22T02:00:00+00:00,0.0017675207288508502,0.003112903922067197,-0.027247272016893462,0.00597219034503853,0.0017627222562846276,0.0014966337694130394,0.0027159360416187726,19598.971,-0.6782131085580296,-0.020606135987442393,-0.026721886447646736,-0.032675360084569345,-0.006244423908424577,-0.0021643722776801904,-0.0010895009358105065,-0.0003282877704869554,0.26009100364519994,0.026460272746459738,-0.4798179927096001,-11.387880860882433,-3.6353590100823236,-7.752521850800109,-0.7948507132909439,0.00789606749110841,-0.01839749899204519,-0.0019423221009528876,0.02011589565488861,-0.027155430785416865,0.25881904510252074,0.9659258262890683,-0.7818314824680299,0.6234898018587334,1
2026-03-22T02:00:00+00:00,2026-03-22T03:00:00+00:00,0.005226264249100985,0.007003022508346573,0.008355437029646967,0.010160348952808665,0.00522145770475816,0.003362999395896933,0.001603013856318534,14239.972,-0.27343267154178663,-0.01403325781590933,-0.020804486976303164,-0.0273525585195822,-0.006867604018158224,-0.0014750061762061207,-0.0008484422681707632,-0.0002748245363353726,0.33349780465459733,0.07340680100939735,-0.3330043906908054,-12.527420176990745,-5.413771243464008,-7.113648933526737,0.638872917273372,0.00801968180979036,0.02096325736830632,0.0037240569303268016,0.009745437079731011,0.008336794374221234,0.49999999999999994,0.8660254037844387,-0.7818314824680299,0.6234898018587334,1
2026-03-22T03:00:00+00:00,2026-03-22T04:00:00+00:00,0.005489252196414369,0.010744204728023773,0.012530716061446423,0.013775942247011298,0.005489252196414369,0.006329742694540294,0.0019869147471650124,14776.026,0.037644315592755384,-0.0078063959510786965,-0.014833335233710762,-0.021799186976574677,-0.007082225942554648,-0.0008210512105507662,-0.0006050759159105265,-0.0002190393175631019,0.40106110247041316,0.06756329781581584,-0.19787779505917372,-12.356889211810994,-6.802394837133405,-5.554494374677589,1.5591545588491478,0.008390188808761963,0.051942567198850036,0.0021191261804527437,0.012370689655172379,0.012483037174366204,0.7071067811865475,0.7071067811865476,-0.7818314824680299,0.6234898018587334,1
2026-03-22T04:00:00+00:00,2026-03-22T05:00:00+00:00,0.0026302966652947237,0.008133987223456283,0.013402761839185862,0.007823005676161503,0.0026302966652947237,0.0016750102623869047,0.0035245990591631555,12384.6709,-0.161840206561629,-0.004704043162088159,-0.01176762347390821,-0.019038565069592277,-0.007096964740278136,-0.0004949173736210882,-0.00048008057414189703,-0.00019130575761279863,0.4309894828643796,0.02992838039396645,-0.1380210342712408,-11.638930316450114,-7.769701932996747,-3.8692283834533674,1.685265991224222,0.008329237136464766,-0.004653448035869171,-0.003676176776152878,0.01015209071107518,0.013345813110810078,0.8660254037844386,0.5000000000000001,-0.7818314824680299,0.6234898018587334,0
2026-03-22T05:00:00+00:00,2026-03-22T06:00:00+00:00,-0.0030150184722962142,-0.00039265220003497313,0.005094444629427927,0.0038949361097965064,-0.0030150184722962142,0.0007335541883578713,0.00013724562233789097,6294.291,-0.49176760118833673,-0.006976199992448508,-0.014177041119855552,-0.02178208182415749,-0.007251428543155043,-0.0007337979864149777,-0.000578320091923652,-0.00021886748175642913,0.40588700497172325,-0.02510247789265634,-0.1882259900565535,-11.45353311562394,-8.506468169522186,-2.9470649461017544,0.922163437351613,0.008035890900901793,-0.03812769283278442,-0.004682186025040771,0.0031523576216790443,0.005104530389412878,0.9659258262890683,0.25881904510252074,-0.7818314824680299,0.6234898018587334,0
2026-03-22T06:00:00+00:00,2026-03-22T07:00:00+00:00,-0.002006625650733451,-0.00501559410962572,-0.002398489944792017,0.003011248316546389,-0.0020113487394759133,0.0001564900699937059,0.0008393558299666327,5445.3323,-0.13487757397934097,-0.008121590270565101,-0.015531520574119068,-0.023514286032640348,-0.007470603484125894,-0.0008541740020316328,-0.0006335379904403382,-0.00023626864667431057,0.38966907061394873,-0.016217934357774553,-0.2206618587721026,-11.515987922775366,-9.108372120172822,-2.4076158026025443,0.5394491434992101,0.007691991202577807,-0.04471621748074876,-0.005742736711080858,-0.0018696366278380932,-0.0023913474577349414,1.0,6.123233995736766e-17,-0.7818314824680299,0.6234898018587334,0
2026-03-22T07:00:00+00:00,2026-03-22T08:00:00+00:00,-0.007293385686374982,-0.00928537624230946,-0.012272399133712891,0.009410618234625473,-0.007293385686374982,0.0015716210148181236,0.0004920272478003038,8519.3386,0.5645213424348775,-0.013913638464496881,-0.02184042900153907,-0.030340584369089835,-0.008038637229196472,-0.0014624516254009047,-0.0008906521133589512,-0.0003048375419088585,0.3370587279000237,-0.052610342713924965,-0.3258825441999525,-12.660578009030814,-9.81881329794442,-2.8417647110863946,-0.43414890848385035,0.007867226474086473,0.015321982494155282,-0.009444765158469549,-0.0064594516347964035,-0.012315029809404647,0.9659258262890683,-0.25881904510252085,-0.7818314824680299,0.6234898018587334,0
2026-03-22T08:00:00+00:00,2026-03-22T09:00:00+00:00,-0.003286550936762608,-0.010555966539577863,-0.012541410317084714,0.01031871555236029,-0.0032960733734594874,0.0011933860531990327,0.005818356098729869,19423.7011,1.279954115217348,-0.01554610185175573,-0.024096319387349352,-0.033204890622560386,-0.00868523914799521,-0.0016337582399742763,-0.0009825568727807811,-0.0003336061634813121,0.31647467257245837,-0.02058405532756538,-0.36705065485508326,-13.961888441178871,-10.64742832659131,-3.314460114587561,-0.47269540350116657,0.008066421184902967,0.02194979479537368,-0.012097251485523628,-0.0027958993476234423,-0.012586562273871041,0.8660254037844387,-0.4999999999999998,-0.7818314824680299,0.6234898018587334,0
2026-03-22T09:00:00+00:00,2026-03-22T10:00:00+00:00,-0.0006757728253054658,-0.003960102800256027,-0.01122460592955105,0.008114757636361054,-0.0006757728253054658,0.004949426643454317,0.002489101189876722,8961.7476,-0.5386179207627942,-0.014690109781707025,-0.023808105842899503,-0.033532623794756675,-0.009253937417772603,-0.0015439399089420402,-0.0009708160225421271,-0.0003368977560708321,0.3122658060656252,-0.004208866506833147,-0.3754683878687496,-14.934802444244724,-11.504903150121994,-3.4298992941227304,-0.11543917953516925,0.008074938917672638,0.00037946301252340746,-0.005152942186851279,0.00517267976628937,-0.011255709448443056,0.7071067811865476,-0.7071067811865475,-0.7818314824680299,0.6234898018587334,0
2026-03-22T10:00:00+00:00,2026-03-22T11:00:00+00:00,-0.0017457280021487452,-0.0024203211119099843,-0.0056989175400549786,0.0046217780873909495,-0.001750515562802787,0.0008888034783443797,0.0019793893679886094,4126.7486,-0.5395151945587042,-0.014870558169709062,-0.024536338283791252,-0.03488159116710837,-0.009811685351849755,-0.0015628755093194922,-0.0010004812301176748,-0.00035044590006528436,0.3011318417048784,-0.011133964360746802,-0.39773631659024317,-15.817230196569653,-12.367368559411526,-3.4498616371581274,-0.019962343035397012,0.007841397207374338,-0.03061703122460774,-0.0073301475567766165,0.0007452281359679442,-0.005708051764216819,0.49999999999999994,-0.8660254037844387,-0.7818314824680299,0.6234898018587334,0
2026-03-22T11:00:00+00:00,2026-03-22T12:00:00+00:00,-0.005510581565735329,-0.007246689591336645,-0.007917565300742863,0.008130513338293307,-0.005505803674379293,0.001140107633890244,0.0014541203296651263,10550.3382,1.556574005986214,-0.0184015125562256,-0.02877245243088363,-0.039815881663323796,-0.010565358450852418,-0.001933256601116451,-0.0011730082492584699,-0.00039999955104053715,0.2686287545380469,-0.03250308716683151,-0.4627424909239062,-17.243323390595833,-13.342559525648387,-3.9007638649474465,-0.4509022277893191,0.007902394875615136,0.0022254805173828694,-0.00813148374421994,-0.003538195664627146,-0.00793208239318954,0.258819045102521,-0.9659258262890682,-0.7818314824680299,0.6234898018587334,1
2026-03-22T12:00:00+00:00,2026-03-22T13:00:00+00:00,0.00601938182977615,0.0004756299694925348,-0.0012709283532126147,0.009637732659764585,0.0060242418972256875,0.002881235473771153,0.0007683294596722638,9735.6395,-0.07722015015594484,-0.011316561234959858,-0.0220470156333634,-0.03370891464323532,-0.010853276162698652,-0.0011897996625495064,-0.0008990691364105574,-0.00033866832664841424,0.35062648159533083,0.08199772705728392,-0.29874703680933834,-17.170167649270297,-14.108081150372769,-3.0620864988975285,0.838677366049918,0.007982442007594657,0.016209832635996492,-0.0006526538055476184,0.007484385356342983,-0.0012369277381079236,1.2246467991473532e-16,-1.0,-0.7818314824680299,0.6234898018587334,0
2026-03-22T13:00:00+00:00,2026-03-22T14:00:00+00:00,-0.0017911680528610754,0.004217432052483608,-0.001316390016574879,0.009554002241775009,-0.0017911680528610754,0.0049020786930356105,0.0028575414559991797,10405.0132,0.0687549800914465,-0.011855812094856335,-0.02288677148164552,-0.03509944774505474,-0.011163309486416868,-0.0012464247071304175,-0.0009332821088691452,-0.000352633874279478,0.33839542737984146,-0.012231054215489366,-0.3232091452403171,-17.214730328867063,-14.729410986071628,-2.485319342795435,0.5767671561020933,0.008107996750245537,0.013909522649021356,-0.0046589799084484195,0.00499910557588833,-0.0012823677888202534,-0.25881904510252035,-0.9659258262890684,-0.7818314824680299,0.6234898018587334,0
2026-03-22T14:00:00+00:00,2026-03-22T15:00:00+00:00,-0.00027420852355555304,-0.0020648854228694138,0.003942067073111747,0.006505817702368456,-0.00027420852355555304,0.003118172981608563,0.003113360986266469,8042.3438,-0.22707029338511553,-0.01098452557346297,-0.022266895595614112,-0.03502447523272292,-0.011407677952352589,-0.0011549304432078218,-0.0009080276179365489,-0.0003518809124464382,0.3364638668755404,-0.0019315605043010464,-0.32707226624891916,-17.098934931640997,-15.203315775185501,-1.8956191564554956,0.5897001863399396,0.007995620431908813,-0.014130344293342086,-0.006924300999221189,0.0025907360681599457,0.003954005253359522,-0.5000000000000001,-0.8660254037844386,-0.7818314824680299,0.6234898018587334,1
2026-03-22T15:00:00+00:00,2026-03-22T16:00:00+00:00,0.002386749689626318,0.002111886698962276,0.00031693590211475693,0.004277279055254119,0.002386749689626318,0.0007104795737122645,0.0011857328020737363,6131.2916,-0.237623788229496,-0.007809074359440683,-0.019166576178264855,-0.03240628593241746,-0.011446891445305002,-0.0008213326854133562,-0.0007816977024368458,-0.0003255852756068599,0.3701545142266546,0.03369064735111415,-0.25969097154669085,-16.417682869066084,-15.446189193961619,-0.9714936751044654,0.9241254813510302,0.00771234637856939,-0.03312646157602165,-0.0010023067442296123,0.005517287985055456,0.00032137311320968925,-0.7071067811865475,-0.7071067811865477,-0.7818314824680299,0.6234898018587334,0
2026-03-22T16:00:00+00:00,2026-03-22T17:00:00+00:00,-0.0004848543036818989,0.0019007381600855925,0.0016260084379254966,0.003155483192369066,-0.0004848543036818989,0.0006483869573360944,0.002022006733618641,4105.4424,-0.3304114911122478,-0.007506531715720152,-0.018886405402117692,-0.03255895986739635,-0.011465943152321084,-0.0007895373714107248,-0.0007702799013726071,-0.00032711868566064035,0.3660784286106377,-0.00407608561601684,-0.26784314277872456,-15.777412075093252,-15.512433770187945,-0.2649783049053074,0.706515370199158,0.00739033010222463,-0.04221795724906885,-0.0011944852200442208,0.0030929772073595863,0.001627686862388866,-0.8660254037844384,-0.5000000000000004,-0.7818314824680299,0.6234898018587334,0
2026-03-22T17:00:00+00:00,2026-03-22T18:00:00+00:00,-0.0011911108549582476,-0.0016753876434159579,0.0007073633152724334,0.003337164179822204,-0.0011959079775225887,0.0010819336317867293,0.0010578906621915996,4053.7866,-0.012582273715495314,-0.007867716581294669,-0.01928371515448336,-0.033387052886456964,-0.01150652867967491,-0.0008274953770731905,-0.0007864713903761421,-0.00033543571534154016,0.3557202400075157,-0.010358188603122044,-0.28855951998496865,-15.293810603176098,-15.468709136785575,0.17489853360947727,0.43987683851478465,0.007109001936250118,-0.039212832355278095,-0.00232195543188836,0.0008325793597320433,0.0007107845309861714,-0.9659258262890683,-0.25881904510252063,-0.7818314824680299,0.6234898018587334,0
2026-03-22T18:00:00+00:00,2026-03-22T19:00:00+00:00,-0.003529507936584333,-0.004716414756326654,-0.0051989822860159995,0.011296790476144448,-0.0035247162915945027,0.00039087570635098004,0.007368730908617112,10621.5786,1.6201622453436502,-0.010297800591120483,-0.021872703696878798,-0.036445909431478754,-0.011695339378523831,-0.0010828052714059963,-0.000891967100603171,-0.0003661564274118385,0.3262931887039531,-0.02942705130356259,-0.3474136225920938,-15.326159186681252,-15.44019914676471,0.11403996008345807,-0.0608585735260192,0.007431511259094969,0.04167670054558219,-0.005795571760980607,-0.002474234744224719,-0.00520547309522448,-1.0,-1.8369701987210297e-16,-0.7818314824680299,0.6234898018587334,0
2026-03-22T19:00:00+00:00,2026-03-22T20:00:00+00:00,-0.004372017159926045,-0.007886094027245537,-0.00906781167000471,0.008893908036506177,-0.004367212608456555,0.0002132599202212086,0.004294279302640123,9191.561,-0.1346332455704843,-0.013250413590161075,-0.025149427989967825,-0.040270313300550316,-0.012058798466893488,-0.0013928376752526336,-0.0010254546282709653,-0.00040456302935279893,0.29396706253850624,-0.032326126165446854,-0.4120658749229875,-15.899581476473486,-15.532075612706466,-0.3675058637670201,-0.48154582385047817,0.007566270585277359,0.013682205113054836,-0.008267601097860431,0.0030189596499757103,-0.009092635951468626,-0.9659258262890684,0.2588190451025203,-0.7818314824680299,0.6234898018587334,0
2026-03-22T20:00:00+00:00,2026-03-22T21:00:00+00:00,-0.0022440759786934482,-0.006606281999932468,-0.010112473011766725,0.007723770754597874,-0.0022489118949990177,0.004386518862516978,0.0010832709926259939,7564.978,-0.17696482675793587,-0.014012559029549893,-0.026293212331977553,-0.042019627814412056,-0.012455182279340723,-0.0014728337746674391,-0.0010720418329973151,-0.0004221295486220549,0.27876769302615784,-0.015199369512348397,-0.4424646139476843,-16.536996871877818,-15.733059864540737,-0.8039370073370815,-0.4364311435700614,0.0075933225380481195,0.0013232357938846393,-0.006812370338206152,0.0020590454401635643,-0.010145601075203826,-0.8660254037844386,0.5000000000000001,-0.7818314824680299,0.6234898018587334,0
2026-03-22T21:00:00+00:00,2026-03-22T22:00:00+00:00,-0.006130439429120992,-0.008360758235952715,-0.012696222017401181,0.016867387436704635,-0.006130439429120992,0.0009433224500969183,0.009755811452814345,28928.4862,2.8240013652386033,-0.018181626294986104,-0.03103653545296977,-0.04743853293781696,-0.013092960472387644,-0.001910199553742131,-0.0012651946202158007,-0.0004765419747301097,0.24203387268262047,-0.03673382034353736,-0.515932254634759,-17.854664240107468,-16.157380739654084,-1.6972835004533842,-0.8933464931163027,0.008299247745203665,0.08626621195978948,-0.01268669320786583,-0.005052641816811278,-0.012746532567740486,-0.7071067811865477,0.7071067811865474,-0.7818314824680299,0.6234898018587334,1
2026-03-22T22:00:00+00:00,2026-03-22T23:00:00+00:00,0.008167315099024436,0.00198680643939033,-0.0002617280839080673,0.01603746600280227,0.008167315099024436,0.0014447294041218508,0.006491586148050876,18597.5679,-0.3571192155917236,-0.00920382821512914,-0.02223609583925411,-0.03927954996334864,-0.01315332860102596,-0.0009678863111358581,-0.0009067727654342931,-0.00039461356502614033,0.36192735190821534,0.11989347922559489,-0.27614529618356926,-17.350561303648192,-16.396016852452906,-0.9545444511952859,0.7427390492580983,0.008789546555750549,0.06772731988511667,0.0010482841626586884,0.018099703849950678,-0.00020720030879000425,-0.5000000000000004,0.8660254037844384,-0.7818314824680299,0.6234898018587334,0
2026-03-22T23:00:00+00:00,2026-03-23T00:00:00+00:00,-0.004256618848385927,0.0038759311032472953,-0.0022782694867336003,0.011144705899536915,-0.004261446273779726,0.005589393784477269,0.001275628198199461,10465.0518,-0.43728922748011584,-0.012158595009148645,-0.025389129191483537,-0.04295597557192624,-0.01339337885159554,-0.0012782161785578222,-0.0010352182001167542,-0.000431532047154287,0.33219422446810654,-0.02973312744010883,-0.33561155106378693,-17.458280526609087,-16.60846958728414,-0.8498109393249464,0.10473351187033941,0.008992662074820731,0.01875377565154279,-0.005693123229976142,0.010489183644351701,-0.002219743178482483,-0.2588190451025207,0.9659258262890683,-0.7818314824680299,0.6234898018587334,0
2026-03-23T00:00:00+00:00,2026-03-23T01:00:00+00:00,-0.005151200891965942,-0.009385893041543305,-0.0012952354884748925,0.013404720771689011,-0.005156044598081769,0.00449271035721444,0.0037292432376878158,16767.3544,0.6022237367234056,-0.01563025148646443,-0.029251898180569537,-0.04743202522300185,-0.013837937131524721,-0.0016425870986340508,-0.001192531199157442,-0.00047647663287778803,0.30019106977809246,-0.0320031546900141,-0.39961786044381514,-18.187709769365938,-16.9243176237005,-1.2633921456654384,-0.413581206340492,0.00935104606933624,0.03449644555541832,-0.014873490955374663,-0.0038805227980714565,-0.001240504641327432,0.0,1.0,0.0,1.0,1
2026-03-23T01:00:00+00:00,2026-03-23T02:00:00+00:00,0.0021435807586710335,-0.0030186621484109754,-0.007262431702599067,0.011193100518144872,0.0021435807586710335,0.007173937461236834,0.0018801674081525568,10349.8409,-0.38273858516403764,-0.012248311041744646,-0.0261333368445487,-0.04495878118502319,-0.014057202795014271,-0.001287635755631774,-0.0010655302442349212,-0.0004516429735416708,0.3290107655286647,0.028819695750572263,-0.3419784689426706,-18.20253085962395,-17.17996027088519,-1.022570588738759,0.2408215569266794,0.009464048243601348,0.0142539267789843,-0.0074597204180157205,0.005894807166120578,-0.007264238981680835,0.25881904510252074,0.9659258262890683,0.0,1.0,1
2026-03-23T02:00:00+00:00,2026-03-23T03:00:00+00:00,0.007681826839023494,0.009841874213898101,0.00463997585070291,0.011398551918659194,0.007676905796747583,0.0033051923505634864,0.00047493966327748015,13332.4456,0.28817879702865773,-0.004218581931442377,-0.017933918494224096,-0.03726191752854417,-0.013773440951915258,-0.000443864153068105,-0.000731461246034878,-0.0003743514419697848,0.42119954602785825,0.09218878049919355,-0.1576009079442835,-16.75189176099866,-17.094346568907884,0.342454807909224,1.365025396647983,0.009535233472418896,0.015261253694472754,0.0005042717636904758,0.011748207858943071,0.004674206705728585,0.49999999999999994,0.8660254037844387,0.0,1.0,0
2026-03-23T03:00:00+00:00,2026-03-23T04:00:00+00:00,-0.005272799526998918,0.0023685225791012844,0.004517180457199357,0.010065577284730069,-0.005272799526998918,0.004340962904498745,0.0004238650647489895,5643.8482,-0.5766832005674938,-0.008575048254129454,-0.022225941686570067,-0.0419346324463687,-0.013768962954182045,-0.0009018226401551238,-0.0009063590613438908,-0.00042127604412359486,0.38209569591959325,-0.039103850108265024,-0.23580860816081356,-16.292366635169856,-16.93395058216028,0.6415839469904228,0.29912913908119876,0.009620048778292877,0.003575236760033321,-0.008549733364247537,0.00284357410881798,0.004552608070695609,0.7071067811865475,0.7071067811865476,0.0,1.0,1
2026-03-23T04:00:00+00:00,2026-03-23T05:00:00+00:00,0.006299511824373623,0.0009934962344068231,0.008682954939468251,0.007538235849467756,0.006304414551796855,0.00035827196715528984,0.0009150459701667551,5965.3924,0.05697251035206782,-0.0021081603836307044,-0.015446117806151747,-0.03555478189745002,-0.013366135379610582,-0.0002218623854882927,-0.0006300565664571199,-0.00035720684910388307,0.4477173722644959,0.06562167634490272,-0.1045652554710081,-14.715218839889076,-16.490204233706038,1.7749853938169622,1.1334014468265394,0.009415427203084342,-0.015104807008781423,-0.0033102835938292295,0.006726227902147873,0.0087085391363982,0.8660254037844386,0.5000000000000001,0.0,1.0,1
2026-03-23T05:00:00+00:00,2026-03-23T06:00:00+00:00,0.0018397749664726102,0.008150876475001715,0.0028350990103807798,0.005509189230984884,0.0018397749664726102,0.0013724646856138375,0.002300328135042679,10766.366,0.8048043243559301,-0.00024634044469213083,-0.013107072046587408,-0.03345554134556875,-0.012863900500865135,-2.592990074835778e-05,-0.0005346964792370904,-0.00033612357938946335,0.46567709576820704,0.01795972350371109,-0.06864580846358592,-13.008733030595977,-15.793909993084025,2.7851769624880482,1.010191568671086,0.00912035478098246,-0.02955713168270434,0.0014809724084192534,0.009084968595170342,0.0028664872638473147,0.9659258262890683,0.25881904510252074,0.0,1.0,0
2026-03-23T06:00:00+00:00,2026-03-23T07:00:00+00:00,-0.01544989295741978,-0.013638542317244913,-0.007424946651465993,0.020021597211996364,-0.015445134975788572,0.0,0.004334167771069517,19415.6757,0.8033638927006568,-0.01421916134379515,-0.027272848214425705,-0.047930148980606505,-0.013241976673461275,-0.0014945169017725173,-0.0011119396919177852,-0.000481478107167915,0.3596980376814354,-0.10597905808677169,-0.2806039246371293,-14.073808444618862,-15.449889683390992,1.3760812387721302,-1.409095723715918,0.010032262412765018,0.08299131662760356,-0.016799301195399942,-0.01136016227416768,-0.0073106061665735465,1.0,6.123233995736766e-17,0.0,1.0,1
2026-03-23T07:00:00+00:00,2026-03-23T08:00:00+00:00,0.0036420752957345864,-0.011864087335147155,-0.010046139619553794,0.013185179388864997,0.003637148985672324,0.0025822606518251753,0.006978950663171476,21368.5951,0.10058467344507607,-0.00962634415079748,-0.02282074723403708,-0.044039708376536965,-0.013322651511692294,-0.0010122736480301041,-0.0009305922621731214,-0.00044241431737698496,0.3941599302121259,0.034461892530690576,-0.21168013957574813,-14.15597512575232,-15.191106771863257,1.035131646110937,-0.3409495926611932,0.010223665509767325,0.022790318592181752,-0.011859312024588592,0.008010963928478113,-0.009968042695212584,0.9659258262890683,-0.25881904510252085,0.0,1.0,1
2026-03-23T08:00:00+00:00,2026-03-23T09:00:00+00:00,0.0016139129073907206,0.005261866195454782,-0.01026932203144104,0.007304616165857662,0.0016090143930983375,0.005439400005859255,0.000258786535287728,12995.6197,-0.3918355587167263,-0.007268956621793245,-0.020427598045751488,-0.042091815989418066,-0.013254991381331384,-0.0007645683166173596,-0.0008330849029475823,-0.0004228544450042214,0.4093848014240902,0.01522487121196427,-0.1812303971518196,-13.795781213526425,-14.912041660195891,1.1162604466694663,0.08112880055852933,0.009999865146221669,-0.020311839419590857,-0.0009658536585365942,0.012347753875355909,-0.010193904754294474,0.8660254037844387,-0.4999999999999998,0.0,1.0,0
2026-03-23T09:00:00+00:00,2026-03-23T10:00:00+00:00,-0.002143533754553116,-0.0005330803239562963,0.0031070534530997667,0.010241579933745375,-0.002138661432317278,0.000548044411170266,0.0075502904146054145,9832.2152,-0.2434208274038674,-0.00850958099263772,-0.021663056969823676,-0.043725076002263816,-0.013266367203381204,-0.0008949437259492644,-0.0008834252766418911,-0.0004392549703045462,0.3951581768670247,-0.014226624557065505,-0.20968364626595062,-13.706560556215209,-14.670945439399755,0.9643848831845467,-0.1518755634849196,0.010037077218267207,0.0015697469917439033,-0.007541910293517622,-0.00027883768711473256,0.003112454448572191,0.7071067811865476,-0.7071067811865475,0.0,1.0,1
2026-03-23T10:00:00+00:00,2026-03-23T11:00:00+00:00,0.002647250236099418,0.0004980420113084744,0.0021127587151296688,0.00666165619021584,0.0026423440527685227,0.002440167102643189,0.0015861086167180728,7896.0738,-0.19691812685304125,-0.005327380902253384,-0.018338904324631942,-0.04080041417814878,-0.013081212021480118,-0.0005604626425551596,-0.0007479668339766147,-0.00040988633814850284,0.4218235685783036,0.026665391711278942,-0.15635286284339273,-13.048891259960328,-14.34653460351187,1.2976433435515418,0.333258460366995,0.009771368107656556,-0.023895587217774624,-4.3921078701763926e-05,0.010275120796765564,0.0021176293889370226,0.49999999999999994,-0.8660254037844387,0.0,1.0,1
2026-03-23T11:00:00+00:00,2026-03-23T12:00:00+00:00,0.04184398547612552,0.044602007212655954,0.04236286755012169,0.07004468844564789,0.04184398547612552,0.029881299243950176,0.0,161423.301,19.443489395957773,0.0327240322517282,0.021826571265441564,-0.0006570811920723569,-0.01055215202315575,0.00345654149759744,0.0008916748355013885,-6.6037874658029245e-06,0.6700751681453777,0.24825159956707402,0.3401503362907553,-5.545259859647103,-12.586279654738917,7.041019795091813,5.743376451540271,0.013712186247196561,0.4620223710716748,0.039307900527740566,0.04626076387357324,0.04234770195767182,0.258819045102521,-0.9659258262890682,0.0,1.0,1
2026-03-23T12:00:00+00:00,2026-03-23T13:00:00+00:00,0.004445422947563581,0.04647542263694219,0.04924570494659007,0.018850238076361686,0.004445422947563581,0.001669565866238826,0.012754923587048442,57914.7074,-0.6412246123005501,0.0336415692606723,0.025308771960347476,0.0037476137163939623,-0.008061592672095204,0.0035538026060189837,0.0010340793158343333,3.766587812610537e-05,0.6861385528576597,0.016063384712281987,0.3722771057153193,1.1538845122181556,-9.838246821347502,10.992131333565657,3.951111538473844,0.01402283802340569,0.027201294922944937,-0.02469787179848728,0.04647542263694219,0.04893665865978852,1.2246467991473532e-16,-1.0,0.0,1.0,1
2026-03-23T13:00:00+00:00,2026-03-23T14:00:00+00:00,0.019293279297849568,0.02382446903193756,0.06666536524421188,0.022368734100766768,0.019293279297849568,0.0015373071503084349,0.001903332662286495,55730.5571,-0.037713223428976546,0.048234523904110725,0.043245622804699145,0.02287795319619172,-0.00475933675684579,0.005103229023836832,0.0017682486456593615,0.00022998205743665197,0.7445318295768466,0.058393276719186954,0.4890636591536932,9.689523156702762,-5.9326928257374485,15.62221598244021,4.630084648874552,0.014372506828657752,0.04471003606125504,0.017594338524571068,0.037111552934142554,0.06558268772153866,-0.25881904510252035,-0.9659258262890684,0.0,1.0,0
2026-03-23T14:00:00+00:00,2026-03-23T15:00:00+00:00,-0.0020497428670778438,0.017203990169148416,0.02172589212939959,0.010618203157952583,-0.0020543087868598524,0.0031130224284325607,0.0054466430706594906,41862.2559,-0.24884555119582685,0.04151456511448174,0.03943162330971131,0.020570283631811324,-0.0019999161553170205,0.004389134539591693,0.0016120485306174393,0.0002067792677387514,0.7287206907979947,-0.01581113877885187,0.45744138159598946,15.909188497461855,-1.5643165610975878,17.473505058559443,1.851289076119233,0.014131754129677975,-0.018766326878243846,-0.0035815440840567133,0.019181257038189497,0.021688959378335305,-0.5000000000000001,-0.8660254037844386,0.0,1.0,0
2026-03-23T15:00:00+00:00,2026-03-23T16:00:00+00:00,-0.024166040088760127,-0.02616624878754052,-0.0073778022357259875,0.029758744626371375,-0.024166040088760127,0.003255890436702902,0.0017383542014140893,43736.4088,0.04476951515649211,0.014765603301242226,0.013743681505562537,-0.004052298822806283,-0.0010070520643931614,0.0015566935600855587,0.0005612814522071572,-4.0724962744627745e-05,0.5742123031159687,-0.15450838768202602,0.14842460623193746,16.396058055065623,2.027758362135055,14.368299692930568,-3.1052053656288745,0.015572936002636038,0.07535127397825245,-0.029186659612121763,-0.018821913261543175,-0.006922503657988403,-0.7071067811865475,-0.7071067811865477,0.0,1.0,1
2026-03-23T16:00:00+00:00,2026-03-23T17:00:00+00:00,0.0034908031666237363,-0.020759595811402992,-0.02276678684504299,0.011681367867108553,0.0034860885334937336,0.003202427102646071,0.005004962825626933,35608.735,-0.18583313132010046,0.016535504427809048,0.01659347146556941,-0.0005699169226413513,5.702411525015033e-05,0.0017436143126310958,0.0006777435748670203,-5.727775460117352e-06,0.5874895015683481,0.013277198452379367,0.17497900313669618,17.183365451421196,5.058879779992283,12.124485671428912,-2.243814021501656,0.015244663399112127,-0.01766246802848346,-0.02386099292076653,0.005238263325097122,-0.022724979789214235,-0.8660254037844384,-0.5000000000000004,0.0,1.0,1
2026-03-23T17:00:00+00:00,2026-03-23T18:00:00+00:00,0.007879656160458418,0.011397965655758988,-0.013043518127968522,0.01578010972216406,0.007879656160458418,0.0027082142973275207,0.005253842830664579,21257.7461,-0.4030187789597131,0.022155999082463625,0.023616234184249258,0.007232033759151931,0.0014285834090847305,0.0023376623502475227,0.00096485797943867,7.268903968576721e-05,0.6166496161594837,0.029160114591135624,0.23329923231896743,18.946944004674606,7.8364926249287485,11.110451379745857,-1.0140342916830551,0.01517223909768361,0.0030914244947014553,0.004662298387096885,0.016498486615638172,-0.012795580761677973,-0.9659258262890683,-0.25881904510252063,0.0,1.0,1
2026-03-23T18:00:00+00:00,2026-03-23T19:00:00+00:00,0.0074371373756798465,0.015375395621476716,0.018919871267823997,0.01201169353351294,0.0074371373756798465,0.0014017484968093707,0.0032277103544948176,17410.1043,-0.18099951810036913,0.026847737825930165,0.02996764134682123,0.014574324585154166,0.0030383312013683864,0.0028340870159061058,0.0012246670093275496,0.00014649708222288447,0.642536391511901,0.025886775352417287,0.285072783023802,21.389896500760187,10.547173400095037,10.84272310066515,-0.26772827908070695,0.014842481172688712,-0.014458798869783324,0.004716150731512892,0.020780675619066272,0.018807596702762,-1.0,-1.8369701987210297e-16,0.0,1.0,0
2026-03-23T19:00:00+00:00,2026-03-23T20:00:00+00:00,-0.0065753070935850476,0.0008129288199525249,0.008698990579995096,0.013116975947569118,-0.0065753070935850476,0.004650817374191204,0.0018473306536208693,18734.4909,0.07606999804130994,0.018147271531358297,0.02226541563077546,0.007823932893081961,0.004044743049031806,0.0019138951058449622,0.0009096191297454727,7.863867494263084e-05,0.603449100376393,-0.03908729113550805,0.2068982007527859,21.922581259792878,12.822254972034605,9.100326287758273,-1.7423968129068772,0.014810453497622698,-0.008718956992599773,-0.00796588941687856,0.004077904283430659,0.008741486442553216,-0.9659258262890684,0.2588190451025203,0.0,1.0,1
2026-03-23T20:00:00+00:00,2026-03-23T21:00:00+00:00,0.0032629986168226585,-0.0033337636947139413,0.004078580022390264,0.00744856557282241,0.003267655318062598,0.002461265145802277,0.0017302879032518226,6247.911,-0.6665022266497779,0.01938513481058872,0.024572433061918565,0.01100067287728345,0.005088654007392107,0.002044712825722591,0.001003963383058921,0.00011057175116536982,0.615855698691302,0.012406598314909019,0.23171139738260393,22.650894603652887,14.787982898358262,7.862911705294625,-1.2374145824636482,0.014239875712466418,-0.03538805145209787,-0.007917420160276124,0.005119787210297126,0.0041248288989174575,-0.8660254037844386,0.5000000000000001,0.0,1.0,0
2026-03-23T21:00:00+00:00,2026-03-23T22:00:00+00:00,-0.0017534200944718523,0.0015038571150078357,-0.005081338300933261,0.004277703109792844,-0.0017534200944718523,0.0010705844185940586,0.0014506187143716247,5220.5419,-0.1644340164256501,0.015895110887167715,0.02186322589855356,0.0091353046362235,0.0058747354401321745,0.0016759737553529053,0.0008931736144920503,9.182053713378008e-05,0.6048685909392034,-0.010987107752098524,0.2097371818784069,22.66104443598033,16.362595205882677,6.298449230097653,-1.5644624751969722,0.013551517700680206,-0.0500088294035983,-0.004204337251535726,0.0032500895053260465,-0.005065728571234242,-0.7071067811865477,0.7071067811865474,0.0,1.0,0
2026-03-23T22:00:00+00:00,2026-03-23T23:00:00+00:00,-0.0022663020809194387,-0.004015748395782464,-0.0007658531604207508,0.0072788587938555065,-0.0022663020809194387,0.0008872125268836122,0.004120196394479723,7290.3082,0.3964657960124791,0.012282334557206748,0.018766425750832226,0.006779694930971955,0.006405417710328565,0.0012945510174636318,0.0007665637311092514,6.81422805511615e-05,0.5902372093692466,-0.014631381569956829,0.18047441873849324,22.020665593091962,17.494209283324533,4.526456309767429,-1.7719929203302236,0.013132053543835063,-0.03314944990225948,-0.0050790276365654105,-0.0008168683310359923,-0.0007567235585686323,-0.5000000000000004,0.8660254037844384,0.0,1.0,0
2026-03-23T23:00:00+00:00,2026-03-24T00:00:00+00:00,-0.0003623171575753296,-0.0026277981183666027,-0.004376610578813496,0.006737824286836149,-0.00035767372723893615,0.0011198728642258027,0.0052601497191025045,7737.9423,0.061401258728677514,0.010768531065209402,0.01766310281251479,0.006350685945494514,0.006821118322747415,0.0011348159332464024,0.0007214631056948908,6.383006341883995e-05,0.587794788729936,-0.0024424206393106117,0.175589577459872,21.20577429916966,18.23652228649356,2.969252012676101,-1.557204297091328,0.01267974259739297,-0.03479311390359551,-0.003509892989937964,0.0037734264951445216,-0.00438203933296662,-0.2588190451025207,0.9659258262890683,0.0,1.0,0
2026-03-24T00:00:00+00:00,2026-03-24T01:00:00+00:00,-0.004093809101174426,-0.004454643001472562,-0.00671084951568801,0.0121872696223439,-0.004093809101174426,0.001955002286279337,0.006121630070641321,12914.7135,0.6690113468538013,0.005995362346042355,0.012960830753232414,0.002208631527137472,0.006923956777440964,0.0006314893003384097,0.0005292935035409195,2.219779451145927e-05,0.5596266436607831,-0.02816814506915293,0.11925328732156615,19.62287343584967,18.51379251636478,1.1090809194848887,-1.8601710931912123,0.012692964791437939,-0.0030552970962574675,-0.005563262976693796,0.001172508186536132,-0.006722428339669195,0.0,1.0,0.7818314824680298,0.6234898018587336,0
2026-03-24T01:00:00+00:00,2026-03-24T02:00:00+00:00,-0.0026408861432796705,-0.006723883960725572,-0.007083764939776385,0.011938846161043425,-0.0026408861432796705,0.003068919702838938,0.006222047568255266,11048.7345,-0.14448473827932765,0.00301971695335327,0.009878370545303888,-0.0004337301729872249,0.0068380047530706605,0.0003179660127066503,0.0004033614326122226,-4.359078214349044e-06,0.5416673047665208,-0.0179593388942623,0.08333460953304155,17.707576480988337,18.352549309289493,-0.6449728283011567,-1.7540537477860454,0.012670307934680297,-0.004421165451532559,-0.00865403344742181,0.0035021829961034865,-0.007097012402029426,0.25881904510252074,0.9659258262890683,0.7818314824680298,0.6234898018587336,0
2026-03-24T02:00:00+00:00,2026-03-24T03:00:00+00:00,-0.0007952993132355668,-0.0034340851615791536,-0.007513835773664899,0.0062176359873775434,-0.0007999738020275529,0.0039094322661597245,0.0015075894487467597,9521.6474,-0.13821375651664003,0.002009970132992227,0.008716222164458387,-0.001216473696351961,0.006692799703955111,0.00021162057726647638,0.00035589078316700025,-1.2225716825061268e-05,0.5361024107641805,-0.00556489400234021,0.07220482152836112,15.869579419703769,17.85595533137235,-1.9863759116685813,-1.3414030833674246,0.012218767166892894,-0.03640466729788735,-0.0064750811710966106,0.005460725146639257,-0.0075299945576896635,0.49999999999999994,0.8660254037844387,0.7818314824680298,0.6234898018587336,1
2026-03-24T03:00:00+00:00,2026-03-24T04:00:00+00:00,0.0026827601059994655,0.0018853271954940214,-0.0007605378822517775,0.005883479097306376,0.002678065612607628,0.0007984721632058594,0.0024140942010375806,9582.5512,0.0063963511188200525,0.0042487811922765385,0.01096951624940489,0.0014484443750838896,0.006692300934783587,0.0004474402387312064,0.00044793591386496694,1.4557441816329412e-05,0.552780096345219,0.016677685581038375,0.10556019269043787,14.70579734126477,17.225923733350832,-2.5201263920860626,-0.5337504804174813,0.011735889440423721,-0.03694261002804328,-0.002017782582761672,0.004196676419836575,-0.0007534253505157718,0.7071067811865475,0.7071067811865476,0.7818314824680298,0.6234898018587336,0
2026-03-24T04:00:00+00:00,2026-03-24T05:00:00+00:00,-0.002456119051732693,0.00022005187605919857,-0.0005754224442822743,0.009455468022262607,-0.002456119051732693,0.004886885453090138,0.0021064161435733245,7953.9518,-0.16995467762280259,0.0016122171076945952,0.008150939962056668,-0.0010011802901386195,0.006528197981893248,0.00016973586934391097,0.0003328021474440136,-1.0062012223519612e-05,0.5338080325418045,-0.018972063803414443,0.06761606508360898,13.20681369187514,16.422101725055693,-3.2152880331805527,-0.6951616410944901,0.011599833929727342,-0.014020759537947429,-0.00325199458778531,0.0026423241188342373,-0.0005686582589687942,0.8660254037844386,0.5000000000000001,0.7818314824680298,0.6234898018587336,0
2026-03-24T05:00:00+00:00,2026-03-24T06:00:00+00:00,-0.001259168761380524,-0.0037121951447290436,-0.0010393939677695422,0.004522787349318365,-0.0012544937088078054,0.001017041300312901,0.00224967660898733,8181.0069,0.02854620014167052,0.0003175773625754763,0.00660986098379558,-0.002236660181812035,0.006290285968792289,3.343031360919668e-05,0.00026986305065496223,-2.2478491508159155e-05,0.5239050506763534,-0.00990298186545111,0.04781010135270677,11.667304408827476,15.47114226181005,-3.803837852982573,-0.5885498198020205,0.01110791055420472,-0.04361356486321497,-0.008545419905856482,0.0008490358049187531,-0.0010325277071137513,0.9659258262890683,0.25881904510252074,0.7818314824680298,0.6234898018587336,1
2026-03-24T06:00:00+00:00,2026-03-24T07:00:00+00:00,0.005464839429332179,0.004198789512856279,0.0017323577342068445,0.006689041159744515,0.005464839429332179,0.0004894420360787428,0.0007644618468278901,7279.1789,-0.11023435269318749,0.005230399374745268,0.011630364378617034,0.0031838548120364804,0.0063666648042603495,0.000550871647733383,0.0004749342055707191,3.199956476382289e-05,0.5618484458908425,0.03794339521448911,0.123696891781685,11.258317883262407,14.62857738610052,-3.3702595028381133,0.4335783501444599,0.01073621636578812,-0.028180141384061715,0.003184489990601032,0.007731910336145523,0.0017495516162189628,1.0,6.123233995736766e-17,0.7818314824680298,0.6234898018587336,1
2026-03-24T07:00:00+00:00,2026-03-24T08:00:00+00:00,0.00946720738358269,0.014983783581110336,0.013705747707517191,0.012245972266474564,0.00946720738358269,0.0023272888470223002,0.0005402634823445,22660.9203,2.113114900912794,0.013323922741032538,0.02035907304876616,0.012553439263744732,0.006942647015283721,0.0014044880032293592,0.0008316736797537217,0.00012618113840204403,0.6188326360037276,0.05698419011288507,0.23766527200745513,12.42975786598754,14.188813482077924,-1.759055616090384,1.6112038867477292,0.010750559380624143,0.010815801957190455,0.008973373401355893,0.01576454033771113,0.013672878051534344,0.9659258262890683,-0.25881904510252085,0.7818314824680298,0.6234898018587336,0
2026-03-24T08:00:00+00:00,2026-03-24T09:00:00+00:00,-0.004871606614302752,0.004549480259171101,0.010039181867606566,0.007053167893237227,-0.004871606614302752,0.0008166825981642105,0.001341029948122035,11529.4386,-0.4912193129243741,0.007582549583464497,0.014775906180888355,0.0075442775328295655,0.007139223084398988,0.0007988006872929126,0.0006034621584131821,7.582763414625195e-05,0.5768634751999214,-0.0419691608038061,0.15372695039984294,12.36430762036207,13.823912309734753,-1.459604689372684,0.2994509267177001,0.010535329666113197,-0.024794402482595942,-0.007182180452859809,0.005097638669297027,0.010060440198612117,0.8660254037844387,-0.4999999999999998,0.7818314824680298,0.6234898018587336,1
2026-03-24T09:00:00+00:00,2026-03-24T10:00:00+00:00,0.004598479856709258,-0.00029552874247917556,0.009168880809210654,0.009487429387012275,0.004593818298245364,0.001353367483152326,0.003561250271366364,8784.8573,-0.23804986480434528,0.011039635099403367,0.01866565679728471,0.012054820278760649,0.007542752463044208,0.001163418823018548,0.000762444421354341,0.00012116865271442418,0.6040294820443427,0.027166006844421206,0.20805896408868535,12.96266645788819,13.651663139365441,-0.688996681477251,0.7706080078954329,0.010415699529762564,-0.006808875862728346,-0.0011073328504132157,0.005947485561084731,0.009194080625989197,0.7071067811865476,-0.7071067811865475,0.7818314824680298,0.6234898018587336,0
2026-03-24T10:00:00+00:00,2026-03-24T11:00:00+00:00,-0.0017182686134218027,0.00287230981968022,-0.0020132895581384124,0.004492770387507247,-0.0017182686134218027,4.626951995474045e-06,0.0027669172932330913,6223.981,-0.29151029009885,0.008409004919560996,0.016241196335054525,0.01021214486212718,0.007766879686004281,0.0008859426121416849,0.0006633457086918225,0.00010264515667685083,0.588749261073727,-0.015280220970615589,0.17749852214745418,12.986991285489239,13.5187287685902,-0.5317374831009616,0.15725919837628943,0.010009280381470734,-0.04067108305148146,-0.003067484662576729,0.006468407719245898,-0.001991395371015296,0.49999999999999994,-0.8660254037844387,0.7818314824680298,0.6234898018587336,1
2026-03-24T11:00:00+00:00,2026-03-24T12:00:00+00:00,0.0021515326778485094,0.0004295671533556082,0.0050300223659666765,0.010632993212982937,0.0021515326778485094,0.0042753589731750145,0.004210720716561194,13602.4726,1.1854939145861787,0.009561508179417042,0.01769223329487458,0.012260897975140312,0.008053719411430418,0.0010074885567886833,0.0007226538226489385,0.00012324029157573122,0.6022927242311664,0.013543463157439319,0.20458544846233281,13.228989469102544,13.46078090869267,-0.2317914395901255,0.2999460435108361,0.010033877171413297,0.004614218285649703,0.0004249461888793766,0.004932096674662622,0.005031743921135964,0.258819045102521,-0.9659258262890682,0.7818314824680298,0.6234898018587336,0
2026-03-24T12:00:00+00:00,2026-03-24T13:00:00+00:00,-0.0015974883420287345,0.0005506072874494179,-0.0011686074171927303,0.005378183903368468,-0.0015928786780491245,0.0021410998686669266,0.0016416640461701512,7154.9327,-0.4739976392233276,0.007186281880980523,0.015426703986001506,0.010536798366575928,0.008181626629814202,0.0007570233751943166,0.000630058110447474,0.00010590868648281981,0.5868071864359292,-0.01548553779523722,0.17361437287185835,12.991820074849784,13.366988741924093,-0.37516866707430907,-0.14337722748418358,0.00971623554055118,-0.03320383518504105,-0.005847845675720316,0.004790602798158078,-0.001164224277602028,1.2246467991473532e-16,-1.0,0.7818314824680298,0.6234898018587336,0
2026-03-24T13:00:00+00:00,2026-03-24T14:00:00+00:00,-0.011126320267845557,-0.01270603444295673,-0.01058183921341811,0.016400265621638887,-0.011121747293553886,0.0014496955639317444,0.003703738343980056,24657.5804,2.446235126711953,-0.003638531605293619,0.003966187675531772,-0.0006997302004164398,0.007632490338147841,-0.00038285669148649105,0.000161911422310977,-7.032414870490555e-06,0.49206464228650576,-0.09474254414942344,-0.01587071542698851,10.738632428926849,12.841317479324644,-2.1026850503977954,-1.7275163833234863,0.010295179828054868,0.0477959614691826,-0.01480751156404911,-0.009500252444543151,-0.010572275932025782,-0.25881904510252035,-0.9659258262890684,0.7818314824680298,0.6234898018587336,0
2026-03-24T14:00:00+00:00,2026-03-24T15:00:00+00:00,-0.0020576324133222772,-0.01316105880394371,-0.014737522507964389,0.013266291155493465,-0.002052965576583974,0.004657963054948994,0.006551139185934272,32739.9775,0.32778549106951316,-0.005149688463533616,0.0018257329757560682,-0.002728575531843419,0.007011528627373808,-0.0005417787864808577,7.452526689763193e-05,-2.7422117673656066e-05,0.476900456591131,-0.015164185695374713,-0.04619908681773793,8.499939744184758,11.973041932296667,-3.473102188111909,-1.3704171377141137,0.0105271131985876,0.020424358263621864,-0.014569181678388284,0.001652225341006159,-0.014781441023196569,-0.5000000000000001,-0.8660254037844386,0.7818314824680298,0.6234898018587336,1
2026-03-24T15:00:00+00:00,2026-03-24T16:00:00+00:00,0.000548271305260627,-0.0015104892488706488,-0.012620003329572133,0.00760602299604233,0.000548271305260627,0.005896541226611568,0.0011615109008734834,15780.5169,-0.5180046504308073,-0.004167568956635404,0.0022816553085510715,-0.0021601376666749916,0.006476214335005562,-0.0004384991033036134,9.31374618829687e-05,-2.1709454987588314e-05,0.4814764280514781,0.004575971460347077,-0.037047143897043784,6.742446162188116,10.926922778274957,-4.18447661608684,-0.7113744279749312,0.010313107386426023,-0.01979188666285852,-0.006125745353324173,0.007146226415094383,-0.012635681375907207,-0.7071067811865475,-0.7071067811865477,0.7818314824680298,0.6234898018587336,0
2026-03-24T16:00:00+00:00,2026-03-24T17:00:00+00:00,-0.003723391799171146,-0.0031771619227922475,-0.005228256904759814,0.009246897329823277,-0.003723391799171146,0.0025479503572772063,0.0029616397141781345,14879.4807,-0.057098015591618576,-0.007130749411224798,-0.0013934393921117012,-0.005817363973401809,0.005778515162707326,-0.0007500422155933717,-5.687184263860244e-05,-5.8462551512110595e-05,0.4525101157527955,-0.028966312298682625,-0.09497976849440903,4.654467473590557,9.672431717338076,-5.017964243747519,-0.8334876276606789,0.010272739686968044,-0.007623030694602437,-0.009563541210761063,-0.0020173586676050584,-0.005232752907232796,-0.8660254037844384,-0.5000000000000004,0.7818314824680298,0.6234898018587336,0
2026-03-24T17:00:00+00:00,2026-03-24T18:00:00+00:00,-0.008475930801052908,-0.012167763388989072,-0.011626163319243828,0.012175405491259518,-0.008475930801052908,0.0007111802272932006,0.0029158389319021657,26735.3285,0.7967917724440476,-0.014086502538679076,-0.009474651161624742,-0.014104254997261867,0.004677744435926302,-0.001480594330829423,-0.0003865709606785112,-0.00014173121592016855,0.3945378663668599,-0.057972249385935586,-0.2109242672662802,1.5272537719988577,8.043396128270233,-6.516142356271375,-1.4981781125238562,0.010490187209983728,0.01251208791913895,-0.014668990035364454,-0.005530670941581412,-0.011651051294963426,-0.9659258262890683,-0.25881904510252063,0.7818314824680298,0.6234898018587336,1
2026-03-24T18:00:00+00:00,2026-03-24T19:00:00+00:00,0.004622671477405804,-0.003892440767205597,-0.007601339484345371,0.010774356747777134,0.004617908381456413,0.00423800804183264,0.0019396673777205711,11372.5355,-0.5746251818076594,-0.008629260662798736,-0.004704689853809499,-0.00945268793079324,0.003958731737042268,-0.0009075188890263135,-0.00019199128956468551,-9.499286425013177e-05,0.4365739596594047,0.04203609329254483,-0.12685208068119053,-0.16246925656469102,6.402223051303248,-6.564692307867939,-0.04854995159656372,0.010465663304549282,0.002274069789042607,-0.0045943533612062505,0.007560555772175296,-0.007576651122818249,-1.0,-1.8369701987210297e-16,0.7818314824680298,0.6234898018587336,0
2026-03-24T19:00:00+00:00,2026-03-24T20:00:00+00:00,-0.0009674739961868224,0.003650725166771677,-0.00485614892816845,0.006363168262576472,-0.0009674739961868224,0.004213768441141909,0.001180988912876086,6567.4339,-0.4225180567693106,-0.008683135710243418,-0.0054465634329174005,-0.01030849237073509,0.0032649220384694116,-0.0009131796260655222,-0.00022225930136869735,-0.00010359220594248722,0.4298169762356162,-0.0067569834237885115,-0.14036604752876755,-1.6480075922586366,4.792176922590871,-6.440184514849507,0.12450779301843173,0.010182039073881405,-0.028041709365181307,-0.0051835142628883875,0.00560551430593744,-0.004820733319833926,-0.9659258262890684,0.2588190451025203,0.7818314824680298,0.6234898018587336,1
2026-03-24T20:00:00+00:00,2026-03-24T21:00:00+00:00,0.014932423814405292,0.013950503086477991,0.01863766315659712,0.018091860291927265,0.014937218332813643,0.002801980935358943,0.0005724977658623856,21481.8724,2.270968954860741,0.005533581051378001,0.009032393697568974,0.00442532622015704,0.00347955822870942,0.0005828216992094439,0.00036880509756765094,4.447761857409502e-05,0.5463974532802456,0.11658047704462937,0.0927949065604912,-0.27151474880247406,3.7794385883122015,-4.0509533371146755,2.389231177734832,0.010607921138474483,0.05738379459978212,0.009699977441912866,0.016132464989571424,0.018587621295624274,-0.8660254037844386,0.5000000000000001,0.7818314824680298,0.6234898018587336,1
2026-03-24T21:00:00+00:00,2026-03-24T22:00:00+00:00,0.00018617813523983976,0.015121382040465509,0.014139278500368129,0.005277167640817609,0.00018617813523983976,0.0013588473995756268,0.0037321767618480237,7038.7354,-0.6723406941007619,0.005173133815789493,0.00885547295046741,0.004566224879430995,0.003663387938652119,0.0005448370874684128,0.0003615785673342732,4.589381347647455e-05,0.5476578254520708,0.0012603721718252104,0.09531565090414162,0.8419370772535331,3.1919382861004677,-2.3500012088469346,1.700952128267741,0.010225319478674128,-0.035888080606746496,-0.0026084938500811746,0.01571635872057023,0.01415112795345831,-0.7071067811865477,0.7071067811865474,0.7818314824680298,0.6234898018587336,0
2026-03-24T22:00:00+00:00,2026-03-24T23:00:00+00:00,-0.0015217229440452615,-0.0013358281203454958,0.013576648542423596,0.0070609290598012174,-0.0015263694279370958,0.0032298507184438416,0.002302375548212422,9245.4086,0.3135042127027536,0.0032953915874746097,0.007031186404794126,0.0030072381022133625,0.0037235243465122627,0.00034700369479287544,0.0002870695854921801,3.0224412002279905e-05,0.5345807954812403,-0.013077029970830552,0.06916159096248052,1.4438501936533612,2.8423206676110464,-1.3984704739576852,0.9515307348892494,0.010013762279302939,-0.022179783395601803,-0.002876661399758367,0.0024060248731581487,0.01359687900559987,-0.5000000000000004,0.8660254037844384,0.7818314824680298,0.6234898018587336,1
2026-03-24T23:00:00+00:00,2026-03-25T00:00:00+00:00,0.004949641360731862,0.0034203864338631794,0.0036072013702710755,0.009600089044304094,0.004954325130499679,0.003464379959466198,0.0012058082857579707,9766.2163,0.05633149626291253,0.00746867298031877,0.01153899126904832,0.00789181718896913,0.004040143776072594,0.0007867946623530989,0.0004712011614340993,7.932103694556542e-05,0.5704540590464591,0.03587326356521878,0.14090811809291806,2.7461598980275994,2.823088513694357,-0.07692861566675768,1.3215418582909275,0.009938416664178986,-0.0026118072521855557,0.00019018285385600581,0.00726875230652083,0.00361409655192644,-0.2588190451025207,0.9659258262890683,0.7818314824680298,0.6234898018587336,1
2026-03-25T00:00:00+00:00,2026-03-25T01:00:00+00:00,0.002569299193499749,0.007531657663787853,0.00599847362346891,0.010306369317735096,0.002573948854940675,0.0031733255619238528,0.00456570310440051,13790.3182,0.4120430857137579,0.009090629300174008,0.013575981741705184,0.010376018215591365,0.0044449450934272005,0.0009578248980269163,0.000554428924843503,0.00010429246589055028,0.5882818106485446,0.017827751602085513,0.1765636212970891,4.177130066434529,3.0938968242423917,1.0832332421921373,1.160161857858895,0.009941048906664272,0.002834835001964298,-0.0008919905717057986,0.008758749416705545,0.005997217610186349,0.0,1.0,0.9749279121818236,-0.22252093395631434,0
2026-03-25T01:00:00+00:00,2026-03-25T02:00:00+00:00,-0.0022342802425789642,0.00032927841649547425,0.005280549587296819,0.004835554071972255,-0.0022296647176375563,0.002600906840245752,0.0,9043.8783,-0.34418639448073063,0.00618096267842593,0.010862967226580346,0.008037124146235499,0.004653243026672905,0.0006510512423007226,0.00044358309613123014,8.078164219411425e-05,0.566217405684354,-0.02206440496419063,0.13243481136870783,4.8653587731187145,3.448189214017656,1.4171695591010582,0.3339363169089209,0.009597041471266665,-0.03676170582956071,-0.0053904999930832155,0.004933957649032146,0.0052846603116526464,0.25881904510252074,0.9659258262890683,0.9749279121818236,-0.22252093395631434,0
2026-03-25T02:00:00+00:00,2026-03-25T03:00:00+00:00,-0.0006676124509722359,-0.002900401060242293,-0.0003385538648474505,0.0036743215031315576,-0.0006722455318852168,0.0021108791463698364,0.0008907446068197972,6096.798,-0.3258646569801808,0.004981921810123239,0.009784659792430955,0.007290336726384519,0.004778929728066416,0.0005246879752200858,0.00039953343229151247,7.327508468768112e-05,0.5594800197485403,-0.006737385935813549,0.11896003949708074,5.234251819402743,3.805401735094674,1.4288500843080696,0.01168052520701135,0.009179943473620342,-0.04409969921206082,-0.005476683722668438,-0.0006676124509722359,-0.00033259350005145115,0.49999999999999994,0.8660254037844387,0.9749279121818236,-0.22252093395631434,1
2026-03-25T03:00:00+00:00,2026-03-25T04:00:00+00:00,0.0014103456274646084,0.000741791612191303,-0.001494146000730891,0.006268125677541394,0.0014056998111814582,0.0009219194455512692,0.003942479639015362,6297.5654,0.03292997406179451,0.005786310624450332,0.010764512525159172,0.008623540530944725,0.0049495621963855175,0.0006094565399266742,0.0004395609871392426,8.66762611778659e-05,0.5710832000843986,0.011603180335858242,0.14216640016879722,5.706128116982654,4.18554701147227,1.5205811055103844,0.0917310212023148,0.008959951304587249,-0.02258788863833795,-0.001369419384686577,0.002303141745372838,-0.0014915470660865917,0.7071067811865475,0.7071067811865476,0.9749279121818236,-0.22252093395631434,1
2026-03-25T04:00:00+00:00,2026-03-25T05:00:00+00:00,0.003604288083612164,0.005019717003015617,0.004348753326471812,0.0050408065290446806,0.003608937563990291,0.0006601056168986281,0.0007847409431664171,5251.7081,-0.16607327333194516,0.008507499744872749,0.013834778426599754,0.012135450858901884,0.005282339182479727,0.0008963289750945925,0.0005650038828623388,0.0001219792073525992,0.6001127115260417,0.029029511441643122,0.20022542305208346,6.631431448511194,4.674723898880055,1.9567075496311386,0.4361264441207542,0.008650132573641967,-0.031098512895464253,0.0026798979879936696,0.008998602701443951,0.004347021260104536,0.8660254037844386,0.5000000000000001,0.9749279121818236,-0.22252093395631434,1
2026-03-25T05:00:00+00:00,2026-03-25T06:00:00+00:00,0.0012509693858709869,0.004859766323533609,0.006276965901183113,0.00704001327782464,0.0012555913050303303,0.004933080685836442,0.0008529158195137498,15481.4201,1.9478828231142549,0.008830504329988713,0.014502188734138175,0.013266482979613222,0.005622038964728065,0.0009303915954737474,0.0005922766547741911,0.00013334926688835858,0.6100139633094548,0.009901251783413088,0.22002792661890966,7.496994668956177,5.239178052895279,2.2578166160608975,0.3011090664297589,0.0085250884878796,-0.01322285642196025,0.000590473993772437,0.005656449511551802,0.006265603096947759,0.9659258262890683,0.25881904510252074,0.9749279121818236,-0.22252093395631434,0
2026-03-25T06:00:00+00:00,2026-03-25T07:00:00+00:00,-0.002406605717763357,-0.0011586469219691542,0.0024414650643490425,0.004510562387640421,-0.002406605717763357,0.0019225347881744953,0.00017561615853522682,9234.8675,-0.403487054782526,0.0057893409579249525,0.011582236019728109,0.010719054391899352,0.005759551056969782,0.0006097759114299217,0.0004729679202371017,0.00010774079669714319,0.5802132902190027,-0.029800673090452107,0.16042658043800542,7.6732963981489775,5.726001721946019,1.9472946762029588,-0.31052193985793863,0.008257433643079687,-0.03372718444250601,-0.007303656874934085,-0.00030030584995799917,0.0024486517517197937,1.0,6.123233995736766e-17,0.9749279121818236,-0.22252093395631434,1
2026-03-25T07:00:00+00:00,2026-03-25T08:00:00+00:00,0.00035123231707045365,-0.0020562186783954282,-0.0008078215591417703,0.008167904017888004,0.00034660923736724863,0.0059688529361488045,0.0018525619407088788,8969.4241,-0.028743606770752272,0.005554347169238898,0.011464030953996238,0.010962654049133894,0.005877040660600631,0.0005850101598700204,0.00046813868205455454,0.00011018956803261819,0.5834043052308903,0.0031910150118875436,0.16680861046178053,7.7846063409847375,6.137722645753763,1.6468836952309749,-0.30041098097198393,0.008248346500559304,-0.0007496344426791519,-0.003966519264307258,0.0005269410149625029,-0.0008044040148219166,0.9659258262890683,-0.25881904510252085,0.9749279121818236,-0.22252093395631434,1
2026-03-25T08:00:00+00:00,2026-03-25T09:00:00+00:00,0.00557616524298115,0.0059293560894902635,0.0035084807494592846,0.012569832402234487,0.00557616524298115,0.007024588356365758,0.0,20328.6038,1.2664335606563637,0.010087762581830178,0.016422356370787622,0.01643206109904694,0.006271330099837994,0.0010629985114144437,0.0006707498638402575,0.00016517362052332035,0.6313346784999784,0.04793037326908817,0.26266935699995686,8.745950525930311,6.659368221789072,2.0865823041412392,0.43969860891026435,0.008514552048809935,0.03802993696051548,-0.0003903577054314413,0.007792352105046244,0.003520791842288247,0.8660254037844387,-0.4999999999999998,0.9749279121818236,-0.22252093395631434,1
2026-03-25T09:00:00+00:00,2026-03-25T10:00:00+00:00,0.004594236989120847,0.010196020456718751,0.010550833945679116,0.006283613214795411,0.004594236989120847,0.0010335491896243637,0.0006768375224088183,8039.8234,-0.6045068574753766,0.013306979910953335,0.020248154636366745,0.020887437107884797,0.006850021625256525,0.0014026995374230116,0.0008271388845880321,0.00020996806836900408,0.6656562135370642,0.034321535037085765,0.3313124270741284,10.197192260278825,7.366933029487023,2.8302592307918024,0.7436769266505632,0.008319041655226473,-0.018473167325222795,-0.0024133982380824042,0.010196020456718751,0.010521634549172449,0.7071067811865476,-0.7071067811865475,0.9749279121818236,-0.22252093395631434,0
2026-03-25T10:00:00+00:00,2026-03-25T11:00:00+00:00,-0.0006265320308783754,0.003964826521611341,0.00956310029243675,0.003569352986129944,-0.0006265320308783754,0.001098262457270768,0.0018441657095005194,7397.7632,-0.07985998796938747,0.01145142259997453,0.018825482206748713,0.020042309657715345,0.007290572183702981,0.0012068676791359267,0.0007689779014918755,0.00020147083013545523,0.6566370748213006,-0.009019138715763547,0.3132741496426013,11.108709946617182,8.115288412913054,2.9934215337041277,0.16316230291232525,0.007984621063000309,-0.04080075892675882,-0.0016583672164101188,0.004647933945089156,0.00954387020122362,0.49999999999999994,-0.8660254037844387,0.9749279121818236,-0.22252093395631434,1
2026-03-25T11:00:00+00:00,2026-03-25T12:00:00+00:00,0.0005216746672035367,-0.00010518420956353959,0.004488569538371059,0.008937024620267912,0.0005262531689591335,0.00576744526415454,0.00264360298388692,21000.8278,1.838807789900601,0.010825856432909878,0.018583773598515957,0.02036554984365964,0.007674830551904251,0.001140863922309626,0.0007590971627889011,0.00020472079492680616,0.6607561154086514,0.004119040587350753,0.3215122308173028,11.78720716586622,8.849672163503687,2.9375350023625337,-0.05588653134159394,0.008048784057442332,0.008561688857516722,-0.0012014399005957448,0.0023702114393647986,0.004489379625446008,0.258819045102521,-0.9659258262890682,0.9749279121818236,-0.22252093395631434,0
2026-03-25T12:00:00+00:00,2026-03-25T13:00:00+00:00,-0.0014178493512195377,-0.0008969143401044432,-0.001522884425419789,0.013772666272769402,-0.0014178493512195377,0.0039756150065727225,0.008377188763849368,25113.0694,0.1958133097972453,0.008490523721433446,0.016456374059188518,0.018727052881941427,0.007898785511994966,0.0008945388236352799,0.0006721402061159682,0.0001882470170229567,0.638331227148947,-0.022424888259704404,0.276662454297894,11.93717271182095,9.46717227316714,2.470000438653809,-0.4675345637087247,0.008468244656161729,0.05062303828998075,-0.007144091458922627,0.0017572999063996582,-0.0015227067148943763,1.2246467991473532e-16,-1.0,0.9749279121818236,-0.22252093395631434,1
2026-03-25T13:00:00+00:00,2026-03-25T14:00:00+00:00,0.00048550137177036037,-0.0009330363472541581,-0.00041184842147656397,0.008446371264941296,0.00048550137177036037,0.006313033048430424,0.0016480724419397398,17244.4583,-0.31332733465069795,0.008117952238820007,0.01627434686604642,0.019026747043030173,0.00809071459258588,0.0008552521194398425,0.000664700589142784,0.00019126016182652905,0.6427953390079543,0.0044641118590072896,0.28559067801590854,12.003189333730916,9.974375685279895,2.0288136484510204,-0.4411867902027886,0.008462866446722391,-0.00014991019058730918,-0.004883626639454535,0.008937561777720256,-0.00041067331224564066,-0.25881904510252035,-0.9659258262890684,0.9749279121818236,-0.22252093395631434,0
2026-03-25T14:00:00+00:00,2026-03-25T15:00:00+00:00,-0.004683272522512221,-0.004200044885975914,-0.005611939206278778,0.006821087878425459,-0.0046878290407347785,0.0016742252108879249,0.00043695438196243947,14284.2214,-0.1716630843660655,0.0030721757742488997,0.011058300597185716,0.01411053122048459,0.007961665188023489,0.000323491536538027,0.00045156302517790684,0.0001418344982975813,0.569709689109273,-0.07308564989868124,0.13941937821854608,11.102054899799896,10.199911528183895,0.9021433716160008,-1.1266702768350196,0.008382572634399638,-0.014126618346399833,-0.01092732103213596,-0.0025553858082039186,-0.005615620501961398,-0.5000000000000001,-0.8660254037844386,0.9749279121818236,-0.22252093395631434,0
2026-03-25T15:00:00+00:00,2026-03-25T16:00:00+00:00,-0.005326243940132617,-0.009984572210751818,-0.009503918362486317,0.01351638798461084,-0.005326243940132617,0.0012762651672093344,0.006885358094110625,19968.0967,0.39791285368903606,-0.0020546440477433167,0.005449468307676162,0.008621725985849529,0.007519562379504161,-0.0002162315546176454,0.0002224767627651278,8.66580213824509e-05,0.5003578866659325,-0.06935180244334056,0.0007157733318649661,9.345758065240716,10.02908083559526,-0.6833227703545433,-1.585466141970544,0.008790954241916895,0.043132204936051605,-0.0116360910777781,-0.004891426888583193,-0.009524015090874478,-0.7071067811865475,-0.7071067811865477,0.9749279121818236,-0.22252093395631434,1
2026-03-25T16:00:00+00:00,2026-03-25T17:00:00+00:00,0.005211416099437695,-0.00014258511411406139,-0.004825189871679232,0.014223743346995889,0.005211416099437695,0.005989428796180006,0.0030499165068106106,21914.3342,0.09746735150776804,0.0028455866518042857,0.010265792958734532,0.013738086107238397,0.007399151380527139,0.0002996251853929709,0.0004191876021171214,0.00013809028345178895,0.5568923686189149,0.05653448195298239,0.11378473723782974,8.762269000384094,9.775718468553027,-1.0134494681689326,-0.3301266978143893,0.009136690215301283,0.04474497956005894,-0.0014102622996004243,0.012180642277444791,-0.004798100363207143,-0.8660254037844384,-0.5000000000000004,0.9749279121818236,-0.22252093395631434,0
2026-03-25T17:00:00+00:00,2026-03-25T18:00:00+00:00,-0.0044759709820915245,0.0007121189701094831,-0.004617917889372333,0.0071992976294995275,-0.0044759709820915245,0.00111362691188016,0.001589575343098773,8858.8443,-0.5957511545114612,-0.0014868660466531235,0.005517379890649775,0.00910824150854622,0.00701467582060884,-0.00015648772319695774,0.000225249905303883,9.15484960236512e-05,0.5038824408633165,-0.05300992775559841,0.007764881726632922,7.429082194580133,9.306391213758449,-1.8773090191783162,-0.8638595510093836,0.00903645021617264,-0.015398014462801484,-0.010403091204243547,0.003789547898122886,-0.004590798822786447,-0.9659258262890683,-0.25881904510252063,0.9749279121818236,-0.22252093395631434,0
2026-03-25T18:00:00+00:00,2026-03-25T19:00:00+00:00,-0.0007947876715492815,-0.005267201207086027,-8.32346848179178e-05,0.0071680278211970145,-0.0007947876715492815,0.004277694022327251,0.0020949139374208973,7378.6972,-0.16708128621246915,-0.0020637323857299007,0.004532340736497632,0.008222886203738922,0.0066097138026624935,-0.00021718780718084385,0.00018502772837582007,8.264890267596246e-05,0.4949140197520371,-0.008968421111279384,-0.010171960495925845,6.162692734824304,8.67765151797162,-2.514958783147316,-0.6376497639689997,0.008909665833369109,-0.014813967007302987,-0.0063687828548320375,0.0007960530578620675,-5.934255420311091e-05,-1.0,-1.8369701987210297e-16,0.9749279121818236,-0.22252093395631434,1
2026-03-25T19:00:00+00:00,2026-03-25T20:00:00+00:00,0.004767894634615537,0.003969317499191417,-0.0005244200328451961,0.007778376114402004,0.0047725412394734315,0.0016983554948014003,0.001330148341456845,7961.6315,0.07900233390794256,0.0024370950750180653,0.008953009656415144,0.012898662752098703,0.006500073284807418,0.00025660215145880777,0.00036556255271335435,0.00012965160888928675,0.5469654850797601,0.052051465327722965,0.09393097015952008,5.92272728647049,8.126666671671394,-2.203939385200904,0.31101939794641176,0.008789600569599671,-0.008772200420863067,-0.00030367865277100076,0.0068772157471558015,-0.0005028640190252688,-0.9659258262890684,0.2588190451025203,0.9749279121818236,-0.22252093395631434,0
2026-03-25T20:00:00+00:00,2026-03-25T21:00:00+00:00,-0.0028536054384197805,0.0019006835061366053,0.0011043851947691293,0.006282050690287114,-0.002849015961853589,0.000161551634210342,0.003263343011045382,3973.5562,-0.5009118168807487,-0.0003831503358803188,0.005834275766400249,0.009907678394247154,0.00621980922427396,-4.032998772975878e-05,0.0002381904259196126,9.958457332847131e-05,0.512744953730992,-0.03422053134876798,0.02548990746198413,5.172637806575494,7.535860898652214,-2.36322309207672,-0.15928370687581594,0.008633846992809495,-0.020523249958280792,-0.004544243192824933,0.0032461518513715168,0.0011195015246464753,-0.8660254037844386,0.5000000000000001,0.9749279121818236,-0.22252093395631434,0
2026-03-25T21:00:00+00:00,2026-03-25T22:00:00+00:00,-0.0011308614394711345,-0.003981239845537141,0.0007676726569797419,0.0035766436849597218,-0.0011308614394711345,0.0014047799486148216,0.0010397220014417478,3328.5822,-0.1623165667066695,-0.0013696255854499144,0.00451179666156487,0.008677635852392594,0.005889488641343184,-0.0001441503319439529,0.00018418888507599874,8.722002729677321e-05,0.4994472834575363,-0.01329767027345575,-0.0011054330849273697,4.33057182880475,6.894803084682722,-2.5642312558779716,-0.20100816380125153,0.008281694728011171,-0.041872147412478355,-0.0041370804820919345,0.0021394633744245633,0.0007834277567246219,-0.7071067811865477,0.7071067811865474,0.9749279121818236,-0.22252093395631434,1
2026-03-25T22:00:00+00:00,2026-03-25T23:00:00+00:00,0.004847415020055192,0.0037110718258567634,0.0008468764526923516,0.009946977047913851,0.004842771654998738,0.004125029316679834,0.0010025154861051772,8143.8898,1.4466542541746454,0.0031395266662208906,0.009009882049115587,0.013430305766087964,0.0058519829264468476,0.000330585741997152,0.00036788557774611476,0.00013499616890365204,0.5529113399441499,0.0534640564866136,0.10582267988829983,4.45829139802936,6.407500747352049,-1.9492093493226896,0.615021906555282,0.008363545967229337,0.014778716383576111,0.002304646628532447,0.005893264378131195,0.000862948142164277,-0.5000000000000004,0.8660254037844384,0.9749279121818236,-0.22252093395631434,0
2026-03-25T23:00:00+00:00,2026-03-26T00:00:00+00:00,-0.0025338808846050494,0.002301251363191077,0.0011677875272907792,0.0057168675254262715,-0.0025384679058559428,0.0011986980295248127,0.001973241371679468,6539.1464,-0.1970487616372216,0.000540736900879166,0.006198537023390493,0.010753148325022867,0.0056547423946335836,5.692291381042778e-05,0.00025306553712204944,0.00010808352324798005,0.5214084125518458,-0.031502927392304085,0.042816825103691655,4.068005688469839,5.939601735575607,-1.8715960471057684,0.0776133022169212,0.008194225995332647,-0.022727580532849942,-0.006631554843141753,0.0033073219018720326,0.0011826726959790078,-0.2588190451025207,0.9659258262890683,0.9749279121818236,-0.22252093395631434,0
2026-03-26T00:00:00+00:00,2026-03-26T01:00:00+00:00,-0.0010742178495357015,-0.0036053767940659107,0.0012245614683647672,0.004458413524777358,-0.0010742178495357015,0.0014630611670336192,0.001919979323299528,7373.5614,0.1276030461712862,-0.0004832233658170808,0.004915981421443285,0.009570265832304735,0.005401815070520263,-5.086303027496694e-05,0.00020069257234291423,9.619282837428143e-05,0.5082216678662558,-0.013186744685590028,0.0164433357325116,3.529998301339674,5.45768104872842,-1.9276827473887463,-0.05608670028297791,0.007935564679275541,-0.03260659901666317,-0.004799875065452758,0.0009008010199840503,0.0012393162859144408,0.0,1.0,0.43388373911755823,-0.900968867902419,0
2026-03-26T01:00:00+00:00,2026-03-26T02:00:00+00:00,-0.0008538369586788646,-0.00192713760131296,-0.004456135348788038,0.004282071654256195,-0.0008538369586788646,0.0011917739879159324,0.002235731047098236,5711.0159,-0.22547388023377676,-0.001209501915999712,0.003898191499640538,0.008620861107503987,0.005113878661679742,-0.00012729978385968608,0.00015913517710339643,8.664932763131219e-05,0.4974639131874735,-0.010757754678782306,-0.005072173625053011,2.9206762937437816,4.9502800977314925,-2.029603803987711,-0.10192105659896455,0.007680897969833922,-0.03291825529269729,-0.003383681906278875,0.0010681932736193002,-0.004461935692819615,0.25881904510252074,0.9659258262890683,0.43388373911755823,-0.900968867902419,0
2026-03-26T02:00:00+00:00,2026-03-26T03:00:00+00:00,-0.006868867907097219,-0.007716839972492721,-0.00878276825478796,0.010111769001427826,-0.006864280336100354,0.0004465178583887387,0.00275352679339694,9295.5409,0.6276510279020584,-0.007307100660920963,-0.0028802439748369397,0.0016759058573463089,0.0044594422797134565,-0.0007685773251622474,-0.00011754715960555472,1.6843558648984038e-05,0.4204293822681617,-0.07703453091931181,-0.15914123546367662,1.2237923699149178,4.204982552168177,-2.9811901822532594,-0.9515863782655485,0.007903861020426142,0.021959993994101312,-0.008897002217335869,-0.004643518518518611,-0.008796922715311786,0.49999999999999994,0.8660254037844387,0.43388373911755823,-0.900968867902419,1
2026-03-26T03:00:00+00:00,2026-03-26T04:00:00+00:00,0.001506997772062046,-0.005372221503667758,-0.0062214714610765815,0.005066853674281586,0.0015116560308098756,0.0010913937795198373,0.0024660855188300005,7146.5402,-0.23118619165023518,-0.005260586596959685,-0.0013236352219998383,0.0031536334457326477,0.003957771575061443,-0.0005534394926929622,-5.402300878535676e-05,3.1695813092655096e-05,0.44075052700657547,0.02032114473841375,-0.11849894598684912,0.13884009489356686,3.391754060713255,-3.252913965819688,-0.2717237835664288,0.007690173973314014,-0.025569525013823983,-0.005808504056256575,0.004272288426109398,-0.006215707093714038,0.7071067811865475,0.7071067811865476,0.43388373911755823,-0.900968867902419,0
2026-03-26T04:00:00+00:00,2026-03-26T05:00:00+00:00,-0.0016254800971572676,-0.00012093191998016883,-0.006988969161693293,0.003107395881304844,-0.001630116755370916,0.0006326434728405819,0.0008419740337068467,3871.0484,-0.4583325229178729,-0.006226592646111109,-0.0028317238239414545,0.0015078498301611734,0.003416139732707418,-0.0006550014966956302,-0.00011556720691949453,1.5154499305235242e-05,0.4234770637800863,-0.01727346322648913,-0.15304587243982737,-0.991978241318975,2.515007600306809,-3.506985841625784,-0.2540718758060958,0.007374458930807044,-0.04261309040126704,-0.0027139119300784525,0.0023593593360221694,-0.00698735023219244,0.8660254037844386,0.5000000000000001,0.43388373911755823,-0.900968867902419,0
2026-03-26T05:00:00+00:00,2026-03-26T06:00:00+00:00,-0.014029799368286817,-0.015632474305803824,-0.014149034637692442,0.017583921115331073,-0.014029799368286817,0.0005614399282866903,0.0027930456936614244,22710.7501,4.866821530828703,-0.01828329342606338,-0.01617278528681033,-0.012419847444083632,0.0021498138160635475,-0.0019208603970309764,-0.000659678222553386,-0.00012480700864398952,0.3105370228526759,-0.1129400409274104,-0.3789259542946482,-4.27256835383514,1.157492409478419,-5.430060763313559,-1.9230749216877752,0.008201145303952244,0.09649873388917268,-0.016258389105997337,-0.013198938498067837,-0.014148281693382038,0.9659258262890683,0.25881904510252074,0.43388373911755823,-0.900968867902419,1
2026-03-26T06:00:00+00:00,2026-03-26T07:00:00+00:00,0.0010898539784387937,-0.01295523582250625,-0.014559657441680054,0.00605129461887219,0.001094577125225362,0.0014845465770597923,0.0034733677056921243,9522.1412,-0.5807209731923386,-0.015599570858006263,-0.014516975209541786,-0.011231926105663165,0.0010997512967442225,-0.001639368149305128,-0.0005921787169709004,-0.00011287093816718049,0.3253773773185547,0.014840354465878818,-0.34924524536289053,-6.609867520577154,-0.39597957653269567,-6.213887944044458,-0.7838271807308992,0.00803929395762262,-0.01866686714504301,-0.013501325026732978,0.0038937751640542658,-0.01456542548700529,1.0,6.123233995736766e-17,0.43388373911755823,-0.900968867902419,1
2026-03-26T07:00:00+00:00,2026-03-26T08:00:00+00:00,0.0008388866371955479,0.0019296548795733482,-0.01212721715952392,0.005608295191275503,0.0008388866371955479,0.0005368141492909944,0.004233297545723492,13110.8309,0.37687843780346386,-0.013385578585070813,-0.013160458963914476,-0.010300020823891922,0.00022817386029436707,-0.001407025761176111,-0.0005368732027005129,-0.00010350708239984314,0.3372159160810483,0.011838538762493585,-0.3255681678379034,-8.22376438887295,-1.9615365390007466,-6.262227849872204,-0.04833990582774561,0.007859394099617875,-0.021557454949609978,-0.0006447028484573463,0.005430434103315453,-0.012101058752652475,0.9659258262890683,-0.25881904510252085,0.43388373911755823,-0.900968867902419,0
2026-03-26T08:00:00+00:00,2026-03-26T09:00:00+00:00,-0.0018835584185643518,-0.0010462518733565147,4.246184331565227e-05,0.005977430129644691,-0.0018835584185643518,0.0015332792360966958,0.0025570379875828318,9646.7853,-0.2642125145554277,-0.013812174699993183,-0.014438743787582156,-0.012044599786456075,-0.0006353445778935328,-0.0014518023318480608,-0.0005889893682041287,-0.00012103660250262572,0.32347843202036813,-0.013737484060680174,-0.35304313595926373,-9.713583708604801,-3.5119459729215574,-6.201637735683244,0.06059011418895999,0.007738740268369784,-0.017206186496772875,-0.002419073974717536,0.003204172523628989,4.518219706998983e-05,0.8660254037844387,-0.4999999999999998,0.43388373911755823,-0.900968867902419,0
2026-03-26T09:00:00+00:00,2026-03-26T10:00:00+00:00,-0.017455794380177768,-0.019306473790284606,-0.018483783095963095,0.022524296085737264,-0.017460429787936788,0.0010659547497406177,0.0036876272423461746,35575.4026,2.687798732288569,-0.02815512361445434,-0.030439387831229712,-0.02900715583796037,-0.0023504411787104687,-0.0029549396760632516,-0.001240882291180249,-0.0002914442398942503,0.23010067376420865,-0.0933777582561595,-0.5397986524715828,-13.721691908296634,-5.553895159996573,-8.167796748300061,-1.9661590126168171,0.008922516767585343,0.13284163126248216,-0.020805025177606743,-0.014936950743063603,-0.01850046616154657,0.7071067811865476,-0.7071067811865475,0.43388373911755823,-0.900968867902419,0
2026-03-26T10:00:00+00:00,2026-03-26T11:00:00+00:00,-0.001915837590750097,-0.019338189503877914,-0.021185323312802446,0.0053688692180019985,-0.0019110451688490121,0.0006061626536452811,0.0028480023091910964,13682.0773,-0.6154062554445976,-0.027236118328903946,-0.031069714271881602,-0.03056967104069013,-0.003940931622987461,-0.0028587638629535006,-0.001266545431315032,-0.0003071385117328258,0.22263702224412527,-0.007463651520083374,-0.5547259555117495,-17.02386566123687,-7.847889260244632,-9.175976400992237,-1.008179652692176,0.0086845883547691,-0.028530814822485758,-0.02036882561137101,0.001778347534410328,-0.021255190389492216,0.49999999999999994,-0.8660254037844387,0.43388373911755823,-0.900968867902419,0
2026-03-26T11:00:00+00:00,2026-03-26T12:00:00+00:00,-0.004911841820412304,-0.006818269119963037,-0.024155045196354013,0.008929434743091314,-0.004911841820412304,0.0013343389220860956,0.0026590087215486065,17572.4382,0.2843399298730756,-0.029053795197002335,-0.03447232541489717,-0.034992105334934485,-0.005580669856981666,-0.0030489695851697147,-0.0014050567282504842,-0.00035155581564624236,0.20436921308246653,-0.01826780916165873,-0.591261573835067,-20.23150759688815,-10.324612927573337,-9.906894669314813,-0.7309182683225757,0.008741883275295462,0.0016530631135465784,-0.007414018974130025,-0.0020697341187708787,-0.024283473791340167,0.258819045102521,-0.9659258262890682,0.43388373911755823,-0.900968867902419,1
2026-03-26T12:00:00+00:00,2026-03-26T13:00:00+00:00,0.0024946336369437135,-0.0024294614292931383,-0.004340644566511718,0.004600694444444427,0.0024897870386038296,0.0009934413580246651,0.0011236496913579897,14899.6263,-0.1521025067540144,-0.02415656287336172,-0.030845072666104676,-0.03227100078565832,-0.006854080827183927,-0.002536346679508406,-0.001257399513744222,-0.0003242265092636408,0.23838145313764528,0.03401224005517875,-0.5232370937247094,-22.10243495277564,-12.680177332613798,-9.42225762016184,0.48463704915297257,0.008425884367606986,-0.033743234018881976,-0.003752264090208054,0.005167382473557086,-0.004333045774218688,1.2246467991473532e-16,-1.0,0.43388373911755823,-0.900968867902419,1
2026-03-26T13:00:00+00:00,2026-03-26T14:00:00+00:00,0.003674768518518466,0.006178569356616457,0.0012363793808480065,0.011690258598322104,0.003674768518518466,0.006039726698763305,0.0019892178625997604,22740.718,0.5262609640082048,-0.018647996099995796,-0.026241782807902975,-0.028437226188838687,-0.007738086515061477,-0.00195910134586733,-0.0010699471627282962,-0.0002857196092028706,0.28686405683602073,0.04848260369837547,-0.4262718863279585,-22.70851838029148,-14.685845542149334,-8.022672838142146,1.3995847820196943,0.00863040770457122,0.028037186032029943,0.002678666062842636,0.0073083847985595755,0.0012575603350498754,-0.25881904510252035,-0.9659258262890684,0.43388373911755823,-0.900968867902419,0
2026-03-26T14:00:00+00:00,2026-03-26T15:00:00+00:00,-0.0023784126618040468,0.001287615740740776,0.0037854615072227993,0.008953556136726026,-0.0023784126618040468,0.0022251441286539543,0.004344329013085958,15174.3947,-0.33272138988751365,-0.019021776116753576,-0.027468631151416154,-0.03045136971446984,-0.00861064479211916,-0.0019982910601673795,-0.0011199130071061114,-0.00030595028250559957,0.2746337529978409,-0.01223030383817985,-0.4507324940043182,-23.3194553291396,-16.412567499547386,-6.906887829592215,1.1157850085499312,0.008672595657384237,0.0024982529480464797,-0.008367601335377464,0.0032907135194688206,0.003790989493658133,-0.5000000000000001,-0.8660254037844386,0.43388373911755823,-0.900968867902419,0
2026-03-26T15:00:00+00:00,2026-03-26T16:00:00+00:00,-0.002827185289003786,-0.0051988737375192,-0.0015432098765431222,0.011934891808346011,-0.002831987978500062,0.00021251931993798292,0.008882341576506893,21444.2828,0.4131886789527097,-0.01976046900818514,-0.029067577573956546,-0.03287304716061599,-0.009494728861173753,-0.0020757317447761695,-0.001185025785510505,-0.00033027326705465163,0.2604527284899706,-0.014181024507870319,-0.4790945430200588,-24.000622963375008,-17.93017859231291,-6.0704443710620986,0.8364434585301161,0.008928449037185458,0.026590770415235134,-0.007402293560388166,0.0015237634538638727,-0.0015308294322893667,-0.7071067811865475,-0.7071067811865477,0.43388373911755823,-0.900968867902419,0
2026-03-26T16:00:00+00:00,2026-03-26T17:00:00+00:00,-0.004588485316846986,-0.007402698107664172,-0.009763504098557437,0.005342326168178836,-0.004588485316846986,0.00026687369595794415,0.0004658159056722967,11049.5835,-0.4847305641762941,-0.021998795065867494,-0.032250468526758634,-0.03695316317445659,-0.010482270787776363,-0.0023103127336317943,-0.0013146151661925815,-0.00037125069635075445,0.23894830348781568,-0.021504425002154902,-0.5221033930243686,-25.018624694318532,-19.347867812714036,-5.670756881604497,0.3996874894576017,0.008710514529909046,-0.028885484390957544,-0.007617781886821387,0.004332337561707727,-0.009794083267654819,-0.8660254037844384,-0.5000000000000004,0.43388373911755823,-0.900968867902419,0
2026-03-26T17:00:00+00:00,2026-03-26T18:00:00+00:00,-0.005575234121015205,-0.010138137557959928,-0.012936660453601954,0.01236453418300884,-0.005575234121015205,0.004689154439570476,0.002068888119019514,26059.4246,1.3584078621605962,-0.02490206793443127,-0.03622306544575129,-0.041918909416322286,-0.01161011334250144,-0.0026144172146675814,-0.0014763097543224587,-0.0004211181568086746,0.21574640136437595,-0.023201902123439738,-0.5685071972712481,-26.447673062501508,-20.76782886267153,-5.679844199829979,-0.009087318225482477,0.009016863115689895,0.02939866089361815,-0.01040102368478233,-0.005111799372797363,-0.012990904726865976,-0.9659258262890683,-0.25881904510252063,0.43388373911755823,-0.900968867902419,0
2026-03-26T18:00:00+00:00,2026-03-26T19:00:00+00:00,-0.0010929974968404478,-0.006662137900917083,-0.011220054095826902,0.010399722543804356,-0.0010929974968404478,0.0031360365773238533,0.006169492518940835,18682.7943,-0.2830695770619585,-0.02355296871117202,-0.03586708012301869,-0.04255676037578632,-0.012611141226568203,-0.002473128336509739,-0.001461822400891349,-0.0004275232801003979,0.21143606288701222,-0.004310338477363729,-0.5771278742259756,-27.444589327459653,-22.103180955629153,-5.3414083718305,0.33843582799947924,0.009124800253626724,0.010864504966254223,-0.011272585015286158,0.0009779138164553558,-0.011256716934702638,-1.0,-1.8369701987210297e-16,0.43388373911755823,-0.900968867902419,1
2026-03-26T19:00:00+00:00,2026-03-26T20:00:00+00:00,0.0009525344744206968,-0.00014150414021594685,-0.005715949342520355,0.007032287030530219,0.0009476450531950426,0.0023815101116577407,0.0037040290466152036,9753.3951,-0.47794773397467644,-0.02051250567833389,-0.03362425592988936,-0.04124747888957785,-0.013386337577118199,-0.0021545589763259706,-0.001370537657996653,-0.00041437574808692837,0.22593435625571032,0.014498293368698114,-0.5481312874885793,-27.757334670917317,-23.234011698686786,-4.523322972230531,0.8180853995999691,0.008967271851813091,-0.01632767426049276,-0.0032638885510961686,0.007166239051579191,-0.005715697143434955,-0.9659258262890684,0.2588190451025203,0.43388373911755823,-0.900968867902419,1
2026-03-26T20:00:00+00:00,2026-03-26T21:00:00+00:00,0.007695986569844607,0.00865585173678776,0.007553393415665982,0.01640765367646708,0.007700904295035281,0.007520981747211814,0.00124461835739442,22015.3882,1.257202540682475,-0.011753250514595937,-0.025185962933727775,-0.03354323227476856,-0.013592468101844472,-0.0012356555311145974,-0.0010269427914550637,-0.00033700430212251766,0.33277448068712334,0.10684012443141298,-0.33445103862575337,-26.428034473672597,-23.872816253683947,-2.5552182199886495,1.9681047522418815,0.009435134533656731,0.060271993470350727,0.00530185004868543,0.012404453836310217,0.007555523547424857,-0.8660254037844386,0.5000000000000001,0.43388373911755823,-0.900968867902419,1
2026-03-26T21:00:00+00:00,2026-03-26T22:00:00+00:00,0.0016853197991176375,0.009394276567502148,0.010355759414215633,0.00848494224921082,0.0016853197991176375,0.004578484507124091,0.0022239734670295493,8042.055,-0.634707554236995,-0.00913577876296199,-0.02264073437189203,-0.031606923885836274,-0.013629471444704975,-0.0009607370191690658,-0.0009232584132000397,-0.0003175566522302021,0.35396515468785295,0.021190674000729645,-0.2920696906242941,-24.807778940519256,-24.059808791051008,-0.747970149468248,1.8072480705204015,0.009352523081102234,-0.0070851623785274966,-0.005792099672181666,0.0106667839377681,0.010333840843382942,-0.7071067811865477,0.7071067811865474,0.43388373911755823,-0.900968867902419,0
2026-03-26T22:00:00+00:00,2026-03-26T23:00:00+00:00,-0.00120384650715287,0.00047944442561116403,0.008179120793316261,0.008727515634983515,-0.0012086753884682697,0.0021927701512187278,0.005324607431215753,7356.9624,-0.08518874839826386,-0.009354149893066594,-0.022904705455218357,-0.03245720797570298,-0.013678506360965497,-0.0009836787804533404,-0.0009340127415706636,-0.0003260967214734106,0.34550969645764895,-0.008455458230204016,-0.3089806070847021,-23.45427071436734,-23.938701175714275,0.48443046134693546,1.2324006108151835,0.009318347081021588,-0.004853648504572641,-0.0057559773611057805,0.002713210276223321,0.008177459861809375,-0.5000000000000004,0.8660254037844384,0.43388373911755823,-0.900968867902419,0
2026-03-26T23:00:00+00:00,2026-03-27T00:00:00+00:00,-0.0026381009545570276,-0.003838771593090238,-0.0021599213517427256,0.0064306965050984505,-0.002642928713532684,0.001800595021427584,0.0019801691879849973,5573.8665,-0.24236849436664243,-0.01084016001372303,-0.02450756303684662,-0.034673407135654595,-0.013817183503237658,-0.0011397689196058199,-0.0009993090778215102,-0.00034835506008867173,0.3270922775280499,-0.018417418929599024,-0.34581544494390015,-22.561302494853862,-23.66322143954219,1.1019189446883288,0.6174884833413934,0.009134973534672424,-0.022264949668315007,-0.006020521875045235,0.002700887643073915,-0.00215662766259226,-0.2588190451025207,0.9659258262890683,0.43388373911755823,-0.900968867902419,1
2026-03-27T00:00:00+00:00,2026-03-27T01:00:00+00:00,0.0022325436923362426,-0.0004114469378666278,-0.0016147981260604685,0.00525900350115963,0.0022325436923362426,0.0012735892456766508,0.0017578437117134638,5963.0913,0.06983030540828346,-0.00781616509587174,-0.021472860989573597,-0.0322051288804489,-0.013764279776863593,-0.0008220778525951441,-0.0008756758254817214,-0.0003235649088527586,0.3581894833926033,0.031097205864553387,-0.28362103321479337,-21.237623092159993,-23.17810177006575,1.9404786779057588,0.8385597332174299,0.008839223219883558,-0.030215343448618117,-0.0022081561654424572,0.004221071315680838,-0.001609403769373655,0.0,1.0,-0.433883739117558,-0.9009688679024191,1
2026-03-27T01:00:00+00:00,2026-03-27T02:00:00+00:00,0.00444061345355739,0.0066830710094494756,0.004027339438883047,0.0054285989779193035,0.00444061345355739,0.0001880242985248903,0.0008195930961335807,6464.4824,0.08408241208716691,-0.0030864759698129105,-0.016466990007888566,-0.027637513703486983,-0.013421940535005207,-0.0003247866866851613,-0.0006716705965258938,-0.0002776868254276352,0.4161173596684329,0.057927876275829605,-0.16776528066313418,-19.227018168771338,-22.38788504980687,3.160866881035531,1.2203882031297724,0.008559320448325348,-0.027365994952806828,0.0031629958503815734,0.008459743290548247,0.004035056191336605,0.25881904510252074,0.9659258262890683,-0.433883739117558,-0.9009688679024191,0
2026-03-27T02:00:00+00:00,2026-03-27T03:00:00+00:00,-0.002854112428888062,0.0015738270146196422,0.003809884344530202,0.0047092269905429805,-0.002854112428888062,0.00144564565726122,0.0004012996306111271,4095.9082,-0.3663981202887953,-0.005369881506647137,-0.018532264148353936,-0.03011924569429169,-0.01323344467151762,-0.0005649313570738038,-0.0007558472076833869,-0.0003026143836917058,0.39154752067625753,-0.024569838992175404,-0.216904958647485,-17.904897295246883,-21.49128749889487,3.586390203647987,0.42552332261245596,0.008307063017196963,-0.03224166271135659,-0.003041564839317622,0.0023990345703306173,0.0038190447170055705,0.49999999999999994,0.8660254037844387,-0.433883739117558,-0.9009688679024191,0
2026-03-27T03:00:00+00:00,2026-03-27T04:00:00+00:00,-0.003287756009824676,-0.006132484813421947,-0.0017191033544307743,0.004787822341230519,-0.003287756009824676,0.000446281312454944,0.0010429400236723573,6219.8423,0.5185502204370694,-0.007823564828481141,-0.020923647024205485,-0.03298748711723511,-0.013203379692705275,-0.0008228554910740363,-0.000853297670405868,-0.0003314226564484116,0.36489568691425206,-0.02665183376200545,-0.2702086261714959,-17.20745333684181,-20.634520666484256,3.4270673296424476,-0.15932287400553946,0.008081133106301772,-0.030395665027328583,-0.007563102075399957,-0.0028876151781178747,-0.001701254985155348,0.7071067811865475,0.7071067811865476,-0.433883739117558,-0.9009688679024191,0
2026-03-27T04:00:00+00:00,2026-03-27T05:00:00+00:00,-0.004055338882744498,-0.007329761927785555,-0.010162954392054734,0.009020417705735763,-0.004060170071162068,0.0002532730673318835,0.004690422381546077,11778.6836,0.8937270483529783,-0.010730981774153244,-0.02394126533450808,-0.03655522138623772,-0.013353580590288912,-0.0011283025242451886,-0.0009762405265727993,-0.0003672542344361758,0.3347296123566552,-0.03016607455759683,-0.33054077528668957,-17.131821137671523,-19.93398076072171,2.802159623050187,-0.6249077065922606,0.008178779668703761,0.00797893542278295,-0.0077711192731490086,-0.003015543890488672,-0.010197207321457236,0.8660254037844386,0.5000000000000001,-0.433883739117558,-0.9009688679024191,1
2026-03-27T05:00:00+00:00,2026-03-27T06:00:00+00:00,0.003935473815461311,-0.00013582474726904947,-0.003423134198464609,0.006806714535222078,0.003940363643448081,0.00247913836600045,0.00040267805162038,5500.9736,-0.5329721226232785,-0.006190557548204695,-0.019327010227786965,-0.03244818192497513,-0.013218281210101757,-0.0006512132815693207,-0.0007882357545835149,-0.00032600606654097645,0.38743913511726885,0.05270952276061365,-0.22512172976546224,-16.232772307692812,-19.19373907011593,2.9609667624231193,0.15880713937293223,0.008051003904601952,-0.01174884920971354,-0.0003928205973784803,0.008666545958140147,-0.003407621077107862,0.9659258262890683,0.25881904510252074,-0.433883739117558,-0.9009688679024191,1
2026-03-27T06:00:00+00:00,2026-03-27T07:00:00+00:00,0.0007325829613818253,0.004670939837905308,0.0005966587112171926,0.004639527611734157,0.0007325829613818253,0.002598523301869932,0.0013089576334045106,8150.6366,0.4816716444521747,-0.004944843166649686,-0.01789189402016827,-0.03143348247596637,-0.013011390137126766,-0.0005202390175051873,-0.000729748466854543,-0.0003158146263562168,0.39705348560568077,0.009614350488411886,-0.20589302878863847,-15.222944622579234,-18.39958018060859,3.176635558029357,0.21566879560623775,0.00780185429522162,-0.030236490596821347,-0.0017422361601114591,0.005082152532792716,0.0006127178940986393,1.0,6.123233995736766e-17,-0.433883739117558,-0.9009688679024191,1
2026-03-27T07:00:00+00:00,2026-03-27T08:00:00+00:00,0.0017064929146608015,0.002440326023675626,0.006385403678304302,0.005986748813055829,0.0017064929146608015,0.002966755879064823,0.0013164071763551272,26687.905,2.2743338109320197,-0.0029384792612573664,-0.015589928466366408,-0.029493045411394504,-0.01268873478913852,-0.00030921796112549037,-0.0006359189606228527,-0.0002963246823525561,0.4199103281036304,0.022856842497949614,-0.16017934379273924,-13.977490514611873,-17.515162247409247,3.5376717327973743,0.3610361747680173,0.007659862142053609,-0.016524360468289884,-0.0008897184331285428,0.003755161525382569,0.0063745496915039385,0.9659258262890683,-0.25881904510252085,-0.433883739117558,-0.9009688679024191,0
2026-03-27T08:00:00+00:00,2026-03-27T09:00:00+00:00,-0.008856710046800189,-0.007165331045081457,-0.006437997283135918,0.017222268339249867,-0.008861506891745257,0.0016406810779665943,0.006640851982245554,27583.5801,0.033561086941818793,-0.010660240055429145,-0.023377571355908046,-0.03772385059853711,-0.012854361883920857,-0.0011208727665964287,-0.0009532769818466523,-0.00037899048862282363,0.34639161072028446,-0.07351871738334595,-0.30721677855943114,-14.302248800225698,-16.872579557972536,2.570330757746838,-0.9673409750505364,0.008406449453109116,0.08774750945400672,-0.011788492346889567,-0.005854397351443317,-0.006417634170757562,0.8660254037844387,-0.4999999999999998,-0.433883739117558,-0.9009688679024191,0
2026-03-27T09:00:00+00:00,2026-03-27T10:00:00+00:00,-0.0033448408881163595,-0.01217192664901782,-0.010486205040941339,0.007447037842710633,-0.003335107499841377,0.00184706135967221,0.0022537088208203055,9816.3689,-0.6441227402529957,-0.012655840390587415,-0.025626122693831067,-0.040551643297286666,-0.013136536208787235,-0.0013304213463552572,-0.0010448712936269881,-0.0004073881712309135,0.3235558842387778,-0.02283572648150667,-0.3528882315224445,-14.940139208610162,-16.48609148810006,1.5459522794898994,-1.0243784782569385,0.008364117468993118,-0.00836365300374123,-0.013780440664862767,0.0033180457447906683,-0.010495058020255747,0.7071067811865476,-0.7071067811865475,-0.433883739117558,-0.9009688679024191,0
2026-03-27T10:00:00+00:00,2026-03-27T11:00:00+00:00,-0.02420777235581156,-0.027471642097141986,-0.03608504377537832,0.029231750239748566,-0.02420777235581156,0.0017271937620188357,0.0026962297971050014,50935.0055,4.188782738187437,-0.03319116059386793,-0.04737503192074965,-0.06318324258799012,-0.014670812624752418,-0.003481642194595422,-0.0019299428903963728,-0.0006346044846119862,0.21397755843222355,-0.1095783258065542,-0.5720448831355529,-19.211191360950124,-17.031111462670076,-2.1800798982800487,-3.726032177769948,0.010047341014143988,0.17216398579258732,-0.029249200655072805,-0.022003653362664962,-0.03640932329072811,0.49999999999999994,-0.8660254037844387,-0.433883739117558,-0.9009688679024191,1
2026-03-27T11:00:00+00:00,2026-03-27T12:00:00+00:00,6.527185728553513e-05,-0.02414408058478843,-0.027408163364958816,0.007741741138668577,6.527185728553513e-05,0.003333668038959785,0.0043428055025605435,30939.9204,-0.39256077237490433,-0.030067868023938946,-0.04554194514351779,-0.06253329021586991,-0.01595377306250615,-0.0031550528747885647,-0.0018554059733248641,-0.0006280805454556329,0.21473109952100672,0.0007535410887831518,-0.5705378009579866,-22.328155966220038,-18.09052036338007,-4.237635602839969,-2.0575557045599204,0.00988204638336186,-0.016387381599681058,-0.025786003560737986,0.0027689674268740875,-0.027487341386642383,0.258819045102521,-0.9659258262890682,-0.433883739117558,-0.9009688679024191,0
2026-03-27T12:00:00+00:00,2026-03-27T13:00:00+00:00,-0.0011848579174615424,-0.0011196633980528994,-0.025300331197209258,0.006363599806980785,-0.0011848579174615424,0.0015330947402283832,0.0036442415956248995,20580.1889,-0.3348338123067698,-0.028328264214764146,-0.044924760913208045,-0.06305070927572204,-0.017080353464261046,-0.002973057122848632,-0.001830307542223422,-0.0006332741797942484,0.21078056473343496,-0.0039505347875717686,-0.5784388705331301,-24.70403244081899,-19.413222778867855,-5.290809661951137,-1.0531740591111678,0.009641614144933168,-0.025486237517511383,-0.004503512739937151,0.003237486258333286,-0.02532735841598757,1.2246467991473532e-16,-1.0,-0.433883739117558,-0.9009688679024191,0
2026-03-27T13:00:00+00:00,2026-03-27T14:00:00+00:00,-0.005137124014798148,-0.0063158951701977745,-0.006251035563120419,0.013348692919432945,-0.005142124707833833,0.004026838855710849,0.00415315124139814,27609.0871,0.3415371080486049,-0.03024251136553505,-0.047970682469923275,-0.06723407163566812,-0.018281035529152365,-0.003173320230777812,-0.00195416081803367,-0.0006752630246542121,0.19412476600860828,-0.016655798724826667,-0.6117504679827834,-27.099217343244618,-20.95042169174321,-6.148795651501409,-0.8579859895502722,0.009952635272569352,0.02695536266648048,-0.007835175577111003,-0.0014983427421185796,-0.006256710074974155,-0.25881904510252035,-0.9659258262890684,-0.433883739117558,-0.9009688679024191,1
2026-03-27T14:00:00+00:00,2026-03-27T15:00:00+00:00,0.005138387849759033,-2.5132700659459206e-05,-0.0012099608394416379,0.009354626292481565,0.005138387849759033,7.539999698393154e-05,0.004167106499982388,26084.8695,-0.05520709882508212,-0.02290896395381933,-0.0414594625429751,-0.0618582863290591,-0.0189854352407333,-0.002405668692259354,-0.0016893641800828328,-0.0006213050599272107,0.2570399007852673,0.06291513477665901,-0.48592019842946543,-27.855681670293507,-22.33147368745327,-5.524207982840238,0.6245876686611709,0.00986267550046824,-0.003946846143518907,-0.004020186039991575,0.009330289193302943,-0.0011835940825006576,-0.5000000000000001,-0.8660254037844386,-0.433883739117558,-0.9009688679024191,1
2026-03-27T15:00:00+00:00,2026-03-27T16:00:00+00:00,0.0009701466278607192,0.006113519467264836,0.0009449895447964662,0.013573910772753738,0.0009701466278607192,0.009606693047827627,0.002998011369342962,34599.2282,0.32640986377179293,-0.019911159278435116,-0.03900213378181645,-0.060378318429268205,-0.019478820398899862,-0.002091527845722537,-0.0015893936342311638,-0.0006064492667570029,0.2687079754217838,0.011668074636516508,-0.4625840491564324,-27.97694937188089,-23.460568824338793,-4.516380547542099,1.0078274352981396,0.010118887549837531,0.02697329482155615,0.000894679172069912,0.010345369952255977,0.0009714104628216038,-0.7071067811865475,-0.7071067811865477,-0.433883739117558,-0.9009688679024191,0
2026-03-27T16:00:00+00:00,2026-03-27T17:00:00+00:00,-0.0024205049916637893,-0.0014527066085584526,0.003678216671213899,0.006050843191542906,-0.0024205049916637893,0.0004782280392650619,0.0031462371004278883,15765.1869,-0.5443485961920965,-0.020204111923607326,-0.03977197790189641,-0.06206796144521364,-0.01997136976835671,-0.002122235162826273,-0.0016207150554500363,-0.0006234097253709378,0.2578181333801567,-0.010889842041627134,-0.4843637332396867,-28.137635470026453,-24.395982153476325,-3.741653316550128,0.7747272309919708,0.009851111467572261,-0.028819447326563837,-0.011912755850680218,0.001552873319821282,0.0036880294859559628,-0.8660254037844384,-0.5000000000000004,-0.433883739117558,-0.9009688679024191,0
2026-03-27T17:00:00+00:00,2026-03-27T18:00:00+00:00,-0.004646362949911914,-0.0070556213968623605,-0.006092319756307269,0.011480475605253617,-0.004646362949911914,0.005613800846621811,0.0011986223429273145,13776.895,-0.12611914546981998,-0.02245176400665314,-0.04257274571667396,-0.06580847596316838,-0.020583108811581714,-0.002357771355851605,-0.0017346488551858226,-0.0006609545683452634,0.23793272356940365,-0.01988540981075303,-0.5241345528611927,-28.679168618487665,-25.252619446478594,-3.4265491720090715,0.3151041445410563,0.01001019544604139,0.011427439187733424,-0.00752909997138942,-0.0015048604974119521,-0.006096721313714985,-0.9659258262890683,-0.25881904510252063,-0.433883739117558,-0.9009688679024191,1
2026-03-27T18:00:00+00:00,2026-03-27T19:00:00+00:00,0.0036211544199831495,-0.0010420337276616845,-0.0034600164714861867,0.005951331112712439,0.003616078653503849,0.0009372968560240975,0.001410984514444931,11147.8167,-0.19083242631957353,-0.017141650937226038,-0.037629902485698745,-0.06184288744708249,-0.02084557919054127,-0.0018011343705846656,-0.0015335589718828374,-0.0006211504895202301,0.28406358287206673,0.046130859302663085,-0.4318728342558666,-28.20545050268379,-25.843185657719633,-2.3622648449641552,1.0642843270449163,0.009686738723272293,-0.02880858296729255,-0.006592911493792474,0.00482556078788798,-0.003445713521592554,-1.0,-1.8369701987210297e-16,-0.433883739117558,-0.9009688679024191,1
2026-03-27T19:00:00+00:00,2026-03-27T20:00:00+00:00,0.0036685597375568663,0.007302998578848642,0.002622703246916706,0.009434104362582888,0.0036685597375568663,0.003022528380135653,0.002756425383213424,29660.8329,1.660685378868851,-0.012262644035825209,-0.03280602853951792,-0.05785371471751611,-0.020798428225527008,-0.0012891406066793615,-0.0013372309918952287,-0.000581106487925053,0.32856801824077025,0.04450443536870353,-0.3428639635184595,-26.932133454658697,-26.060975217107448,-0.8711582375512492,1.491106607412906,0.009635815957863272,-0.0016076823575392162,0.0027287052746578157,0.008726348203071197,0.0026433512076281017,-0.9659258262890684,0.2588190451025203,-0.433883739117558,-0.9009688679024191,0
2026-03-27T20:00:00+00:00,2026-03-27T21:00:00+00:00,-0.002846799985941765,0.000811316095805798,0.004435408416655278,0.008212322007613113,-0.0028417934427876095,0.0023212019898893777,0.0030412277698334193,9603.2605,-0.6762309226994094,-0.013658473813652663,-0.03421265775528805,-0.059969592784338756,-0.020838810286237634,-0.001435669973990308,-0.0013944876989755428,-0.0006023464353155923,0.31228566211003356,-0.0162823561307367,-0.37542867577993294,-26.07990917538382,-26.06476200876272,-0.015147166621098052,0.8560110709301512,0.0095596824052841,-0.010725407870809882,-0.005851641613231044,0.0035877793161995354,0.00444291417159825,-0.8660254037844386,0.5000000000000001,-0.433883739117558,-0.9009688679024191,0
2026-03-27T21:00:00+00:00,2026-03-27T22:00:00+00:00,-0.0001560895047430794,-0.003002445135084936,0.0006550999531351342,0.0033841458808599495,-0.00016112383877542677,0.0025330734792746107,0.0006899225977348976,3983.907,-0.5851505850538992,-0.012513422747217586,-0.03306037408470807,-0.05955377273064438,-0.020807322155864363,-0.0013154696546649955,-0.0013475845891460414,-0.0005981723548761491,0.31137712643360516,-0.0009085356764283859,-0.3772457471327897,-25.139734493041715,-25.87975650561852,0.7400220125768051,0.7551691791979032,0.00911995845264806,-0.04614666719370799,-0.005299778090577079,0.002893939393939403,0.0006656702468720221,-0.7071067811865477,0.7071067811865474,-0.433883739117558,-0.9009688679024191,0
2026-03-27T22:00:00+00:00,2026-03-27T23:00:00+00:00,-0.00010575455877689131,-0.00026182755634326693,-0.0031078821716013145,0.002659252991659602,-0.00011078993221671884,0.0007504331359039491,0.0017980176477698218,2720.8642,-0.31703621595584436,-0.011429888879646091,-0.03190362749198322,-0.05909474127551479,-0.020710456832580233,-0.0012017003766183433,-0.0013004953865964261,-0.0005935644697160644,0.3107176517151801,-0.0006594747184250593,-0.3785646965696398,-24.13338983316612,-25.53048317112804,1.3970933379619197,0.6570713253851146,0.008659375171826121,-0.05060319645299692,-0.0027924543463848494,0.0005845713479409391,-0.0031086440494617357,-0.5000000000000004,0.8660254037844384,-0.433883739117558,-0.9009688679024191,1
2026-03-27T23:00:00+00:00,2026-03-28T00:00:00+00:00,0.0036413634715339147,0.003535223821969745,0.003378582505891138,0.0066792121440220524,0.003646418300587763,0.0005520010036381428,0.0024940408982561924,5204.99,0.9129914679314021,-0.0070897046101268835,-0.027295933948136186,-0.05514519299171387,-0.02035050843145421,-0.0007457281702820776,-0.0011128798715375572,-0.0005539160521017654,0.36090353218854027,0.05018588047336017,-0.27819293562291947,-22.493166640008212,-24.923019864904074,2.4298532248958615,1.0327598869339418,0.008488761535033586,-0.016133146774242386,0.0027777358433598437,0.005449178839022152,0.003379519408013944,-0.2588190451025207,0.9659258262890683,-0.433883739117558,-0.9009688679024191,0
2026-03-28T00:00:00+00:00,2026-03-28T01:00:00+00:00,-8.029105507468667e-05,0.003560780047544188,0.003454648920044467,0.0027501894519193705,-8.530881792091007e-05,0.0012044625336873572,0.0014604108220957921,4009.8013,-0.22962363040082684,-0.006491056018024541,-0.026328805627809804,-0.054701649679568747,-0.019967358854642746,-0.0006828025166988545,-0.0010734915052499536,-0.0005494632475727373,0.3602783753942662,-0.0006251567942740621,-0.27944324921146757,-20.964522638075323,-24.131320419538323,3.166797781463,0.7369445565671384,0.008079496467848965,-0.048288996785780906,-0.0006319432254181563,0.006084199258787984,0.0034553178576823365,0.0,1.0,-0.9749279121818236,-0.2225209339563146,0
2026-03-28T01:00:00+00:00,2026-03-28T02:00:00+00:00,-0.0010840162803185073,-0.001164220298582329,0.0024729038236835097,0.0039036791045150955,-0.001089029408812529,5.024040031557825e-05,0.002763222017353034,7775.3214,0.9390789763073796,-0.006852209400201097,-0.026338672605521196,-0.05520248654699791,-0.01962090978780862,-0.0007207653226612321,-0.0010738933746740037,-0.0005544912286673525,0.3514281800191242,-0.008850195375142035,-0.29714363996175164,-19.7002628344178,-23.245108902514218,3.544846068096419,0.37804828663341894,0.0077893653370422165,-0.036954645729914075,-0.002370737183985253,0.0003769450363877608,0.0024770561361407207,0.25881904510252074,0.9659258262890683,-0.9749279121818236,-0.2225209339563146,0
2026-03-28T02:00:00+00:00,2026-03-28T03:00:00+00:00,-0.001562476449812416,-0.0026447989802217122,-0.002724877681595817,0.005293561177867672,-0.001562476449812416,0.001640400136867737,0.002088239438037087,3538.7191,-0.5448780933994575,-0.007609691077350634,-0.02679672338567842,-0.05614640788007987,-0.01933415928774784,-0.0008003789937329907,-0.0010925488431242898,-0.0005639672677773158,0.3385335839335234,-0.012894596085600795,-0.32293283213295326,-18.73333264255575,-22.342753650522525,3.6094210079667732,0.06457493987035434,0.007622412661326963,-0.022962399149356976,-0.0026998544688112153,0.001204072687701769,-0.0027267837852056097,0.49999999999999994,0.8660254037844387,-0.9749279121818236,-0.2225209339563146,1
2026-03-28T03:00:00+00:00,2026-03-28T04:00:00+00:00,0.0009409657226818621,-0.000622980963912325,-0.0017063219227236228,0.002071194807936844,0.0009409657226818621,0.001035597403968422,9.551626541447886e-05,2671.978,-0.2449307434432984,-0.006043929886718756,-0.024891295538562064,-0.05473853751611664,-0.01896197047188944,-0.0006357986488698404,-0.0010149400965169457,-0.000549833572165867,0.35388494618377947,0.015351362250256103,-0.29223010763244106,-17.613107191466725,-21.396824358711363,3.783717167244639,0.17429615927786557,0.007219243248738279,-0.052001429174645925,-0.0022571212174410265,0.0030355441036320546,-0.001705527007449061,0.7071067811865475,0.7071067811865476,-0.9749279121818236,-0.2225209339563146,1
2026-03-28T04:00:00+00:00,2026-03-28T05:00:00+00:00,0.0008093746700917961,0.0017511019865950215,0.0001858894811673311,0.002617038376532066,0.0008093746700917961,0.0008589511754068899,0.0009493670886076452,2365.1314,-0.11483874492978605,-0.004742818708667535,-0.023178796258611398,-0.053465130828122806,-0.018523832730373706,-0.0004989949543224373,-0.0009451791079444947,-0.0005370494212116997,0.3674953741025715,0.013610427918791999,-0.26500925179485707,-16.406285459798937,-20.398716578928877,3.9924311191299395,0.20871395188530073,0.006885093006883454,-0.04551413640636835,-0.0002259887005649946,0.0018468847030641404,0.0001878639429612422,0.8660254037844386,0.5000000000000001,-0.9749279121818236,-0.2225209339563146,1
2026-03-28T05:00:00+00:00,2026-03-28T06:00:00+00:00,0.0017229254571027044,0.0025336946194179357,0.0034770444618884137,0.003299519112640044,0.0017229254571027044,0.000335969271347875,0.0012435877506606651,3194.6928,0.3507464321009816,-0.002740467968929388,-0.02067025781475329,-0.05134503935312537,-0.01797906088629422,-0.0002883871213958654,-0.0008429727897901455,-0.0005157643960794746,0.39665491146023446,0.029159537357663013,-0.20669017707953102,-15.00018540838073,-19.319010344819247,4.318824936438517,0.32639381730857764,0.006617984351115349,-0.037139129681939644,0.0008632328068617107,0.0034871433603381793,0.0034732658498763625,0.9659258262890683,0.25881904510252074,-0.9749279121818236,-0.2225209339563146,1
2026-03-28T06:00:00+00:00,2026-03-28T07:00:00+00:00,0.0033697216469514685,0.005098452883263055,0.005911954111975221,0.006801769159649117,0.0033747530362748432,0.0030235638071915614,0.0004148029685898834,8339.4358,1.6104030409434045,0.0005609365061547131,-0.016700381324185554,-0.04769209698204602,-0.01725164075524958,5.904943464612812e-05,-0.0006811838895297489,-0.0004790879223555936,0.4501395699270114,0.053484658466776906,-0.09972086014597721,-13.191529409026089,-18.093514157660614,4.901984748634526,0.5831598121960084,0.00661047352946,0.002230986552723278,0.003032733470349368,0.006352096242053648,0.005902021774145969,1.0,6.123233995736766e-17,-0.9749279121818236,-0.2225209339563146,1
2026-03-28T07:00:00+00:00,2026-03-28T08:00:00+00:00,0.003058547190084655,0.006438575289710775,0.008172593932087593,0.0038214910292116598,0.003058547190084655,0.0006377455694121146,0.0001345244560478617,4419.207,-0.470083215941299,0.003275193682610336,-0.013163004286887188,-0.04435361444788395,-0.016384535442523666,0.0003448761282870989,-0.00053697698190086,-0.00044556635145445435,0.4941217064713872,0.043982136544375834,-0.011756587057225544,-11.135955285212276,-16.702002383170946,5.56604709795867,0.6640623493241442,0.0063925434700494,-0.03000967520083114,3.487792725457715e-05,0.0068626811612378085,0.008151194294138828,0.9659258262890683,-0.25881904510252085,-0.9749279121818236,-0.2225209339563146,0
2026-03-28T08:00:00+00:00,2026-03-28T09:00:00+00:00,-0.0039012092253882164,-0.0008545940678178047,0.0025122478350039818,0.005041915928052624,-0.0039012092253882164,0.0006352413917288479,0.0004901862707829066,4158.2227,-0.05905681720725009,-0.0005779905164510923,-0.016356603476840495,-0.04762615074121946,-0.015787738123300882,-6.0837405579791527e-05,-0.0006671710540595588,-0.0004784257805313853,0.4450707040725008,-0.0490510023988864,-0.10985859185499834,-10.023172649344133,-15.366236436405583,5.34306378706145,-0.22298331089722012,0.006319318087002223,-0.015311333513011878,-0.004536061941394627,-0.000719755283203738,0.002527059611647907,0.8660254037844387,-0.4999999999999998,-0.9749279121818236,-0.2225209339563146,1
2026-03-28T09:00:00+00:00,2026-03-28T10:00:00+00:00,0.00014005322022367134,-0.003761702382079327,-0.0007146605362453153,0.002080499319836802,0.00014005322022367134,0.00012002880691366383,0.0018204369048572158,5307.5426,0.27639690870813616,-0.00039631875510671934,-0.015592725556929712,-0.04704243346452109,-0.015202431810672793,-4.171602339624975e-05,-0.0006360329824159309,-0.00047256485290323634,0.44718407365986484,0.0021133695873640336,-0.10563185268027027,-9.014774029797081,-14.095943955083882,5.081169925286801,-0.2618938617746487,0.006015723609357614,-0.04790895979802837,-0.004391686666600245,0.0006305485772622136,-0.0007026088150798898,0.7071067811865476,-0.7071067811865475,-0.9749279121818236,-0.2225209339563146,0
2026-03-28T10:00:00+00:00,2026-03-28T11:00:00+00:00,-0.0014153396815235293,-0.0012754846841799656,-0.0051717179769514175,0.0059097806870370235,-0.001410345534655959,0.002534194091220943,0.0019632491773886145,5539.4669,0.043697115120658776,-0.0016388947192721506,-0.01633075693878437,-0.047932767562459545,-0.014715980161688123,-0.00017248547723525546,-0.0006661174994207547,-0.0004815043992361922,0.42938498596412394,-0.01779908769574092,-0.1412300280717521,-8.347740649470325,-12.94630329396117,4.598562644490846,-0.48260728079595516,0.006016073592079731,-0.0013572440307959143,-0.001535184222106621,0.000546201643616028,-0.005176495686688074,0.49999999999999994,-0.8660254037844387,-0.9749279121818236,-0.2225209339563146,1
2026-03-28T11:00:00+00:00,2026-03-28T12:00:00+00:00,0.0004757874281936833,-0.0009402256541569385,-0.0008003041155638688,0.002352776276005709,0.0004757874281936833,0.0014617248353055831,0.0004154902785287412,3232.3907,-0.4164798240783784,-0.0010531574089339562,-0.015250157903058649,-0.04702956870777161,-0.014211967933449338,-0.00011084638634110241,-0.0006220682148797882,-0.00047243568101950994,0.43747914799525,0.008094162031126046,-0.12504170400950002,-7.654221725858633,-11.887886980340664,4.23366525448203,-0.3648973900088155,0.005751752845050226,-0.04348087358507939,-0.0034571005252996088,0.002443834461578666,-0.0007994990331061747,0.258819045102521,-0.9659258262890682,-0.9749279121818236,-0.2225209339563146,1
2026-03-28T12:00:00+00:00,2026-03-28T13:00:00+00:00,0.001016199114955634,0.0014924700379127546,7.501800432108253e-05,0.006126010791780644,0.001016199114955634,0.0024153985407591888,0.002695444748383533,6475.126,1.003200293825867,-3.440687320868013e-05,-0.013698308434401858,-0.045623751267108444,-0.013664371709498063,-3.6217630100505845e-06,-0.0005588021954928623,-0.0004583200099393316,0.4552608926753624,0.01778174468011244,-0.08947821464927515,-6.86170152387399,-10.882649889047329,4.020948365173339,-0.21271688930869104,0.005773063633857434,0.004725058898506737,-0.00044487543487817043,0.001908951529666496,7.664686162578795e-05,1.2246467991473532e-16,-1.0,-0.9749279121818236,-0.2225209339563146,1
2026-03-28T13:00:00+00:00,2026-03-28T14:00:00+00:00,0.01336720558892218,0.014396988446366707,0.014879625780667021,0.023761350177655,0.01336720558892218,0.010387879984208426,0.00018258981444932798,30427.1641,3.6990844811359658,0.012047295228776858,-0.0004940557779289757,-0.03255002360784563,-0.012392060198995756,0.0012697465516157544,-2.0165135315432217e-05,-0.0003270289327472857,0.6238647173079687,0.1686038246326062,0.24772943461593727,-4.03027741663368,-9.512175394564599,5.4818979779309185,1.4609496127575792,0.006987228866015174,0.22649411817290702,0.010925417809927708,0.017141423014179993,0.014859192132071498,-0.25881904510252035,-0.9659258262890684,-0.9749279121818236,-0.2225209339563146,0
2026-03-28T14:00:00+00:00,2026-03-28T15:00:00+00:00,-0.0027437820765891102,0.010586746813224104,0.011613704170921595,0.006358741909304997,-0.002738860732632998,0.001286593693711481,0.0023257655232476683,13682.392,-0.5503231272217052,0.008380158389387176,-0.003109956118020589,-0.03486641550366484,-0.011394625738927761,0.0008829007618540297,-0.00012692087345608915,-0.0003502934876922563,0.5834148707830873,-0.040449846524881324,0.1668297415661746,-2.2095288720249755,-8.051646090056675,5.842117218031699,0.3602192401007809,0.006960187965089865,-0.006603210056281783,-0.012996654374954274,0.010773770819786907,0.011639622627288704,-0.5000000000000001,-0.8660254037844386,-0.9749279121818236,-0.2225209339563146,1
2026-03-28T15:00:00+00:00,2026-03-28T16:00:00+00:00,0.0029690623701035214,0.00021713383339904617,0.013587241894912583,0.010785261786820816,0.0029740255241658088,0.006621144244242305,0.0011989106194864106,14625.4102,0.06892202766884624,0.010279718682804294,-0.00014424090171390213,-0.03169254847735696,-0.010317894531337204,0.0010832478068971718,-5.887349082393946e-06,-0.00031841665368973767,0.612605349340768,0.029190478557680706,0.22521069868153604,-0.27920418468761454,-6.497157708982863,6.217953524295249,0.37583630626354925,0.0072142751847294505,0.039583248900747096,-0.0010596405107960566,0.005307171128988968,0.01359248588243659,-0.7071067811865475,-0.7071067811865477,-0.9749279121818236,-0.2225209339563146,0
2026-03-28T16:00:00+00:00,2026-03-28T17:00:00+00:00,-0.0010163604428568341,0.0019496842897013394,-0.0007994472956968606,0.004222680982625251,-0.0010163604428568341,0.001674255968549719,0.0015310305317120423,4889.927,-0.665655394745783,0.008364309907167303,-0.0011149974559911816,-0.032362078842783186,-0.009400677185838893,0.0008812295562395144,-4.550802916956172e-05,-0.00032514127231458937,0.5971346349958807,-0.015470714344887355,0.1942692699917613,1.0720097918267584,-4.983324208820939,6.055334000647697,-0.1626195236475514,0.0070074053795058325,-0.02966228060046407,-0.007587268289335682,0.0031609195402298265,-0.000791080149342423,-0.8660254037844384,-0.5000000000000004,-0.9749279121818236,-0.2225209339563146,0
2026-03-28T17:00:00+00:00,2026-03-28T18:00:00+00:00,-0.0019458904177244217,-0.0029602731345345465,0.0,0.005270085706933795,-0.0019508195911675016,0.001167831198907448,0.002147621781041507,4857.7136,-0.006587705706036028,0.005788885864970395,-0.002939121023875686,-0.03391580665381402,-0.008677772255695652,0.0006097279484708722,-0.00011994973375881609,-0.0003407462308596291,0.5676094333807268,-0.029525201615153877,0.13521886676145356,1.8041345906135575,-3.625832448934039,5.429967039547597,-0.6253669611001005,0.006895997471917822,-0.01781354955635099,-0.004625091738374519,-0.00041549602310956505,6.811509522265322e-06,-0.9659258262890683,-0.25881904510252063,-0.9749279121818236,-0.2225209339563146,1
2026-03-28T18:00:00+00:00,2026-03-28T19:00:00+00:00,0.0004750499792165814,-0.001471764833710338,-0.0024866294330090012,0.0021218715995648387,0.0004750499792165814,0.0014145810663765592,0.0002324661192996475,1630.6404,-0.6643193620966045,0.005666476722504681,-0.002369011330741132,-0.033134994992652635,-0.007990211704613734,0.0005968272242187446,-9.668499113880007e-05,-0.0003329041629636401,0.5731474994747425,0.00553806609401569,0.14629499894948494,2.4337578991717237,-2.4139143793128865,4.847672278484611,-0.582294761062986,0.006551947977931812,-0.04943983703933235,-0.0026391732234911755,0.0026283163897842573,-0.002487200881364674,-1.0,-1.8369701987210297e-16,-0.9749279121818236,-0.2225209339563146,0
2026-03-28T19:00:00+00:00,2026-03-28T20:00:00+00:00,-0.0006133148679394644,-0.00013855624393815084,-0.0020841770463951776,0.0028704913489329465,-0.0006083717893549866,0.0005048105475709614,0.0017569386704675708,1332.2694,-0.18297780430314378,0.004566567829080315,-0.002864311088004777,-0.03340359611733135,-0.007397099560204957,0.00048092252572788674,-0.00011689699014939767,-0.0003356018674181136,0.5631148862926506,-0.010032613182091907,0.12622977258530113,2.8004000024675406,-1.371051502956801,4.171451505424342,-0.676220773060269,0.00629272045808987,-0.04015400301479828,-0.002025031363290694,9.404218039272736e-05,-0.002084155306447305,-0.9659258262890684,0.2588190451025203,-0.9749279121818236,-0.2225209339563146,1
2026-03-28T20:00:00+00:00,2026-03-28T21:00:00+00:00,0.0019944965752068597,0.0013799584528637668,0.001855663981314701,0.002924048819761074,0.001989537605725108,0.0009335223427953808,4.939271654997261e-06,2446.6779,0.8364738393000697,0.0059407244089656665,-0.0008412218475827138,-0.03117229451813279,-0.006741894519215405,0.0006257307055412121,-3.4334406723615847e-05,-0.00031319127263850513,0.5883356902650978,0.025220803972447213,0.17667138053019557,3.3772233027423226,-0.42139654181697606,3.7986198445592985,-0.37283166086504327,0.006040469930574124,-0.03817154004001121,0.0008799640104606823,0.0037580378877645265,0.0018562316864839767,-0.8660254037844386,0.5000000000000001,-0.9749279121818236,-0.2225209339563146,0
2026-03-28T21:00:00+00:00,2026-03-28T22:00:00+00:00,-0.007399028939192636,-0.005419289701864853,-0.006029280838856492,0.009389881618821509,-0.007403931640817945,0.000477704629256441,0.0014530182473215427,5915.671,1.4178380815880995,-0.001359382219539137,-0.007913678910230615,-0.03797366638386209,-0.006563218613377452,-0.00014307239257611268,-0.0003229030024305736,-0.000381499291025723,0.47789778761493695,-0.11043790265016085,-0.044204424770126136,2.5956777596215943,0.18201831847073802,2.4136594411508563,-1.3849604034084422,0.006321524191176886,0.03878524731769836,-0.0083247799139395,-0.005419289701864853,-0.006017847231925241,-0.7071067811865477,0.7071067811865474,-0.9749279121818236,-0.2225209339563146,1
2026-03-28T22:00:00+00:00,2026-03-28T23:00:00+00:00,0.001134548494484104,-0.006272875001852137,-0.004290889654353172,0.003857069720511554,0.001134548494484104,0.0006213063338452897,0.0021025006337323563,4426.194,-0.25178496234831177,-0.00020482080595435212,-0.006523645117064701,-0.03652861931330518,-0.0063201188029372935,-2.155962001003401e-05,-0.0002662003477741617,-0.0003669870731880503,0.49348237241805265,0.015584584803115718,-0.013035255163894704,2.1356557214542136,0.5727457990674332,1.5629099223867804,-0.8507495187640759,0.006138839491643704,-0.027797076008237834,-0.00674875096269666,0.0025913319944784923,-0.004269983869501673,-0.5000000000000004,0.8660254037844384,-0.9749279121818236,-0.2225209339563146,0
2026-03-28T23:00:00+00:00,2026-03-29T00:00:00+00:00,-0.00852432290035742,-0.007399445663586413,-0.01474372589018019,0.011149322718750318,-0.008519394794918235,0.0,0.002556724184605467,9570.7102,1.1622889100658487,-0.00790278565296628,-0.014412896593320668,-0.04431609988041687,-0.006561968773029094,-0.0008311807378690793,-0.0005879356219590795,-0.0004451896563933443,0.3973932637565384,-0.09608910866151427,-0.20521347248692323,0.3828104696542596,0.5347587331847985,-0.15194826353053892,-1.7148581859173193,0.00654609863952766,0.05725155215760941,-0.009139950525050464,-0.005305727592775484,-0.014788803345065951,-0.2588190451025207,0.9659258262890683,-0.9749279121818236,-0.2225209339563146,1
2026-03-29T00:00:00+00:00,2026-03-29T01:00:00+00:00,0.0022158276266581473,-0.00632738370388044,-0.005200013933051597,0.004241781548250274,0.0022158276266581473,0.00042017647411908906,0.0016106764841233455,4042.0247,-0.5776672142888623,-0.0051639919605325595,-0.011755073986716743,-0.041796133408115874,-0.006625294996281137,-0.0005432827844843472,-0.00047956884161230045,-0.00041988526459889737,0.4282905759025584,0.030897312146020043,-0.14341884819488315,-0.64227125719367,0.29935273510910476,-0.9416239923027747,-0.7896757287722358,0.006368065387560929,-0.025041284248725648,-0.006322444678609075,0.00478478518727005,-0.0051739467792151685,0.0,1.0,-0.7818314824680299,0.6234898018587334,1
2026-03-29T01:00:00+00:00,2026-03-29T02:00:00+00:00,0.002961243722363315,0.005183632954670743,-0.003384876906789224,0.0049025475292756035,0.002961243722363315,0.0012617950405968703,0.0006882518403256275,4379.1952,0.0834162393911151,-0.002007222174304791,-0.008485356540812207,-0.03858596766922967,-0.006491163573970129,-0.00021124191209000428,-0.00034622117268249105,-0.00038764834053151053,0.467660074061084,0.03936949815852557,-0.064679851877832,-0.9658279234454312,0.04631660339819754,-1.0121445268436289,-0.07052053454085416,0.006245926803153986,-0.01627540965160523,0.0025399999999999637,0.006808869607134222,-0.003347251551335957,0.25881904510252074,0.9659258262890683,-0.7818314824680299,0.6234898018587334,1
2026-03-29T02:00:00+00:00,2026-03-29T03:00:00+00:00,0.0019201228878648914,0.004887052562076063,0.007113709054814189,0.0039822193904217665,0.0019151260043190808,0.0008063994265603534,0.0012643546564588928,3658.554,-0.16456019133378663,-8.229188396822786e-05,-0.0063250599908490895,-0.036387665385661704,-0.006243281878308772,-8.662228540690107e-06,-0.00025809908157850146,-0.0003655714883684654,0.49215302452496235,0.024492950463878317,-0.01569395095007536,-0.901197642891475,-0.14318624585973697,-0.758011397031738,0.25413312981189085,0.006073118450692085,-0.025800369393160133,0.0006574982192757377,0.005581195126590561,0.007097194236886354,0.49999999999999994,0.8660254037844387,-0.7818314824680299,0.6234898018587334,1
2026-03-29T03:00:00+00:00,2026-03-29T04:00:00+00:00,0.0010801770096518272,0.0030023739701158965,0.005972508453550404,0.00627020038784751,0.0010801770096518272,0.004251404703893482,0.0009397841977027995,4533.4869,0.23914718765938667,0.0009026822426608635,-0.005046804938778175,-0.03500739653759074,-0.005944121528487055,9.502821294121861e-05,-0.00020594961433664468,-0.000351709388015898,0.5059507035328922,0.013797679007929844,0.011901407065784327,-0.6671859114842391,-0.2479861789846374,-0.41919973249960174,0.3388116645321363,0.006081110836249359,0.002397625172957941,0.00027355698689411086,0.004269556315697463,0.005961543619880034,0.7071067811865475,0.7071067811865476,-0.7818314824680299,0.6234898018587334,0
2026-03-29T04:00:00+00:00,2026-03-29T05:00:00+00:00,-0.002610511660285416,-0.001533154465312457,0.0003840245775729556,0.004232619587705965,-0.002610511660285416,0.0008076376598450124,0.0008076376598448991,2975.6975,-0.3436183746334416,-0.0015475630935165559,-0.007346573871488633,-0.037167000854215884,-0.005807999022907109,-0.0001628748457281064,-0.00029977026885974505,-0.000373398218716661,0.4725033103585107,-0.03344739317438147,-0.05499337928297862,-0.8950435474300775,-0.37739765267372544,-0.517645894756352,-0.09844616225675029,0.005963855224758799,-0.021842115473917005,-0.006832867080929954,-0.0005929129464285986,0.0003897882372313026,0.8660254037844386,0.5000000000000001,-0.7818314824680299,0.6234898018587334,0
2026-03-29T05:00:00+00:00,2026-03-29T06:00:00+00:00,-0.00026921255328163303,-0.002879021431057612,-0.0018019542741659082,0.004787289745725055,-0.00026422845291746734,0.0007131067017069997,0.0038098847559728285,3321.9747,0.11636841446417183,-0.0016436567802852627,-0.007317412742525712,-0.03706761149015041,-0.005683097023195644,-0.00017298657365584405,-0.0002985807307788125,-0.00037240007546558316,0.469068447267708,-0.0034348630908026933,-0.06186310546458401,-1.1064414838842822,-0.5232064189158367,-0.5832350649684455,-0.06558917021209343,0.0058813060977950535,-0.014107057469418465,-0.0036815851186454557,0.0005388603104433759,-0.001799547203915222,0.9659258262890683,0.25881904510252074,-0.7818314824680299,0.6234898018587334,0
2026-03-29T06:00:00+00:00,2026-03-29T07:00:00+00:00,-0.00016456308500926404,-0.0004337313358426058,-0.0030431107354183737,0.004144679747428875,-0.00016456308500926404,0.001506249438897137,0.002473840138056258,2453.5988,-0.26140352604130307,-0.0016360454283739635,-0.007189517199948756,-0.03686932262998786,-0.005562572392707881,-0.0001721856552441968,-0.00029336359417719994,-0.00037040870263342217,0.46683501461223564,-0.002233432655472356,-0.06632997077552873,-1.2857824143384278,-0.6757216180003549,-0.6100607963380729,-0.026825731369627404,0.005758160220429777,-0.0210996428194159,-0.0011408529993473541,0.003659263041443254,-0.003044287298576313,1.0,6.123233995736766e-17,-0.7818314824680299,0.6234898018587334,1
2026-03-29T07:00:00+00:00,2026-03-29T08:00:00+00:00,0.0005785593871260969,0.00041390109259922635,0.00014457711194764864,0.00491989591952711,0.0005785593871260969,0.0018792307615619955,0.0024624403082536884,4077.1887,0.6617177592359434,-0.0009577260285695337,-0.006357350208520518,-0.03596377419253728,-0.005404800498067209,-0.00010080310387502516,-0.00025941636766615143,-0.0003613143714981104,0.476274943579396,0.009439928967160328,-0.047450112841208064,-1.319103286753034,-0.8043979517508907,-0.5147053350021432,0.09535546133592965,0.005695192509846376,-0.010363154412345352,-0.001090458241424381,0.003059969400306056,0.00014478374883519985,0.9659258262890683,-0.25881904510252085,-0.7818314824680299,0.6234898018587334,0
2026-03-29T08:00:00+00:00,2026-03-29T09:00:00+00:00,-0.0009371230322909214,-0.00035910582649204844,-0.0005236098159386601,0.0024148563559617604,-0.0009371230322909214,0.0006785546785346711,0.0007982996218055088,2585.1682,-0.36594345020136054,-0.0017138843594743094,-0.007004693590022356,-0.036513751607860044,-0.005299892633639735,-0.00018037633845143986,-0.00028582414201981963,-0.0003668377586437246,0.46199811155126774,-0.014276832028128225,-0.07600377689746451,-1.4801483772571373,-0.9395480368521401,-0.5406003404049973,-0.025895005402854054,0.005465843308115915,-0.04117005157947057,-0.0028110711424890124,0.002109957800843997,-0.0005231267301740886,0.8660254037844387,-0.4999999999999998,-0.7818314824680299,0.6234898018587334,0
2026-03-29T09:00:00+00:00,2026-03-29T10:00:00+00:00,-0.0025196331813237575,-0.003454395007327536,-0.00287783419285977,0.0054621575522331685,-0.0025196331813237575,0.0005802291905303003,0.002355930592584089,5200.9549,1.011843910195089,-0.003827960135656297,-0.009137273104944069,-0.03856885159784702,-0.005329714905480364,-0.00040278087437118444,-0.00037281088286081294,-0.0003874764530253975,0.425132875573361,-0.03686523597790675,-0.14973424885327802,-1.9923045207888208,-1.1500993336394763,-0.8422051871493446,-0.3016048467443473,0.005478400554412468,-0.00022801852352348422,-0.004129514321295125,-0.0017227087972996142,-0.002878196826488582,0.7071067811865476,-0.7071067811865475,-0.7818314824680299,0.6234898018587334,0
2026-03-29T10:00:00+00:00,2026-03-29T11:00:00+00:00,-0.0016606559591038142,-0.004176104896570251,-0.005109314404777333,0.0036575161957823096,-0.001655662264905935,0.0,0.0019991081672837726,3429.4306,-0.3406152012585227,-0.004962730389400647,-0.010364284622383214,-0.039781700672787544,-0.005428494387045849,-0.0005221199209475723,-0.00042285314498103846,-0.00039965629814639166,0.4023994151591556,-0.022733460414205382,-0.19520116968168877,-2.6357054364243595,-1.447220554196453,-1.1884848822279066,-0.34627969507856204,0.00535715721668852,-0.023755059800233076,-0.004752121750057331,0.0006969165204312359,-0.005117412172718493,0.49999999999999994,-0.8660254037844387,-0.7818314824680299,0.6234898018587334,1
2026-03-29T11:00:00+00:00,2026-03-29T12:00:00+00:00,0.003953123669140019,0.0022859029316579732,-0.00023948988654167534,0.006457794767888718,0.00394809359186326,0.002185868708141667,0.0003393586122229305,3852.2694,0.12329708611102962,-0.0009312948648206198,-0.006200676382763333,-0.03564053267258341,-0.0052742934403392575,-9.802142925962083e-05,-0.00025302479419995837,-0.0003580680496136174,0.47433933365933,0.0719399185001744,-0.05132133268133998,-2.480356234299279,-1.653847690217018,-0.826508544082261,0.36197633814564556,0.005416186789960329,0.015015506585675457,0.002290916366546582,0.005964154827049491,-0.0002271654712875529,0.258819045102521,-0.9659258262890682,-0.7818314824680299,0.6234898018587334,0
2026-03-29T12:00:00+00:00,2026-03-29T13:00:00+00:00,-0.0010480192436294947,0.002900961475832818,0.0012354880177670316,0.003537028895727666,-0.0010480192436294947,0.0005595299948044234,0.0019283801606651049,2722.399,-0.29329994418355065,-0.001790262250700514,-0.006960166205983896,-0.03629974949863586,-0.005179176038635083,-0.00018841315176291169,-0.00028400773326357596,-0.00036468855673756615,0.4585180280878918,-0.015821305571438203,-0.08296394382421639,-2.497899096061019,-1.8226579713858182,-0.6752411246752008,0.15126741940706023,0.00528723757607279,-0.024831185819182106,-0.0032268345151780825,0.0032377381942843577,0.0012444484664067097,1.2246467991473532e-16,-1.0,-0.7818314824680299,0.6234898018587334,0
2026-03-29T13:00:00+00:00,2026-03-29T14:00:00+00:00,-0.007288877343031926,-0.008329257702941469,-0.004409060619573314,0.00935035655154027,-0.007288877343031926,0.0002314942956786237,0.0017764670950988495,9261.1,2.4018158249396953,-0.008209741989187972,-0.013649114991980007,-0.042911455905720465,-0.005484398499438314,-0.000863437199216688,-0.0005567965392648437,-0.0004310849992039328,0.36694377510908305,-0.09157425297880878,-0.2661124497818339,-3.647052060734268,-2.187536789255508,-1.4595152714787596,-0.7842741468035588,0.005613508419941945,0.053970464808217336,-0.008883236071624607,-0.005370854231111922,-0.004383772917521402,-0.25881904510252035,-0.9659258262890684,-0.7818314824680299,0.6234898018587334,1
2026-03-29T14:00:00+00:00,2026-03-29T15:00:00+00:00,0.003562999159575135,-0.00375184844730426,-0.004795935681561799,0.009206837932573401,0.003562999159575135,0.004101957205253231,0.0015545314592035327,6745.9691,-0.27158014706676314,-0.004232546250374477,-0.009741178078970989,-0.03912367946067849,-0.0055320464711448546,-0.00044533277461151675,-0.00039744108304509424,-0.00039304826096983386,0.4267721117841134,0.059828336675030375,-0.14645577643177318,-3.9410374084327486,-2.538236913090956,-1.4028004953417925,0.05671477613696707,0.00585166846358462,0.04614040170322186,-0.003980740607549935,0.005348968521244695,-0.004773897427086286,-0.5000000000000001,-0.8660254037844386,-0.7818314824680299,0.6234898018587334,0
2026-03-29T15:00:00+00:00,2026-03-29T16:00:00+00:00,-0.0006017541132401176,0.002959100996935272,-0.004351344870308959,0.006352328434447122,-0.0006017541132401176,0.002413483394130341,0.003336728601032675,6503.2005,-0.03598720901345372,-0.0043735990058245055,-0.009935722785201061,-0.03932238110842504,-0.0055865571401306135,-0.00046016699157129634,-0.00040537530973470867,-0.0003950436889441529,0.41953499616222373,-0.007237115621889671,-0.16093000767555254,-4.22218219755905,-2.875025969984575,-1.3471562275744753,0.055644267767317235,0.005890701605441165,0.006064661413483682,-0.0046844957175318416,0.0045262324910911944,-0.004327632296696908,-0.7071067811865475,-0.7071067811865477,-0.7818314824680299,0.6234898018587334,1
2026-03-29T16:00:00+00:00,2026-03-29T17:00:00+00:00,0.0024335539421064586,0.0018303354277718867,0.005399856070937913,0.005796317986605364,0.0024285241196599656,0.002898158993302682,0.0004755183149633328,6490.8616,-0.0018973580777649005,-0.0017652365455556453,-0.007233331984484775,-0.03662999515259948,-0.005477764989877227,-0.00018577985264954327,-0.00029515090040961307,-0.0003680051771330392,0.4594341136813353,0.039899117519111585,-0.08113177263732936,-4.007441708155966,-3.101509117618853,-0.905932590537113,0.44122363703736234,0.00587068084647083,-0.0009734223251540673,-0.0005802959509350178,0.005789600869950461,0.0053947989884414755,-0.8660254037844384,-0.5000000000000004,-0.7818314824680299,0.6234898018587334,0
2026-03-29T17:00:00+00:00,2026-03-29T18:00:00+00:00,-0.001361484017579175,0.0010687566797291889,0.0004663594377609914,0.006320485188712409,-0.001361484017579175,0.0011979349406045312,0.0037592100646584134,4682.23,-0.27864276138625427,-0.0028276045657765316,-0.00825108038026458,-0.03757826644346472,-0.005438854744997598,-0.0002975540211229603,-0.0003366654092617241,-0.0003775284379821411,0.44112121702455914,-0.01831289665677616,-0.11775756595088169,-4.010508940581985,-3.2833090822114794,-0.7271998583705059,0.178732732166607,0.005910241767797272,0.005368069299577433,-0.004247333562918927,0.0015411414486729298,0.00047031581128716604,-0.9659258262890683,-0.25881904510252063,-0.7818314824680299,0.6234898018587334,1
2026-03-29T18:00:00+00:00,2026-03-29T19:00:00+00:00,0.0011177384592251107,-0.0002452673414021329,0.0021876897293987866,0.005216964647804856,0.0011127206018715897,0.0023381213920584346,0.0017673594248321374,3514.9668,-0.24929642499407323,-0.0015501341329341284,-0.006864386622012269,-0.036152452303055256,-0.005322503082779404,-0.00016314539323061922,-0.00028010056748665216,-0.0003632092602774344,0.4601210947683157,0.018999877743756527,-0.07975781046336863,-3.789316499427514,-3.3845105656546863,-0.4048059337728276,0.32239392459767835,0.005854594582414682,-0.008308167716962066,-0.0014398488158743877,0.004895351177299265,0.002189808383752394,-1.0,-1.8369701987210297e-16,-0.7818314824680299,0.6234898018587334,0
2026-03-29T19:00:00+00:00,2026-03-29T20:00:00+00:00,-0.0007209624849172782,0.0003959701268107819,-0.0009660529977674847,0.0028809202911984125,-0.0007209624849172782,0.0013928623320924362,0.0007665753122668082,2275.9774,-0.35248964513690423,-0.0020542346521794756,-0.007285295251946728,-0.036494090129547865,-0.005241828545606421,-0.00021618847898041934,-0.0002972705937918755,-0.00036664030075737023,0.4494943623441354,-0.01062673242418029,-0.10101127531172921,-3.687706279156373,-3.4451497083550238,-0.2425565708013493,0.1622493629714783,0.005646111550837905,-0.036305445782536694,-0.003051948051948002,0.0021641109069182123,-0.0009647080432713424,-0.9659258262890684,0.2588190451025203,-0.7818314824680299,0.6234898018587334,1
2026-03-29T20:00:00+00:00,2026-03-29T21:00:00+00:00,0.003311805760838473,0.0025884555882102972,0.0037090872637963465,0.006811485642946367,0.003311805760838473,0.0034856429463171125,2.496878901382367e-05,4264.0169,0.8734882428973149,0.0011315123451891734,-0.0038414499021848657,-0.03298270075123687,-0.004967341638986753,0.0001191207507146201,-0.00015676929309381673,-0.0003313745841455521,0.5059050818211667,0.05641071947703125,0.011810163642333293,-3.0387785421444278,-3.3638754751129047,0.32509693296847697,0.5676535037698263,0.005712046676712124,0.015028451740692204,0.0011949342786147263,0.004081509857799043,0.0037085817351463057,-0.8660254037844386,0.5000000000000001,-0.7818314824680299,0.6234898018587334,1
2026-03-29T21:00:00+00:00,2026-03-29T22:00:00+00:00,0.0020024968789013687,0.005320934520439448,0.004596135841348232,0.0028606884590657456,0.002007500661676204,0.0003638157796372897,0.0004933940025217961,2530.3863,-0.40657216907372007,0.0028367348973653943,-0.0017743565379708401,-0.030746831948580838,-0.004598047992137178,0.0002986928641933761,-7.241747116566414e-05,-0.00030891792664315584,0.5369074760440395,0.03100239422287288,0.07381495208807905,-2.1758433801876436,-3.1262690561278523,0.9504256759402088,0.6253287429717318,0.005497778129029594,-0.035584314282118654,-0.0014779943069849052,0.0053461199294533,0.004593340154822563,-0.7071067811865477,0.7071067811865474,-0.7818314824680299,0.6234898018587334,0
2026-03-29T22:00:00+00:00,2026-03-29T23:00:00+00:00,-0.016207245416170357,-0.014237203495630457,-0.010972548587347043,0.034290953854882775,-0.016207245416170357,0.0,0.01781670626497605,50023.8155,18.769240570105836,-0.012154255818201905,-0.017260963693851973,-0.04601477974904201,-0.005169539784655141,-0.0012777605883302562,-0.0007040331185205959,-0.0004622463274984312,0.34684082982170367,-0.19006664622233585,-0.30631834035659267,-4.0691466763162225,-3.314844580165526,-0.7543020961506963,-1.704727772090905,0.007638535884818829,0.36686786602640936,-0.016565034574839082,-0.013744691481388955,-0.010892942776430516,-0.5000000000000004,0.8660254037844384,-0.7818314824680299,0.6234898018587334,1
2026-03-29T23:00:00+00:00,2026-03-30T00:00:00+00:00,0.005395164109240721,-0.010899522055708613,-0.008918851435705318,0.01060141889712994,0.005395164109240721,0.005053813286036748,0.00018139309900027205,23202.2715,-0.5361754942503336,-0.006178713698777974,-0.011495338907915955,-0.04047768749576914,-0.005349679346198406,-0.0006499681822595992,-0.0004689774633891086,-0.00040664550177104504,0.41933689668006724,0.07249606685836354,-0.16132620663986558,-4.656559268139745,-3.58318751776037,-1.073371750379375,-0.3190696542286786,0.007812108236490379,0.028241008604187864,-0.010899522055708613,0.02363293137062758,-0.008809584428028268,-0.2588190451025207,0.9659258262890683,-0.7818314824680299,0.6234898018587334,1
2026-03-30T00:00:00+00:00,2026-03-30T01:00:00+00:00,0.006353797162205689,0.011783241049853338,-0.004614978245809884,0.021754913005382424,0.006348726475700959,0.013258230066341229,0.0021880085117036516,27492.0563,0.18488641510810705,0.00012288784975516239,-0.005011112172024915,-0.034050625805726834,-0.005133369193077941,1.293573046307443e-05,-0.00020449336460553208,-0.00034210027213436785,0.49132866534725106,0.07199176866718382,-0.017342669305497934,-4.057790680330299,-3.6781081502743556,-0.3796825300559439,0.693689220323431,0.008762222784045474,0.12874731165614656,0.0012934470363518413,0.011967795382113107,-0.004458284144723948,0.0,1.0,0.0,1.0,1
2026-03-30T01:00:00+00:00,2026-03-30T02:00:00+00:00,0.006599073726373796,0.012994800064495306,0.01846007325265075,0.00952035136761781,0.0065889939767783436,0.00293469556264076,3.9792482205263174e-05,9665.3439,-0.6484313943442638,0.006078616552734086,0.0014938255774630785,-0.027408416934724934,-0.004557090171522092,0.0006402640497247045,6.0976190418616815e-05,-0.0002753856186017256,0.553622606897502,0.062293941550250975,0.10724521379500401,-2.4910313516440965,-3.4406927905483036,0.9496614389042071,1.329343968960151,0.008763034451075232,0.0066923175642065345,-0.006572022947725217,0.015225119680045291,0.018348034997820208,0.25881904510252074,0.9659258262890683,0.0,1.0,1
2026-03-30T02:00:00+00:00,2026-03-30T03:00:00+00:00,0.00969941753754172,0.016362498435348635,0.022820259593679438,0.017719822851034284,0.00969439525675972,0.0066849595798869595,0.0014335469695999773,23530.7528,1.434548945537261,0.014307128841561953,0.010763482682965488,-0.017799174353936117,-0.0034936618878383084,0.001508285060025841,0.00043951891580428946,-0.00017885417987148537,0.6265014333425987,0.07287882644509665,0.25300286668519734,0.3204300181430426,-2.6884682288100343,3.008898246953077,2.05923680804887,0.009324638061733913,0.07440883317831586,0.00674492766561036,0.016393032210255412,0.022652288426121207,0.49999999999999994,0.8660254037844387,0.0,1.0,1
2026-03-30T03:00:00+00:00,2026-03-30T04:00:00+00:00,0.002931135556398519,0.012658983401560882,0.01934159469270252,0.007156610409257882,0.002931135556398519,0.003040454250741609,0.0011935870483525863,9341.4332,-0.6030117149503181,0.015608779258906387,0.013180791418460373,-0.014773944120382545,-0.0023906723632477122,0.001645733384001666,0.0005382810771045331,-0.00014845980686922167,0.6455191758777766,0.019017742535178003,0.2910383517555533,2.9941341680544156,-1.5519477494371443,4.54608191749156,1.5371836705384831,0.009144473608763136,-0.016446832597282218,-0.0037288965011009986,0.01412183130513623,0.019229626820314035,0.7071067811865475,0.7071067811865476,0.0,1.0,1
2026-03-30T04:00:00+00:00,2026-03-30T05:00:00+00:00,0.006144762952629705,0.009093909642204316,0.018881532806414452,0.008357783429913196,0.006144762952629705,0.0022505479913493658,0.0,12455.1914,0.3333276739590666,0.01972750306578502,0.018631326937896802,-0.008633946877121993,-0.0010749696606128514,0.0020809004247677766,0.0007610410670543169,-8.676580648998047e-05,0.6821629027278044,0.036643726850027744,0.36432580545560883,6.052744152537116,-0.031009369042292123,6.083753521579408,1.5376716040878478,0.009036423103647008,-0.005743778095025351,0.0030948988036648777,0.010303329223181196,0.018775316046569943,0.8660254037844386,0.5000000000000001,0.0,1.0,0
2026-03-30T05:00:00+00:00,2026-03-30T06:00:00+00:00,-0.00026850355645163007,0.005874609505471741,0.008822964338671704,0.006748574107352106,-0.00026850355645163007,0.005161536057504573,0.0013184623798733388,16018.9397,0.28612553477098723,0.017568419422573603,0.017625217612118382,-0.008812354068011103,5.581756318362418e-05,0.0018527335813905547,0.0007199145413294883,-8.855852923516073e-05,0.6788404054194003,-0.0033224973084041666,0.3576808108388005,8.336239221262531,1.6424403490186728,6.693798872243859,0.6100453506644508,0.008875258927058802,-0.01809866728225064,-0.002513395031661024,0.005874609505471741,0.008807394952576594,0.9659258262890683,0.25881904510252074,0.0,1.0,0
2026-03-30T06:00:00+00:00,2026-03-30T07:00:00+00:00,-0.002627158371747735,-0.0028949565268331892,0.0032320176041809572,0.005292637309910571,-0.002627158371747735,0.002036759593823175,0.0006217992029219577,8504.2301,-0.4691140450450662,0.013457434036610323,0.01435699354148982,-0.01130404944889146,0.0008876144914113892,0.0014185815267296377,0.0005863433334261806,-0.00011359563174117727,0.6457106116064983,-0.03312979381290191,0.2914212232129967,9.601128642955928,3.2341780078061237,6.366950635149804,-0.32684823709405464,0.008641065645469723,-0.028945040550555638,-0.008013754516843455,-0.0013104237362723645,0.0032491010244303396,1.0,6.123233995736766e-17,0.0,1.0,1
2026-03-30T07:00:00+00:00,2026-03-30T08:00:00+00:00,0.008382049097656694,0.005732869755449649,0.005462826903080007,0.012983229590499148,0.008382049097656694,0.004224162207828913,0.00044669301508077995,15282.5522,0.7970529983660718,0.019820152424026866,0.02194326628325051,-0.0029868236781300742,0.002081851250122075,0.002090693714961014,0.0008964464181924484,-3.00174273504075e-05,0.6964742516004077,0.05076363999390935,0.39294850320081537,11.848422307895817,4.957026867824062,6.891395440071754,0.5244448049219503,0.008884522995576054,0.03679266783850805,0.0036939571150097113,0.009009450369637257,0.005486387169457329,0.9659258262890683,-0.25881904510252085,0.0,1.0,1
2026-03-30T08:00:00+00:00,2026-03-30T09:00:00+00:00,0.0013352236863826605,0.009728464694534969,0.007075748105320733,0.008170370406287989,0.0013352236863826605,0.006143536679386942,0.000693390485518727,16805.7939,0.09967194484701322,0.01912593920548422,0.022373308295761788,-0.0016391415587604784,0.0031864257059429097,0.0020173181378469966,0.00091403094660903,-1.6473513129011432e-05,0.703815510486724,0.00734125888631624,0.40763102097344783,13.693470936462518,6.704315681551753,6.989155254910765,0.09775981483901042,0.008822511303995648,-0.005653839326989801,-0.0028767865085966467,0.010183488934823693,0.00709011441229162,0.8660254037844387,-0.4999999999999998,0.0,1.0,0
2026-03-30T09:00:00+00:00,2026-03-30T10:00:00+00:00,-0.0034766501966223026,-0.0021460686159314388,0.006217992029219578,0.004505731913817036,-0.003471818146553546,0.00039412989742888414,0.0006276883551645438,7642.1111,-0.5452692597878402,0.014077826552269483,0.018067545117305434,-0.005059503595754459,0.0039343317254065865,0.0014840756960536226,0.0007379950561747149,-5.084669685131704e-05,0.6590576274783211,-0.044757883008402784,0.3181152549566423,14.411005093470976,8.245653563935598,6.1653515295353785,-0.8238037253753863,0.008542751158352693,-0.035076214977155594,-0.0095614457831326,-0.0014527609746618256,0.006240622587417052,0.7071067811865476,-0.7071067811865475,0.0,1.0,1
2026-03-30T10:00:00+00:00,2026-03-30T11:00:00+00:00,0.0012748399151405953,-0.0022062424539233427,-0.0008739645947230635,0.004937359678877386,0.0012748399151405953,0.0002526995111236292,0.003411443400169105,6886.6689,-0.09885255397556317,0.013886417614058729,0.01859187090262434,-0.003753532805728915,0.004641006336428471,0.0014638679469158994,0.000759428167063966,-3.772252475379228e-05,0.6673814720000888,0.008323844521767683,0.33476294400017764,15.017950600033373,9.600112971155152,5.417837628878221,-0.7475139006571574,0.008275123333946633,-0.030093158762546188,-0.00259314730530791,0.0019037232151987756,-0.0008665865950990466,0.49999999999999994,-0.8660254037844387,0.0,1.0,1
2026-03-30T11:00:00+00:00,2026-03-30T12:00:00+00:00,0.006560468077248296,0.007843671538955772,0.004339751640135319,0.01152427484454052,0.006560468077248296,0.005006565988181168,0.0,19292.8948,1.8014842996154494,0.018545712928534613,0.02425911652031553,0.002754549400558142,0.005609373756386127,0.0019559987705496033,0.0009911494257029193,2.768467999366943e-05,0.7070667004436124,0.039685228443523644,0.41413340088722495,16.399256047055133,10.959941586335148,5.439314460719984,0.0214768318417633,0.00845712322896515,0.028698373716471718,0.006306174998785414,0.011298055796967165,0.004358657795766588,0.258819045102521,-0.9659258262890682,0.0,1.0,1
2026-03-30T12:00:00+00:00,2026-03-30T13:00:00+00:00,0.0015739059904985146,0.008144699627754066,0.009429922731076953,0.004733579492321049,0.0015690704826460805,0.002096850386109648,0.0010701167487731256,8194.5125,-0.5752574932404648,0.01819495909272278,0.024831454130726044,0.004289493516532288,0.006517902076353635,0.0019189341074008434,0.0010145570227305892,4.311234619753397e-05,0.7158822487769099,0.008815548333297443,0.4317644975538198,17.554646285638,12.27888252619572,5.275763759442281,-0.16355070127770333,0.008178815290618018,-0.031385997907296063,-0.0034155597722960764,0.008144699627754066,0.009409213982887406,1.2246467991473532e-16,-1.0,0.0,1.0,0
2026-03-30T13:00:00+00:00,2026-03-30T14:00:00+00:00,-0.0065653108640951205,-0.00500173805569509,0.0015259162787080603,0.013018457776138775,-0.0065653108640951205,0.005075403217980337,0.001334355530539759,19118.9469,1.3331402447674583,0.010402580440203939,0.017380851770854844,-0.002281106334461959,0.006906426671644751,0.0010962088253356878,0.0007099261588648609,-2.2925166228330114e-05,0.6305099937634036,-0.08537225501350633,0.26101998752680716,17.173317882412448,13.257769597439065,3.915548284973383,-1.3602154744688981,0.008574694559052097,0.041519917130146675,-0.008644035999980664,-0.003938967748795396,0.00156906320365169,-0.25881904510252035,-0.9659258262890684,0.0,1.0,1
2026-03-30T14:00:00+00:00,2026-03-30T15:00:00+00:00,0.005201560468140345,-0.001397900257406505,0.000173805569502758,0.015403255391863381,0.0051966830508556995,0.0021818462667258704,0.00805159197543967,27666.5752,0.44707631360177064,0.014145893368834723,0.021764338272430725,0.002879564300850049,0.007512178428577681,0.0014912619580503947,0.0008891301878615037,2.8941182299999372e-05,0.6644303351591125,0.03392034139570896,0.3288606703182251,17.53400568179495,14.113016814310242,3.4209888674847093,-0.4945594174886736,0.009021247267118298,0.0575504197643064,-0.006407673860911332,0.006544648887118071,0.00021015559454373917,-0.5000000000000001,-0.8660254037844386,0.0,1.0,1
2026-03-30T15:00:00+00:00,2026-03-30T16:00:00+00:00,0.0013950300245217932,0.006603846825689559,-4.820345715080708e-06,0.008681484480822267,0.0013901962204040785,0.0025981788646102354,0.004695039358312599,15215.1476,-0.4500530878863532,0.014057856688835482,0.02226008566962935,0.0042358578220031235,0.008088521701884245,0.001481967365650397,0.0009094011844041553,4.257324780123827e-05,0.6731420629018919,0.008711727742779373,0.3462841258037838,17.847319419980295,14.859877335444253,2.987442084536042,-0.43354678294866744,0.008985308787666485,-0.0025942869339944676,-0.0007851032675707337,0.014812278341690204,3.127962856701739e-05,-0.7071067811865475,-0.7071067811865477,0.0,1.0,0
2026-03-30T16:00:00+00:00,2026-03-30T17:00:00+00:00,-0.004025008074118168,-0.0026355930567087123,0.0025522582147777515,0.007763118411755009,-0.004025008074118168,0.0002226330716586075,0.0034992111045504355,10790.1379,-0.29082923257346516,0.009017577306652093,0.017421496179140905,0.00019187165390329713,0.008328813155982082,0.0009501205360038106,0.0007115874733710012,1.9283620492638502e-06,0.6228308237529869,-0.050311239148905,0.2456616475059738,17.22330802488341,15.332563473332083,1.8907445515513253,-1.0966975329847166,0.008931727850796115,-0.00996417771513265,-0.006606023308588905,0.0020708954319053605,0.00257158241854397,-0.8660254037844384,-0.5000000000000004,0.0,1.0,0
2026-03-30T17:00:00+00:00,2026-03-30T18:00:00+00:00,-0.011799552797916873,-0.015777067576752443,-0.014404047035199128,0.01967871485943767,-0.011799552797916873,0.002938583602703497,0.004799686551082356,21395.3507,0.9828616555493698,-0.0026140142415371336,0.005202865430942122,-0.011495751311867504,0.007837366660546071,-0.0002750837019813784,0.00021240696146035705,-0.00011552184222604603,0.5043115219549803,-0.11851930179800661,0.008623043909960586,14.593289888840445,15.184708756433755,-0.5914188675933101,-2.4821634191446353,0.00979840081090399,0.08408856885821012,-0.015995257808471285,-0.008329488331431004,-0.01442953084751325,-0.9659258262890683,-0.25881904510252063,0.0,1.0,0
2026-03-30T18:00:00+00:00,2026-03-30T19:00:00+00:00,-0.004500930551474216,-0.01624737438170921,-0.02020698664275778,0.007906091183256964,-0.004496054932191883,0.0011413896418889687,0.0022483408032037315,13461.8263,-0.37080599945482545,-0.006431036583065083,0.0006518912822041765,-0.015788789150872187,0.007128773266941336,-0.0006764932663284989,2.66085154311508e-05,-0.00015865612223932963,0.4681481597787676,-0.036163362176212674,-0.06370368044246476,11.633323658164727,14.47443173677995,-2.841108078615223,-2.249689211021913,0.009704372776316058,-0.014054001786342888,-0.01909583144321436,0.00030019685039365157,-0.020325491423509257,-1.0,-1.8369701987210297e-16,0.0,1.0,0
2026-03-30T19:00:00+00:00,2026-03-30T20:00:00+00:00,-0.0043835265988063895,-0.008864727201488839,-0.020559680182752612,0.009546869595295826,-0.004378628357768309,2.4707219449613035e-05,0.00512427731383116,14591.0916,0.08388648574376562,-0.009769134558428191,-0.0035885677457061773,-0.019907056301567534,0.0062415412692331355,-0.0010272735773287607,-0.0001464507019364124,-0.00020003089723863375,0.43553870470417755,-0.03260945507459006,-0.12892259059164488,8.470919076772816,13.273729204778522,-4.8028101280057065,-1.9617020493904835,0.009732797313805734,-0.001467321870706917,-0.00998478555459337,-0.0021399972387132,-0.02068400994819748,-0.9659258262890684,0.2588190451025203,0.0,1.0,0
2026-03-30T20:00:00+00:00,2026-03-30T21:00:00+00:00,-0.0002470721944952315,-0.0046295157457652255,-0.009109609168380797,0.0032819296164491264,-0.0002470721944952315,0.0020166073546856104,0.001018189007512824,5851.3163,-0.5989802229738589,-0.00906874730831953,-0.0036849249705136187,-0.01995272067809945,0.005433093691597434,-0.0009536945782295004,-0.00015038248254482098,-0.00020048965190016185,0.4337129618639582,-0.001825742840219391,-0.13257407627208365,5.856830939479778,11.790349551718773,-5.933518612238995,-1.1307084842332884,0.009274254540591019,-0.047348585281097325,-0.004649103387203918,0.0049023259972285314,-0.009131529344775837,-0.8660254037844386,0.5000000000000001,0.0,1.0,1
2026-03-30T21:00:00+00:00,2026-03-30T22:00:00+00:00,0.006326611308817692,0.0060779759845826726,0.0016678064163809586,0.01372298624754412,0.006331585268808142,0.006434184675834926,0.0009970530451866271,14400.4068,1.461054241760952,-0.0025335658964360983,0.0025154336583716364,-0.013617366638879795,0.005061824019517345,-0.0002666200417885468,0.00010268130393383989,-0.0001368392286325769,0.49237782784151357,0.058664865977555394,-0.015244344316972872,4.763094296991312,10.38489850077328,-5.621804203781968,0.3117144084570267,0.009537880059809451,0.03493196975013398,0.00405369418773241,0.007352286333455327,0.001696012515516071,-0.7071067811865477,0.7071067811865474,0.0,1.0,0
2026-03-30T22:00:00+00:00,2026-03-30T23:00:00+00:00,-0.0014341846758350063,0.004883353103993615,0.004635074368730485,0.007235327680170007,-0.0014341846758350063,0.004043126684636132,0.0017559564798236844,5673.4119,-0.6060241923165671,-0.003587936592739702,0.0010353371858040053,-0.014884675478898372,0.004639921522762667,-0.00037753494960825337,4.226044651494313e-05,-0.00014957235319565317,0.4801575031092039,-0.012220324732309678,-0.03968499378159222,3.618963374278337,9.031711475474292,-5.412748101195955,0.20905610258601293,0.009386132280053508,-0.017321378105131735,-0.007818066468205546,0.005897603356488277,0.004645354438487454,-0.5000000000000004,0.8660254037844384,0.0,1.0,0
2026-03-30T23:00:00+00:00,2026-03-31T00:00:00+00:00,-0.0032463060971530434,-0.004675834970530443,0.0016211941478845259,0.009449883541905109,-0.003241403394865852,0.0,0.006197939283881383,9027.7424,0.5912369063138178,-0.0061768377126519055,-0.0021276782248782103,-0.017905956149142224,0.0040743259378804315,-0.0006497709666148023,-8.683646795169861e-05,-0.00017992697873925014,0.45280237683428515,-0.027355126274918717,-0.09439524633142966,2.154827028855834,7.656334586150601,-5.501507557294767,-0.08875945609881164,0.009419424378623639,0.0002891248170345404,-0.008678126620422463,-0.0014929712097993962,0.0016461205358296429,-0.2588190451025207,0.9659258262890683,0.0,1.0,1
2026-03-31T00:00:00+00:00,2026-03-31T01:00:00+00:00,0.0050185543405314005,0.0017559564798237963,0.00031925343811399357,0.012152308938698352,0.0050185543405314005,0.00215550045417714,0.005003314266074217,11575.7993,0.28224740883169214,-0.0010761390883286892,0.002766936773399506,-0.012849796075013856,0.003847216001248382,-0.00011326496836519946,0.00011294895085732336,-0.00012912700320963176,0.5000662354095025,0.04726385857521734,0.00013247081900502166,1.794437276415465,6.483955124203574,-4.6895178477881085,0.8119897095066584,0.009570954280394344,0.02118624747075763,0.001760883786588831,0.011286446333518718,0.00033806356754335085,0.0,1.0,0.7818314824680298,0.6234898018587336,1
2026-03-31T01:00:00+00:00,2026-03-31T02:00:00+00:00,0.017847936562492284,0.022956061742528906,0.01963523324217447,0.0289773275446214,0.017847936562492284,0.009329474191992352,0.0021128798842258126,37952.0065,2.278564660325443,0.015132961381624992,0.019837818575811447,0.004721123393765553,0.004634720153095029,0.0015954848201888059,0.0008103630371724324,4.745072778407067e-05,0.6248068799099195,0.12474064450041694,0.2496137598198389,4.391346304829312,6.065433360328721,-1.6740870554994087,3.0154307922887,0.010801284971991834,0.148690642424881,0.015658683808254633,0.02812591442699217,0.01962018480587064,0.25881904510252074,0.9659258262890683,0.7818314824680298,0.6234898018587336,1
2026-03-31T02:00:00+00:00,2026-03-31T03:00:00+00:00,4.341534008690088e-05,0.017892126776814895,0.023000473727843418,0.0075587649354345796,4.823949946712903e-05,0.004741714059688642,0.002768813703215867,9808.7704,-0.7415480417352901,0.013711782494879433,0.019087522823613052,0.004717109677939053,0.0053030263843863055,0.0014454317832739278,0.0007796900071191201,4.7410385104720955e-05,0.6250563303747849,0.0002494504648654328,0.2501126607495698,6.383097295126845,6.128966147288346,0.2541311478384989,1.9282182033379076,0.010569240971214398,-0.0214405169557808,-0.009200225584752,0.020085913781141367,0.022909906243110584,0.49999999999999994,0.8660254037844387,0.7818314824680298,0.6234898018587336,0
2026-03-31T03:00:00+00:00,2026-03-31T04:00:00+00:00,-0.003077531607407353,-0.0030342498794018154,0.014759531583728154,0.007132108520305333,-0.0030727227120998183,0.001708028702624074,0.0023418863798017843,7165.564,-0.2694737762441661,0.009573627985055667,0.015316128755869523,0.001608865240077992,0.00568804553886273,0.001008766899376262,0.000625539167114038,1.6169761357255914e-05,0.5948631163130225,-0.030193214061762463,0.18972623262604485,7.361898244275835,6.375552566685844,0.9863456775899913,0.7322145297514924,0.010354028554189073,-0.02337701144649466,-0.007782344017053001,-0.00026121659209092445,0.014813820295171832,0.7071067811865475,0.7071067811865476,0.7818314824680298,0.6234898018587336,0
2026-03-31T04:00:00+00:00,2026-03-31T05:00:00+00:00,-0.0028257472020748655,-0.00589458248315329,-0.005851423058369566,0.007365821230839324,-0.0028257472020748655,0.0026833327672292507,0.0018487337871869384,9767.5865,0.36312877813944566,0.006076859591500211,0.01195314580771992,-0.0012092893910517094,0.0058407925400507385,0.0006400788695702478,0.0004881216488555459,-1.2153514511993666e-05,0.5678246958776092,-0.027038420435413286,0.13564939175521828,7.578999862620549,6.6162420258727845,0.9627578367477643,-0.02358784084222698,0.01016783018101111,-0.02075811262623669,-0.007579661082244733,-0.00048499662927342657,-0.005859863469395318,0.8660254037844386,0.5000000000000001,0.7818314824680298,0.6234898018587336,1
2026-03-31T05:00:00+00:00,2026-03-31T06:00:00+00:00,0.001669197960084845,-0.0011612659734554392,-0.004235223748124876,0.006893344507365666,0.001669197960084845,0.0022719455895674847,0.0029549825365375883,6966.4614,-0.2867776087777671,0.007012335307925644,0.01310029538378176,0.0004533318405562163,0.00604556653617806,0.0007386858126874941,0.0005349919974275881,4.556119658113391e-06,0.5799365179388685,0.012111822061259332,0.15987303587773696,7.937139308757878,6.880421482449803,1.0567178263080752,0.09395998956031093,0.00991820478260203,-0.02292228991525895,-0.003826776821217541,0.0035244475124692524,-0.004234080849397373,0.9659258262890683,0.25881904510252074,0.7818314824680298,0.6234898018587336,0
2026-03-31T06:00:00+00:00,2026-03-31T07:00:00+00:00,-0.0009591582659581256,0.0007084386691057837,-0.002119310401556149,0.004727662401264589,-0.0009639978297939449,0.00030547972438923663,0.00345725465856585,7104.4897,0.019813258421269648,0.0054674501718586024,0.011647401735331027,-0.0005012263419768015,0.006146346719047068,0.0005758524859613149,0.000475630269067447,-5.037425297454117e-06,0.5700340876535341,-0.009902430285334347,0.14006817530706825,7.969332443951089,7.09820367475006,0.8711287692010288,-0.18558905710704643,0.00955629385528752,-0.03741371888274144,-0.0032237796036733075,0.003679243905643914,-0.002115707507948146,1.0,6.123233995736766e-17,0.7818314824680298,0.6234898018587336,0
2026-03-31T07:00:00+00:00,2026-03-31T08:00:00+00:00,-0.003083890550978809,-0.004040090877823654,-0.0023776366291906287,0.010019601453328556,-0.003083890550978809,0.0002821052836373718,0.006644065818080933,11011.0442,0.5498712314270792,0.0021408161963226936,0.008190437496494382,-0.003548040255218306,0.00603669783966423,0.00022539986694834543,0.00033441536753711355,-3.565742453502883e-05,0.5382422431614176,-0.03179184449211661,0.07648448632283504,7.396385955068581,7.1578401308137645,0.23854582425481663,-0.6325829449462121,0.009616837432504102,0.0032320378167413847,-0.0043487735780527465,0.0003746594005449503,-0.0023738508568520904,0.9659258262890683,-0.25881904510252085,0.7818314824680298,0.6234898018587336,0
2026-03-31T08:00:00+00:00,2026-03-31T09:00:00+00:00,-0.007718984226423485,-0.010779070274883272,-0.0117278897064879,0.011357286407528967,-0.007723810542904167,0.0015783540022546935,0.0019950002450859943,10274.3456,-0.06690542573609864,-0.005064563596716684,0.0003922160582223308,-0.011129044669700508,0.0054845565403373415,-0.0005328279006240095,1.6009074989331383e-05,-0.00011183718621768752,0.46808898942891625,-0.07015325373250128,-0.06382202114216753,5.5972240511853215,6.845716914888076,-1.2484928637027544,-1.487038687957571,0.009810621339618183,0.012275956266364334,-0.01105719590287504,-0.0010821080051510478,-0.01176203304336042,0.8660254037844387,-0.4999999999999998,0.7818314824680298,0.6234898018587336,0
2026-03-31T09:00:00+00:00,2026-03-31T10:00:00+00:00,-0.010651438654967904,-0.018288204594424973,-0.02131569632406067,0.01578501464052671,-0.010656288141325718,0.002175022419080793,0.0028389244786633724,22808.2373,1.2199211694806138,-0.01419160139292201,-0.009864884457939036,-0.02145102485762713,0.004389003929258987,-0.0014916245107829077,-0.00040248628478549897,-0.00021554172127448307,0.3926285400875389,-0.07546044934137733,-0.2147429198249222,2.3903909464202115,5.954651721194503,-3.564260774774292,-2.3157679110715375,0.0103354415314768,0.04227386381118095,-0.019828088578088543,-0.008673742528351784,-0.021454313432370198,0.7071067811865476,-0.7071067811865475,0.7818314824680298,0.6234898018587336,1
2026-03-31T10:00:00+00:00,2026-03-31T11:00:00+00:00,0.004028002794334096,-0.006666339885299696,-0.014333866739300575,0.006464347396989839,0.004028002794334096,0.0018652849740932508,0.0005872193436959424,9753.183,-0.5723833073237974,-0.009256366667304183,-0.005647463349134981,-0.017338224418732395,0.003642620751474784,-0.0009734059436813453,-0.00023045558610847132,-0.0001742231527498047,0.4296735709827832,0.037045030895244295,-0.1406528580344336,0.49922095326905946,4.863565567609415,-4.3643446143403555,-0.8000838395660637,0.010020432364404804,-0.026573304746710165,-0.00880410858400587,0.006886477462437346,-0.014342420087057293,0.49999999999999994,-0.8660254037844387,0.7818314824680298,0.6234898018587336,1
2026-03-31T11:00:00+00:00,2026-03-31T12:00:00+00:00,0.007253886010362717,0.011311107477816334,0.0005391892554287224,0.0105379188712522,0.007253886010362717,0.0016215951401136318,0.0017146776406035665,19943.7718,1.0448474923519837,-0.0018728872750681952,0.0015039738210768795,-0.01010954185820763,0.0033831974435862104,-0.00019710717005864452,6.139045513114877e-05,-0.00010159311355157842,0.4902176712899988,0.06054410030721563,-0.019564657420002334,0.18449550617606292,3.9277515553227444,-3.7432560491466815,0.621088565193674,0.009990386622157219,0.004233687925452505,0.005378568473314062,0.011907712747498975,0.0006304501497289092,0.258819045102521,-0.9659258262890682,0.7818314824680298,0.6234898018587336,1
2026-03-31T12:00:00+00:00,2026-03-31T13:00:00+00:00,0.0032235939643346693,0.010500863557858363,0.014571163859946433,0.011182841906845507,0.0032186791167983383,0.004951703796306293,0.003022785650802359,15267.3566,-0.23447997935876902,0.0012164497388914548,0.004545987378904925,-0.006850167361780721,0.003325492345717836,0.00012806373915717105,0.00018558494064089618,-6.884116370127931e-05,0.5150348335657395,0.024817162275740757,0.03006966713147918,0.4607135119445047,3.2343439466470967,-2.773630434702592,0.9696256144440896,0.01004575349371079,0.008783474073813718,0.0015994052364625177,0.012249134948096872,0.014505482769031483,1.2246467991473532e-16,-1.0,0.7818314824680298,0.6234898018587336,1
2026-03-31T13:00:00+00:00,2026-03-31T14:00:00+00:00,0.01347312699606399,0.016740152851263887,0.02411547002220572,0.015467121525318444,0.01347312699606399,0.002173106482217734,0.0,20810.5927,0.363077659429269,0.013286788861194112,0.01735902106208769,0.006465264579413808,0.004018834791550232,0.0014005682015974204,0.0007090338447155627,6.498175581571472e-05,0.6024306641586562,0.08739583059291661,0.2048613283173124,2.8727850149032292,3.162032160298323,-0.2892471453950938,2.484383289307498,0.010308984840622712,0.04002941234043648,0.008479435546571207,0.019827814960049487,0.023950606970761373,-0.25881904510252035,-0.9659258262890684,0.7818314824680298,0.6234898018587336,0
2026-03-31T14:00:00+00:00,2026-03-31T15:00:00+00:00,-0.014180603940502098,-0.0008985340222093771,0.002322163433274549,0.026599020499134908,-0.014180603940502098,0.008128293107324804,0.004086141333568006,38453.8525,0.8478018888909397,-0.0009792611998690377,0.0028169413774789547,-0.007729939394867907,0.00379992369518515,-0.0001030695018847026,0.0001149904203572229,-7.768179818365042e-05,0.49910753706191036,-0.10332312709674582,-0.001784925876179244,2.3821540270230344,3.006056533643265,-0.6239025066202308,-0.33465536122513706,0.011610257118728559,0.11025642561611378,-0.01631824912975751,-0.0008985340222093771,0.0025161170198965614,-0.5000000000000001,-0.8660254037844386,0.7818314824680298,0.6234898018587336,1
2026-03-31T15:00:00+00:00,2026-03-31T16:00:00+00:00,0.0043549664213026066,-0.009887393573194169,0.0034525193135981095,0.015650777429009347,0.0043549664213026066,0.011173564980412214,0.00014112952283619907,21417.6464,-0.4430298914783636,0.003049371871996326,0.006900499018018247,-0.0033748342814972454,0.0038394193287161343,0.0003210895782657734,0.000281732371917254,-3.3916782090326446e-05,0.525633815262515,0.026526278200604592,0.051267630525029945,2.6813787057262743,2.941120968059867,-0.25974226233359277,0.36416024428663807,0.011852118605924989,0.02527739590479173,-0.017758126195028725,0.0084757408298079,0.0036474894768644996,-0.7071067811865475,-0.7071067811865477,0.7818314824680298,0.6234898018587336,1
2026-03-31T16:00:00+00:00,2026-03-31T17:00:00+00:00,0.017933182470739915,0.022366247299529685,0.007868476464437632,0.025926280059281936,0.017933182470739915,0.008041306114643671,0.00026772481713436224,46551.3832,1.173506011379476,0.018995634048387156,0.02395526111699155,0.014351499384484897,0.004867172049501522,0.0020035465985654925,0.0009787227214426034,0.00014425698179375133,0.6161688229200702,0.09053500765755523,0.23233764584014038,5.824858112622223,3.5178683969723386,2.306989715649885,2.5667319779834776,0.012663528535436131,0.08762208108020285,0.006684923068037921,0.02251118226480567,0.008107544951540422,-0.8660254037844384,-0.5000000000000004,0.7818314824680298,0.6234898018587336,1
2026-03-31T17:00:00+00:00,2026-03-31T18:00:00+00:00,0.0007936128507913704,0.018741027325595648,0.02317761029160194,0.0167911873734093,0.0007936128507913704,0.014651087247296246,0.0013471165972406603,50852.9773,0.09240529076265992,0.0178844638156041,0.023773504598188777,0.015003428125291983,0.005785568983447528,0.0018861259122351145,0.0009712896145431344,0.00015081096288183384,0.6196900640907232,0.0035212411706530846,0.23938012818144658,8.353739606770432,4.485042638931957,3.868696967838475,1.5617072521885902,0.012949036623570066,0.02335720326100888,-0.007189877259878899,0.019018736400410928,0.02308176174283389,-0.9659258262890683,-0.25881904510252063,0.7818314824680298,0.6234898018587336,1
2026-03-31T18:00:00+00:00,2026-03-31T19:00:00+00:00,0.0031193870141780415,0.003915475450590455,0.02191887485704551,0.010376734019401,0.0031241789476198264,0.007262285167318289,0.0,18730.7612,-0.6316683467813398,0.019015819803316313,0.025882147803010288,0.017985572781607777,0.0067381956847532235,0.0020056799422821982,0.0010575313872114933,0.00018079220535664804,0.6339174252791896,0.014227361188466361,0.2678348505583793,10.760769385869025,5.740187988319371,5.0205813975496545,1.1518844297111794,0.01272790952254357,-0.014010604079535069,-0.0113651878739944,0.005270767109647162,0.021846182335709327,-1.0,-1.8369701987210297e-16,0.7818314824680298,0.6234898018587336,0
2026-03-31T19:00:00+00:00,2026-03-31T20:00:00+00:00,-0.0015953216597059414,0.0015190889288033765,0.00231390734809014,0.005614011657302022,-0.0015905670800236897,0.001965142568231415,0.0020557680750188144,9937.1431,-0.4694746789041334,0.01570794032600808,0.02327260275249764,0.016196120018620634,0.007447674795238442,0.0016562058851809919,0.0009508053251887754,0.00016280157560279938,0.6210807932125313,-0.012836632066658353,0.24216158642506258,12.256752610110198,7.043500912677536,5.2132516974326615,0.192670299883007,0.012238658832948647,-0.03997320111489945,-0.008793744149323407,0.00152387321756995,0.0023176782052634704,-0.9659258262890684,0.2588190451025203,0.7818314824680298,0.6234898018587336,1
2026-03-31T20:00:00+00:00,2026-03-31T21:00:00+00:00,0.005303977028818859,0.0037001938196762605,0.0068311231704053415,0.006969814865775342,0.005303977028818859,0.0015894404220796353,0.00010438116204691456,9394.9389,-0.05456338854574814,0.019047893657716235,0.027543526276511746,0.021366625563690362,0.008336833500829623,0.002009069705665452,0.0011254908679105583,0.00021478607856685751,0.6466582864106019,0.025577493198070584,0.29331657282120377,14.176206673431807,8.470042064828391,5.706164608603416,0.4929129111707544,0.011802353973641457,-0.03053483637757148,0.0017395437262356724,0.007374906200561046,0.006828042383290959,-0.8660254037844386,0.5000000000000001,0.7818314824680298,0.6234898018587336,0
2026-03-31T21:00:00+00:00,2026-03-31T22:00:00+00:00,-0.0023865329322565053,0.002904785980711146,0.0013048302530133658,0.007566714067620222,-0.0023865329322565053,0.0006515649448549415,0.004522907025962826,9418.0037,0.0024550239491179775,0.015009683087794042,0.02408359128396779,0.018737222075524904,0.008939725745836943,0.0015824668857099924,0.000983970973008849,0.00018834925846636665,0.6260717471309523,-0.020586539279649613,0.2521434942619045,15.11724667548242,9.799482986959196,5.317763688523224,-0.38840092008019234,0.01152602563351297,-0.02574364237502646,-0.00396966381021412,0.003010036635628122,0.0013221224368564126,-0.7071067811865477,0.7071067811865474,0.7818314824680298,0.6234898018587336,0
2026-03-31T22:00:00+00:00,2026-03-31T23:00:00+00:00,-0.0029106404835847915,-0.005290227076473262,-1.4309290545253295e-05,0.007593572174709432,-0.0029153825666779166,0.0007774825781895193,0.003892182722715517,8199.1651,-0.1294158123976952,0.010894717242024475,0.02025852409468664,0.015612658326427118,0.00926289028219377,0.0011481290298065627,0.0008275628284158036,0.0001569357639286387,0.6010018568960507,-0.025069890234901564,0.20200371379210139,15.194047284775479,10.878395846522453,4.315651438253026,-1.0021122502701978,0.01127637885994595,-0.02450699550447953,-0.005936378335063977,0.0016195918055344784,6.803612977562476e-06,-0.5000000000000004,0.8660254037844384,0.7818314824680298,0.6234898018587336,1
2026-03-31T23:00:00+00:00,2026-04-01T00:00:00+00:00,0.004254689937085736,0.0013316655807249621,-0.0010580454152946956,0.00733816845015024,0.0042498998340105764,0.0015341284203226981,0.001572125409061306,8732.8219,0.06508672450076662,0.01372867715460498,0.023611947076857584,0.01973151559342088,0.009749423238172137,0.0014472153164692616,0.0009646826576619876,0.0001983460227243036,0.6245970800282447,0.023595223132193935,0.24919416005648926,15.792634117870875,11.861243500792138,3.931390617078737,-0.38426082117428884,0.010950716330347467,-0.024748248572521895,0.0005512600569317884,0.008178705676730399,-0.0010424834787555607,-0.2588190451025207,0.9659258262890683,0.7818314824680298,0.6234898018587336,1
2026-04-01T00:00:00+00:00,2026-04-01T01:00:00+00:00,0.004412400317274839,0.008685863649588878,0.005749941739630696,0.009883105091927108,0.004412400317274839,0.0014517288340774022,0.004038359688280228,11320.4724,0.2963132111969442,0.01643966503565716,0.02699567465981288,0.02398409231805393,0.010385279114216198,0.0017334908467917663,0.0011030797159571303,0.00024110427120759508,0.6479475753201055,0.023350495291860868,0.295895150640211,16.822721988611193,12.85353919835595,3.9691827902552426,0.03779217317650563,0.010829787897764419,-0.006679295748373437,0.002873863022013955,0.010276083145025948,0.005756449770775784,0.0,1.0,0.9749279121818236,-0.22252093395631434,0
2026-04-01T01:00:00+00:00,2026-04-01T02:00:00+00:00,-0.010294507074222584,-0.005927530243228233,-0.0016980601094201315,0.01167251964929876,-0.010299187130272044,0.0005255739506437847,0.000740581475907082,10566.2532,-0.06662435747822691,0.005403709061528739,0.01576905494270354,0.01330714288046727,0.010309635609809019,0.0005691352108025652,0.0006440494283071066,0.00013375801826657848,0.5600367467928631,-0.08791082852724237,0.12007349358572625,15.70142078205572,13.423115515095905,2.2783052669598156,-1.690877523295427,0.01099458378369167,0.004765750342955297,-0.011729208278441275,-0.0018789731459447347,-0.0016274168198620095,0.25881904510252074,0.9659258262890683,0.9749279121818236,-0.22252093395631434,0
2026-04-01T02:00:00+00:00,2026-04-01T03:00:00+00:00,-0.0021500752526338422,-0.012422448361958077,-0.008064860859776871,0.00684718331777164,-0.002145307557789634,0.001647154588331085,0.0030501089324618215,8502.6779,-0.19529867976285092,0.002932346652449686,0.013045377095594125,0.011016505493433287,0.010083462236410398,0.0003087633740732223,0.000532748040599288,0.0001107309081516397,0.5436181799860681,-0.01641856680679503,0.0872363599721362,14.285000511597445,13.595492514396213,0.6895079972012326,-1.588797269758583,0.010720338860022896,-0.02704008308095622,-0.012940548153679695,-0.0014105383953334,-0.008032182009581588,0.49999999999999994,0.8660254037844387,0.9749279121818236,-0.22252093395631434,1
2026-04-01T03:00:00+00:00,2026-04-01T04:00:00+00:00,0.006923795159089295,0.004758833225829588,-0.005584663690701344,0.008759290697176805,0.006918973789299205,0.0018878601556891427,0.0,7586.5948,-0.10774053901300915,0.008927433723354581,0.01925769987061814,0.017834110149649873,0.010238859408491506,0.0009406137884854254,0.0007866468930772128,0.00017926941970081433,0.5856542468983106,0.042036066912242445,0.17130849379662108,14.165981775351156,13.709590366587202,0.45639140876395423,-0.23311658843727834,0.01051215397434959,-0.012630280315021154,0.003114893292246513,0.010004418658264777,-0.005520787167767132,0.7071067811865475,0.7071067811865476,0.9749279121818236,-0.22252093395631434,1
2026-04-01T04:00:00+00:00,2026-04-01T05:00:00+00:00,0.003970688236776831,0.010921975627858174,0.008748417305717003,0.007630514479505189,0.003970688236776831,0.00246298418953602,0.0012125460625408264,7709.7695,0.016235834817486295,0.011687405264725071,0.02237049382065031,0.021653231085162025,0.010559673373743176,0.0012317685729715977,0.0009139158599898057,0.00021766778186867937,0.608101842325084,0.022447595426773433,0.21620368465016795,14.577394654071213,13.883151224084004,0.6942434299872087,0.23785202122325444,0.010267716850350486,-0.01937445189442852,0.002078903402187172,0.010917135113911774,0.008744408143232282,0.8660254037844386,0.5000000000000001,0.9749279121818236,-0.22252093395631434,1
2026-04-01T05:00:00+00:00,2026-04-01T06:00:00+00:00,0.005404355692808964,0.009396502941162588,0.016385357561828275,0.014571271087827988,0.005404355692808964,0.006915818285461158,0.002280147173135789,20075.223,1.6038681182362198,0.015495804500429498,0.026772508922183556,0.026896941651092025,0.011104629257726576,0.0016338022716867048,0.001093950887023045,0.0002703941148323235,0.6370386839833572,0.02893684165827324,0.27407736796671445,15.64380195615604,14.235281370498411,1.4085205856576284,0.7142771556704197,0.010523863759427056,0.03048599962945903,0.0029341447511410735,0.010626800295188976,0.01629883908867509,0.9659258262890683,0.25881904510252074,0.9749279121818236,-0.22252093395631434,1
2026-04-01T06:00:00+00:00,2026-04-01T07:00:00+00:00,0.013454752740652077,0.018931822703030322,0.022977683305514817,0.01564686249262043,0.013454752740652077,0.002324251707162879,4.64850341432153e-05,30648.667,0.5266912352604999,0.02630893583815466,0.038933843632304566,0.04029215301520172,0.012301274356380362,0.0027770523294431628,0.0015916658490443727,0.00040511030936461604,0.6972894653176535,0.06025078133429623,0.3945789306353069,18.57931990558245,15.10408907751522,3.4752308280672324,2.066710242409604,0.010760055825899575,0.036200198500702795,0.006494022972372382,0.021273060453280895,0.02282979667023787,1.0,6.123233995736766e-17,0.9749279121818236,-0.22252093395631434,0
2026-04-01T07:00:00+00:00,2026-04-01T08:00:00+00:00,-0.009403922407181017,0.0039243028826901625,0.0093498669041235,0.013045518535898724,-0.009408527175024536,0.0031722196152042317,0.00037541060534968646,19745.3623,-0.35575135127410273,0.015047295937789343,0.0279881029473332,0.030196584001450307,0.012748969492685568,0.001586438689498741,0.0011436780541409376,0.0003035753863427052,0.6189180237158188,-0.07837144160183464,0.23783604743163764,19.05370781575357,15.89401282516289,3.1596949905906797,-0.31553583747655267,0.011018154241018619,0.014357225470364686,-0.011700978096028726,0.003971600465473382,0.009455186026280024,0.9659258262890683,-0.25881904510252085,0.9749279121818236,-0.22252093395631434,1
2026-04-01T08:00:00+00:00,2026-04-01T09:00:00+00:00,0.0027968090098545455,-0.006633414372242848,0.006732087418204414,0.008390423779574645,0.0027968090098545455,0.002793688230008891,0.002807726864330638,18385.7683,-0.06885637140221028,0.016155223194618908,0.029617022077028553,0.03273793915284193,0.01324777807084241,0.001703446605761544,0.0012103211504187815,0.00032913280686079616,0.6320394501838903,0.013121426468071462,0.2640789003677806,19.683684579383225,16.651947176006956,3.031737403376269,-0.12795758721441075,0.010801924460747264,-0.016882942146812054,-0.009749768303985155,0.003173410947328992,0.006847639343325605,0.8660254037844387,-0.4999999999999998,0.9749279121818236,-0.22252093395631434,0
2026-04-01T09:00:00+00:00,2026-04-01T10:00:00+00:00,-0.0002667340521114872,0.002529328953542878,-0.006898379066859492,0.005776098933247275,-0.0002620557336390395,0.0016429584485979705,0.003871016059801807,13657.7192,-0.2571580922185341,0.014349693032328446,0.028159303867160073,0.03212908509270916,0.013614250519018496,0.0015127790470821423,0.0011506818884943616,0.0003230096793787339,0.6298059669717083,-0.002233483212181966,0.25961193394341664,19.90747053858695,17.303051848522955,2.6044186900639943,-0.42731871331227467,0.010445613075037139,-0.03324385277061791,-0.0030518962355279753,0.00535999999999994,-0.006873847449437958,0.7071067811865476,-0.7071067811865475,0.9749279121818236,-0.22252093395631434,0
2026-04-01T10:00:00+00:00,2026-04-01T11:00:00+00:00,-0.0017506166945172848,-0.0020168837975441493,0.000774284373533595,0.005462687267015045,-0.0017552892716719715,0.0007174172977280591,0.002986894239561058,7710.0182,-0.4354827415107494,0.01136282874192539,0.025299537244004335,0.03001145416125356,0.01378012727580207,0.0011975195738691995,0.001033701608830818,0.000301713658561708,0.6144627820754106,-0.015343184896297758,0.2289255641508211,19.557588078834215,17.753959094585205,1.8036289842490092,-0.8007897058149851,0.010106699683690691,-0.034139341173894784,-0.0036487483998766364,0.0021286393624420615,0.0007794582632257734,0.49999999999999994,-0.8660254037844387,0.9749279121818236,-0.22252093395631434,1
2026-04-01T11:00:00+00:00,2026-04-01T12:00:00+00:00,0.0012519635195648946,-0.0005008448831906669,-0.0007674453429169814,0.004055598224153688,0.0012566584139846815,0.0018966712249216637,0.0009038457936046289,6480.7467,-0.15943820988645666,0.011412527905683758,0.025514099542404797,0.030979889511999203,0.013942453002753432,0.0012027636293861692,0.0010424774455395883,0.0003114526460358227,0.6215510543265711,0.007088272251160532,0.2431021086531422,19.273576600921388,18.05788259585244,1.215694005068947,-0.5879349791800621,0.00966274342438799,-0.042729958399115066,-0.001220807042325835,0.004251556709370339,-0.0007653872270638774,0.258819045102521,-0.9659258262890682,0.9749279121818236,-0.22252093395631434,0
2026-04-01T12:00:00+00:00,2026-04-01T13:00:00+00:00,-0.002107412472135324,-0.0008580873561062186,-0.00260720186857255,0.01410255206915656,-0.002107412472135324,0.007827972329901088,0.004162716700613071,21417.4613,2.3047829658270707,0.008389737841501667,0.02241658849165288,0.028512378180395682,0.013910148153804347,0.0008839109076096472,0.0009158007191637732,0.0002866387028290366,0.6014795070966845,-0.02007154722988659,0.202959014193369,18.472444228187214,18.140794922319394,0.3316493058678205,-0.8840446992011266,0.009998821404654891,0.03260009352385655,-0.003996503643595884,5.1625983827047005e-05,-0.002606065647087714,1.2246467991473532e-16,-1.0,0.9749279121818236,-0.22252093395631434,0
2026-04-01T13:00:00+00:00,2026-04-01T14:00:00+00:00,-0.0054157554368740495,-0.007511754678455671,-0.006269195601716123,0.012546713978332331,-0.0054157554368740495,0.002118644067796507,0.004982824355441659,28757.3299,0.3427048844486532,0.0026488977263769784,0.016206763970778557,0.022708742046226187,0.013522047722932341,0.00027890910821895114,0.000661938442893281,0.000228280663446414,0.5522299864245718,-0.049249520672112725,0.10445997284914356,16.71369442928517,17.85537482371255,-1.1416803944273788,-1.4733297002951993,0.010231370766455309,0.017715963989800607,-0.015204460966542658,-0.0012582765852162483,-0.006271204389444479,-0.25881904510252035,-0.9659258262890684,0.9749279121818236,-0.22252093395631434,1
2026-04-01T14:00:00+00:00,2026-04-01T15:00:00+00:00,0.0035530935034538825,-0.0018819046188792194,-0.003985351141749348,0.007781607195753136,0.003557828875037142,0.0017820115572147789,0.002454380033947461,16662.6582,-0.42057700565586925,0.005616518299723048,0.019025501293255323,0.02607357292309308,0.013334091822799335,0.0005915621915365286,0.0007771545734121869,0.00026211464510956844,0.5765920478563755,0.02436206143180378,0.15318409571275113,15.745970861150454,17.43349403120013,-1.6875231700496762,-0.5458427756222974,0.010022750796233866,-0.016909581661123513,-0.003980686645030464,0.008578663833984666,-0.003970074405555491,-0.5000000000000001,-0.8660254037844386,0.9749279121818236,-0.22252093395631434,1
2026-04-01T15:00:00+00:00,2026-04-01T16:00:00+00:00,0.003869645149308127,0.0074364878638026885,0.0019804582273490016,0.007269184652278169,0.0038649250994441465,0.0012552458033572374,0.002163893884892248,10423.5636,-0.37443573078874065,0.008594600813787595,0.02204817278311121,0.029736277590693725,0.01333892919758698,0.0009055140363642703,0.0009007360149551393,0.00029894640345653995,0.6020750031133705,0.02548295525699487,0.20415000622674084,15.464865833567274,17.039768391673558,-1.5749025581062845,0.11262061194339168,0.009790192156727606,-0.019423217624979245,0.0020839200225288906,0.00992880963080333,0.00200698321588796,-0.7071067811865475,-0.7071067811865477,0.9749279121818236,-0.22252093395631434,1
2026-04-01T16:00:00+00:00,2026-04-01T17:00:00+00:00,0.005175547062350205,0.009065219742243173,0.0126505228190706,0.012818660913568498,0.005175547062350205,0.00299148684351545,0.004678275375217238,19652.133,0.8853564629278995,0.012482527624446023,0.026237630765169804,0.03470470454699282,0.013585521493390035,0.0013156790130602206,0.001072071811817225,0.00034891269808125263,0.6339316518622689,0.03185664874889838,0.2678633037245376,15.949870546046895,16.821788822548225,-0.8719182765013294,0.7029842816049552,0.009959703267999559,0.022579538861310398,0.00391538648653722,0.011257185939119936,0.012598285715112215,-0.8660254037844384,-0.5000000000000004,0.9749279121818236,-0.22252093395631434,0
2026-04-01T17:00:00+00:00,2026-04-01T18:00:00+00:00,-0.004137757503180252,0.0010163744004796503,0.004889952558056475,0.015857122135868665,-0.0041423978379385275,0.010176819311158006,0.0015206741499431502,28614.9498,0.45607348576360623,0.007497377867344937,0.021110698105324593,0.030111512164443754,0.013512015551639575,0.0007898209951360298,0.0008624042473893169,0.00030271987454893914,0.5928560891794171,-0.04107556268285165,0.1857121783588343,15.439719018262622,16.545374861691105,-1.105655843428483,-0.23373756692715375,0.010419373676878972,0.041824294967488185,-0.007107980915303613,0.0057458823529411935,0.00490743470847808,-0.9659258262890683,-0.25881904510252063,0.9749279121818236,-0.22252093395631434,0
2026-04-01T18:00:00+00:00,2026-04-01T19:00:00+00:00,-0.0037338399127834973,-0.007856147691848956,-0.002721260491606689,0.006711346355255169,-0.0037338399127834973,0.00030997121024964634,0.0026535414210771455,14904.4013,-0.4791393518362908,0.003378575873030773,0.016608413553547273,0.025997100777300976,0.013185290177244752,0.000355766090079968,0.00067835428334778,0.00026134567846465735,0.557873539705116,-0.03498254947430112,0.11574707941023206,14.227495239876134,16.08179893732811,-1.854303697451975,-0.748647854023492,0.010190775371093662,-0.025591656262392855,-0.017814885716262607,-0.002216536392434731,-0.0026960503536135457,-1.0,-1.8369701987210297e-16,0.9749279121818236,-0.22252093395631434,1
2026-04-01T19:00:00+00:00,2026-04-01T20:00:00+00:00,0.005729770856131004,0.0019745368962337815,-0.002171390761804169,0.008162769737978836,0.005729770856131004,0.0018912595788796189,0.0005743825387708299,11467.5825,-0.23059086580015792,0.008251227102998556,0.02153466283818909,0.031548650273291005,0.01317472806193129,0.0008693052566413616,0.0008797390907304196,0.0003171724284957123,0.5970228582623722,0.039149318557256195,0.19404571652474445,14.088829940685628,15.683205137999613,-1.594375197313985,0.25992850013799007,0.009992006688591898,-0.013886752345127545,0.0016652088293488123,0.00840561692990135,-0.0021418265598327456,-0.9659258262890684,0.2588190451025203,0.9749279121818236,-0.22252093395631434,1
2026-04-01T20:00:00+00:00,2026-04-01T21:00:00+00:00,0.0011627744077556757,0.006899207694800493,0.003139607244959567,0.00791540729131696,0.0011627744077556757,0.001749132430314564,0.005004850927273414,8588.3705,-0.25107401669009133,0.008518465312116922,0.021811963512757257,0.03241169540670412,0.01318121448230128,0.0008974853168059116,0.0008910775372851002,0.00032585182730524395,0.6047161286059027,0.007693270343530472,0.2094322572118054,14.018265048833655,15.350217120166421,-1.3319520713327666,0.2624231259812184,0.009832902129909157,-0.014778924427734404,-0.0007271100173387518,0.0074812030075188315,0.0031587053511031825,-0.8660254037844386,0.5000000000000001,0.9749279121818236,-0.22252093395631434,1
2026-04-01T21:00:00+00:00,2026-04-01T22:00:00+00:00,0.006049666032314545,0.007219474836908065,0.012990611629556156,0.01024623416122283,0.006049666032314545,0.003954768207929102,0.00027817830301958335,33515.885,2.9024731175721867,0.013208924712599393,0.02686630351116122,0.03825807420130061,0.013479331325901806,0.0013923490680645158,0.0010977876329345772,0.0003846511579280858,0.6429529150785904,0.03823678647268778,0.28590583015718096,14.837870731299063,15.24774784239295,-0.4098771110938877,0.9220749602388789,0.009807521210983437,0.003452826902679968,0.004293024533564188,0.012291735110527084,0.012942211296201225,-0.7071067811865477,0.7071067811865474,0.9749279121818236,-0.22252093395631434,0
2026-04-01T22:00:00+00:00,2026-04-01T23:00:00+00:00,-0.007853900755254118,-0.0018517481995598039,-0.0006911269572201839,0.010000233650318976,-0.007853900755254118,0.0008925442183230026,0.0011916166265565679,36336.0172,0.08414315182188982,0.004748785270144676,0.018050778755231756,0.029795234198131654,0.013239123729331606,0.0005001221308161259,0.0007373097048812534,0.00029953928684751566,0.5659497967133494,-0.07700311836524108,0.1318995934266988,13.959580360224663,14.990114345959293,-1.03053398573463,-0.6206568746407424,0.009893377933458222,0.0008315163307575289,-0.011762152376906214,-0.0015723270440253184,-0.000641460315183898,-0.5000000000000004,0.8660254037844384,0.9749279121818236,-0.22252093395631434,1
2026-04-01T23:00:00+00:00,2026-04-02T00:00:00+00:00,0.0001869202551461908,-0.0076684485532409925,-0.0016651740736595413,0.004905739715467097,0.0001822463971288588,0.0026397551802275756,0.0020837713458079455,6497.7531,-0.8211759680694999,0.004464342520660656,0.017513209035482088,0.029680482254815035,0.012990870817848898,0.0004701517304232504,0.0007153361986881029,0.00029838531130400793,0.5672676884550707,0.0013178917417212687,0.13453537691014134,13.144286418667889,14.620948760501012,-1.4766623418331228,-0.4461283560984928,0.009535401199842182,-0.03600331215349999,-0.00854641467481947,0.001380181528960334,-0.001617314467793383,-0.2588190451025207,0.9659258262890683,0.9749279121818236,-0.22252093395631434,1
2026-04-02T00:00:00+00:00,2026-04-02T01:00:00+00:00,0.007377298105450026,0.007565597327040378,-0.0003477228787745319,0.010797072546309492,0.007377298105450026,0.0014980474366228624,0.0019757529659482982,12242.365,0.8840920563756108,0.010731527055631776,0.024014979655096684,0.036892145497713115,0.01314241442350276,0.0011309119439743573,0.0009811649923438127,0.00037091285697282115,0.6167377690551171,0.049470080600046484,0.2334755381102343,13.615332060825494,14.419825420565909,-0.8044933597404142,0.6721689820927086,0.009560678125031256,0.010047704947042045,0.004725069897483631,0.009665183797705396,-0.0002896823946579013,0.0,1.0,0.43388373911755823,-0.900968867902419,0
2026-04-02T01:00:00+00:00,2026-04-02T02:00:00+00:00,-0.026023356553841435,-0.018838040507393516,-0.01865464146358542,0.03149955000642852,-0.026023356553841435,4.761836735769622e-06,0.0047761222458727725,50106.9533,3.092914506306584,-0.01410906116238822,-0.0025303208410973064,0.009809170015714066,0.011744443391418646,-0.001482961890775788,-0.00010326773635077847,9.859434315978661e-05,0.42903856024735093,-0.18769920880776625,-0.14192287950529817,9.353213039030834,13.406502944258893,-4.053289905228059,-3.248796545487645,0.011364942641042666,0.1577827996844805,-0.02748023729143208,-0.016881311180708652,-0.018459138193245215,0.25881904510252074,0.9659258262890683,0.43388373911755823,-0.900968867902419,0
2026-04-02T02:00:00+00:00,2026-04-02T03:00:00+00:00,-0.012447441227030245,-0.03814687357963769,-0.031050996332375565,0.01688614150220117,-0.012442738640584428,0.0,0.004286630438451351,25331.829,-0.4944448358627304,-0.02392853545686921,-0.014368559784215208,-0.0027329789726557798,0.009794339881792093,-0.002512464826650496,-0.0005861280803205481,-2.746637093115676e-05,0.37220622215401683,-0.05683233809333409,-0.25558755569196634,3.8221145115385298,11.48962525771482,-7.667510746176291,-3.6142208409482315,0.011892673961495927,0.03340957999331112,-0.03815133455464611,-0.007708133971291927,-0.031093499675421653,0.49999999999999994,0.8660254037844387,0.43388373911755823,-0.900968867902419,0
2026-04-02T03:00:00+00:00,2026-04-02T04:00:00+00:00,-0.008467180033656532,-0.020809226534859154,-0.04629105716697429,0.014681495674332454,-0.00847196103958733,0.0013470600535906113,0.004790087194175988,21103.372,-0.16692268844859176,-0.029216676592876197,-0.021842786876270844,-0.011067035078568254,0.007595814162449219,-0.00306601031170192,-0.0008907481817786052,-0.00011121411324692071,0.33965681099866984,-0.032549411155346986,-0.3206863780026603,-1.9557218220984396,8.800555841752168,-10.756277663850607,-3.0887669176743167,0.01218617873403061,0.016003314636180373,-0.020804563766059398,-0.004198547215496403,-0.046937977814528214,0.7071067811865475,0.7071067811865476,0.43388373911755823,-0.900968867902419,0
2026-04-02T04:00:00+00:00,2026-04-02T05:00:00+00:00,-0.005723789469589016,-0.014142505147331792,-0.02641390837273765,0.008158234534569705,-0.005723789469589016,0.0010368979144656507,0.0013645967836600362,12765.2209,-0.3951098952338043,-0.03156603760590739,-0.026393816929973793,-0.016563793511022447,0.005340808848904064,-0.003311736757775951,-0.001076139326758807,-0.00016644257879921503,0.31948929312948127,-0.0201675178691886,-0.3610214137410375,-7.399146621134605,5.560615349174813,-12.959761970309419,-2.2034843064588117,0.011963610190314751,-0.02388326448295788,-0.01546225447471198,-0.000938196317579489,-0.026638410730275792,0.8660254037844386,0.5000000000000001,0.43388373911755823,-0.900968867902419,1
2026-04-02T05:00:00+00:00,2026-04-02T06:00:00+00:00,0.0027634307626091146,-0.0029761760028788626,-0.011418156218507171,0.006218875139619844,0.0027585262426818844,0.000570673248106327,0.0028972641826933957,11421.8962,-0.10523317305069127,-0.026210540340386165,-0.02279497043375045,-0.013710252046585162,0.003507503467771789,-0.0027514130859688036,-0.000929542104039702,-0.0001377724939795806,0.33975555033071586,0.020266257201234622,-0.3204888993385683,-11.128905120423497,2.2227112552551507,-13.351616375678647,-0.39185440536922833,0.011522657437155534,-0.03419625686747752,-0.00400301197502965,0.0041336683367862465,-0.011427538740636433,0.9659258262890683,0.25881904510252074,0.43388373911755823,-0.900968867902419,0
2026-04-02T06:00:00+00:00,2026-04-02T07:00:00+00:00,-5.853058954931e-05,0.00270473842782809,-0.0030345323950921213,0.0039754352247950535,-5.853058954931e-05,0.0017072421210776111,0.0022096590881376913,11368.962,-0.004634449400792112,-0.02382547010694063,-0.02197569723117791,-0.013632852969808375,0.0018949202413275073,-0.0025016701725293355,-0.0008961634047152898,-0.000136994827532313,0.3395242762831118,-0.0002312740476040176,-0.3209514474337763,-13.933828102824918,-1.008596616360863,-12.925231486464055,0.4263848892145923,0.010984196427439022,-0.046786422676314346,-0.0006288449726525381,0.005621422229634625,-0.0030188892965292116,1.0,6.123233995736766e-17,0.43388373911755823,-0.900968867902419,1
2026-04-02T07:00:00+00:00,2026-04-02T08:00:00+00:00,0.0029267007789901905,0.002867998887918852,0.00563935516688197,0.006064909609988013,0.0029267007789901905,0.00032586122202825395,0.0028208881906921297,10318.0667,-0.09243546596426307,-0.019009461304837955,-0.018377545802705664,-0.010640263306502746,0.0006441606490647894,-0.0019969999380830285,-0.0007495416761722897,-0.00010692588529586367,0.362877039977637,0.02335276369452515,-0.27424592004472603,-15.493994791568639,-3.905676251402418,-11.58831854016622,1.3369129462978346,0.01060305469886568,-0.03187395295043219,0.001158878322645412,0.005147734605682649,0.005631600952049995,0.9659258262890683,-0.25881904510252085,0.43388373911755823,-0.900968867902419,0
2026-04-02T08:00:00+00:00,2026-04-02T09:00:00+00:00,-0.004766328322203883,-0.0018535771600272093,-0.0019119992586125677,0.005243636043767133,-0.004766328322203883,0.0,0.00045448103641226986,7587.7213,-0.26461792498395065,-0.02147790084051148,-0.022172160191834867,-0.015205405154636401,-0.000709497876358366,-0.0022557318374508252,-0.0009041678708964709,-0.00015279479244132584,0.341630069091984,-0.021246970885652985,-0.316739861816032,-17.321544250936768,-6.588849851309288,-10.73269439962748,0.8556241405387404,0.01026739163368409,-0.03627264365254314,-0.005090530737665189,0.0009783347763771286,-0.0018981581327630022,0.8660254037844387,-0.4999999999999998,0.43388373911755823,-0.900968867902419,0
2026-04-02T09:00:00+00:00,2026-04-02T10:00:00+00:00,-0.001119098466004312,-0.005880092797494343,-0.0029706012906751144,0.004339530332680964,-0.0011239798660997676,0.0009001956947162027,0.0023140900195694806,9339.0191,0.23080681679755413,-0.020467157800033452,-0.022374450851744415,-0.016147843926642293,-0.00194714558771435,-0.0021498060400601043,-0.0009124096402893929,-0.00016226355497562261,0.3366694561731242,-0.004960612918859794,-0.32666108765375157,-18.738666542453757,-9.018813189538182,-9.719853352915575,1.0128410467119053,0.009854654414984215,-0.04127295056598841,-0.005880092797494343,-0.000664919622951412,-0.0029587260092180045,0.7071067811865476,-0.7071067811865475,0.43388373911755823,-0.900968867902419,0
2026-04-02T10:00:00+00:00,2026-04-02T11:00:00+00:00,-0.0025489236790606834,-0.003665169648485796,-0.00841402856878842,0.006135992426880645,-0.0025489236790606834,0.0005150113547741329,0.003065543778417591,9437.2718,0.010520665923041203,-0.020822412426981796,-0.023914513282634657,-0.018473409224715572,-0.003157855015163205,-0.0021870392624699165,-0.0009751507358126112,-0.00018562794013873038,0.3251033385429213,-0.01156611763020294,-0.34979332291415743,-20.05101401822958,-11.225253355276461,-8.825760662953119,0.8940926899624557,0.00961241987071325,-0.027066993692535804,-0.004565117618912725,-0.00023537834617290413,-0.008434350467268878,0.49999999999999994,-0.8660254037844387,0.43388373911755823,-0.900968867902419,0
2026-04-02T11:00:00+00:00,2026-04-02T12:00:00+00:00,-0.002835014886280575,-0.005376712328767128,-0.00648979372425217,0.007648757261400561,-0.0028399058269570157,0.0007279846139468169,0.004072778786134831,8412.9595,-0.10853902713705878,-0.021399022810612782,-0.02566223929625667,-0.021049000645476067,-0.004356440045551715,-0.0022474662346726616,-0.0010463423595199507,-0.00021150300219743476,0.31228562165994544,-0.012817716882975816,-0.37542875668010905,-21.311787521834958,-13.242560188588161,-8.069227333246797,0.7565333297063219,0.009497535027469792,-0.01475284042277121,-0.005887386616464128,0.00023123776161848095,-0.00650303703134557,0.258819045102521,-0.9659258262890682,0.43388373911755823,-0.900968867902419,0
2026-04-02T12:00:00+00:00,2026-04-02T13:00:00+00:00,-0.002966045420337319,-0.005792651523697853,-0.008326810176125236,0.004741043325538437,-0.0029709496217449724,0.0004982782267215221,0.0012629626340664168,11287.8209,0.341718202732344,-0.02203816584155711,-0.027463226814101457,-0.023719932585887303,-0.005547313589402728,-0.002314437881651703,-0.001119692915657103,-0.00023833446541134172,0.29903940593234396,-0.013246215727601509,-0.4019211881353121,-22.53772929791512,-15.101594010453553,-7.436135287461568,0.6330920457852294,0.009184021405544652,-0.035878135281393456,-0.0065187131178073374,0.0011112592790149798,-0.008349983985678577,1.2246467991473532e-16,-1.0,0.43388373911755823,-0.900968867902419,1
2026-04-02T13:00:00+00:00,2026-04-02T14:00:00+00:00,0.005836268734767944,0.002852912676278009,9.809740090927369e-06,0.011761762989194686,0.005836268734767944,0.0010839656466272172,0.004875392998857204,21851.0601,0.9358085403357168,-0.01479824588432311,-0.020950739594804115,-0.017845975594850103,-0.0062449073854964066,-0.0015552874061964526,-0.000854401602013548,-0.00017932437564234635,0.3566910314322233,0.057651625499879344,-0.2866179371355534,-22.297681067802387,-16.54081142192332,-5.756869645879068,1.6792656415825,0.0093186627848017,0.02058222549478255,0.002350014503227569,0.00710820877090716,3.520842815005025e-05,-0.25881904510252035,-0.9659258262890684,0.43388373911755823,-0.900968867902419,1
2026-04-02T14:00:00+00:00,2026-04-02T15:00:00+00:00,0.012266959648030085,0.018174821655862487,0.015154868888987351,0.019008440658584463,0.012266959648030085,0.004070122394394683,0.0028200133732592648,38683.3619,0.7703196880594367,-0.0024550866239102707,-0.008593175858746378,-0.0057405721241118556,-0.006153195863695366,-0.0002583634020398278,-0.0003506188950581329,-5.7690863774317675e-05,0.45815397844853584,0.10146294701631256,-0.0836920431029283,-19.86040474998981,-17.204730087536618,-2.655674662453194,3.1011949834258736,0.00990592955018433,0.07606052711843611,0.011170885145662552,0.023192400745647185,0.015137182962460709,-0.5000000000000001,-0.8660254037844386,0.43388373911755823,-0.900968867902419,0
2026-04-02T15:00:00+00:00,2026-04-02T16:00:00+00:00,-0.002044751964803255,0.010197124793384358,0.01609290668876846,0.009365896290541836,-0.002044751964803255,0.0019761118663816804,0.005340842882113032,16999.3052,-0.5605525382218655,-0.004068482216353891,-0.010208123851832975,-0.007696832271095069,-0.006164722700153411,-0.00042807795671574316,-0.0004164845847187757,-7.73491148535147e-05,0.44538926545077845,-0.012764712997757428,-0.10922146909844316,-18.061166555122327,-17.37601738105376,-0.6851491740685667,1.9705254883846273,0.00988620265430869,-0.004032102991963702,-0.006090086959878725,0.013089095371841426,0.016058476417994773,-0.7071067811865475,-0.7071067811865477,0.43388373911755823,-0.900968867902419,1
2026-04-02T16:00:00+00:00,2026-04-02T17:00:00+00:00,0.001801320644785413,-0.000247114573945508,0.012016813729577549,0.012174612636976456,0.0018061847260861625,0.006945151237574542,0.0034265330948816046,19595.7382,0.15273759541654686,-0.0020583179660530796,-0.008097467052375218,-0.005850920359822748,-0.006051605214057693,-0.00021661811548353134,-0.0003303996592662017,-5.879976208139646e-05,0.4596429312402969,0.014253665789518522,-0.0807141375194061,-16.149727324896958,-17.1307593698224,0.9810320449254419,1.6661812189940086,0.010033154038503467,0.01669238609272515,-0.0022148180028918017,0.007180513521429287,0.012023528328012243,-0.8660254037844384,-0.5000000000000004,0.43388373911755823,-0.900968867902419,0
2026-04-02T17:00:00+00:00,2026-04-02T18:00:00+00:00,-0.007793302993733335,-0.006006020586521602,-0.008038491728929918,0.013432784787249113,-0.007798111781013194,0.0042398753437570946,0.0013335091806978298,11148.0191,-0.4310998143463664,-0.008907201543069447,-0.015216416043221562,-0.01346513761714055,-0.0063659170059303894,-0.0009367218918304094,-0.0006206927071327835,-0.0001353097050587817,0.4104102673122082,-0.04923266392808877,-0.17917946537558366,-15.750853542528148,-16.854778204363548,1.1039246618354,0.12289261690995801,0.010349161402389699,0.023457550082771606,-0.014636799445524661,-0.002577319587628848,-0.008036734313751178,-0.9659258262890683,-0.25881904510252063,0.43388373911755823,-0.900968867902419,1
2026-04-02T18:00:00+00:00,2026-04-02T19:00:00+00:00,0.005417075756021622,-0.0024184441504183966,-0.0006214798990093928,0.009400870612927003,0.0054219868895380744,0.0022736989389404156,0.0017344241906020134,8327.3195,-0.2530224943730138,-0.003202467702557282,-0.009497929062625799,-0.008040847275113503,-0.006315687144167169,-0.0003369882640552814,-0.000387520343750683,-8.080600529018266e-05,0.4538581291607033,0.04344786184849511,-0.09228374167859343,-14.374176322238782,-16.358657827938593,1.9844815056998115,0.8805568438644116,0.010229649078290801,-0.00619350086370067,-0.0066023166023165235,0.006759598923942364,-0.0005749065929263001,-1.0,-1.8369701987210297e-16,0.43388373911755823,-0.900968867902419,1
2026-04-02T19:00:00+00:00,2026-04-02T20:00:00+00:00,0.003410548408410734,0.008846099363530296,0.0009838560371442974,0.005660085022320806,0.0034056735314552176,0.0006391199511943355,0.0016268507848587288,5853.874,-0.29702781309159565,0.00017837818201248636,-0.005881194106025403,-0.00461159079388694,-0.0060584915853231615,1.8777003307308335e-05,-0.00023999112945343894,-4.634549816491683e-05,0.4799814040595736,0.026123274898870362,-0.0400371918808527,-12.571774781302793,-15.601281218611433,3.0295064373086404,1.045024931608829,0.009870965098128357,-0.031772211673154575,0.0011342704798837351,0.0106133633449955,0.0010343211706990204,-0.9659258262890684,0.2588190451025203,0.43388373911755823,-0.900968867902419,1
2026-04-02T20:00:00+00:00,2026-04-02T21:00:00+00:00,0.0013799180764425755,0.004795172762252657,0.010238224332390614,0.006334040876321763,0.0013750696007941248,0.002886581987148086,0.0020742775083526965,7110.0845,0.21459472820904588,0.0014099005204489202,-0.004333319008843932,-0.0032059203603316756,-0.0057351335614996505,0.0001484326100697546,-0.00017683888610352214,-3.2219267014446446e-05,0.49063373755381134,0.01065233349423771,-0.018732524892377284,-10.78901830585346,-14.638828636059838,3.8498103302063775,0.8203038928977371,0.009605696897321169,-0.0255307483631494,0.0007403249687903188,0.006433183939425031,0.010207542240874931,-0.8660254037844386,0.5000000000000001,0.43388373911755823,-0.900968867902419,0
2026-04-02T21:00:00+00:00,2026-04-02T22:00:00+00:00,-0.002519110913407393,-0.0011426690036507921,0.0022639822768082,0.006955956916693283,-0.002523933855526448,0.0010955026224201002,0.003330134077887275,6195.6446,-0.12861167824376776,-0.0010068914546407432,-0.00657498318466142,-0.005660392070474714,-0.005573703844792697,-0.00010597734178544048,-0.0002682946592565972,-5.6885126415619504e-05,0.47161460636973657,-0.01901913118407478,-0.056770787260526846,-9.684932539551937,-13.648049416758258,3.963116877206321,0.11330654699994369,0.009438955902173368,-0.0198339354248486,-0.005390133837312376,0.0009315594888067659,0.0022713555714459167,-0.7071067811865477,0.7071067811865474,0.43388373911755823,-0.900968867902419,0
2026-04-02T22:00:00+00:00,2026-04-02T23:00:00+00:00,-0.0014299702372295505,-0.0039454788970064904,-0.0025710052582141175,0.005533899991747737,-0.0014348106389267916,0.0009465881564832904,0.0031504395567055993,5345.387,-0.13723472776343562,-0.0022039881312325075,-0.007684409811310334,-0.007012291944528738,-0.005492527144715251,-0.00023194493971977106,-0.0003135510349657241,-7.047032950763222e-05,0.4607242200697809,-0.010890386299955637,-0.07855155986043812,-8.94486611251159,-12.707412755908924,3.762546643397334,-0.2005702338089872,0.009172574609241235,-0.029611093061443407,-0.005037527892352345,0.0019065127838491483,-0.002569163074194368,-0.5000000000000004,0.8660254037844384,0.43388373911755823,-0.900968867902419,0
2026-04-02T23:00:00+00:00,2026-04-03T00:00:00+00:00,-0.00138832929617536,-0.002816314263831906,-0.0053283305692416955,0.0038353660611421866,-0.0013931768315177816,0.000899293689874881,0.0015409518902181505,5039.5805,-0.05720942188096011,-0.0032485339717377958,-0.008709790542523821,-0.008308088122591865,-0.005479055468608837,-0.00034183405391590143,-0.000355375318283243,-8.349140169506994e-05,0.4498779736074874,-0.010846246462293579,-0.10024405278502528,-8.491254340755859,-11.864181072878312,3.372926732122453,-0.38961991127488105,0.008803186810020484,-0.04160331614902762,-0.003762821195773234,0.001767679227090833,-0.005337410446812303,-0.2588190451025207,0.9659258262890683,0.43388373911755823,-0.900968867902419,0
2026-04-03T00:00:00+00:00,2026-04-03T01:00:00+00:00,-0.0020221955404754366,-0.0034077173633393597,-0.004832814666162444,0.004671190106234332,-0.0020270467338782306,0.0011933697351694695,0.0014466563728380546,3658.558,-0.27403520987510765,-0.0047652007641194845,-0.010298528834298425,-0.010211909325806286,-0.00555982173696831,-0.0005013486039335715,-0.00042017149738847134,-0.00010262172223192394,0.4338780437226674,-0.015999929884819936,-0.13224391255466514,-8.370945923104046,-11.165534042923458,2.7945881198194122,-0.5783386123030407,0.008524607893831427,-0.033603437782274634,-0.004306728292973755,-0.00048198636806221114,-0.004840495073880347,0.0,1.0,-0.433883739117558,-0.9009688679024191,0
2026-04-03T01:00:00+00:00,2026-04-03T02:00:00+00:00,-0.00116901525077817,-0.0031888468138267356,-0.0045727489405494445,0.008334105461301608,-0.00116901525077817,0.004623014615163079,0.0025407073992617006,5957.6794,0.6284228376316571,-0.005367042934149763,-0.011011216088694188,-0.011257135908092485,-0.005674629132735193,-0.0005646328973839094,-0.0004492354881492542,-0.00011312424575955683,0.4244980691129438,-0.009379974609723618,-0.15100386177411237,-8.372744787643569,-10.60697619186748,2.2342314042239106,-0.5603567155955016,0.008520264990051494,-0.0016778746509064247,-0.004379427372877644,0.0002780433552516847,-0.004579540087428967,0.25881904510252074,0.9659258262890683,-0.433883739117558,-0.9009688679024191,1
2026-04-03T02:00:00+00:00,2026-04-03T03:00:00+00:00,0.0009119237690247735,-0.00025815753454693353,-0.002279831030007269,0.009291198939819114,0.0009119237690247735,0.0035323121297162457,0.0048477938883692145,13641.7647,1.2897782482219502,-0.004036965062910845,-0.009716741398445366,-0.010253494724674562,-0.00570279833316634,-0.0004247631903948062,-0.0003964444591899925,-0.0001030395799887283,0.43475194634177805,0.010253877228834227,-0.13049610731644393,-8.129564470258174,-10.111493847545619,1.981929377287445,-0.25230202693646575,0.00856812342999143,0.006534059142138092,-0.004853356864760443,0.003461425638016978,-0.002279287022228833,0.49999999999999994,0.8660254037844387,-0.433883739117558,-0.9009688679024191,1
2026-04-03T03:00:00+00:00,2026-04-03T04:00:00+00:00,0.0008526270657935765,0.001765328365705761,0.0005942494191454497,0.0034757549057310394,0.0008575033983445402,0.001455533216825663,0.0011634529726466231,4604.5788,-0.6624645783547345,-0.0028850578234506674,-0.008527428880060332,-0.009316854423227654,-0.005658696723863381,-0.00030359809740901643,-0.0003479372191904623,-9.362796085579688e-05,0.44472279893945876,0.009970852597680704,-0.11055440212108252,-7.706792831620078,-9.63055364436051,1.9237608127404329,-0.058168564547012025,0.008197605001410136,-0.042428068602505094,-0.0026702528972243934,0.006649809375398124,0.00059553558404018,0.7071067811865475,0.7071067811865476,-0.433883739117558,-0.9009688679024191,1
2026-04-03T04:00:00+00:00,2026-04-03T05:00:00+00:00,0.00014604012208963062,0.0009987917056439926,0.0019116262965654476,0.004336758285350084,0.00015090886078433674,0.0015916048926031654,0.002594267302010643,3535.1092,-0.23226219953060642,-0.0024791868970630263,-0.008056551791826965,-0.009081738362136091,-0.005591226590465531,-0.00026089895576737884,-0.00032873074920502745,-9.126542224573711e-05,0.4465252311395566,0.0018024322000978544,-0.1069495377208868,-7.263803167939386,-9.157203549076286,1.8934003811368996,-0.0303604316035333,0.00792071873186874,-0.03363537603523536,-0.0013075898542691594,0.00217064699914163,0.0019105909569079806,0.8660254037844386,0.5000000000000001,-0.433883739117558,-0.9009688679024191,1
2026-04-03T05:00:00+00:00,2026-04-03T06:00:00+00:00,0.0012606289516335564,0.0014068531761291933,0.0022606797630183354,0.008375787508750107,0.0012655024044545243,0.0036264291825464905,0.003485455393948857,6946.4533,0.9649897377993303,-0.0011054611128892978,-0.00654091990208423,-0.007755226621772026,-0.005441474127239389,-0.000116350788591362,-0.0002669050652012323,-7.793590162001463e-05,0.4627394938262164,0.016214262686659778,-0.07452101234756725,-6.62734342382555,-8.651231524026139,2.0238881002005886,0.13048771906368906,0.007943963451344658,0.004199001494597416,-0.00033044999514058264,0.004016809101513512,0.0022592961395167636,0.9659258262890683,0.25881904510252074,-0.433883739117558,-0.9009688679024191,1
2026-04-03T06:00:00+00:00,2026-04-03T07:00:00+00:00,0.003179201991133217,0.004443838736839887,0.004590527837681192,0.0056356182704515815,0.003179201991133217,0.0014294990453855155,0.0010369925278388265,6719.2857,-0.03270267432734339,0.00187269274721298,-0.0032502963989864313,-0.004555110674937692,-0.005113413294209842,0.0001971644184832196,-0.0001326475614323888,-4.577791107013581e-05,0.5023817483674423,0.03964225454122591,0.004763496734884569,-5.531457944262456,-8.027276808073402,2.495818863810946,0.4719307636103576,0.007755704470815089,-0.020594509332192538,-0.00044561121390310513,0.007966395584536082,0.004585871064856404,1.0,6.123233995736766e-17,-0.433883739117558,-0.9009688679024191,1
2026-04-03T07:00:00+00:00,2026-04-03T08:00:00+00:00,0.001061221325218328,0.004243797153301712,0.005509775958491581,0.006278287387758189,0.001061221325218328,0.0045114601737784275,0.0007067308855919047,7270.4093,0.08202115888598097,0.0026555492382269725,-0.00210672414924317,-0.0034640307567235427,-0.004749660430332536,0.00027960965846771476,-8.598134735768105e-05,-3.4813167465634296e-05,0.5152795537089098,0.012897805341467504,0.030559107417819576,-4.435120797091713,-7.308845605877065,2.8737248087853517,0.37790594497440555,0.007642540156322707,-0.013545370158826292,-0.00036775201900707835,0.005289589193082118,0.005501052267985101,0.9659258262890683,-0.25881904510252085,-0.433883739117558,-0.9009688679024191,0
2026-04-03T08:00:00+00:00,2026-04-03T09:00:00+00:00,-0.002367064404482355,-0.0013083550584882288,0.0018666874076379335,0.006361113267603509,-0.002362235216667365,0.002988898377455096,0.00100438630541115,9649.3893,0.32721404006786803,0.00025531602265992803,-0.004294307237508881,-0.005765290354483721,-0.004548461964950698,2.6876093111334484e-05,-0.0001752471294894259,-5.7939259475705145e-05,0.48504844589057183,-0.030231107818337932,-0.02990310821885629,-3.91570997469762,-6.630218479641176,2.7145085049435558,-0.15921630384179597,0.00756784773549395,-0.01211717595561124,-0.006847631760289536,-0.0006012995829695383,0.00187335891186919,0.8660254037844387,-0.4999999999999998,-0.433883739117558,-0.9009688679024191,1
2026-04-03T09:00:00+00:00,2026-04-03T10:00:00+00:00,0.00018923220246869064,-0.0021782801268243096,-0.001119370438928867,0.0034103863972638057,0.00018437920008544965,0.0013146724234118594,0.001911368763188978,4821.5571,-0.5003251552924702,0.00040223697987416926,-0.003945507740777325,-0.005521961545257586,-0.004345996600104525,4.234252753734598e-05,-0.00016101520220618433,-5.5494021200153796e-05,0.4876303196625458,0.002581873771973946,-0.0247393606749084,-3.4330295870704504,-5.990780701127031,2.5577511140565807,-0.15675739088697505,0.0072695566738949415,-0.03923380038238275,-0.005139961389961434,0.001194818567286274,-0.0011166108767953363,0.7071067811865476,-0.7071067811865475,-0.433883739117558,-0.9009688679024191,0
2026-04-03T10:00:00+00:00,2026-04-03T11:00:00+00:00,-0.0007034225143715614,-0.0005143234220945314,-0.002880170389912055,0.003830283023447678,-0.0007034225143715614,0.0,0.0031263653575416546,4051.9902,-0.15960962071775522,-0.0002727650249509019,-0.004464766233401773,-0.00615997565322292,-0.004193144951738254,-2.871128352821447e-05,-0.00018220215279105754,-6.190547052302313e-05,0.47803376623462557,-0.009596553427920256,-0.043932467530748906,-3.1314078635782607,-5.418906133617277,2.2874982700390163,-0.27025284401756444,0.007028645927560049,-0.03381978642642013,-0.0020154452874431242,0.0013952154319576723,-0.002881254716385226,0.49999999999999994,-0.8660254037844387,-0.433883739117558,-0.9009688679024191,1
2026-04-03T11:00:00+00:00,2026-04-03T12:00:00+00:00,0.0013301616583328228,0.0006258034783030363,0.0008151541029422387,0.003306442229376025,0.001325300619930006,0.0010278090214484088,0.0009550866850249196,2874.6916,-0.29054823479089364,0.0009562676576087474,-0.0030177565323786016,-0.004790098970038246,-0.003970227589749926,0.0001006698868383708,-0.0001231585661148501,-4.813938067984415e-05,0.4981330430228736,0.020099276788248018,-0.00373391395425287,-2.6408334891775667,-4.863291604729335,2.2224581155517686,-0.06504015448724765,0.006754104334401975,-0.037782176719813716,0.0006258034783030363,0.004470503442969348,0.000815971346429952,0.258819045102521,-0.9659258262890682,-0.433883739117558,-0.9009688679024191,0
2026-04-03T12:00:00+00:00,2026-04-03T13:00:00+00:00,-0.006205639374781701,-0.004883732220010654,-0.005583719407184498,0.017894079537915296,-0.006205639374781701,0.00932755727276292,0.002322132459118867,15335.5297,4.33466953463808,-0.004757181633747987,-0.008846894835201593,-0.010858082938515584,-0.004109261705768552,-0.0005005053304193175,-0.000360967403858751,-0.00010911455440835784,0.4172935183937265,-0.08083952462914702,-0.16541296321254692,-3.2474679993861173,-4.540126883660692,1.2926588842745748,-0.9297992312771939,0.00758897959060365,0.11663734325619694,-0.007226021426219063,-0.003935974809761173,-0.0055789002308204395,1.2246467991473532e-16,-1.0,-0.433883739117558,-0.9009688679024191,0
2026-04-03T13:00:00+00:00,2026-04-03T14:00:00+00:00,-0.0008146977325059872,-0.007015281386960304,-0.005694451186950831,0.004652934082619971,-0.0008195721638167849,0.0006493601605335139,0.0031833295087810003,7950.3394,-0.48157386438369976,-0.005040390483230791,-0.00927929486030153,-0.011549215955614495,-0.004260378347548686,-0.0005302860667774246,-0.00037860333421738915,-0.00011605905090015431,0.4079905888853777,-0.009302929508348825,-0.18401882222924457,-3.8189626384451003,-4.395894034617574,0.5769313961724736,-0.7157274881021012,0.00738500783668343,-0.02767016310325891,-0.016135385443086687,0.0015109433371800348,-0.005690175448954865,-0.25881904510252035,-0.9659258262890684,-0.433883739117558,-0.9009688679024191,1
2026-04-03T14:00:00+00:00,2026-04-03T15:00:00+00:00,0.003134505436560477,0.0023172540295827966,-0.003902765388046255,0.005743238310319798,0.003134505436560477,0.001231389230941329,0.0013871380664756162,6038.137,-0.2405183356071566,-0.0017389849020166322,-0.005933199165441269,-0.008367526540825584,-0.004201520644390744,-0.00018301754076595225,-0.000242112761722641,-8.408867262932778e-05,0.45801358839861694,0.0500229995132392,-0.08397282320276617,-3.7110571546486426,-4.258926658623787,0.5478695039751447,-0.02906189219732891,0.007246310856291059,-0.015705248008295536,0.0016624577072710876,0.00633801092253817,-0.003885831670727211,-0.5000000000000001,-0.8660254037844386,-0.433883739117558,-0.9009688679024191,0
2026-04-03T15:00:00+00:00,2026-04-03T16:00:00+00:00,-0.0016207613197766597,0.0015086638316156107,0.0006927369941068926,0.004109669178943593,-0.0016207613197766597,0.0015502666653665726,0.000936010062108203,5407.9689,-0.10436465750942714,-0.0030381916706690333,-0.007250632698572107,-0.009876455339427444,-0.0042252782330369455,-0.00031970740403137354,-0.00029585663472577573,-9.925100594281249e-05,0.4373700541475153,-0.020643534251101627,-0.12525989170496943,-3.84986559720528,-4.177114446340086,0.327248849134806,-0.22062065484033866,0.007033188370943832,-0.030984263505426556,-0.002848642762697204,0.0029041910312324146,0.0006990463842778303,-0.7071067811865475,-0.7071067811865477,-0.433883739117558,-0.9009688679024191,1
2026-04-03T16:00:00+00:00,2026-04-03T17:00:00+00:00,0.001677018027943605,5.353866221468642e-05,0.0031882119160029417,0.003260816664233133,0.001677018027943605,0.0008955078600282988,0.0006910984571957331,4063.9595,-0.24852387742096668,-0.001236308781607426,-0.00536789998549167,-0.008134914097693253,-0.004136705449157961,-0.00013012083285038537,-0.00021904996519130725,-8.175124681722299e-05,0.46423458478869806,0.026864530641182754,-0.07153083042260391,-3.6403295838558734,-4.069757473843244,0.42942788998737047,0.10217904085256446,0.006752799286345905,-0.03825640723163696,-0.001491906286902892,0.002615476202094173,0.0031907621447274225,-0.8660254037844384,-0.5000000000000004,-0.433883739117558,-0.9009688679024191,0
2026-04-03T17:00:00+00:00,2026-04-03T18:00:00+00:00,-0.002112230495935996,-0.0004387547166132479,-0.0020588049197163513,0.005667297450203924,-0.002112230495935996,0.00034140346085578767,0.0032091925320432285,4212.2581,0.0364911608986261,-0.0030282330837806412,-0.007178000818101682,-0.010129202173732555,-0.004162372368032932,-0.000318659800803139,-0.0002928938133090434,-0.00010179066447761899,0.4359524916537714,-0.02828209313492664,-0.12809501669245718,-3.780888780418536,-4.011983735158302,0.23109495473976605,-0.19833293524760442,0.006688536125276753,-0.011608651127042556,-0.0030050473124762157,0.0002536783358701078,-0.0020559737877690505,-0.9659258262890683,-0.25881904510252063,-0.433883739117558,-0.9009688679024191,0
2026-04-03T18:00:00+00:00,2026-04-03T19:00:00+00:00,-0.0005364911527731271,-0.002647588455735436,-0.0009750104813626746,0.002576539824131735,-0.0005364911527731271,0.0014541834613470315,0.0005855772327573235,1876.5841,-0.5544945121002913,-0.0032248511257731154,-0.007410503730950327,-0.010555306494209,-0.004199194381907045,-0.0003393428205997039,-0.0003023780798800812,-0.00010607222984233438,0.42882168865918524,-0.007130802994586176,-0.14235662268162955,-3.935675743190586,-3.9967221367647587,0.06104639357417252,-0.17004856116559353,0.006398155922754413,-0.043927811865829315,-0.0029872530894229214,0.002681306207126132,-0.000971703620765518,-1.0,-1.8369701987210297e-16,-0.433883739117558,-0.9009688679024191,1
2026-04-03T19:00:00+00:00,2026-04-03T20:00:00+00:00,0.001668895113357806,0.0011315086131214562,-0.0009831118898135894,0.004335795155601502,0.001668895113357806,0.0006966502328664434,0.0019730303797962576,2549.0412,0.3583410410436708,-0.001412849187305604,-0.005529577582252089,-0.008816210888241811,-0.004122552940518121,-0.0001486988524476484,-0.0002256461165119208,-8.85972843807888e-05,0.4584790585893981,0.029657369930212882,-0.08304188282120378,-3.7392760616794476,-3.9452329217476967,0.2059568600682491,0.14491046649407657,0.006240945811657663,-0.022943271295856094,-0.0003214275278328524,0.0022557932873059827,-0.000979826535351317,-0.9659258262890684,0.2588190451025203,-0.433883739117558,-0.9009688679024191,1
2026-04-03T20:00:00+00:00,2026-04-03T21:00:00+00:00,3.4101759650877735e-05,0.001703053785268722,0.0011656489592071014,0.0014614541468761417,2.9229937301757904e-05,0.0010960906101571063,0.0003361344537815392,2868.2806,0.1252390114369277,-0.0012476455740068027,-0.005281286343333408,-0.008695782514691457,-0.004038679610066937,-0.00013131386745687042,-0.00021551625062467476,-8.738716195919263e-05,0.45909812327691546,0.0006190646875173655,-0.08180375344616905,-3.537204789137377,-3.8636272952256325,0.32642250608825574,0.12046564602000664,0.005899355931337922,-0.05470143664186041,-0.0006620872299926135,0.0036866629832633144,0.0011665057202355567,-0.8660254037844386,0.5000000000000001,-0.433883739117558,-0.9009688679024191,1
2026-04-03T21:00:00+00:00,2026-04-03T22:00:00+00:00,0.0027621483375959432,0.00279634429136555,0.004469906210046482,0.004007928411111435,0.0027621483375959432,0.001214523760942859,3.8864760350136144e-05,4888.6892,0.7043971220946792,0.0013669497128885513,-0.002434605816591786,-0.005898722763848427,-0.003796366087946399,0.00014391015061337482,-9.936179223661199e-05,-5.928013152540965e-05,0.5081466648649466,0.04904854158803111,0.016293329729893172,-2.8862691221697787,-3.668155660614462,0.7818865384446831,0.4554640323564274,0.005749164669458716,-0.022767098274478002,0.0016642335766423712,0.0031286549707602693,0.004465145210604627,-0.7071067811865477,0.7071067811865474,-0.433883739117558,-0.9009688679024191,0
2026-04-03T22:00:00+00:00,2026-04-03T23:00:00+00:00,-0.003220917014020515,-0.00046766532700038307,-0.0004335795155600838,0.004942026230754548,-0.003216074542972436,0.0006384668996339515,0.0010771082810619198,3624.057,-0.258685334301882,-0.00168168013761682,-0.0054274055237327505,-0.009010902814746558,-0.0037520351090344346,-0.00017698763168750984,-0.00022147769283593802,-9.05536366305151e-05,0.45606880476785605,-0.052077860097090534,-0.0878623904642879,-2.872273723580747,-3.5089792732077187,0.6367055496269716,-0.14518098881771158,0.0057087623839878355,-0.010225787352165441,-0.004430060361392052,-0.0004287099241476268,-0.00042466691677369404,-0.5000000000000004,0.8660254037844384,-0.433883739117558,-0.9009688679024191,1
2026-04-03T23:00:00+00:00,2026-04-04T00:00:00+00:00,0.0009942537979032765,-0.00222986562509116,0.0005261234928753756,0.0023711796984170505,0.0009893751827662273,0.0001314617081257854,0.0012513207032715287,3720.328,0.026564427656629072,-0.0006235108616946862,-0.004265229649557175,-0.007946385916695019,-0.0036439908557409596,-6.562841491207475e-05,-0.00017406070370128092,-7.985679742476995e-05,0.4739339140983407,0.017865109330484616,-0.052132171803318667,-2.665841160884611,-3.3403516507430973,0.6745104898584864,0.037804940231514816,0.00546509832271384,-0.041730650268247474,-0.002859611986095136,0.002073595565920823,0.0005354851214787047,-0.2588190451025207,0.9659258262890683,-0.433883739117558,-0.9009688679024191,0
2026-04-04T00:00:00+00:00,2026-04-04T01:00:00+00:00,-0.0007644254879905878,0.00022906827696803994,-0.002992586546963134,0.0011499517604982444,-0.0007644254879905878,1.4618030853887951e-05,0.0003703234482961312,1675.1923,-0.5497191914261323,-0.001255486599709397,-0.004830233274412185,-0.008618869203706522,-0.0035792403630156935,-0.0001321390211515131,-0.00019711351714869093,-8.661429835565107e-05,0.46137449753846593,-0.012559416559874706,-0.07725100492306808,-2.598968456084094,-3.192075011811297,0.5931065557272026,-0.08140393413128377,0.005160755792074933,-0.05641024656818528,-0.0008957694367361331,0.0014786041586352923,-0.002991088704107826,0.0,1.0,-0.9749279121818236,-0.2225209339563146,0
2026-04-04T01:00:00+00:00,2026-04-04T02:00:00+00:00,-0.0004823950181752002,-0.0012464517511186152,-0.0002534372426027916,0.00206213711505556,-0.0004823950181752002,0.000750754410682145,0.0008287548689347663,1681.6241,0.0038394398064031613,-0.0015720812308848225,-0.005103113931517884,-0.009007403385855537,-0.0035365925113414296,-0.00016545485499077901,-0.00020824698871058656,-9.051847285892568e-05,0.453218454871981,-0.008156042666484993,-0.09356309025603807,-2.5959317961282977,-3.072846368674697,0.47691457254639946,-0.11619198318080315,0.004941738702085196,-0.042900879065182605,-0.0012610401877441234,-0.00011211308798441052,-0.00025256670826251165,0.25881904510252074,0.9659258262890683,-0.9749279121818236,-0.2225209339563146,0
2026-04-04T02:00:00+00:00,2026-04-04T03:00:00+00:00,-0.0005557532650503701,-0.0010378801906191753,-0.0018015122965385733,0.0026242238297084133,-0.0005557532650503701,0.000990181110466263,0.0010779804207538236,2584.5202,0.5369191010047965,-0.0019247830096452802,-0.005435431588884175,-0.009463944857110756,-0.003517418847273934,-0.00020256769587224152,-0.00022180514213082872,-9.510597768220195e-05,0.44349613110786756,-0.009722323764113411,-0.11300773778426489,-2.654909549198692,-2.989259004779496,0.3343494555808042,-0.14256511696559526,0.00477875356045512,-0.0335187591877887,-0.0017869315415328037,0.000273228042955325,-0.001802573771216158,0.49999999999999994,0.8660254037844387,-0.9749279121818236,-0.2225209339563146,0
2026-04-04T03:00:00+00:00,2026-04-04T04:00:00+00:00,-3.9021915683360196e-05,-0.0005947534941766808,-0.001076861606229248,0.0011268017853222824,-3.9021915683360196e-05,0.0009511963122849774,0.00013658203458461992,1091.4606,-0.5776931439731057,-0.0017770402747383331,-0.005260694615718802,-0.009408933907755088,-0.0034898559555665465,-0.00018702188729597866,-0.00021467613347506473,-9.455320867194295e-05,0.44277830599644175,-0.0007178251114257961,-0.11444338800711648,-2.677243577396439,-2.9268559193028847,0.24961234190644577,-0.08473711367435843,0.004518073025384261,-0.05458679457633806,-0.0015828179028880337,0.0010400796906129678,-0.0010771701989089305,0.7071067811865475,0.7071067811865476,-0.9749279121818236,-0.2225209339563146,1
2026-04-04T04:00:00+00:00,2026-04-04T05:00:00+00:00,0.0005658398575643786,0.0005267958617258062,-2.9250171844732986e-05,0.0015649299681651495,0.0005658398575643786,0.0001998820208559116,0.0007995280834240899,1310.6356,0.20080889772842,-0.0010968843861875286,-0.004514434472120237,-0.008761145405751123,-0.0034213028596198447,-0.0001154481845133764,-0.00018422868505278984,-8.804396019918587e-05,0.4565145938698682,0.013736287873426463,-0.08697081226026356,-2.571696236783282,-2.855823982798964,0.2841277460156819,0.03451540410923615,0.004304761679829295,-0.04667377854107768,-0.00042396007952901003,0.000702517843465391,-2.8935323169351638e-05,0.8660254037844386,0.5000000000000001,-0.9749279121818236,-0.2225209339563146,1
2026-04-04T05:00:00+00:00,2026-04-04T06:00:00+00:00,0.0012577941800205378,0.0018243457476645845,0.0017852526425152816,0.0021959401886267648,0.0012577941800205378,0.0005355951679577313,0.00040413089945901345,1818.1301,0.3872125097166596,0.00014433459953535973,-0.003134785507674117,-0.007440157382825571,-0.0032786468850243087,1.5193346574953738e-05,-0.00012793405966688153,-7.476986013356789e-05,0.48681587435859547,0.030301280488727256,-0.026368251282809042,-2.253883405969191,-2.7354358674330093,0.48155246146381847,0.19742471544813656,0.004149110135362087,-0.0349456785474477,0.0010577007438024942,0.002626427326560654,0.001784612121901556,0.9659258262890683,0.25881904510252074,-0.9749279121818236,-0.2225209339563146,1
2026-04-04T06:00:00+00:00,2026-04-04T07:00:00+00:00,0.0013000355440429998,0.0025594649012046547,0.003126753006024172,0.002523754412923205,0.0013000355440429998,0.0007488596909251644,0.00047654707604330654,3204.6663,0.7626166026292617,0.0013068010662270336,-0.0017668419086604753,-0.006088974921121855,-0.00306963157706967,0.0001375769317798192,-7.211079592988462e-05,-6.119198316251382e-05,0.5168380433312326,0.030022168972637146,0.03367608666246525,-1.7662080153777424,-2.5415902970219557,0.7753822816442133,0.29382982018039483,0.004028011095480617,-0.027924658181057105,0.000764031164685294,0.002965303992430636,0.0031236695816279163,1.0,6.123233995736766e-17,-0.9749279121818236,-0.2225209339563146,0
2026-04-04T07:00:00+00:00,2026-04-04T08:00:00+00:00,-0.001283759470157393,1.4607140944400396e-05,0.0012724196937418048,0.002809399070999397,-0.001283759470157393,0.00044307680322513873,0.0010809126408352506,2841.9482,-0.11318435869594287,1.9329273941968848e-05,-0.0029291408579412946,-0.007292169240056837,-0.0029484131411979635,2.034664554702287e-06,-0.00011954247759945597,-7.328276230900599e-05,0.48653013631456,-0.030307907016672644,-0.026939727370880035,-1.5745967205793931,-2.348191581733443,0.77359486115405,-0.0017874204901633384,0.003945775191954395,-0.021673557427375468,-0.0020310981535470534,0.0004920085151573786,0.0012740702539061446,0.9659258262890683,-0.25881904510252085,-0.9749279121818236,-0.2225209339563146,0
2026-04-04T08:00:00+00:00,2026-04-04T09:00:00+00:00,-0.0015824171543757485,-0.0028641451815254724,-0.001567833128021755,0.002730947980317623,-0.0015824171543757485,0.000790024237163272,0.00035599857600570483,2363.4539,-0.1683684100927666,-0.0014144606104649733,-0.004330946275902476,-0.008775631535712158,-0.002920616762806757,-0.00014886842546743952,-0.00017674207410100088,-8.818952378842822e-05,0.4514339589914295,-0.03509617732313046,-0.09713208201714096,-1.6657890483515985,-2.211711075057074,0.5459220267054756,-0.22767283444857433,0.0038648088810712914,-0.022069693917803338,-0.003305190607425853,-0.0005020471826865595,-0.0015661410804901417,0.8660254037844387,-0.4999999999999998,-0.9749279121818236,-0.2225209339563146,0
2026-04-04T09:00:00+00:00,2026-04-04T10:00:00+00:00,-6.827369950810136e-05,-0.0016505828164105555,-0.0029322233352461024,0.001209502397058187,-6.827369950810136e-05,0.0006486444306803584,0.0004925796052534169,2862.9701,0.2113500923373204,-0.0013416235873475843,-0.004227146662643819,-0.008756083469851465,-0.002889399561901754,-0.00014120359423945512,-0.00017250683473285598,-8.799309542665696e-05,0.44992831341973977,-0.0015056455716897688,-0.1001433731605205,-1.729420768989712,-2.115253013843602,0.3858322448538898,-0.16008978185158584,0.0036753891662570674,-0.04907633289674121,-0.002437434320632185,0.0002878273426217123,-0.002934450324041243,0.7071067811865476,-0.7071067811865475,-0.9749279121818236,-0.2225209339563146,1
2026-04-04T10:00:00+00:00,2026-04-04T11:00:00+00:00,0.001897163034095447,0.0018287598082484381,0.00024344879298088438,0.0034220569336812045,0.001897163034095447,0.00029206744810930576,0.0012364188636627867,3612.058,0.26164712652779715,0.0005003017078819049,-0.002246522789939201,-0.006807584627403125,-0.0027454509440249042,5.266611124496816e-05,-9.168640058568211e-05,-6.841325526016854e-05,0.49984433530563166,0.049916021885891906,-0.0003113293887366808,-1.449252792065181,-1.9820529694879176,0.5328001774227367,0.14696793256884688,0.003650831512763006,-0.004797160275218472,0.0011793947073444478,0.002390920357954978,0.00024647218021159713,0.49999999999999994,-0.8660254037844387,-0.9749279121818236,-0.2225209339563146,0
2026-04-04T11:00:00+00:00,2026-04-04T12:00:00+00:00,-0.001207212118851989,0.0006876606370372602,0.0006193399883934621,0.0018178805364940822,-0.001207212118851989,0.0003460308796007663,0.0002631784154709741,2783.2612,-0.22945279394738402,-0.0006401751957219176,-0.0033161374356031493,-0.007927542666452968,-0.002677676421908707,-6.738232202419386e-05,-0.00013533423055902402,-7.966744823484394e-05,0.470529065619417,-0.02931526968621469,-0.05894186876116606,-1.4110670233403653,-1.8678557802584073,0.456788756918042,-0.07601142050469467,0.0035240039084393554,-0.03590464914377697,-0.0014988418040604633,0.001928814535937011,0.0006216772157353566,0.258819045102521,-0.9659258262890682,-0.9749279121818236,-0.2225209339563146,0
2026-04-04T12:00:00+00:00,2026-04-04T13:00:00+00:00,-0.0008236509669370197,-0.002029868764360018,-0.00013655672224837978,0.0023949467112161812,-0.0008236509669370197,0.0006487330195351205,0.0009218837646025279,2573.9912,-0.07518877495220355,-0.001324121615448425,-0.003975464500411471,-0.008658405903676109,-0.002654858240144773,-0.00013936179826099188,-0.00016223753187195877,-8.701158313633663e-05,0.45111287407573797,-0.01941619154367899,-0.09777425184852405,-1.4998836772074355,-1.7942613596482129,0.29437768244077733,-0.16241107447726466,0.003446054411816506,-0.022925015059656214,-0.0023746611971601915,-0.0005606200945742168,-0.0001337000516935616,1.2246467991473532e-16,-1.0,-0.9749279121818236,-0.2225209339563146,1
2026-04-04T13:00:00+00:00,2026-04-04T14:00:00+00:00,0.0016779260054142645,0.0008528930131004366,-0.0003553487285330514,0.002434760589991186,0.0016779260054142645,0.0006866024863774436,7.304281769977987e-05,6453.8102,1.5073163420294522,0.00031808790272546235,-0.0022140479557180123,-0.006925888048564287,-0.0025313306727786657,3.3484058273614036e-05,-9.036113844187945e-05,-6.960207027544338e-05,0.49664408392620607,0.0455312098504681,-0.006711832147587842,-1.2779607287875479,-1.6910012334760798,0.41304050468853193,0.1186628222477546,0.00336845892458061,-0.020877053525759415,0.0002045617265010071,0.0026022087039730924,-0.0003529370803747443,-0.25881904510252035,-0.9659258262890684,-0.9749279121818236,-0.2225209339563146,0
2026-04-04T14:00:00+00:00,2026-04-04T15:00:00+00:00,-0.00023860653781925139,0.0014389191034801445,0.0006140829694321991,0.0048950367736592115,-0.00023373815483205827,0.0005357751692562024,0.004125468803273002,4750.0024,-0.26400029551535303,7.184249831591483e-05,-0.0023561909707653173,-0.00709207543109776,-0.002427859045621836,7.562425433568161e-06,-9.616181204794648e-05,-7.127205994242852e-05,0.49040382917918,-0.006240254747026057,-0.019192341641639955,-1.1286141369623692,-1.5785238141733378,0.44990967721096853,0.0368691725224366,0.00347824670422021,0.032346497218870056,-0.0009245742092457863,0.001512195121951175,0.0006156685006579935,-0.5000000000000001,-0.8660254037844386,-0.9749279121818236,-0.2225209339563146,1
2026-04-04T15:00:00+00:00,2026-04-04T16:00:00+00:00,0.001553747990843142,0.001314770718595152,0.0029949028119893046,0.004702644082303601,0.001553747990843142,0.0027865719329472098,0.00036473454619727764,7667.3607,0.6141803844141215,0.0014706456432461473,-0.0007745164729422247,-0.00549443274591034,-0.0022418651270065945,0.00015482877279017186,-3.1611917917988756e-05,-5.52173804797048e-05,0.5316607573132538,0.04125692813407376,0.06332151462650756,-0.7442700648834943,-1.411673064315369,0.6674029994318746,0.21749332222090612,0.0035606931488140828,0.02529402653155844,0.0007835770046917902,0.005702743283625817,0.002993067458438155,-0.7071067811865475,-0.7071067811865477,-0.9749279121818236,-0.2225209339563146,0
2026-04-04T16:00:00+00:00,2026-04-04T17:00:00+00:00,-0.0002626088732620222,0.0012907310895719113,0.0010518165748761214,0.00424176091450799,-0.0002626088732620222,0.0028262191414325406,0.0011528639182779477,4189.8173,-0.4535515591434221,0.001092510571446036,-0.0009962988584765878,-0.005698655453192933,-0.002086529873977665,0.00011501433956091046,-4.066360593354991e-05,-5.72696391281315e-05,0.5239280750773115,-0.007732682235942221,0.04785615015462312,-0.4777410048227466,-1.2248866524168445,0.7471456475940979,0.0797426481622232,0.00361020935337029,0.013640077792677762,-0.0030407076555998397,0.0016566375130947894,0.0010525325797618684,-0.8660254037844384,-0.5000000000000004,-0.9749279121818236,-0.2225209339563146,1
2026-04-04T17:00:00+00:00,2026-04-04T18:00:00+00:00,0.0005983217803721358,0.00033555578250152193,0.0018898251424675414,0.002537700901321257,0.0005983217803721358,0.0006368559733200836,0.0013028809225173975,2934.0725,-0.29971349824728627,0.0015301456204386873,-0.0003829488500281316,-0.005053216407143117,-0.0019101716297133268,0.00016109390711321883,-1.5630320996558155e-05,-5.0783515447634544e-05,0.5403279191913036,0.016399844113992045,0.08065583838260722,-0.1653579406179233,-1.0129809100570601,0.8476229694391368,0.10047732184503899,0.0035315970297816095,-0.021189710811327034,-0.0024829057756655306,0.0017532069076351717,0.0018894608979532555,-0.9659258262890683,-0.25881904510252063,-0.9749279121818236,-0.2225209339563146,0
2026-04-04T18:00:00+00:00,2026-04-04T19:00:00+00:00,-0.0008896537642563016,-0.00029186428310831036,-0.0005543965102198001,0.0016203196846945123,-0.0008896537642563016,0.0006617521835389764,6.812154830541452e-05,1692.2754,-0.42323327047985354,0.000578225783215381,-0.0012224302882460182,-0.0058796336719195985,-0.0017996154873867185,6.086957679720361e-05,-4.989262440770585e-05,-5.9088304063793133e-05,0.5120646369566859,-0.02826328223461772,0.024129273913371777,-0.06471185965256154,-0.8233270999761604,0.7586152403235988,-0.089007729115538,0.003397997294537493,-0.03868583396576904,-0.0015255381894678946,0.0010131169419454412,-0.000553940857146188,-1.0,-1.8369701987210297e-16,-0.9749279121818236,-0.2225209339563146,1
2026-04-04T19:00:00+00:00,2026-04-04T20:00:00+00:00,0.0046517285842882245,0.0037579363921866125,0.004358506627751447,0.013977749901923334,0.0046517285842882245,0.009342716410537055,4.843295184417317e-06,16701.0527,8.868992186496358,0.004731938910316305,0.003288911025775329,-0.0012427809651610754,-0.0014362317237630701,0.000498347058753101,0.00013425928949520988,-1.2490104951797662e-05,0.6230055290202382,0.11094089206355236,0.2460110580404765,0.7775004471968714,-0.5031615905415541,1.2806620377384255,0.5220467974148266,0.0041390843480023,0.22376149376619214,0.0030947268186985095,0.0047201716779966115,0.004360396600404059,-0.9659258262890684,0.2588190451025203,-0.9749279121818236,-0.2225209339563146,0
2026-04-04T20:00:00+00:00,2026-04-04T21:00:00+00:00,-0.0009202260850192477,0.0037272218572852855,0.0028342521560734317,0.0025644630382827133,-0.0009202260850192477,8.725961188855798e-05,0.0015561297453473837,3522.6088,-0.789078636941251,0.0034435041787131593,0.002272676643131781,-0.0021403983742824097,-0.0011668096217730404,0.0003626055592075512,9.277091760946222e-05,-2.1511078713714777e-05,0.5940943899754547,-0.028911139044783526,0.18818877995090944,1.2769260386348833,-0.14714406470626656,1.4240701033411498,0.14340806560272434,0.00403015148456058,-0.02721411415999715,-0.010167946257197722,0.003732105841937811,0.002841848735012675,-0.8660254037844386,0.5000000000000001,-0.9749279121818236,-0.2225209339563146,1
2026-04-04T21:00:00+00:00,2026-04-04T22:00:00+00:00,0.002918349242053307,0.0019954376159363255,0.0066564484344207656,0.004408288742912608,0.002923211169284344,0.0014114257817220714,8.217204893590714e-05,3423.6933,-0.02808018307340857,0.005761558496280181,0.004992810926804977,0.0007640199200328887,-0.0007643437582010627,0.0006068478827215956,0.00020382973918999124,7.678651122312922e-06,0.6495810362695638,0.05548664629410901,0.29916207253912747,2.1338899517140817,0.3090627385778031,1.8248272131362786,0.4007571097951288,0.004046271777846251,0.0069299448342536206,0.0019080919564722842,0.004481452709263944,0.006649851741322283,-0.7071067811865477,0.7071067811865474,-0.9749279121818236,-0.2225209339563146,1
2026-04-04T22:00:00+00:00,2026-04-04T23:00:00+00:00,0.00014984314805950485,0.003068629684750378,0.0021455797666499587,0.002010497114743473,0.0001450087972002316,0.0014547106527350582,0.00041079868931071065,2168.2004,-0.36670717555220256,0.005346181829832781,0.0049407036157524935,0.0009048750180415174,-0.000403321981431586,0.0005630728547050208,0.00020170204758312795,9.094303992384999e-06,0.6522174953739799,0.0026364591044161045,0.30443499074795966,2.8057119354461975,0.808392577951482,1.9973193574947155,0.17249214435843685,0.003900296387736723,-0.03593207906014975,-0.0012598045130928575,0.003156164702345919,0.002147966305093564,-0.5000000000000004,0.8660254037844384,-0.9749279121818236,-0.2225209339563146,0
2026-04-04T23:00:00+00:00,2026-04-05T00:00:00+00:00,-0.0017495191238871663,-0.0015999381292807749,0.0013137419345456132,0.003195321275029973,-0.0017495191238871663,4.8413958712531975e-05,0.001394322010922242,2597.6351,0.19806042836261803,0.0032445524421888636,0.003057353546666719,-0.0008378140853684086,-0.0001865934831805945,0.00034164851986617865,0.00012480551515299407,-8.420171164034043e-06,0.5958413193094226,-0.0563761760645572,0.19168263861884527,3.011319336541874,1.2489779296695604,1.7623414068723133,-0.23497795062240212,0.0038562883673838003,-0.013013029152980915,-0.0031995753203195275,-0.0011943964912788747,0.0013186732662256455,-0.2588190451025207,0.9659258262890683,-0.9749279121818236,-0.2225209339563146,0
2026-04-05T00:00:00+00:00,2026-04-05T01:00:00+00:00,-0.0016557573879701349,-0.0034023797326425296,-0.003253046407873058,0.002570195431841415,-0.0016509239848755556,5.819310411710919e-05,0.0008583482857281324,1941.3568,-0.25264453040382767,0.00143240467541293,0.0013416944074944618,-0.002467447590582145,-9.058051995817872e-05,0.00015080217738503923,5.476603619510857e-05,-2.4797853298176323e-05,0.5476765448138994,-0.048164774495523234,0.0953530896277988,2.8652702139070243,1.5722363865170532,1.293033827389971,-0.46930757948234225,0.003770363420499969,-0.023900638435705213,-0.003450542228064349,-0.000261800411123591,-0.003255433363797796,0.0,1.0,-0.7818314824680299,0.6234898018587334,0
2026-04-05T01:00:00+00:00,2026-04-05T02:00:00+00:00,-0.0022937781872848155,-0.003945737635074989,-0.00568835361551175,0.002571243869600492,-0.0022937781872848155,0.00017498067921673172,9.721148845361705e-05,2413.2758,0.2430872058139956,-0.0007823750692598858,-0.0009177383981394619,-0.004708469736108706,-0.0001354693166956084,-8.234848861631152e-05,-3.745730702575327e-05,-4.731906468069905e-05,0.48882328559201105,-0.05885325922188834,-0.022353428815977877,2.34086967379244,1.7259630439721305,0.6149066298203096,-0.6781271975696614,0.003692761122986031,-0.022828746948028455,-0.0039987800332103125,-0.0014366630588303992,-0.005699054699142116,0.25881904510252074,0.9659258262890683,-0.7818314824680299,0.6234898018587334,1
2026-04-05T02:00:00+00:00,2026-04-05T03:00:00+00:00,0.0012102830312487479,-0.0010862712768535871,-0.002740230063131732,0.0027963065451048924,0.0012102830312487479,2.427349431501517e-05,0.0015632130338954103,2686.18,0.11308454673933246,0.0003862824005979837,0.0002800019290378181,-0.003469141705672776,-0.00010623943313689533,4.0662958735165515e-05,1.1428780780409346e-05,-3.486453020773482e-05,0.5181766005010883,0.02935331490907721,0.036353201002176545,2.101970450924455,1.8011645253625954,0.30080592556185937,-0.31410070425845027,0.0036245836184002375,-0.017274535344306136,-0.00126063050919771,0.0013076216355478907,-0.0027392525440062022,0.49999999999999994,0.8660254037844387,-0.7818314824680299,0.6234898018587334,0
2026-04-05T03:00:00+00:00,2026-04-05T04:00:00+00:00,-0.001563213033895631,-0.0003548219328560338,-0.002647786237330894,0.002518671230745435,-0.001563213033895631,0.00033549867745451544,0.0006175120585031809,1326.4416,-0.5061977976159453,-0.0010655078270970027,-0.0012333717255078643,-0.0049771614645637285,-0.0001680429494888305,-0.00011214614047447813,-5.033916892257102e-05,-5.001922121425481e-05,0.4798064599181724,-0.038370140582915865,-0.040387080163655185,1.633978519037555,1.7677273240975873,-0.13374880506003217,-0.43455473062189154,0.00355085939613618,-0.021871470022429108,-0.0015874479953007568,0.0012121802205290663,-0.0026467081899316986,0.7071067811865475,0.7071067811865476,-0.7818314824680299,0.6234898018587334,0
2026-04-05T04:00:00+00:00,2026-04-05T05:00:00+00:00,-0.0007196203516415213,-0.0022817084656240097,-0.001074186947413463,0.0019365888787247797,-0.0007196203516415213,0.0007055411744099112,0.0005109091262966033,1157.1356,-0.1276392417125639,-0.0016146966352171587,-0.0018756949897117561,-0.005636870713538623,-0.000261420469246667,-0.000169939182630538,-7.655311834333816e-05,-5.6648757706596255e-05,0.4628420435754846,-0.016964416342687798,-0.07431591284903077,1.1306346576552642,1.6403087908091227,-0.5096741331538586,-0.3759253280938264,0.003437928819240479,-0.03250046469513747,-0.0026158064594405993,-0.00010217138520073582,-0.0010725503542884044,0.8660254037844386,0.5000000000000001,-0.7818314824680299,0.6234898018587334,0
2026-04-05T05:00:00+00:00,2026-04-05T06:00:00+00:00,-0.0031919655890538675,-0.003909288937295766,-0.005466390919771353,0.004695889876012833,-0.0031919655890538675,0.0008151908620521687,0.0006785121546421326,4342.6995,2.752973722353715,-0.004346209138699071,-0.004864141945417271,-0.008723938348042626,-0.0005201936772320806,-0.000457286492207015,-0.0001984969970550461,-8.76700856242565e-05,0.39600722829334933,-0.06683481528213527,-0.2079855434133013,0.20008736275303818,1.3522645051979059,-1.1521771424448677,-0.6425030092910091,0.0035380057216061597,0.025824766746640356,-0.004611071430306856,-0.002682426939161105,-0.005474798974591019,0.9659258262890683,0.25881904510252074,-0.7818314824680299,0.6234898018587334,0
2026-04-05T06:00:00+00:00,2026-04-05T07:00:00+00:00,-0.005018061114907729,-0.00819400922555904,-0.008907733001400311,0.010390910161309233,-0.005018061114907729,0.0001618980336747553,0.0051856430786137294,11035.0462,1.5410568242172873,-0.008460230106420137,-0.009474877122018213,-0.01356377024030712,-0.0010233044063446646,-0.0008897581629077639,-0.00038658017642250825,-0.00013630071847910925,0.31841224138830254,-0.07759498690504678,-0.36317551722339486,-1.3513110861049427,0.8115493869373361,-2.162860473042279,-1.0106833305974112,0.0040440678309543,0.13730015382763522,-0.008999285307973916,-0.004342495396173377,-0.008929647055603118,1.0,6.123233995736766e-17,-0.7818314824680299,0.6234898018587334,0
2026-04-05T07:00:00+00:00,2026-04-05T08:00:00+00:00,-0.0005053181051061524,-0.0055208435028799895,-0.008695186749450112,0.0039807783869748046,-0.0005053181051061524,0.0020959215428338535,0.0013792832635510632,3661.4989,-0.6681936048441737,-0.00811474408825773,-0.009587965692867101,-0.013924259917573753,-0.001485274224844873,-0.0008534545813409564,-0.00039119244706562725,-0.0001399227296191862,0.3118195509139183,-0.006592690474384284,-0.37636089817216345,-2.6335598869354726,0.12252753216277434,-2.7560874190982467,-0.5932269460559678,0.004041445689248249,-0.0011533825787810525,-0.005681013992669283,0.004704721982492893,-0.008715344809067748,0.9659258262890683,-0.25881904510252085,-0.7818314824680299,0.6234898018587334,1
2026-04-05T08:00:00+00:00,2026-04-05T09:00:00+00:00,0.0009178860152458012,0.0004121040857177212,-0.004608024992677842,0.0019763039683006593,0.0009178860152458012,0.0003825104454775362,0.0006767492496909912,1960.877,-0.46446057924529216,-0.00652265741074143,-0.008341371059756367,-0.012891280942955014,-0.0018306543803756005,-0.0006861244269646404,-0.0003403482485195113,-0.0001295438287143092,0.33859456777659347,0.026775016862675187,-0.32281086444681306,-3.4589849031194717,-0.5937749548936748,-2.8652099482257967,-0.10912252912754994,0.0038904941091720997,-0.03646728454944501,-0.0016792405720187783,0.002300342102158814,-0.0046054932047680805,0.8660254037844387,-0.4999999999999998,-0.7818314824680299,0.6234898018587334,1
2026-04-05T09:00:00+00:00,2026-04-05T10:00:00+00:00,0.002579493516938343,0.0034997472132097585,0.0029926606224734767,0.003487541698868192,0.0025745769111942605,0.0007728353273788787,0.00014674088494545244,2359.0432,0.2030551635824175,-0.003584198983679386,-0.005557854808685985,-0.01024315906325322,-0.0019807552459460355,-0.00037714181393412393,-0.00022679976687801036,-0.00010293572538928843,0.40832745701122325,0.06973288923462981,-0.18334508597755345,-3.6466656433995013,-1.20435309259484,-2.4423125508046613,0.4228973974211354,0.003852417087192457,-0.007232946841468268,0.0021961430238144346,0.004179949015427986,0.0029920614270779917,0.7071067811865476,-0.7071067811865475,-0.7818314824680299,0.6234898018587334,1
2026-04-05T10:00:00+00:00,2026-04-05T11:00:00+00:00,0.00015652361060835657,0.002736420879185511,0.0036568186168881435,0.0049346127135969095,0.0001614157629829277,0.003809775325958406,0.0009634476754990988,3003.5878,0.2732228896868017,-0.003102750725607947,-0.005191449922719723,-0.00998886095052943,-0.002095200080682407,-0.00032649870331777624,-0.00021185102484636413,-0.00010038048506349548,0.41238637871730527,0.004058921706081975,-0.1752272425653895,-3.7266244496768195,-1.708807364011236,-2.0178170856655835,0.42449546513907777,0.003929156939204782,0.020079564619382945,-0.0006158357771260953,0.0028790457459279494,0.0036539031427925005,0.49999999999999994,-0.8660254037844387,-0.7818314824680299,0.6234898018587334,0
2026-04-05T11:00:00+00:00,2026-04-05T12:00:00+00:00,-0.0011835245556892674,-0.0010271861946176111,0.001549657702191027,0.0025999843315444916,-0.0011835245556892674,0.0005337067648556143,0.0008813506208625262,1592.5427,-0.4697865332919517,-0.003876317159457491,-0.006120600889485697,-0.011050740250404955,-0.00225301713902476,-0.0004078669618688516,-0.00024975804980189665,-0.00011105038252744254,0.39056545376297136,-0.021820924954333874,-0.21886909247405725,-3.9398500164220422,-2.1550158944933973,-1.784834121928645,0.2329829637369385,0.0038385392480227163,-0.02421911318699756,-0.004974348730591154,-5.875325590965621e-05,0.001552492571857432,0.258819045102521,-0.9659258262890682,-0.7818314824680299,0.6234898018587334,0
2026-04-05T12:00:00+00:00,2026-04-05T13:00:00+00:00,-0.006835363704022894,-0.008010798438921383,-0.007855528707408542,0.01025952000631049,-0.006830500756496343,0.0,0.003382042635429559,9845.9831,5.182555167908528,-0.009677396248881365,-0.012413978556360424,-0.017636474070864546,-0.002763324089658766,-0.001017636650082213,-0.0005064363945231381,-0.0001772195833395185,0.2939415534022305,-0.09662390036074087,-0.41211689319553896,-5.175626742317263,-2.7591380640581704,-2.4164886782590926,-0.6316545563304476,0.004322064243360672,0.11826949913727883,-0.008539321448996265,-0.005959265285319469,-0.007862364649103806,1.2246467991473532e-16,-1.0,-0.7818314824680299,0.6234898018587334,1
2026-04-05T13:00:00+00:00,2026-04-05T14:00:00+00:00,0.004077185509475739,-0.002786047240393194,-0.003966274440760146,0.005911726725031038,0.004072235341678401,0.0005499280674446958,0.0013060791601812083,4872.8393,-0.5050936762221336,-0.005105298222415678,-0.008061140666974295,-0.013497392651971179,-0.002971010338357813,-0.0005371111694439436,-0.00032891792707335317,-0.00013563378843700958,0.3901892966686056,0.09624774326637507,-0.21962140666278884,-5.425131279787138,-3.292336707203964,-2.132794572583174,0.2836941056759188,0.004419314854602934,0.02666988995046292,-0.002781164465727454,0.007484541182290433,-0.0039417027502364225,-0.25881904510252035,-0.9659258262890684,-0.7818314824680299,0.6234898018587334,1
2026-04-05T14:00:00+00:00,2026-04-05T15:00:00+00:00,0.0009132733977206954,0.004994182492259811,-0.0018753182655019426,0.003988246201845426,0.0009132733977206954,0.0023694008800631485,0.0007064052313232121,5390.7783,0.10629100779087879,-0.003798521057515765,-0.006876561611462718,-0.01247267158898319,-0.0030897771374666506,-0.00039968451026177264,-0.00028059722723842393,-0.00012533777178003696,0.40968008718116716,0.01949079051256156,-0.18063982563766573,-5.410411116496562,-3.7159515890624837,-1.694459527434078,0.43833504514909594,0.004384779902220677,-0.006908412400374839,0.00036314562630352553,0.006308899102043221,-0.0018449047968264604,-0.5000000000000001,-0.8660254037844386,-0.7818314824680299,0.6234898018587334,1
2026-04-05T15:00:00+00:00,2026-04-05T16:00:00+00:00,0.007534989134113927,0.008455144036962924,0.012566802737186697,0.01719210263651189,0.007534989134113927,0.007809723202765521,0.0019037417532926368,17245.054,2.198991507404413,0.0033535338188908866,0.0005828101077604372,-0.0049818470149896425,-0.002761463051397969,0.00035312821540044127,2.3788733553969612e-05,-5.006630746035336e-05,0.5403380589877548,0.13065797180658761,0.08067611797550953,-4.111921972990103,-3.7951456658480076,-0.3167763071420957,1.3776832202919822,0.005269138787344037,0.21074302684249752,0.005153377836070695,0.009168677125968512,0.012525448041310363,-0.7071067811865475,-0.7071067811865477,-0.7818314824680299,0.6234898018587334,0
2026-04-05T16:00:00+00:00,2026-04-05T17:00:00+00:00,-0.0008277138057793014,0.006701038513801923,0.0076204317917343755,0.0043905172623834605,-0.0008277138057793014,0.0026557512852375667,0.0009063664936774248,4008.3159,-0.767567216663978,0.0022822059274994902,-0.00023576538252272398,-0.005748003768740153,-0.002512237865873429,0.00024028992827342723,-9.622984235040447e-06,-5.7765545046835756e-05,0.526449799169366,-0.013888259818388775,0.05289959833873198,-3.183340199895383,-3.672784572657483,0.4894443727620996,0.8062206799041953,0.005210433276564485,-0.011959878241966017,-0.0085705037465758,0.008635688938257608,0.007620548726055321,-0.8660254037844384,-0.5000000000000004,-0.7818314824680299,0.6234898018587334,1
2026-04-05T17:00:00+00:00,2026-04-05T18:00:00+00:00,0.0050581097872963035,0.004226209314214909,0.011793042889589937,0.006715053841641046,0.0050581097872963035,4.84841432598e-06,0.0016775513568287666,7871.2374,0.9637268110529911,0.0066470281839509805,0.004631211499090733,-0.0007118191972523053,-0.0020025059712309454,0.0007001770821842882,0.0001890647795130487,-7.153910602527523e-06,0.5949138760189552,0.06846407684958919,0.18982775203791036,-1.5915072984689687,-3.25652911781978,1.6650218193508115,1.1755774465887119,0.005293556887848677,0.021092104505499084,0.001568494148497071,0.005969887186690778,0.011765385115630928,-0.9659258262890683,-0.25881904510252063,-0.7818314824680299,0.6234898018587334,1
2026-04-05T18:00:00+00:00,2026-04-05T19:00:00+00:00,0.00022302705900015108,0.0052822649416464145,0.0044501789322491285,0.004604966577637313,0.00021817758685883335,0.0017498872995022408,0.0026369492823523407,4214.3547,-0.46458803288031947,0.006213039534331188,0.004663980606887773,-0.0004840880653544146,-0.0015394939904180814,0.0006544321628664741,0.00019040280170869362,-4.865183016876916e-06,0.5976897705956818,0.002775894576726685,0.19537954119136372,-0.28951277685609966,-2.6631258496270442,2.3736130727709446,0.7085912534201331,0.00524327583274169,-0.009277630099946326,0.00021817758685883335,0.006980070191195216,0.004453423040517153,-1.0,-1.8369701987210297e-16,-0.7818314824680299,0.6234898018587334,0
2026-04-05T19:00:00+00:00,2026-04-05T20:00:00+00:00,-0.000300534660856277,-7.757462921766433e-05,0.0049801427770873475,0.005673084848984333,-0.000300534660856277,0.0033747581665753658,0.001997701673317538,5296.4634,0.256767352781198,0.005344711135882865,0.004190266909655877,-0.0007766775598229751,-0.0011483068577768174,0.0005629178704519172,0.0001710605591451551,-7.805743691133255e-06,0.5918033463509752,-0.005886424244706703,0.18360669270195032,0.6844090024915204,-1.9936188792033311,2.6780278816948515,0.30441480892390693,0.005275440146614989,0.0058320146094580725,-0.002046840220652288,0.002561858927616539,0.004980602185440178,-0.9659258262890684,0.2588190451025203,-0.7818314824680299,0.6234898018587334,1
2026-04-05T20:00:00+00:00,2026-04-05T21:00:00+00:00,0.0031711089668681972,0.0028696212778540242,0.003093288340048219,0.006336670033979307,0.0031662448239411483,0.0029967470793800955,0.00018367159518785698,6169.0852,0.16475556122978227,0.007713855496598324,0.007083412632032506,0.0023681114338334505,-0.0006256169458493128,0.0008126446442055709,0.0002892024968429963,2.380068137176208e-05,0.6328765522019286,0.04107320585095344,0.2657531044038572,1.961363000527399,-1.2026225032571851,3.163985503784584,0.4859576220897326,0.005335757318631783,0.01464094705813307,-0.0005024275948694237,0.005179157050892678,0.003093601365012071,-0.8660254037844386,0.5000000000000001,-0.7818314824680299,0.6234898018587334,0
2026-04-05T21:00:00+00:00,2026-04-05T22:00:00+00:00,-0.004301782097819449,-0.0011443145507351604,-0.0014445053054060193,0.0060145339100295,-0.004296969404031066,0.00010679559807952384,0.0015922252804599006,6449.9069,0.045520801041943705,0.003056107566173029,0.0026429854910510185,-0.0019245531195186327,-0.00041186337634134426,0.0003217990545998621,0.0001078885975122178,-1.934186829203097e-05,0.551543695252516,-0.08133285694941264,0.10308739050503192,2.229502309523923,-0.5161975407009635,2.7456998502248866,-0.4182856535596975,0.005405647190449703,0.008740269229274913,-0.00727672267976151,-0.0009650824442287981,-0.0014312077918075291,-0.7071067811865477,0.7071067811865474,-0.7818314824680299,0.6234898018587334,1
2026-04-05T22:00:00+00:00,2026-04-05T23:00:00+00:00,0.01251450235678455,0.008158885596763567,0.011355867278907313,0.01821851672507779,0.01251450235678455,0.0010595505779584888,0.004799140853106122,16148.6882,1.5037087279507866,0.014101335464757251,0.014586166022379884,0.010459631781234184,0.00047808886613923834,0.0014865576750758348,0.0005957083723917627,0.00010513297923094085,0.6798774455402284,0.12833375028771243,0.3597548910804568,4.470699747518211,0.4811819169428714,3.9895178305753394,1.2438179803504528,0.0062588116491106086,0.17231801095714477,0.00805656510980517,0.014129224545759505,0.011383829225833298,-0.5000000000000004,0.8660254037844384,-0.7818314824680299,0.6234898018587334,1
2026-04-05T23:00:00+00:00,2026-04-06T00:00:00+00:00,0.011688616783089434,0.024349396362153507,0.019942868466970638,0.019496059559182374,0.0116934671921295,0.006312287635593203,0.001625461455712237,32360.9284,1.0039354280182338,0.02342498994918787,0.025381882527238726,0.022044025213658176,0.001912101616893303,0.0024718835575450924,0.0010370696043310104,0.00022159708648672577,0.7521205946794407,0.07224314913921233,0.5042411893588814,8.120518825746785,2.0090492987036543,6.1114695270431305,2.121951696467791,0.00713718284528123,0.1536705440715134,0.010617816091954058,0.02935121951219516,0.01990133704205453,-0.2588190451025207,0.9659258262890683,-0.7818314824680299,0.6234898018587334,1
2026-04-06T00:00:00+00:00,2026-04-06T01:00:00+00:00,0.0056014444333867455,0.017355534353889805,0.030087232586249367,0.01188507014641907,0.0056014444333867455,0.006314827119826245,0.0,21652.178,-0.3309160438054676,0.026307675010314082,0.029868436586672785,0.0274850457523877,0.0034694874286338336,0.002776918872583616,0.0012206079280476817,0.00027630794059081687,0.7782490826885716,0.026128488009130847,0.5564981653771431,11.830428145432961,3.973325068049516,7.857103077383446,1.7456335503403153,0.007439401512601448,0.048182885175496425,-0.0007063843013152876,0.019036185079357396,0.02980456357326073,0.0,1.0,0.0,1.0,0
2026-04-06T01:00:00+00:00,2026-04-06T02:00:00+00:00,-0.003237527038298904,0.0023457825672812227,0.014061818303856059,0.005697076288815851,-0.0032422243166824265,0.0011961496274444003,0.0012481561329853023,12502.5681,-0.4225722650164801,0.020750507013148043,0.025467152405209765,0.023912403555447992,0.004620762232940989,0.002189045348843192,0.0010405572422483628,0.000240383434182354,0.7300800153189257,-0.04816906736964583,0.4601600306378515,14.05419837429963,5.9894997292995384,8.064698645000092,0.20759556761664655,0.007337387240589762,-0.016905830580662425,-0.009492411222305987,0.0023457825672812227,0.014052534178177275,0.25881904510252074,0.9659258262890683,0.0,1.0,1
2026-04-06T02:00:00+00:00,2026-04-06T03:00:00+00:00,0.008732365066757562,0.005466566760446734,0.011098631863783522,0.015302846376295181,0.008737134238881202,0.006397667780594976,0.00024372067735599706,22030.8613,0.7621068826651702,0.02676331289654499,0.033027444237192886,0.03251604962273807,0.006100852321044183,0.0028251498173776455,0.001349878664469732,0.0003269012981063276,0.7710995803586553,0.04101956503972957,0.5421991607173107,17.109697005185353,8.213539184476701,8.896157820708652,0.8314591757085594,0.007847367532258188,0.07884364703731038,0.004264472612766091,0.009992994016511459,0.011096282461845403,0.49999999999999994,0.8660254037844387,0.0,1.0,0
2026-04-06T03:00:00+00:00,2026-04-06T04:00:00+00:00,-0.0019872609076721564,0.006727750671356717,0.0034684423583523616,0.005015615093807893,-0.0019872609076721564,0.0017282269237090364,0.0012961701927817239,9676.807,-0.560761294430191,0.022315763832053526,0.02972375588191923,0.03015190493407367,0.007246285650626719,0.0023545586955613495,0.0012146882031650822,0.00030312607801761984,0.7431784644705715,-0.027921115888083818,0.486356928941143,18.97039026864104,10.36490940130957,8.60548086733147,-0.29067695337718114,0.0076596091902948115,-0.02586599685065153,-0.008331625714871125,0.0069800765160148125,0.0035075771207865015,0.7071067811865475,0.7071067811865476,0.0,1.0,1
2026-04-06T04:00:00+00:00,2026-04-06T05:00:00+00:00,0.0008030619672670235,-0.001185794834059121,0.007536215439313162,0.004528262930185021,0.0008030619672670235,0.0017409176653871952,0.001984927688568139,9092.357,-0.06039698838676856,0.02088722206361762,0.029317497373789976,0.030661478776871646,0.008257792954966594,0.0022034996895737282,0.001198066190865064,0.0003082505547207233,0.7471548805083157,0.003976416037744172,0.4943097610166313,20.348421853756918,12.36161189179904,7.986809961957878,-0.6186709053735928,0.007430234409891437,-0.029167002674755742,-0.0029055758046480024,0.0021019566536096754,0.007548166126352429,0.8660254037844386,0.5000000000000001,0.0,1.0,1
2026-04-06T05:00:00+00:00,2026-04-06T06:00:00+00:00,0.00010792751025312201,0.0009110761499988516,-0.00107799530369011,0.002909036311341872,0.00010792751025312201,0.00156243401883363,0.001238686429345548,5374.9136,-0.4088536558782283,0.018959736344389702,0.028241933781414815,0.030457193453907273,0.0091094840217395,0.0019997527504519294,0.0011540623156290656,0.0003061961741709884,0.7477206746525704,0.0005657941442547098,0.4954413493051408,21.214532960571432,14.132196105553518,7.082336855017914,-0.9044731069399639,0.007106547122703755,-0.04346031059536254,-0.0016301521943816047,0.0029033654570095207,-0.001076271430152011,0.9659258262890683,0.25881904510252074,0.0,1.0,0
2026-04-06T06:00:00+00:00,2026-04-06T07:00:00+00:00,-0.0017641897630072696,-0.001656452657362883,-0.0008547209242255661,0.008911742725131977,-0.0017641897630072696,0.00362392069677045,0.00352051439932703,13310.8525,1.4764774823543212,0.015502274241138475,0.02536524261391621,0.028346225783431492,0.009712404022086611,0.0016344855246298857,0.0010363890152133503,0.0002849678748457942,0.7193802046373956,-0.02834047001517476,0.43876040927479126,21.35140595923758,15.576038076290331,5.775367882947251,-1.3069689720706634,0.007247152016755671,0.01798616690300205,-0.003321434259961816,-0.0004181505529923007,-0.0008532002854871241,1.0,6.123233995736766e-17,0.0,1.0,1
2026-04-06T07:00:00+00:00,2026-04-06T08:00:00+00:00,0.0034641109643576778,0.0016938098522491672,0.0018019201711824847,0.008510937280434715,0.0034641109643576778,0.002857276687432624,0.0022015082673662806,12354.0352,-0.07188249588071091,0.017177533947436853,0.02775174218659157,0.03158100649543304,0.01039563683452445,0.0018114368384444899,0.0011340086899343622,0.0003174978230777724,0.7401687175059807,0.020788512868585088,0.4803374350119614,21.803242001391936,16.821478861310652,4.981763140081284,-0.7936047428659663,0.0073141911395216445,0.01274656475733094,-0.0019167835437119724,0.007009301711288526,0.0018078487116035301,0.9659258262890683,-0.25881904510252085,0.0,1.0,1
2026-04-06T08:00:00+00:00,2026-04-06T09:00:00+00:00,0.001676893531312908,0.005146813440938467,0.003373543722346586,0.006794545658598512,0.0016722016384766402,0.004428379035576578,0.0006967565747632812,11262.7856,-0.08833143036535956,0.017054159038844593,0.028286587161564215,0.032968479242666486,0.01104408061546565,0.0017984030832675381,0.0011558891150924568,0.0003314513235050707,0.7498623039294701,0.009693586423489364,0.49972460785894013,22.194358649787773,17.896054819006075,4.298303830781698,-0.683459309299586,0.007265703631582834,-0.004963460186651207,-0.0011770200840728546,0.007372234234488909,0.003376814732663316,0.8660254037844387,-0.4999999999999998,0.0,1.0,1
2026-04-06T09:00:00+00:00,2026-04-06T10:00:00+00:00,0.005840597059593628,0.007527284650334773,0.011017470963981518,0.016885405189286773,0.005840597059593628,0.01107407355751134,4.649065305521825e-06,36268.1446,2.2201753534223365,0.02075896240978449,0.032903346569975754,0.03859857678688465,0.011897406349018067,0.002189939292340444,0.001344799795253404,0.000388075939355116,0.780613812504595,0.030751508575124972,0.5612276250091901,23.244215184573022,18.965686892119464,4.278528292453558,-0.019775538328140385,0.007913649082137512,0.09554007723313136,0.001405991759584712,0.008226228309474799,0.010981601555264214,0.7071067811865476,-0.7071067811865475,0.0,1.0,1
2026-04-06T10:00:00+00:00,2026-04-06T11:00:00+00:00,0.001069285020246764,0.006916127342785513,0.008604618483301274,0.0037802969437180996,0.001069285020246764,0.001964454062890403,0.0007477000097524568,9506.3097,-0.7378881714285435,0.019728395259783937,0.03263065731282602,0.0392984914654238,0.012652645658410965,0.0020809947311973753,0.0013336397900324606,0.000395115768030855,0.7858351944678627,0.005221381963267646,0.5716703889357254,23.985336798042226,19.969616873304016,4.01571992473821,-0.26280836771534766,0.007610560514959941,-0.03727113822736959,-0.00989520827298267,0.006920835924750024,0.0085867756111533,0.49999999999999994,-0.8660254037844387,0.0,1.0,0
2026-04-06T11:00:00+00:00,2026-04-06T12:00:00+00:00,-0.000808073302465451,0.0002603476571037254,0.006102465302457906,0.0032953293702619483,-0.000808073302465451,0.00019985777562935968,0.002286744781620555,7937.8489,-0.16499155292615808,0.01707322390307063,0.03051126080468656,0.038061423757530674,0.013212457653783049,0.0018004171397913537,0.0012469104332292775,0.00038267325473804016,0.7708875313803929,-0.014947663087469748,0.5417750627607859,24.15384704451435,20.806462907546084,3.347384136968266,-0.6683357877699443,0.007308044950092691,-0.04052539892145656,-0.0027670915411354808,0.0010096028585253622,0.006101808777374941,0.258819045102521,-0.9659258262890682,0.0,1.0,0
2026-04-06T12:00:00+00:00,2026-04-06T13:00:00+00:00,-0.003690397066273793,-0.004495488257394492,-0.0034310101954000546,0.005696051950233037,-0.003690397066273793,0.0013948562924812028,0.0005971291151760364,9671.6099,0.21841698196094406,0.012035997273114626,0.02563403347763862,0.03387842320836675,0.013436316732965319,0.0012685542725137115,0.001047382943962765,0.0003406026360665904,0.7049883939360907,-0.0658991374443022,0.4099767878721815,23.377222912326033,21.320614908502073,2.0566080038239605,-1.2907761331443055,0.007218038543123188,-0.015961017759177267,-0.004694247109625144,-0.0014068694359944199,-0.00342918534849248,1.2246467991473532e-16,-1.0,0.0,1.0,1
2026-04-06T13:00:00+00:00,2026-04-06T14:00:00+00:00,0.0011196170909547236,-0.0025749118069468787,-0.0033809043919249327,0.005358832054203422,0.0011196170909547236,0.0015936700543805297,0.0026467970493806083,15191.1911,0.5706993206994423,0.011899966091595347,0.025705064873049157,0.03467526615811373,0.013642750512953565,0.001254199054506923,0.0010502882694346381,0.0003486166284671834,0.7129753863607712,0.007986992424680466,0.4259507727215424,22.69380260463049,21.595252447727756,1.0985501569027356,-0.9580578469212249,0.007077742278405461,-0.018339040822048028,-0.003959118504353731,0.0017177719377680337,-0.0033788532777845205,-0.25881904510252035,-0.9659258262890684,0.0,1.0,1
2026-04-06T14:00:00+00:00,2026-04-06T15:00:00+00:00,0.004995363445309743,0.006120573430553366,0.0024075890180475456,0.012973464211692607,0.004990680335507939,0.00418693287460982,0.003820634206731448,33151.5114,1.1822851928970866,0.015315303553856201,0.029584094161693386,0.03943175602669507,0.01405355612969968,0.0016147403992875075,0.0012089739003836762,0.00039645617075071186,0.7460476979941444,0.0330723116333732,0.49209539598828883,22.754897205671114,21.827181399316427,0.9277158063546871,-0.17083435054804852,0.007466197984643902,0.06015365662936996,0.0033962808398584647,0.008793634905117701,0.0024245834699906737,-0.5000000000000001,-0.8660254037844386,0.0,1.0,1
2026-04-06T15:00:00+00:00,2026-04-06T16:00:00+00:00,0.003681533446777756,0.008695287489690218,0.009824639973129164,0.006513755110525909,0.0036768797062206923,0.0022867438153973242,0.0005636015060170466,17897.0008,-0.46014525298535863,0.01720740392012934,0.03202382389511726,0.0428095997363923,0.01456578070301904,0.0018145924574204386,0.0013088055859067618,0.00043043242589198375,0.7674234649962931,0.02137576700214865,0.5348469299925861,23.176838591607066,22.097112837774553,1.0797257538325127,0.1520099474778256,0.007372736276105258,-0.008882530771390207,-0.0005032921772695203,0.012578586932115799,0.009796513983042224,-0.7071067811865475,-0.7071067811865477,0.0,1.0,0
2026-04-06T16:00:00+00:00,2026-04-06T17:00:00+00:00,-0.011101101794747511,-0.007460437425523202,-0.0025023415766149385,0.013206454204856529,-0.011101101794747511,0.0019013183096484706,7.941624389199053e-05,16868.2349,-0.05748258669128528,0.00534890752819154,0.019744739359040572,0.030912878403088675,0.014319239542661311,0.0005633600936038364,0.0008065577400569668,0.0003107787484295582,0.6022129768236383,-0.16521048817265474,0.20442595364727667,21.32637285589726,21.942964841399096,-0.6165919855018345,-1.6963177393343472,0.007866282950764806,0.05509789739711303,-0.01335730088495576,-0.006903270702853217,-0.002424204902660012,-0.8660254037844384,-0.5000000000000004,0.0,1.0,0
2026-04-06T17:00:00+00:00,2026-04-06T18:00:00+00:00,-0.002648765310984702,-0.013720462892384575,-0.010089441788650406,0.008150073772219534,-0.002648765310984702,0.00017799011686461471,0.005316283753717843,22223.3552,0.3174677333904096,0.002429545653306257,0.016364357861007754,0.027893989873123942,0.013901038998825457,0.0002558070682375205,0.0006683794065635219,0.0002804202202202004,0.570978361495364,-0.031234615328274346,0.14195672299072798,19.181234483407934,21.390618769800863,-2.209384286392929,-1.5927923008910945,0.007905952763392256,0.0023808956930125285,-0.015571396953041418,-0.002569553131350884,-0.010068333658954457,-0.9659258262890683,-0.25881904510252063,0.0,1.0,1
2026-04-06T18:00:00+00:00,2026-04-06T19:00:00+00:00,0.004632426988922611,0.0019713914660239814,-0.009151594946065158,0.007884037970198387,0.004627721362461174,0.0017110833442121895,0.0015665504186793081,9169.6397,-0.5873872501484385,0.006395278516617157,0.02022949822936369,0.032320200197708725,0.01374630824295755,0.0006736406985793635,0.0008263761389389392,0.0003249316789408753,0.609066268893554,0.03808790739819003,0.21813253778710803,18.07092681854101,20.726680379548892,-2.655753561007881,-0.4463692746149519,0.007870536466211803,0.00013197503123948116,0.0017935544138253832,0.010001883593897268,-0.009117440116809603,-1.0,-1.8369701987210297e-16,0.0,1.0,0
2026-04-06T19:00:00+00:00,2026-04-06T20:00:00+00:00,-0.00027507879375624546,0.0043560739127380885,0.0016957703842812406,0.00466363530371925,-0.00027507879375624546,0.000512999883409075,0.0038754809373906705,8437.4677,-0.07984741210715188,0.0055325080565211,0.019151564278527374,0.03170735503165937,0.013544123251001593,0.0005827086207010919,0.0007823080286132486,0.0003187684656941025,0.605612105585908,-0.0034541633076460698,0.2112242111718159,16.948025635884733,19.97094943081606,-3.0229237949313266,-0.3671702339234457,0.007643483024183162,-0.029115677578370483,-0.001982769454179975,0.00593450928879719,0.0017085828841816634,-0.9659258262890684,0.2588190451025203,0.0,1.0,1
2026-04-06T20:00:00+00:00,2026-04-06T21:00:00+00:00,0.002126617698495952,0.0018509539173084237,0.006491955315112826,0.006799112066678826,0.002126617698495952,0.0029085866130555984,0.0017684206607378884,5786.1548,-0.31423087995939813,0.006935263576234667,0.02046576423574595,0.03355275650433786,0.013437309377224819,0.000730561074720729,0.0008360356875518699,0.0003373273846024741,0.6233895058195775,0.017777400233669596,0.24677901163915508,16.238880542511197,19.224535653155087,-2.98565511064389,0.03726868428743657,0.0075681091318271785,-0.007755550361600535,0.0013374092472296013,0.006025450153094137,0.006483965893662317,-0.8660254037844386,0.5000000000000001,0.0,1.0,0
2026-04-06T21:00:00+00:00,2026-04-06T22:00:00+00:00,-0.004314015664484055,-0.002196572228051783,-0.002471046791369138,0.005174009366499418,-0.004309381980640459,0.0,0.0008459762378828839,4290.0762,-0.25856179997120016,0.002343957357864441,0.01542380331336925,0.028796164974789925,0.01304925904874283,0.0002467932453376885,0.000629939566422194,0.0002894924748527258,0.5673968380182688,-0.05599266780130876,0.13479367603653755,14.758736887674331,18.331375900058937,-3.572639012384606,-0.5869839017407159,0.007427884084105535,-0.022762496287213947,-0.007201655638358088,-0.0004251442453688965,-0.002462476759744348,-0.7071067811865477,0.7071067811865474,0.0,1.0,0
2026-04-06T22:00:00+00:00,2026-04-06T23:00:00+00:00,-0.015952027071239664,-0.020197225441058116,-0.01811355951964563,0.016880322597498807,-0.015952027071239664,0.0006697032881955793,0.0,16021.2598,2.734493060985723,-0.012361958111035189,-0.0007439239528541301,0.012260038226840641,0.01176345347730866,-0.0012995676747239112,-3.036332101441643e-05,0.00012323164875934362,0.41839303403752043,-0.14900380398074836,-0.16321393192495917,10.70826836166043,16.806754392379236,-6.0984860307188065,-2.5258470183342006,0.008214868107568902,0.08830781654608347,-0.020192665673864633,-0.015118841013598613,-0.018139425037227767,-0.5000000000000004,0.8660254037844384,0.0,1.0,1
2026-04-06T23:00:00+00:00,2026-04-07T00:00:00+00:00,0.0008311920243563012,-0.015134094244557292,-0.01938282118940255,0.010862962470813737,0.0008311920243563012,0.0015328688851345025,0.00849959186772711,26377.1264,0.6463827894483055,-0.01045338426588748,8.325141641216817e-05,0.012969367584372664,0.010647942719184442,-0.0010991467854920907,3.398028542973771e-06,0.00013036239499683762,0.4267063449589353,0.008313310921414897,-0.14658731008212939,7.552393951117665,14.955882304126922,-7.403488353009257,-1.3050023222904503,0.008397682561587167,0.023103784297116434,-0.015782713281487174,0.0008311920243563012,-0.019434850711367416,-0.2588190451025207,0.9659258262890683,0.0,1.0,1
2026-04-07T00:00:00+00:00,2026-04-07T01:00:00+00:00,0.002610148256420965,0.003443509815190391,-0.012563448217841269,0.006868118864369924,0.002610148256420965,0.0035405602415911784,0.0007242055039617096,12222.8926,-0.5366101517411692,-0.007126289150797337,0.0025877115880303943,0.01545560978379372,0.009783722373431933,-0.0007495734183030609,0.00010563203809309101,0.00015535689366148807,0.4531616464575645,0.02645530149862921,-0.09367670708487097,5.432522045979113,13.05121025249736,-7.618688206518247,-0.21519985350898985,0.008268127459633219,-0.012857602402741329,0.0010756305706528092,0.012052694610778373,-0.012510686790462397,0.0,1.0,0.7818314824680298,0.6234898018587336,0
2026-04-07T01:00:00+00:00,2026-04-07T02:00:00+00:00,-0.006224380638626015,-0.00363047893847626,-0.0028023045392582143,0.01085967678172513,-0.006224380638626015,0.003543684002457742,0.0010526265652461937,11345.2191,-0.07180571152200085,-0.012054321197807374,-0.0035100326352592824,0.009043309751542387,0.008648540851868877,-0.0012672679098292608,-0.00014324611578450083,9.089579648617612e-05,0.40503596276163867,-0.048125683695925826,-0.18992807447672264,2.660741812084325,10.973116564414752,-8.312374752330427,-0.6936865458121808,0.008501325413524823,0.021804510085890554,-0.009730489495976519,-0.0029064935434999933,-0.0027830403578487485,0.25881904510252074,0.9659258262890683,0.7818314824680298,0.6234898018587336,1
2026-04-07T02:00:00+00:00,2026-04-07T03:00:00+00:00,0.0034912908250019892,-0.002754820936638981,-0.00015186317128253622,0.008538854398055969,0.0034912908250019892,0.0022735471132121865,0.002786163163790485,8048.4942,-0.29058274423276675,-0.00779196649075033,-2.978084785917313e-05,0.012439581447291658,0.007823143313441833,-0.000819534810838645,-1.2155433329694372e-06,0.00012503655125273134,0.44069235720288835,0.03565639444124969,-0.11861528559422325,1.0435266224280895,8.98719857601742,-7.94367195358933,0.3687027987410971,0.008476541385824394,0.0005657992411392963,-0.006254421961228132,0.0045487054784723036,-0.0001229415572030607,0.49999999999999994,0.8660254037844387,0.7818314824680298,0.6234898018587336,1
2026-04-07T03:00:00+00:00,2026-04-07T04:00:00+00:00,0.0007262060716522115,0.004220032293249221,-0.002030615432677271,0.002902716316396027,0.0007262060716522115,0.000720936078582024,0.001456101158715104,3191.6287,-0.6034502081147055,-0.0064022622387896865,0.0006690753793776905,0.013042018755992854,0.007116901890397439,-0.0006734684754736657,2.730994497102132e-05,0.0001310927484428843,0.44812696434479415,0.007434607141905758,-0.10374607131041173,-0.11336307456667782,7.167086245900601,-7.280449320467278,0.6632226331220519,0.008072699149886045,-0.046950728450006085,-0.001543831068890013,0.0070355935117785385,-0.002006883741971814,0.7071067811865475,0.7071067811865476,0.7818314824680298,0.6234898018587336,1
2026-04-07T04:00:00+00:00,2026-04-07T05:00:00+00:00,0.002774655302437385,0.0035028763456169685,0.007006396730665527,0.007345498576307197,0.002774655302437385,0.0023602084929667854,0.002218312190784334,5021.8324,0.5734387900447191,-0.0032993382743510503,0.003310018817967189,0.01569264589625317,0.006631235782341163,-0.00034717819116383033,0.0001351210641320266,0.00015773991208875655,0.47676562212442264,0.028638657779628502,-0.04646875575115473,-0.5517995827585764,5.623309080168765,-6.175108662927341,1.1053406575399372,0.008000014770269495,-0.006254053975906999,0.002052239690220783,0.0049672730384024005,0.006992152199091586,0.8660254037844386,0.5000000000000001,0.7818314824680298,0.6234898018587336,0
2026-04-07T05:00:00+00:00,2026-04-07T06:00:00+00:00,-0.004114992763288503,-0.001351755147341268,-0.0006265307284844428,0.005167369580911181,-0.004119703154339895,0.00018047798168628612,0.00085014628215356,4524.1773,-0.09909830921477983,-0.006700643382679536,-0.0007865181464797497,0.011397214376556586,0.005954021007665133,-0.0007048337413825061,-3.2101750933491363e-05,0.00011455799013602405,0.44018144535933584,-0.03658417676508677,-0.11963710928132826,-1.5830327492021752,4.182040714294577,-5.765073463496752,0.4100351994305891,0.007828377854360693,-0.025481282220297417,-0.006459954416976163,0.0008746577426225213,-0.0006141313891989067,0.9659258262890683,0.25881904510252074,0.7818314824680298,0.6234898018587336,0
2026-04-07T06:00:00+00:00,2026-04-07T07:00:00+00:00,-0.0006031764124776691,-0.00471568710919384,-0.0019541162129986154,0.004700011880717535,-0.0006079229457667191,0.0004989901390042662,0.0035927290008316245,7241.3761,0.6005951181444635,-0.006609155958165045,-0.0013348136478126813,0.010678682277734556,0.005309433182303666,-0.0006952169642971045,-5.44792215592547e-05,0.00010733495953430997,0.4349348005455409,-0.0052466448137949585,-0.13013039890891817,-2.4742492442878756,2.8507827225780864,-5.3250319668659625,0.44004149663078973,0.007609310403057612,-0.02857005780946568,-0.004899248561200471,0.00024718000884143014,-0.001943513873328787,1.0,6.123233995736766e-17,0.7818314824680298,0.6234898018587336,0
2026-04-07T07:00:00+00:00,2026-04-07T08:00:00+00:00,-9.979802780089647e-05,-0.0007029142444621842,-0.004815014520721513,0.0035122906408622807,-0.00010454981798839243,0.0009648105549322948,0.0024429193361342337,7285.9935,0.006161453207767951,-0.006073289358358621,-0.0013783019415149359,0.01047146447094542,0.004723675665998331,-0.0006388851814509859,-5.62540574056488e-05,0.00010525192575635246,0.4340136013938078,-0.0009211991517331341,-0.13197279721238445,-3.1610513501896094,1.648415908024547,-4.809467258214156,0.515564708651806,0.0073173713564395025,-0.038462001199289594,-0.0012057458059983308,0.0035055253757111967,-0.004817967203567069,0.9659258262890683,-0.25881904510252085,0.7818314824680298,0.6234898018587336,1
2026-04-07T08:00:00+00:00,2026-04-07T09:00:00+00:00,0.005132982262694712,0.005032671973387262,0.004426459971883508,0.006657714058746726,0.005137759442593473,0.0011963079949309382,0.0003499082672922001,8502.548,0.1669716696837571,-0.0008790404954625013,0.0036001115092306134,0.015499978681619586,0.004483092824831059,-9.252201735405178e-05,0.0001469649224220642,0.00015580295099538424,0.49343632567059137,0.05942272427678361,-0.013127348658817227,-2.801582329454959,0.7584162605286457,-3.559998589983605,1.2494686682305516,0.007235554002546579,-0.006105660265248697,0.004059270091013195,0.0075944542379341815,0.004430007822416147,0.8660254037844387,-0.4999999999999998,0.7818314824680298,0.6234898018587336,1
2026-04-07T09:00:00+00:00,2026-04-07T10:00:00+00:00,0.00634563371224304,0.011511188000228254,0.01141024117856729,0.009256387847349392,0.006340875239378826,0.0026171614370423296,0.0003383045304614097,12479.3051,0.46771357244910566,0.004938350047569195,0.009573922417504242,0.021720878915578376,0.00461279278446844,0.0005200966807408333,0.0003909251062915306,0.00021834795603097357,0.555838650708254,0.062402325037662576,0.11167730141650793,-1.4174788821051152,0.3232372320018935,-1.7407161141070087,1.8192824758765962,0.007337533523283699,0.02052929475405782,0.00514317289845437,0.011871876916640243,0.011378817947136856,0.7071067811865476,-0.7071067811865475,0.7818314824680298,0.6234898018587336,0
2026-04-07T10:00:00+00:00,2026-04-07T11:00:00+00:00,-0.01829663668912635,-0.012067106731478495,-0.0069960647135985056,0.02182049662091022,-0.01829663668912635,0.0014933088277525178,0.0016895449237073305,18999.8253,0.5225066738692046,-0.012183423615587686,-0.00855193227362209,0.0029966153016282243,0.003676281031097405,-0.00128082303221161,-0.0003489366608543883,3.011764374486091e-05,0.4013444698917395,-0.15449418081651445,-0.19731106021652095,-3.4232385301115755,-0.4260579204208003,-2.9971806096907754,-1.2564644955837667,0.008499017050367347,0.13710057973925144,-0.020859206216052716,-0.011735323750195089,-0.006818020714188599,0.49999999999999994,-0.8660254037844387,0.7818314824680298,0.6234898018587336,1
2026-04-07T11:00:00+00:00,2026-04-07T12:00:00+00:00,0.00012444240231260098,-0.018174471164237586,-0.011944165988916521,0.0055896400233541145,0.00012922926707859618,0.002129614563692356,0.0033308128906287563,12699.7988,-0.33158339092728395,-0.010924426554416935,-0.00810070009801874,0.0030902756179990555,0.002854914763046214,-0.0011486187950265569,-0.00033053153310995593,3.105901104416189e-05,0.40253855519285553,0.0011940853011159901,-0.19492288961428897,-4.9349506357571045,-1.3278364634880613,-3.607114172269043,-0.6099335625782678,0.008290222435258893,-0.024445528074793693,-0.019611706969193753,0.001817057326001162,-0.011826560574570709,0.258819045102521,-0.9659258262890682,0.7818314824680298,0.6234898018587336,0
2026-04-07T12:00:00+00:00,2026-04-07T13:00:00+00:00,-0.001239483532575994,-0.0011151953745718137,-0.01939142773909223,0.009142353341415114,-0.001239483532575994,0.0017201807387673856,0.00618115084403837,19553.8314,0.539696156446195,-0.011005927215559262,-0.008967536101023908,0.0018285504063269003,0.002061075157706873,-0.0011571780419214624,-0.0003658879586753465,1.8377728753151504e-05,0.39410555691532595,-0.008432998277529578,-0.21178888616934813,-6.269711395043032,-2.3162114497990554,-3.9534999452439767,-0.34638577297493356,0.008360642393094073,0.007244326643366702,-0.0033619384631549776,0.0022282517348187736,-0.019411677819389746,1.2246467991473532e-16,-1.0,0.7818314824680298,0.6234898018587336,0
2026-04-07T13:00:00+00:00,2026-04-07T14:00:00+00:00,-0.005759490941499472,-0.006991835679897457,-0.006868263358413437,0.008997720448970382,-0.005759490941499472,0.0029783563135853974,0.00022650929892952668,13582.9174,-0.3053577520362582,-0.015135435607038655,-0.014107992777452918,-0.00390240647428982,0.001043232609571062,-0.0015906694875196992,-0.0005755050431207808,-3.9218627409582895e-05,0.35675212700955483,-0.03735342990577109,-0.28649574598089034,-8.202874823030015,-3.493544124445247,-4.709330698584768,-0.7558307533407915,0.008451120528542038,0.00500009225999653,-0.008694945943234554,0.00042428245640240025,-0.006874532071762866,-0.25881904510252035,-0.9659258262890684,0.7818314824680298,0.6234898018587336,0
2026-04-07T14:00:00+00:00,2026-04-07T15:00:00+00:00,-0.002665098772512251,-0.008409240101773238,-0.009638300519721607,0.010253981753517983,-0.0026699052520987978,0.0031312818926859526,0.004445647131591287,25857.808,0.9037005996959092,-0.01609597511435216,-0.016089758146662223,-0.006492283710660282,6.31867289155767e-06,-0.0016914473284469049,-0.0006562938178718522,-6.524482535416693e-05,0.3407506536664245,-0.016001473343130356,-0.31849869266715103,-10.06512110053518,-4.807859519663234,-5.257261580871946,-0.5479308822871776,0.008600866498059363,0.01500674500410715,-0.01133687182598643,-0.002439141961918508,-0.009664073246587716,-0.5000000000000001,-0.8660254037844386,0.7818314824680298,0.6234898018587336,1
2026-04-07T15:00:00+00:00,2026-04-07T16:00:00+00:00,0.005131823101901911,0.002453047513940031,-0.0033205717324950464,0.009129544340067009,0.005131823101901911,0.0017739872888282331,0.00224993509802594,17554.4056,-0.32111779931230067,-0.010005208124682615,-0.010612138505132257,-0.0013799285613196322,-0.0006130642155197134,-0.0010520717818465887,-0.00043296097401264926,-1.3868436420724729e-05,0.39671365117378055,0.05596299750735603,-0.20657269765243896,-10.56226423988528,-5.9587404637076435,-4.603523776177637,0.653737804694309,0.008597853054879988,0.004779660021893391,-0.0006726048062418163,0.009620238418825072,-0.003292766612109812,-0.7071067811865475,-0.7071067811865477,0.7818314824680298,0.6234898018587336,1
2026-04-07T16:00:00+00:00,2026-04-07T17:00:00+00:00,0.0017787948424565988,0.006919746404824572,0.004236205824662728,0.006056359657542082,0.0017739787603302073,0.003061772948899899,0.0012237493761278562,10529.9894,-0.40015118483988993,-0.007464908760007856,-0.008508028105826947,0.0003924657285497865,-0.001050964701425218,-0.0007851629042701687,-0.00034714590117307983,3.9443947395911896e-06,0.4153353786314547,0.018621727457674167,-0.16932924273709063,-10.536239471684894,-6.874240265303094,-3.6619992063818003,0.9415245697958365,0.008402141627543396,-0.021024520887959253,4.79904019206636e-06,0.009202038009260154,0.004245519171846259,-0.8660254037844384,-0.5000000000000004,0.7818314824680298,0.6234898018587336,1
2026-04-07T17:00:00+00:00,2026-04-07T18:00:00+00:00,0.007553653011863065,0.009345884253338873,0.014525668779959769,0.016846868301976608,0.007558488302339532,0.007463681829006941,0.0018814003334126307,16296.7087,0.5476472084577786,2.927521954807844e-05,-0.000978734146616204,0.00786936550395558,-0.0010079798573326589,3.0816115539587724e-06,-3.9946736709536535e-05,7.90953561227884e-05,0.48777043418569455,0.07243505555423986,-0.02445913162861089,-9.140166055326517,-7.327425423307778,-1.8127406320187394,1.849258574363061,0.008946844700831073,0.07287242477580079,0.0044781689264834544,0.010579922214948601,0.014464270956221575,-0.9659258262890683,-0.25881904510252063,0.7818314824680298,0.6234898018587336,0
2026-04-07T18:00:00+00:00,2026-04-07T19:00:00+00:00,-0.006287211240771526,0.001218950358966466,0.0029999134640348053,0.009087858888942164,-0.006282478125639847,0.0009107031587020518,0.001854958539040572,7595.3585,-0.5339329775220195,-0.0056654853385081005,-0.006977080517232613,0.0015174042323490386,-0.0013190683410713427,-0.0005960114362584713,-0.0002846977207475122,1.5250526367551294e-05,0.43868540487615026,-0.04908502930954427,-0.12262919024769943,-8.995206358118594,-7.660981610269941,-1.334224747848653,0.4785158841700863,0.009009480414477198,0.0006696446972144793,-0.013649021118869826,0.0031253005096643907,0.0030452366135481374,-1.0,-1.8369701987210297e-16,0.7818314824680298,0.6234898018587336,1
2026-04-07T19:00:00+00:00,2026-04-07T20:00:00+00:00,0.012984709773282695,0.0066158609192664315,0.014219487848888381,0.015430185625937535,0.012989565209055266,0.0015425453891615927,0.0010646402225807825,20780.0757,1.7358913604933857,0.006551076264162667,0.005683674502817109,0.014375244206205007,-0.0008617563299072113,0.0006900628335171774,0.0002320405447242148,0.00014449569213139806,0.5408129650689232,0.10212756019277286,0.0816259301378463,-6.618098830584131,-7.452405054332779,0.8343062237486478,2.168530971597301,0.009360865273781842,0.052492813831034366,0.005710505903235478,0.01486724643805556,0.014251151544374233,-0.9659258262890684,0.2588190451025203,0.7818314824680298,0.6234898018587336,1
2026-04-07T20:00:00+00:00,2026-04-07T21:00:00+00:00,0.0010125911450325437,0.014010449120452483,0.007635151226482591,0.007047879254844085,0.0010125911450325437,0.004755309544180392,0.0012810028692573662,14390.7585,-0.30747323985927544,0.006844385254120694,0.006437504604885573,0.015246797280422225,-0.00040411473232025464,0.0007209810448581136,0.00026282434848324193,0.00015325762782311095,0.5478121102316128,0.006999145162689686,0.09562422046322566,-4.509560467637584,-6.86383613699374,2.3542756693561557,1.519969445607508,0.009186859213005447,-0.017594904281760356,-0.0005291380247088044,0.015110074662674534,0.007710089677543713,-0.8660254037844386,0.5000000000000001,0.7818314824680298,0.6234898018587336,1
2026-04-07T21:00:00+00:00,2026-04-07T22:00:00+00:00,0.013949223126119582,0.014975939130969718,0.028155107127450403,0.017472867638831917,0.013954016033882913,0.0037108865102748836,0.0,30017.5265,1.0858891141839397,0.018862120843902708,0.019657739717704098,0.02910755992185954,0.0007808896390636185,0.0019894364035533377,0.0008030010164358821,0.000292623894365769,0.6312757318317516,0.08346362160013868,0.262551463663503,-0.4521066451848128,-5.581490238631955,5.129383593447142,2.775107924090986,0.009661358014021796,0.06631942707827171,0.009150400594658338,0.016279113840089513,0.02794652404443482,-0.7071067811865477,0.7071067811865474,0.7818314824680298,0.6234898018587336,1
2026-04-07T22:00:00+00:00,2026-04-07T23:00:00+00:00,0.03483851116995488,0.049273704461765974,0.05033618972361945,0.033710699757182015,0.03483368686044605,4.955468359340262e-05,0.0,80299.7826,1.6750965839906897,0.04892753626858715,0.05290265320474918,0.06427222203509683,0.0037896964267931698,0.005176929544911219,0.002163964598917228,0.0006463695039132042,0.7547351198326646,0.1234593880009131,0.5094702396653292,8.693329901126617,-2.72652621068024,11.419856111806858,6.290472518359716,0.01107746658846783,0.18651943291075987,0.031012540640966084,0.04927866434729995,0.049800325441107005,-0.5000000000000004,0.8660254037844384,0.7818314824680298,0.6234898018587336,1
2026-04-07T23:00:00+00:00,2026-04-08T00:00:00+00:00,0.009118061781175633,0.04427423264834234,0.05884104692441138,0.025955241271244267,0.009113515753813448,0.015116003946410807,0.0018080276427338189,92072.5559,0.14661027612794558,0.05262791096689801,0.05990514969375194,0.07318636787559388,0.0069134008808196725,0.0055706402236439054,0.002451101358675849,0.0007360828050506959,0.7765568715468121,0.02182175171414741,0.553113743093624,17.374075572440233,1.293594145943855,16.080481426496377,4.6606253146895185,0.012047221859280024,0.09745934012931785,0.009068057732850474,0.04426936435048135,0.0579057960772501,-0.2588190451025207,0.9659258262890683,0.7818314824680298,0.6234898018587336,0
2026-04-08T00:00:00+00:00,2026-04-08T01:00:00+00:00,-0.0017544564533195346,0.007347608085522349,0.04244209898183715,0.010352939071947377,-0.0017544564533195346,0.0050892633537260095,0.0035061357375407616,30356.804,-0.6702947615251332,0.04572369052575674,0.055642635323320665,0.07054397139715637,0.009485244417267618,0.004836297251005594,0.0022762977358417235,0.0007094876530034975,0.7623732023866495,-0.014183669160162537,0.524746404773299,23.663730151703476,5.767621347095779,17.896108804607696,1.8156273781113192,0.011945862743253377,-0.010153179997494212,-0.016619243844195122,0.009184332026013958,0.04220211649781098,0.0,1.0,0.9749279121818236,-0.22252093395631434,0
2026-04-08T01:00:00+00:00,2026-04-08T02:00:00+00:00,-0.0009033666058459366,-0.0026562381417941316,0.0064376038958991084,0.005514623600082435,-0.0009078346578179769,0.0029900718870575706,0.001615892142556658,13860.1381,-0.543425648497121,0.0403423036710927,0.05243188730662484,0.06883691418813606,0.011620774809282678,0.004264668444265995,0.002144666785053355,0.0006923072410279741,0.7547426196971478,-0.007630582689501608,0.5094852393942958,28.16071046136358,10.24623916994934,17.914471291414237,0.01836248680654151,0.01149651825178446,-0.03848445876382742,-0.007697466898227285,0.0026119269019495945,0.006460238722010162,0.25881904510252074,0.9659258262890683,0.9749279121818236,-0.22252093395631434,1
2026-04-08T02:00:00+00:00,2026-04-08T03:00:00+00:00,0.0014413220772943676,0.0005366534292155348,-0.0012187445591760832,0.007446542229850467,0.0014368394902577073,0.004532289208324336,0.001479475076879043,18487.9076,0.3338905764582532,0.037706583214732706,0.05172371348761022,0.06962842035723403,0.01350779738666932,0.003984930666792087,0.002115638455711641,0.0007002731585034166,0.7588855019604235,0.004142882263275567,0.517771003920847,31.619931952277966,14.520977726415065,17.0989542258629,-0.8155170655513366,0.011191869794462168,-0.02509606491135236,-0.0024478658087988435,0.003062162343921802,-0.0012165009818711037,0.49999999999999994,0.8660254037844387,0.9749279121818236,-0.22252093395631434,0
2026-04-08T03:00:00+00:00,2026-04-08T04:00:00+00:00,-0.0011621254380320583,0.0002775216422118882,-0.0006260956674180221,0.0033382855710884945,-0.0011621254380320583,0.0009755311722483024,0.0011992768539566454,8578.4772,-0.5359952361510072,0.03290998338884793,0.04842512491946248,0.06765888784548685,0.015020807021064238,0.0034762512378253086,0.0019804501414268814,0.0006804515219969062,0.7478998431184277,-0.010985658841995729,0.49579968623685544,33.76239970781171,18.369262122694394,15.393137585117316,-1.705816640745585,0.010642990875612945,-0.050147778663421134,-0.005668722357191907,0.0017572486506839003,-0.0006241699665836273,0.7071067811865475,0.7071067811865476,0.9749279121818236,-0.22252093395631434,1
2026-04-08T04:00:00+00:00,2026-04-08T05:00:00+00:00,0.0027252224032076836,0.0015599299148965624,0.0030035003536163026,0.00795262342855365,0.0027252224032076836,0.005234807677717936,0.0,17282.8755,1.0146787240980253,0.03221292176906953,0.04917235620915545,0.06981729778106538,0.016430170638650612,0.0034023707443882195,0.002011071237567696,0.0007021740872201838,0.7567811269936239,0.008881283875196147,0.5135622539872478,35.54202658513532,21.80381501518258,13.738211569952739,-1.6549260151645768,0.010423962204602235,-0.01791047816430266,0.0005849624463039953,0.003929211469534042,0.003004419042469993,0.8660254037844386,0.5000000000000001,0.9749279121818236,-0.22252093395631434,0
2026-04-08T05:00:00+00:00,2026-04-08T06:00:00+00:00,-3.123926150393111e-05,0.0026938980077684423,0.0015286419223340922,0.003034765921363738,-2.6776629358075016e-05,0.0019368947203997372,0.001071093854598847,8255.3009,-0.5223421646473122,0.029026887526511606,0.04712173287714243,0.06904157035470566,0.017584424245828692,0.0030648263047313097,0.0019270423858650442,0.0006943669400869153,0.7564512522902034,-0.00032987470342050074,0.5129025045804068,36.52569976155519,24.7481919644571,11.777507797098089,-1.9607037728546501,0.009896464856635518,-0.05063396200605058,-0.005238623751387428,0.0026938980077684423,0.0015318577036716942,0.9659258262890683,0.25881904510252074,0.9749279121818236,-0.22252093395631434,1
2026-04-08T06:00:00+00:00,2026-04-08T07:00:00+00:00,0.0023697951533004865,0.002338481861146051,0.005070077147511225,0.008178948446356136,0.0023697951533004865,0.0034950868428902404,0.0023196691020966227,15941.3222,0.9310407207567686,0.0283837012220017,0.0475654480544584,0.0708123592591819,0.018652324817734402,0.0029967114721131155,0.0019452234072404745,0.0007121888545951143,0.7648255802601028,0.00837432796989944,0.5296511605202057,37.30372632699482,27.259298836964643,10.044427490030177,-1.7330803070679117,0.009752059189897449,-0.012256425490545075,0.00040532715691965135,0.003444578474735306,0.0050637782950042395,1.0,6.123233995736766e-17,0.9749279121818236,-0.22252093395631434,1
2026-04-08T07:00:00+00:00,2026-04-08T08:00:00+00:00,0.003450563443617793,0.005828535725443121,0.005797114384787478,0.007156928865540301,0.003450563443617793,0.0031059207723981254,0.0006123100951299646,18276.5112,0.14648653171315992,0.02880344614573729,0.04907457898166173,0.07371125241438996,0.019703601219326485,0.003041162326423817,0.002007064278208276,0.0007413658232936017,0.7768839011574771,0.012058320897374273,0.5537678023149541,38.10641122781499,29.428721315134712,8.677689912680275,-1.3667375773499018,0.009535553665060056,-0.01882704856183426,-4.43683281126197e-05,0.008172704865600131,0.005789119335414349,0.9659258262890683,-0.25881904510252085,0.9749279121818236,-0.22252093395631434,1
2026-04-08T08:00:00+00:00,2026-04-08T09:00:00+00:00,0.0012068720715603257,0.004661599903829368,0.007042442093988576,0.00401953485074105,0.0012068720715603257,0.001342799404382135,0.0014713181592569682,13992.2559,-0.23441319041240216,0.027106081749673938,0.048271239176723206,0.07420536302068369,0.02060659342119214,0.0028614362182872886,0.0019741442271378807,0.0007463391496303884,0.7811256362056792,0.004241735048202173,0.5622512724113585,38.51801436973619,31.24657992605501,7.2714344436811835,-1.4062554689990918,0.009130879022895173,-0.041282850803490846,-0.0018931686689432755,0.005279266516085015,0.007027230668478605,0.8660254037844387,-0.4999999999999998,0.9749279121818236,-0.22252093395631434,0
2026-04-08T09:00:00+00:00,2026-04-08T10:00:00+00:00,-0.0030534283485782604,-0.0018502413744143442,0.0015939376939550255,0.007716961757475863,-0.003049010179616682,0.0030583350743913816,0.0016002916086933013,19365.3909,0.3840077710414086,0.021637645129358927,0.043226549167816965,0.07017010820486651,0.021131664579298534,0.0022828463735868995,0.0017674673748244109,0.0007057249145576444,0.7426124156258829,-0.03851322057979644,0.48522483125176563,37.851914103495346,32.567646761543074,5.2842673419522725,-1.987167101728911,0.009055853246546279,-0.01124504827136632,-0.004390332417205532,-0.0003777039156786713,0.0016040071665998582,0.7071067811865476,-0.7071067811865475,0.9749279121818236,-0.22252093395631434,0
2026-04-08T10:00:00+00:00,2026-04-08T11:00:00+00:00,-0.003076116092265734,-0.0061201517407643525,-0.004920665909413666,0.005114439485078168,-0.003076116092265734,0.0019039805232156232,0.00012485118185029455,7002.8262,-0.638384464524287,0.01670412043152963,0.03838790829403449,0.06616865437234681,0.02132753022905169,0.0017614256313058885,0.001569312282040819,0.0006654541364533072,0.7050149288773602,-0.03759748674852261,0.4100298577547204,36.346657039021466,33.32344881703875,3.0232082219827134,-2.261059119969559,0.008800270588299876,-0.031212223136142626,-0.009136898844632884,-0.001478190018655341,-0.004922672369283668,0.49999999999999994,-0.8660254037844387,0.9749279121818236,-0.22252093395631434,1
2026-04-08T11:00:00+00:00,2026-04-08T12:00:00+00:00,0.002033290675846177,-0.0010490800545877813,-0.004099305112387435,0.007831864117157528,0.0020377587329332863,0.0033329921725857086,0.0024652572277870815,11966.1372,0.708758272481473,0.01695331710445797,0.03884934599183253,0.06761054732213535,0.02153100689982358,0.0017877500418760457,0.0015882059900344833,0.0006799650264294167,0.715245744631299,0.010230815753938742,0.4304914892625979,35.11687834703753,33.68213472303851,1.4347436239990188,-1.5884645979836947,0.008714517012481151,-0.007730947469183347,-0.00294162015386941,0.0021584113379029277,-0.004096253764997818,0.258819045102521,-0.9659258262890682,0.9749279121818236,-0.22252093395631434,1
2026-04-08T12:00:00+00:00,2026-04-08T13:00:00+00:00,0.0038491832166712312,0.005890300400861489,0.002796065060744386,0.00738514459989,0.0038491832166712312,0.0015293366668439003,0.002021384116176368,15657.0421,0.30844581156900003,0.018842902853565238,0.041098692282663246,0.07095570808602941,0.021844181636603847,0.0019874054042661117,0.0016803163709439865,0.000713631601222204,0.7340860239904736,0.01884027935917473,0.46817204798094736,34.44321266702673,33.834350311836154,0.6088623551905741,-0.8258812688084447,0.008588533485109837,-0.010663205808368005,0.0005144762986092771,0.008385781719353553,0.002806357800251674,1.2246467991473532e-16,-1.0,0.9749279121818236,-0.22252093395631434,0
2026-04-08T13:00:00+00:00,2026-04-08T14:00:00+00:00,-0.008785928329521147,-0.004970563760718784,-0.0029473796858209755,0.01742797599348866,-0.008785928329521147,0.0065606468520523036,0.0020035240557051324,38245.6158,1.442710159155796,0.008940959184186806,0.03066024947153741,0.060896673094749845,0.02152681986953178,0.0009420402028620779,0.0012530068152277441,0.0006124016715491348,0.6310573377034455,-0.1030286862870281,0.26211467540689115,31.941814055428495,33.45584306055462,-1.514029005126126,-2.1228913603167,0.009290611673436594,0.07224184910057384,-0.010299513572607801,-0.0029473796858209755,-0.0029034544370037385,-0.25881904510252035,-0.9659258262890684,0.9749279121818236,-0.22252093395631434,0
2026-04-08T14:00:00+00:00,2026-04-08T15:00:00+00:00,-0.0182642684006691,-0.02688972817703083,-0.023144048450759475,0.024749227867821872,-0.01825987790970702,0.0022275671686664083,0.0039221581436027705,55465.7011,0.4502499159655314,-0.008590884444252017,0.011366561551166136,0.041090059692688405,0.02013038379643174,-0.0009034865995029514,0.0004641566292270522,0.0004131360349449429,0.48119326963339615,-0.1498640680700494,-0.03761346073320766,26.360127803544856,32.03670000915267,-5.676572205607812,-4.162543200481686,0.010555295687921944,0.11537445527482953,-0.0331769835502413,-0.01629338854085452,-0.023201013513519015,-0.5000000000000001,-0.8660254037844386,0.9749279121818236,-0.22252093395631434,1
2026-04-08T15:00:00+00:00,2026-04-08T16:00:00+00:00,0.009215477264237762,-0.00921710508662564,-0.01792205259145003,0.011234737863639384,0.009210879953353316,0.0013089891444176538,0.0007989347536617762,20114.6724,-0.6373493528237398,0.0004934529710753307,0.01985942965795861,0.05015458707314811,0.01935642520135827,5.19451161628127e-05,0.0008112465531353669,0.0005043204126149313,0.5395279477203626,0.05833467808696646,0.07905589544072526,23.30040065117373,30.28944013755688,-6.989039486383149,-1.312467280775337,0.010514327969503776,0.005298461889374477,-0.011374690977893311,0.01318936618784314,-0.017834719465952484,-0.7071067811865475,-0.7071067811865477,0.9749279121818236,-0.22252093395631434,1
2026-04-08T16:00:00+00:00,2026-04-08T17:00:00+00:00,0.0023968042609855337,0.011634369220397235,-0.006842392422385682,0.0063852014625622915,0.002401328855667571,0.0020938777715735313,0.0018957474017903943,13088.3114,-0.34931520932948423,0.0026153445085474007,0.02141044610022964,0.05212019055966391,0.018746074149598266,0.0002753752325947762,0.0008746601209635303,0.0005240955429068533,0.5537126144793311,0.014184666758968447,0.10742522895866216,21.061236635484875,28.44379943714248,-7.382562801657606,-0.3935233152744573,0.010196045584796023,-0.027947050924908467,0.0010863930398721164,0.01244608973949841,-0.006651986875445803,-0.8660254037844384,-0.5000000000000004,0.9749279121818236,-0.22252093395631434,1
2026-04-08T17:00:00+00:00,2026-04-08T18:00:00+00:00,0.005007294799978336,0.007416100566476468,0.016699920736873895,0.011859956628492482,0.005002769309743975,0.003414162051723162,0.003467928383246313,14675.7031,0.12128315498361386,0.006903501926481486,0.02545827367897869,0.05678501108371951,0.018427557076717737,0.0007272128675698217,0.0010401940908091071,0.0005710295175999768,0.5827031299673007,0.028990515487969618,0.1654062599346014,19.95395728831545,26.745831007377074,-6.791873719061623,0.5906890825959827,0.010267724727506818,0.012072588958409567,0.002907329435924281,0.009338693849124736,0.016619576325201633,-0.9659258262890683,-0.25881904510252063,0.9749279121818236,-0.22252093395631434,0
2026-04-08T18:00:00+00:00,2026-04-08T19:00:00+00:00,-0.013652167679266023,-0.00871323330751651,-0.006337312961249392,0.015140296446368431,-0.013647748300752301,0.00035431836868198116,0.0009493915263397962,15484.3027,0.055097844000400874,-0.006195244947872981,0.011004245848072386,0.041918468883062394,0.01730671010428323,-0.0006517060493960365,0.0004493547207303105,0.00042146870558684436,0.4889731201918171,-0.09373000977548358,-0.022053759616365767,16.428379938957278,24.682340793693115,-8.253960854735837,-1.4620871356742136,0.01074773126063889,0.03245867148125881,-0.017008260772493924,-0.005250719601632307,-0.006248068618302153,-1.0,-1.8369701987210297e-16,0.9749279121818236,-0.22252093395631434,1
2026-04-08T19:00:00+00:00,2026-04-08T20:00:00+00:00,0.0043744690902649255,-0.009337419574529162,-0.004376879987031581,0.006349952963311366,0.0043790315253928735,0.0003165930964613115,0.0016734206527246331,10287.9908,-0.33558578650106086,-0.0016721827863371557,0.014812916618564398,0.045992588872575076,0.016512711677123787,-0.000175988263346556,0.0006049746145749356,0.00046245083601769105,0.5154986935545328,0.026525573362715705,0.030997387109065643,14.247162586167178,22.595305152187926,-8.348142566020748,-0.09418171128491082,0.010390137025636279,-0.02904267832630887,-0.009679080912816664,0.005328919847952912,-0.004270403789022763,-0.9659258262890684,0.2588190451025203,0.9749279121818236,-0.22252093395631434,0
2026-04-08T20:00:00+00:00,2026-04-08T21:00:00+00:00,-0.0005562992980678858,0.0038157362781127057,-0.009888524472641972,0.004896348554853,-0.0005517790351104484,0.0025477303478578044,0.0017965345436937112,5117.0171,-0.5026223098877577,-0.002015831709281335,0.013681972089672562,0.0449385507440045,0.015729511847708023,-0.00021214779526617747,0.0005587598786422914,0.00045184780029445864,0.5118442406930118,-0.0036544528615209517,0.023688481386023738,12.27775112644622,20.531794347039586,-8.254043220593367,0.09409934542738085,0.01000309371778946,-0.03778660674944171,-0.0008726161302864878,0.005510306229239718,-0.009833997887068985,-0.8660254037844386,0.5000000000000001,0.9749279121818236,-0.22252093395631434,1
2026-04-08T21:00:00+00:00,2026-04-08T22:00:00+00:00,0.0021359302383463985,0.0015784427237861985,0.0059598166629570805,0.006615399204345883,0.0021359302383463985,0.0036215359466794223,0.0008624854935358086,7141.0016,0.39553991328268173,0.0001047638070606567,0.015216213935478212,0.04667919946527831,0.015109867161209566,1.1027890777313514e-05,0.0006214559241538963,0.00046935787653480665,0.5257384638415005,0.01389422314848865,0.051476927683001036,10.971371764825562,18.619709830596783,-7.64833806577122,0.6057051548221466,0.00974131805041535,-0.024089436567043238,-0.0009609051455792293,0.003939542305878964,0.005954100030543438,-0.7071067811865477,0.7071067811865474,0.9749279121818236,-0.22252093395631434,0
2026-04-08T22:00:00+00:00,2026-04-08T23:00:00+00:00,-0.011135545691410956,-0.009023400201827332,-0.009574679788696755,0.01286834378296442,-0.011140011018089568,0.0002785553480344164,0.0013242795234420725,12489.3456,0.7489627225402108,-0.009991784712007738,0.003757269636401799,0.03466327932484911,0.013887818440385318,-0.001050661760620148,0.0001533814666093756,0.00034849607378492083,0.4531664235124787,-0.0725720403290218,-0.09366715297504256,7.855645806121629,16.46689702570175,-8.611251219580122,-0.962913153808902,0.010066537994376127,0.02187830733655081,-0.014703831184900358,-0.008166130712441776,-0.009555914751132443,-0.5000000000000004,0.8660254037844384,0.9749279121818236,-0.22252093395631434,1
2026-04-08T23:00:00+00:00,2026-04-09T00:00:00+00:00,5.936425449917536e-05,-0.011076842490280193,-0.008964571614754184,0.006470319634703022,6.393102755421472e-05,0.0018036529680364466,0.004602739726027364,13584.9815,0.087725645129077,-0.008995522091504459,0.0036666274509281217,0.034367307350798675,0.012777086102734786,-0.0009460012964151433,0.00014968066425135272,0.00034551941630925944,0.4535946263162552,0.0004282028037764718,-0.09281074736748962,5.335397310770986,14.240597082715599,-8.905199771944613,-0.29394855236449047,0.009809110379996003,-0.025514760287857433,-0.011353632936821475,0.0013854785388003495,-0.008940251198565383,-0.2588190451025207,0.9659258262890683,0.9749279121818236,-0.22252093395631434,0
2026-04-09T00:00:00+00:00,2026-04-09T01:00:00+00:00,-0.0031826484018263926,-0.003123473082876925,-0.014224237197057614,0.006637563386668887,-0.0031826484018263926,0.0017361190638699254,0.001708634329349582,9626.2087,-0.2914080376186011,-0.011005175854554707,0.00045377911850583456,0.03075656299070305,0.011586466069690314,-0.001157099134221281,1.852193972962183e-05,0.0003092067651060064,0.43397316631203675,-0.019621460004218463,-0.13205366737592655,2.7440300017551635,11.941283666523512,-9.197253664768349,-0.29205389282373595,0.009611652890003014,-0.02324859165285072,-0.004977324004648975,0.0014909761535567808,-0.014258829838738173,0.0,1.0,0.43388373911755823,-0.900968867902419,0
2026-04-09T01:00:00+00:00,2026-04-09T02:00:00+00:00,-0.001988062463640053,-0.00516438356164381,-0.00510532588692472,0.010680730163538632,-0.001988062463640053,0.0010281407634862149,0.007660566670797614,15127.9165,0.5715342323712554,-0.01175050798120038,-0.0014750709381755346,0.028413593029834212,0.010397614292757333,-0.0012353675563022274,-6.020335240648461e-05,0.0002856453189916767,0.4217396997872816,-0.01223346652475513,-0.1565206004254368,0.3362746456687091,9.620281862352552,-9.284007216683843,-0.0867535519154945,0.009705794566919395,0.007787001040781841,-0.006883065380004426,-0.0002799063919607797,-0.00511134661096727,0.25881904510252074,0.9659258262890683,0.43388373911755823,-0.900968867902419,1
2026-04-09T02:00:00+00:00,2026-04-09T03:00:00+00:00,0.0013769742368120292,-0.0006138257376216293,-0.0037945205479451806,0.005266559410365259,0.00138157049222475,0.00174635259821512,0.0021405424235338743,5982.5838,-0.6045335258163277,-0.009409528025708767,-9.620163198083573e-05,0.029524116058767057,0.009401792826823838,-0.0009894965610618047,-3.92658180558535e-06,0.0002968128562411332,0.43362491392552777,0.01188521413824617,-0.13275017214894447,-1.3146593187370854,7.433293626134624,-8.74795294487171,0.5360542718121337,0.009376313393516718,-0.032616621878903906,-0.0016382414987621335,0.009107308048103634,-0.0037937366286544165,0.49999999999999994,0.8660254037844387,0.43388373911755823,-0.900968867902419,1
2026-04-09T03:00:00+00:00,2026-04-09T04:00:00+00:00,0.0003666882095988555,0.001744167366628445,-0.00024736261068350793,0.0038396510407837426,0.0003666882095988555,0.0006827064499723877,0.002790390792168645,4172.2635,-0.302598402382596,-0.00819179638748668,0.0002598426123436734,0.029595296303915258,0.008521444941720102,-0.0008615514456280789,1.060593339671471e-05,0.00029752866083200194,0.436948334442962,0.0033234205174342436,-0.12610333111407598,-2.529326563570976,5.440769588193504,-7.97009615176448,0.7778567931072295,0.008977646082407822,-0.042167459378427787,-0.001377259208419226,0.003900626032078768,-0.00024440001722916826,0.7071067811865475,0.7071067811865476,0.43388373911755823,-0.900968867902419,0
2026-04-09T04:00:00+00:00,2026-04-09T05:00:00+00:00,-0.002222232404272143,-0.0018563590610949227,-0.00048194098288429374,0.0027874212450174083,-0.002222232404272143,0.0,0.0005602395253576348,4180.2073,0.0019039545321142852,-0.009415067828611798,-0.0018861333086902725,0.027028237921203943,0.007600493683482448,-0.0009900785444168906,-7.697910676870774e-05,0.0002717143907780123,0.4208262778494389,-0.016122056593523126,-0.15834744430112224,-3.839059287431155,3.5848038130685724,-7.4238631004997275,0.5462330512647524,0.008554053811174514,-0.049300380382301924,-0.00290295698678566,0.0009376723662437781,-0.00047856995786125806,0.8660254037844386,0.5000000000000001,0.43388373911755823,-0.900968867902419,1
2026-04-09T05:00:00+00:00,2026-04-09T06:00:00+00:00,0.00208023364743493,-0.0001466215194570005,0.0002200129257593967,0.006136093888193804,0.00208023364743493,0.003125329373971647,0.0009348492555575247,7702.8529,0.8426963897221078,-0.006658662662823367,0.0001827174666787698,0.028866123799073648,0.006887239936920011,-0.0007004209259110872,7.4579114029239425e-06,0.00029019598625457143,0.44155221020135826,0.02072593235191938,-0.11689557959728347,-4.460085674644688,1.9758259155259204,-6.435911590170608,0.9879515103291192,0.008364853289476554,-0.020084006509861457,-0.0001466215194570005,0.0026419532994550682,0.00022468945276164244,0.9659258262890683,0.25881904510252074,0.43388373911755823,-0.900968867902419,0
2026-04-09T06:00:00+00:00,2026-04-09T07:00:00+00:00,-0.00030245122973913784,0.0017771532484709804,-0.00044902840333727235,0.004826931804117422,-0.0003070324171239852,0.0018106724241467023,0.002709132664989071,4273.8514,-0.44515993548312477,-0.006300504340206465,-0.0001150919579698606,0.028262782928909977,0.006224630694946295,-0.0006627714258906395,-4.697608870001897e-06,0.00028412877586750065,0.43908681785675385,-0.0024653923446044247,-0.12182636428649232,-4.948467195400099,0.5909672933407164,-5.539434488740815,0.8964771014297934,0.008114494571422739,-0.030223238611214655,-0.0034171010374645676,0.00271649200220643,-0.00044444998657635097,1.0,6.123233995736766e-17,0.43388373911755823,-0.900968867902419,0
2026-04-09T07:00:00+00:00,2026-04-09T08:00:00+00:00,-0.00016960729036325553,-0.0004720072221688503,0.0016072445399606915,0.0026408208551492425,-0.00017419047269798542,0.0019531070907874866,0.0005134929440567276,8099.1789,0.8950539319172399,-0.005856551901681212,-0.00027351887054041167,0.027801125639607505,0.005615922975522793,-0.0006160993351523546,-1.1163910897870176e-05,0.0002794863887016637,0.4376116706959546,-0.0014751471607992528,-0.12477665860809083,-5.304225170973041,-0.5880711995220351,-4.716153971451005,0.8232805172898097,0.007724796066099041,-0.04818645001379553,-0.0022825723996286753,0.002546423974995387,0.0016081751273325363,0.9659258262890683,-0.25881904510252085,0.43388373911755823,-0.900968867902419,1
2026-04-09T08:00:00+00:00,2026-04-09T09:00:00+00:00,0.002397828658407997,0.0022278146788232336,0.0019246896437948547,0.006563390459986146,0.002397828658407997,0.0019895991986717296,0.0021816984316469683,8257.8256,0.01958799798828993,-0.003143066144859752,0.0020402034806915304,0.0299554451248345,0.005199612351098414,-0.000330739642977373,8.328054652875578e-05,0.00030115041426676345,0.46497348566911856,0.027361814973163943,-0.07005302866176294,-5.105297941909612,-1.4915165479995505,-3.6137813939100614,1.1023725775409439,0.007624679981330643,-0.010593601164062662,0.00026992652508472524,0.002912817313602586,0.0019257701383056033,0.8660254037844387,-0.4999999999999998,0.43388373911755823,-0.900968867902419,1
2026-04-09T09:00:00+00:00,2026-04-09T10:00:00+00:00,0.003553835810041293,0.005960185957801884,0.005789567776448264,0.008194554586307173,0.0035584258767996785,0.001622503577711516,0.003026242628091338,8927.176,0.0810564950657228,0.0003615288488301748,0.005380449552791601,0.03327012436059392,0.005017106875088418,3.8057116586885604e-05,0.0002196584250558164,0.00033448495192494687,0.5036131118956352,0.0386396262265167,0.007226223791270457,-4.2714341819091715,-2.0475000747814747,-2.223934107127697,1.3898472867823646,0.007640313042277693,0.0056114458759427355,0.0015611305872042403,0.008164971948703567,0.005782057178086035,0.7071067811865476,-0.7071067811865475,0.43388373911755823,-0.900968867902419,0
2026-04-09T10:00:00+00:00,2026-04-09T11:00:00+00:00,-0.0015678124458785923,0.001980451616149109,0.004383029058198899,0.0037157073081662815,-0.0015632619762731884,0.0009540329575020272,0.0011959647601222855,8945.7665,0.0020824614637372724,-0.0010920377893126195,0.0036544720056774613,0.03132535853086336,0.004751698829675519,-0.00011493813395024498,0.00014918437533889835,0.0003149268716384283,0.4868492444074367,-0.016763867488198515,-0.02630151118512657,-3.8438607610323743,-2.4067722120316546,-1.4370885490007197,0.7868455581269771,0.00737112449254906,-0.03674523398382595,-0.0031851481093870867,0.00503734424604996,0.004383852022570698,0.49999999999999994,-0.8660254037844387,0.43388373911755823,-0.900968867902419,0
2026-04-09T11:00:00+00:00,2026-04-09T12:00:00+00:00,-0.004765600036517825,-0.006325940915347086,-0.0027945864606629587,0.006797354443965473,-0.004761057018564852,0.0011191325805179448,0.0008943887426271512,7213.8148,-0.19360573518211097,-0.005298011958382976,-0.0010843351528398442,0.02614081400973258,0.004236119819001344,-0.0005573746295716116,-4.425661893188363e-05,0.0002627907896973833,0.43908007800480287,-0.04776916640263387,-0.12183984399039431,-4.297883171900594,-2.7849944040054426,-1.5128887678951513,-0.07580021889443156,0.007362915810032947,-0.0058739198358473705,-0.0072670315360025784,-0.003573909546268742,-0.002779576672355125,0.258819045102521,-0.9659258262890682,0.43388373911755823,-0.900968867902419,1
2026-04-09T12:00:00+00:00,2026-04-09T13:00:00+00:00,0.0014126755524570128,-0.00335965673072519,-0.004922201864967471,0.005821356270667892,0.0014126755524570128,0.001667170481922134,0.0027435030732731666,9640.0717,0.3363347919605588,-0.0035233822176685215,0.00031398853879709257,0.027308389514405035,0.0038509390867652476,-0.00037074483599009415,1.2816022974662527e-05,0.0002745315228961993,0.45603739385148634,0.016957315846683516,-0.08792521229702728,-4.35892200466742,-3.099779924137838,-1.2591420805295819,0.2537466873655694,0.00724315958615737,-0.014875083761846963,-0.004463939666139245,0.002309129554563033,-0.004920736929939405,1.2246467991473532e-16,-1.0,0.43388373911755823,-0.900968867902419,0
2026-04-09T13:00:00+00:00,2026-04-09T14:00:00+00:00,-0.008299211300118325,-0.0068982598405696646,-0.011630985529739362,0.013093357718846082,-0.008294669152166704,0.0014825283343032286,0.003246783236807228,16119.3672,0.6721210901367051,-0.010682173787483342,-0.007676985239093582,0.018592174463896317,0.003037637115965816,-0.0011231764023114867,-0.00031324818111957124,0.00018689094646206486,0.38273097323772426,-0.0733064206137621,-0.23453805352455148,-5.802540212622262,-3.6403319818347226,-2.162208230787539,-0.9030661502579571,0.007717316770876821,0.05662025491634484,-0.009949793779549982,-0.0041623165476229644,-0.011652135784179138,-0.25881904510252035,-0.9659258262890684,0.43388373911755823,-0.900968867902419,1
2026-04-09T14:00:00+00:00,2026-04-09T15:00:00+00:00,0.005731519198972996,-0.0026152591900482913,-0.001206278150312398,0.011425265081763251,0.005726874281254227,0.0020940196452105936,0.0036369814890500553,13247.797,-0.17814410233175904,-0.0045367232763276885,-0.0019115976610253377,0.02418128979268245,0.002637089359983544,-0.0004773218735865845,-7.801830699651702e-05,0.00024308711510218965,0.4481576494174872,0.06542667617976292,-0.10368470116502565,-5.877482794779553,-4.087762144423689,-1.7897206503558643,0.37248758043167474,0.007941331763768504,0.03492546650129453,-0.004074931169793306,0.0090075479916041,-0.0011550165486883162,-0.5000000000000001,-0.8660254037844386,0.43388373911755823,-0.900968867902419,1
2026-04-09T15:00:00+00:00,2026-04-09T16:00:00+00:00,0.01853391071945173,0.024371657383545315,0.01587018054906686,0.025018147061077727,0.018529233482118216,0.0031605192088333214,0.0036654809083898733,37016.1247,1.7941343530550777,0.012571388860642048,0.01592605829159924,0.04271554232526388,0.00331302016614543,0.0013250575446629917,0.0006504660265900171,0.0004294863122212563,0.5975570250207783,0.1493993756032912,0.19511405004155677,-2.6496174925405285,-3.8001332140470567,1.1505157215065283,2.9402363718623925,0.00902692044062924,0.15776860250256072,0.016405537556307987,0.02812762189949513,0.015966218618306403,-0.7071067811865475,-0.7071067811865477,0.43388373911755823,-0.900968867902419,0
2026-04-09T16:00:00+00:00,2026-04-09T17:00:00+00:00,-0.004355294658677386,0.014097895418413511,0.01991021697564226,0.016483043747990606,-0.004359783588818789,0.005162271943052031,0.0069418972707883005,19736.8531,-0.46680390613661404,0.007378336458525105,0.011045383766360778,0.037780015548988084,0.003640188770315738,0.000777270676114925,0.00045103533161996084,0.0003798428745596447,0.5585782296728197,-0.03897879534795876,0.11715645934563923,-0.8610664153725338,-3.212319854312152,2.3512534389396182,1.20073771743309,0.009596167061129137,0.058431055067326765,-0.007492134831460707,0.017893441376163145,0.01991013525974734,-0.8660254037844384,-0.5000000000000004,0.43388373911755823,-0.900968867902419,1
2026-04-09T17:00:00+00:00,2026-04-09T18:00:00+00:00,0.006529821177088602,0.002146087223116524,0.020719773331557653,0.00856596558317398,0.006529821177088602,0.0012237093690247666,0.0008547969857159334,16732.2496,-0.15223315919598152,0.012610400486575317,0.016943551373088648,0.04409363602848255,0.0042791886044535815,0.0013291749384069223,0.000692052130363713,0.0004433485917579393,0.600473715448433,0.041895485775613396,0.20094743089686604,1.700346154093495,-2.2297866526310224,3.9301328067245174,1.5788793677848991,0.00946477326604248,-0.007251907739247079,-0.002982865344935898,0.013565891472868217,0.020708437237862948,-0.9659258262890683,-0.25881904510252063,0.43388373911755823,-0.900968867902419,0
2026-04-09T18:00:00+00:00,2026-04-09T19:00:00+00:00,-0.007148802159487064,-0.0006656613821302976,-0.005018056889345604,0.010444704240414064,-0.007148802159487064,0.00042594455470671203,0.0028184841811443656,9466.94,-0.43420997018834806,0.0048573976085988756,0.009290740832946506,0.03625193050669135,0.0044119128096168515,0.0005115665779864004,0.00037935776929230063,0.0003644738028708984,0.5396882476514162,-0.06078546779701682,0.07937649530283238,2.42019536203361,-1.299790249698096,3.7199856117317056,-0.21014719499281176,0.0095980495268082,0.0068318280601185255,-0.008362278529928362,0.00019488494989657097,-0.004974275641075848,-1.0,-1.8369701987210297e-16,0.43388373911755823,-0.900968867902419,1
2026-04-09T19:00:00+00:00,2026-04-09T20:00:00+00:00,0.004331946747867987,-0.0028478236418850197,0.0036634017560781885,0.00908221365986596,0.004331946747867987,0.0036545420091859434,0.0011144097237889275,11262.9973,0.18971888487726765,0.008325903379380556,0.013120103450236701,0.04031919172584106,0.004754613617272448,0.0008771796518324613,0.0005358013558962219,0.0004053822754928205,0.568020896484694,0.02833264883327786,0.1360417929693881,3.7192202929036284,-0.2959881411777512,4.01520843408138,0.29522282234967445,0.009522762270544244,-0.0035460493426594988,-0.0032693406005333396,0.0071706412679948565,0.003712965765469525,-0.9659258262890684,0.2588190451025203,0.43388373911755823,-0.900968867902419,0
2026-04-09T20:00:00+00:00,2026-04-09T21:00:00+00:00,-0.0015069346062570024,0.0028184841811441596,-0.004350466764143549,0.005282231098740242,-0.0015069346062570024,0.002521372928226692,0.0012516492851591366,9292.9452,-0.17491366174792572,0.006154202154597923,0.011133692802733222,0.03835112398535226,0.00494903329675722,0.0006482306839232137,0.0004546430472961501,0.00038558705208226196,0.555164187416901,-0.01285670906779302,0.11032837483380206,4.4281518450902695,0.648839856075853,3.7793119890144165,-0.2358964450669636,0.009233212464459224,-0.03186718778156525,-0.005142682466329839,0.0039421336514863774,-0.00432379001787608,-0.8660254037844386,0.5000000000000001,0.43388373911755823,-0.900968867902419,0
2026-04-09T21:00:00+00:00,2026-04-09T22:00:00+00:00,-0.0010392755797349067,-0.0025446440656553687,0.0017762794196279205,0.008503785994083617,-0.0010392755797349067,0.005997883100082422,0.0014655460968528012,7702.1243,-0.17118586903966673,0.004619756298131408,0.009683611557194922,0.036887445152900045,0.0050405690584097605,0.00048652672979540134,0.00039540573521394277,0.0003708655822785501,0.5459993724824383,-0.009164814934462626,0.09199874496487681,4.749643496004865,1.4690005840616553,3.2806429119432092,-0.4986690770712072,0.009190030277968815,-0.005711247384191323,-0.0050495049504949594,0.00021263985594792344,0.0017857365618760778,-0.7071067811865477,0.7071067811865474,0.43388373911755823,-0.900968867902419,0
2026-04-09T22:00:00+00:00,2026-04-09T23:00:00+00:00,-0.0059209871629018465,-0.006954109205270426,-0.008450564423710316,0.0220686266033881,-0.00592548365064068,0.016021367890830845,8.64544134978339e-05,20803.3917,1.7009940231683875,-0.0012022046537283533,0.0035594652389688932,0.030432786242368517,0.004767401284707913,-0.00012653184595310635,0.0001453054060615934,0.0003059507253808987,0.4958307467224218,-0.05016862576001664,-0.00833850655515647,3.903180903462271,1.9558366479417786,1.9473442555204925,-1.3332986564227167,0.010160758302485879,0.0990819700807287,-0.012868654383427549,-0.0044619803038676124,-0.008467197348893755,-0.5000000000000004,0.8660254037844384,0.43388373911755823,-0.900968867902419,0
2026-04-09T23:00:00+00:00,2026-04-10T00:00:00+00:00,-0.003408123984729528,-0.009308931689268213,-0.010338532723625043,0.008108848506985764,-0.003408123984729528,0.0015523696466076574,0.003136699844762986,11787.4426,-0.43338842194660016,-0.004169371729746478,0.00013375020343387017,0.026645935814766968,0.004321138365321041,-0.0004386887024707184,5.459221779730691e-06,0.0002678700850639492,0.46926134954289145,-0.0265693971795303,-0.06147730091421707,2.598024389037164,2.0842741961608557,0.5137501928763082,-1.4335940626441843,0.01004645889740248,-0.014618887507332565,-0.024844167408726706,-0.0033219567690558277,-0.01036838672736628,-0.2588190451025207,0.9659258262890683,0.43388373911755823,-0.900968867902419,1
2026-04-10T00:00:00+00:00,2026-04-10T01:00:00+00:00,0.00226919915989419,-0.0011466585369183013,-0.007060856349342823,0.007033623819567529,0.0022829278092568158,0.0010113111968548221,0.0037445847018683083,8145.1058,-0.30900144531774854,-0.0017280781133959876,0.002308790066215402,0.028679016908537375,0.004043856279141092,-0.00018186987663602877,9.424521055600623e-05,0.00028831442696338855,0.48883486033189244,0.019573510789000964,-0.02233027933621514,1.942325987262393,2.055884554381163,-0.11355856711876999,-0.6273087599950782,0.009810135290601698,-0.021307254449251325,-0.0026895765279929817,0.005422909042609292,-0.007059911987737184,0.0,1.0,-0.433883739117558,-0.9009688679024191,0
2026-04-10T01:00:00+00:00,2026-04-10T02:00:00+00:00,-0.00021410642455948955,0.0020546068852159622,-0.0013605194545182606,0.012758007928190642,-0.00021410642455948955,0.0040688932428121554,0.008474962409440885,12958.4122,0.5909446136353441,-0.0017572047949007345,0.0020118990163484197,0.028167622002787995,0.003775738557146063,-0.00018493471860279637,8.212507117144927e-05,0.0002831718420120913,0.48700571495390227,-0.0018291453779901445,-0.02598857009219543,1.3689745216297524,1.9185025478308808,-0.5495280262011284,-0.4359694590823584,0.010022648423029237,0.021443865224835754,-0.0012241795948830453,0.00584339696143358,-0.0013530312493948275,0.25881904510252074,0.9659258262890683,-0.433883739117558,-0.9009688679024191,0
2026-04-10T02:00:00+00:00,2026-04-10T03:00:00+00:00,-0.002542488722832245,-0.002756050784221806,-0.0004931056524517978,0.005303500950153337,-0.002537943855396509,0.0017952419236952914,0.0009638576231543601,5478.4437,-0.577228782705338,-0.003887747073629576,-0.0005147077132960119,0.025292822513198823,0.0033862040652790654,-0.0004090691280340883,-2.100803674691125e-05,0.0002542638549120258,0.4647702898230075,-0.022235425130894767,-0.07045942035398496,0.4590384785083188,1.6266097339663683,-1.1675712554580495,-0.6180432292569211,0.009709289069263617,-0.03372812229492247,-0.006796424844607785,0.005983180919994478,-0.0004873959874975445,0.49999999999999994,0.8660254037844387,-0.433883739117558,-0.9009688679024191,0
2026-04-10T03:00:00+00:00,2026-04-10T04:00:00+00:00,-0.0013978219558543825,-0.00393675673212734,-0.004150020271778554,0.004437206664044113,-0.0013932602747236008,0.0014958418341673978,0.001546160672625687,6591.333,0.20313967997882315,-0.004779668236085473,-0.001836974973842498,0.023616629474744983,0.0029568259091204327,-0.0005028699667872916,-7.497294899642493e-05,0.00023740940989760946,0.45256729418279545,-0.012202995640212037,-0.09486541163440904,-0.503208147623809,1.200646157648333,-1.703854305272142,-0.5362830498140925,0.009345331834277947,-0.03883089094565013,-0.005712674313887778,-0.00043438301608144124,-0.004154417103246117,0.7071067811865475,0.7071067811865476,-0.433883739117558,-0.9009688679024191,1
2026-04-10T04:00:00+00:00,2026-04-10T05:00:00+00:00,0.0044143344647448336,0.0030103420552551464,0.0004601995716955476,0.006098255234070222,0.0044189291187300625,0.0016532237863834975,4.554335499695488e-05,8449.6804,0.28193802376545074,-0.0003496425672603939,0.0024682468605970883,0.027847467281339765,0.002818875026558554,-3.680312624438723e-05,0.0001007549203514933,0.00027995239443710936,0.4973854256119733,0.044818131429177795,-0.005229148776053449,-0.4815699413443326,0.8642029378497997,-1.3457728791941324,0.35808142607800963,0.00907525939950897,-0.024612417033878026,0.0015188972714583818,0.005969725291843147,0.00047402378605820644,0.8660254037844386,0.5000000000000001,-0.433883739117558,-0.9009688679024191,1
2026-04-10T05:00:00+00:00,2026-04-10T06:00:00+00:00,0.0005419659244618163,0.004958692808065719,0.003553939482531885,0.004834084391642926,0.0005419659244618163,0.002826710364604687,0.0014657016705358708,6931.587,-0.17966281896295141,0.0001738322188537868,0.0028931087953010847,0.028113947584871086,0.0027188039607221773,1.8298463127991937e-05,0.00011810001924502026,0.00028263209536466175,0.5027913013050166,0.005405875693043285,0.00558260261003312,-0.364200179258205,0.6185223144281988,-0.9827224936864039,0.3630503855077285,0.008767753640169794,-0.0333603616496636,-0.0011094237362117973,0.005009263706855269,0.0035584784333522676,0.9659258262890683,0.25881904510252074,-0.433883739117558,-0.9009688679024191,0
2026-04-10T06:00:00+00:00,2026-04-10T07:00:00+00:00,-0.004870499339979186,-0.004331173060194752,6.404215803769004e-05,0.006605068154789158,-0.004875029018029886,0.0006998444790047572,0.0010063123227517237,7494.4417,0.08120141895355275,-0.0042520337914475435,-0.0019135335600343317,0.022871345187603198,0.002348486073556719,-0.0004473822638887987,-7.809731094721673e-05,0.00022991561474355922,0.4553657053804847,-0.047425595924531834,-0.08926858923903054,-1.1216546371192635,0.27048692411870634,-1.39214156123797,-0.4094190675515661,0.008653123281008056,-0.017880907336672247,-0.00767551325172157,-0.0028688842366441647,8.580104922746405e-05,1.0,6.123233995736766e-17,-0.433883739117558,-0.9009688679024191,0
2026-04-10T07:00:00+00:00,2026-04-10T08:00:00+00:00,-0.003165309669746418,-0.008020392371068273,-0.00748277322597239,0.005584413200690169,-0.0031698693172201374,0.0010829264711281373,0.0013215373884953327,8738.2884,0.16596922756767846,-0.006703479441301513,-0.004874823269508252,0.019434484306297333,0.0018409972590709349,-0.0007051318530969337,-0.00019893279621559657,0.00019535960823665704,0.42729460417044157,-0.02807110121004314,-0.14541079165911683,-2.254342264935076,-0.2344789136920502,-2.0198633512430257,-0.6277217900050558,0.008459443863511199,-0.025477064153536892,-0.00871527082840553,-0.0021611721611720694,-0.007493843085263787,0.9659258262890683,-0.25881904510252085,-0.433883739117558,-0.9009688679024191,1
2026-04-10T08:00:00+00:00,2026-04-10T09:00:00+00:00,0.003019345838992661,-0.0001555209953342287,-0.005025262870408286,0.005938166213755692,0.0030239483863863338,0.001944314823456214,0.0009790196993402472,7505.4562,-0.14108394499774118,-0.003352759072452169,-0.0017969869729819977,0.02228351288434665,0.0015610057757469574,-0.00035279749762545106,-7.334102775967696e-05,0.00022400507039424463,0.46130020282240053,0.03400559865195895,-0.07739959435519893,-2.591184796529433,-0.7058200902595267,-1.8853647062699062,0.13449864497311959,0.008255706439745355,-0.02113739316249044,-0.0012382514609996648,0.004346627458187849,-0.005016463170732942,0.8660254037844387,-0.4999999999999998,-0.433883739117558,-0.9009688679024191,1
2026-04-10T09:00:00+00:00,2026-04-10T10:00:00+00:00,0.00465263100107055,0.007686024742116662,0.004496386423932111,0.005350564427626216,0.0046572271656336395,0.0007058191372612064,9.10734370658953e-06,7897.3355,0.05221258902290317,0.0011618189806464746,0.002735319720947239,0.02676356708800102,0.001571674738757873,0.00012231169312566618,0.00011165816905048861,0.00026905294376398985,0.5097524906574088,0.048452287835008295,0.019504981314817656,-2.0142815401254666,-0.9675123802327148,-1.0467691598927518,0.8385955463771544,0.008012694343199943,-0.024919973589623376,0.002703060576866035,0.008681153628860055,0.004506667170316793,0.7071067811865476,-0.7071067811865475,-0.433883739117558,-0.9009688679024191,1
2026-04-10T10:00:00+00:00,2026-04-10T11:00:00+00:00,0.0005509942942489773,0.005206188868454363,0.008241253992144001,0.0034725382752908694,0.0005464381340958352,0.00047787223971900296,0.0024485263330360405,5030.0878,-0.3630652009149162,0.0015500144488010256,0.0031584797616434814,0.027050018738618075,0.001605976026796493,0.00016318604100231654,0.00012893416316697633,0.00027193341248771545,0.5153379080083854,0.005585417350976556,0.030675816016770767,-1.4428128174145058,-1.062572467669073,-0.38024034974543275,0.666528810147319,0.007684300143441836,-0.0404558292553459,-0.0001547156417514473,0.005219985085756831,0.008222971134312189,0.49999999999999994,-0.8660254037844387,-0.433883739117558,-0.9009688679024191,1
2026-04-10T11:00:00+00:00,2026-04-10T12:00:00+00:00,0.00837869326973854,0.008934304176172405,0.01362850319782601,0.012213120303297182,0.00837410399362844,0.0038950195202311325,1.3540044682237757e-05,27238.3539,4.415085180024094,0.008986358200370765,0.011105125097853332,0.035288056673679874,0.002099896475569403,0.0009468280775400239,0.00045347595939225786,0.00035477965988366133,0.5915808184085182,0.07624291040013283,0.18316163681703643,0.4899653877569108,-0.7520648965838763,1.242030284340787,1.6222706340862199,0.007948498551321287,0.04304834962468923,0.00789704725036284,0.011407521021062255,0.013582318565058066,0.258819045102521,-0.9659258262890682,-0.433883739117558,-0.9009688679024191,1
2026-04-10T12:00:00+00:00,2026-04-10T13:00:00+00:00,0.001466838173899307,0.009857821630773294,0.010414247528494552,0.009162197485240607,0.0014623182257206596,0.004330974807337026,0.0033710397043580234,21377.2433,-0.21517859050946542,0.009460150153799364,0.012088628089318277,0.03642708043996088,0.0026038451692406497,0.0009967978959546228,0.0004936569683596209,0.0003662353902108067,0.6034407651127469,0.011859946704228647,0.20688153022549371,2.257925914455427,-0.1500667343760156,2.407992648831443,1.1659623644906558,0.008024380825700493,0.011027584886667352,-0.002418760228028894,0.009867013771948322,0.010396525737886823,1.2246467991473532e-16,-1.0,-0.433883739117558,-0.9009688679024191,1
2026-04-10T13:00:00+00:00,2026-04-10T14:00:00+00:00,0.001883816305376464,0.0033534177329451113,0.011760208261273301,0.007696529139752113,0.001883816305376464,0.0010930780718643913,0.004723176853734459,13705.7194,-0.35886404024788354,0.01026860123372419,0.013439009345341882,0.03798312769997205,0.0031381833581149007,0.0010820750137415867,0.0005488320450743701,0.00038188575794453856,0.6187740996015172,0.015333334488770375,0.23754819920303447,3.950796117259415,0.6701058359510706,3.2806902813083445,0.8726976324769016,0.007986952528663863,-0.002789292547180631,-0.0024366056243859307,0.006747638326585737,0.011729347749014312,-0.25881904510252035,-0.9659258262890684,-0.433883739117558,-0.9009688679024191,1
2026-04-10T14:00:00+00:00,2026-04-10T15:00:00+00:00,0.008852582902999574,0.010753075848393405,0.01223568704443397,0.015088551606056886,0.008852582902999574,0.005132069414471349,0.0011815798391268306,39205.5195,1.8605225567364234,0.017350618315437057,0.021512810178464063,0.04668067602324884,0.0040912068937638225,0.001829722645756461,0.0008788455761845778,0.0004693727302471929,0.6812619937519594,0.06248789415044215,0.3625239875039188,6.802010138062997,1.8964866963734561,4.905523441689541,1.624833160381196,0.008429130929125813,0.06470527763343657,0.007751032347641663,0.015558775584133367,0.012203237382275346,-0.5000000000000001,-0.8660254037844386,-0.433883739117558,-0.9009688679024191,0
2026-04-10T15:00:00+00:00,2026-04-10T16:00:00+00:00,-0.008244306122813067,0.0005352933767565966,0.0024201180765243547,0.01691791014580049,-0.008244306122813067,0.006847190314125337,0.001757880113475367,21462.2655,-0.45257030709668317,0.00810270694373674,0.012571313754545278,0.037658639633689324,0.004432690022583121,0.0008536446079821206,0.0005133782691364115,0.0003786220907191737,0.5843489452043148,-0.09691304854764461,0.16869789040862954,7.4833657368344575,3.0138625044656564,4.469503232368801,-0.4360202093207395,0.009100537315096009,0.07075210664977918,-0.013308077559476017,0.0017293947568714824,0.002492093085562971,-0.7071067811865475,-0.7071067811865477,-0.433883739117558,-0.9009688679024191,1
2026-04-10T16:00:00+00:00,2026-04-10T17:00:00+00:00,0.009481762555804891,0.0011592858798979422,0.01002213145725759,0.011561620408308706,0.00947722409049217,0.0009174475362525142,0.0012559233263263634,14371.2053,-0.33039663030913496,0.015952436664583004,0.02128426687021121,0.0470026468030918,0.005248110062251384,0.0016820283278897175,0.0008695009616621561,0.0004726116663549852,0.6461761423922647,0.06182719718794992,0.2923522847845294,9.614303989583277,4.3339508014891805,5.280353188094097,0.8108499557252955,0.009196955936433732,0.020177047508897653,-0.005593470298805422,0.011259435406870957,0.010090039335991398,-0.8660254037844384,-0.5000000000000004,-0.433883739117558,-0.9009688679024191,1
2026-04-10T17:00:00+00:00,2026-04-10T18:00:00+00:00,0.0013628104179285038,0.010857494818524771,0.0025236761847009285,0.004518728707269929,0.0013583507395218525,0.0004580994654022582,0.0027041211161615386,8726.5575,-0.39277483566392296,0.01565998872900878,0.021767468624477322,0.04792453306988167,0.006013311505075049,0.0016511416408941644,0.0008892581846574955,0.00048188570067422907,0.6542130468442341,0.008036904451969348,0.3084260936884681,11.418380352966778,5.7508367117847,5.667543641182078,0.3871904530879817,0.00885117424548924,-0.036285834223670765,0.0004449546591202356,0.012136162703807423,0.0026002668509203276,-0.9659258262890683,-0.25881904510252063,-0.433883739117558,-0.9009688679024191,1
2026-04-10T18:00:00+00:00,2026-04-10T19:00:00+00:00,0.00040472865389911783,0.0017680906402535895,0.011266617811686506,0.005708366491355268,0.00040917804137149044,0.001142562451930203,0.004156793356243819,8296.7903,-0.04924819437676314,0.014518257414902978,0.021292642512202496,0.04784455986275336,0.006677440300149303,0.0015305767075301107,0.000869843419476615,0.00048108117567702936,0.6567103259387344,0.0024972790945002998,0.3134206518774687,12.774299095184688,7.155529188464698,5.61876990671999,-0.048773734462088214,0.008623362879535497,-0.025343670532499606,-5.334637355793232e-05,0.004483563986799371,0.011249301627632513,-1.0,-1.8369701987210297e-16,-0.433883739117558,-0.9009688679024191,1
2026-04-10T19:00:00+00:00,2026-04-10T20:00:00+00:00,0.0017071750254520881,0.0021125946220012276,0.003478284105889454,0.00553886302409495,0.0017116284032507197,0.0012560082017779072,0.002574151084915999,6307.8692,-0.23972175119335007,0.014679858737651878,0.022112812422323002,0.04911529279572448,0.007325417589266385,0.0015476397758881857,0.0009033791296148768,0.0004938648151831752,0.6676189323526495,0.010908606413915152,0.335237864705299,13.99737732233325,8.523898815238407,5.473478507094843,-0.14529139962514748,0.008389394711062082,-0.025471037971193492,0.0005639682046271956,0.0063017516279153425,0.0034747140972797097,-0.9659258262890684,0.2588190451025203,-0.433883739117558,-0.9009688679024191,1
2026-04-10T20:00:00+00:00,2026-04-10T21:00:00+00:00,0.0009586493695548291,0.0026674609772687867,0.003073269229058563,0.006256290653695766,0.0009586493695548291,0.0008025433085180198,0.0044960161040734055,10016.3472,0.5879129516509315,0.014140778979566176,0.022166991401008217,0.049597574690195045,0.007914298081493241,0.0014907219947172593,0.0009055945186496506,0.0004987166816890678,0.6738962135519171,0.006277281199267577,0.3477924271038341,14.968422915429073,9.812803635276541,5.155619280152532,-0.3178592269423106,0.00822956926337066,-0.018110505172088922,-0.00029698581560286914,0.005264049351019802,0.0030705530489060348,-0.8660254037844386,0.5000000000000001,-0.433883739117558,-0.9009688679024191,0
2026-04-10T21:00:00+00:00,2026-04-10T22:00:00+00:00,-0.0002039612828278063,0.0007544925593718264,0.0024629556356781635,0.005916083854057968,-0.0002039612828278063,0.00015521959137329826,0.005556861371165409,6229.9527,-0.37802149070870866,0.012590184542479066,0.021079239201471877,0.04886810662201202,0.008383504786616553,0.001327041288125458,0.0008611179964775093,0.0004913780838051449,0.6709899160891426,-0.002906297462774461,0.3419798321782852,15.521938147450783,10.95463053771139,4.567307609739393,-0.5883116704131393,0.00806587924320789,-0.02009037678025814,-0.0010056974755664168,0.005278574071679688,0.002461863112179111,-0.7071067811865477,0.7071067811865474,-0.433883739117558,-0.9009688679024191,0
2026-04-10T22:00:00+00:00,2026-04-10T23:00:00+00:00,-0.005601209825843667,-0.005804028678730006,-0.00485094333760892,0.008955330383901781,-0.005605619811253959,0.00027204937919209034,0.0030460610817753353,7568.2712,0.21482000978915944,0.006255432320328872,0.014748724841362922,0.04254718210029808,0.008440493584665008,0.0006589004239302763,0.0006023513777997116,0.00042779279877788517,0.595102615012063,-0.0758873010770796,0.19020523002412604,14.771194375986852,11.717943305366482,3.0532510706203695,-1.5140565391190233,0.008171599404381277,0.007432459188772227,-0.0059582919563058835,-4.459626996814212e-05,-0.004846521739116644,-0.5000000000000004,0.8660254037844384,-0.433883739117558,-0.9009688679024191,1
2026-04-10T23:00:00+00:00,2026-04-11T00:00:00+00:00,0.0012532110746398247,-0.004355018249388971,-0.004558091277107893,0.002828444800783906,0.0012487456795630201,0.00027170887062634354,0.0013095476715440878,3172.8191,-0.5807735985993737,0.006795762485964646,0.015382503364319943,0.04339842128001613,0.008528781306302927,0.0007158555020980184,0.0006282517326004502,0.00043635536094260846,0.6057851361783327,0.010682521166269722,0.21157027235666548,14.238831656167804,12.222120975526746,2.016710680641058,-1.0365403899793115,0.007780448148792047,-0.04667393651223413,-0.004628705957463611,0.004312408014637283,-0.004551960034031649,-0.2588190451025207,0.9659258262890683,-0.433883739117558,-0.9009688679024191,0
2026-04-11T00:00:00+00:00,2026-04-11T01:00:00+00:00,-0.002797265094318701,-0.00154755958327378,-0.0071401012031735355,0.004082598927089372,-0.0028017068586140077,0.0,0.0012730204531952408,5000.1618,0.575936617376011,0.0035991249361325894,0.012044433912956317,0.04006083976985839,0.008415022260368325,0.0003789988421385793,0.0004918513462853399,0.000402783674594079,0.5696151510835942,-0.036169985094738594,0.1392303021671883,13.158503808375826,12.409397542096562,0.7491062662792647,-1.2676044143617933,0.007536582157479091,-0.034053026823868994,-0.0030681403240026867,-0.00024114571006245836,-0.007145263845522543,0.0,1.0,-0.9749279121818236,-0.2225209339563146,1
2026-04-11T01:00:00+00:00,2026-04-11T02:00:00+00:00,0.0024254389687193576,-0.0003786107213649423,0.0008741258741258904,0.005208983156581435,0.0024254389687193576,0.0010248640941093407,0.0017645486142055238,5117.0379,0.023374463602357908,0.00545555923395955,0.01392257805529889,0.04214187182173518,0.008421077136209008,0.0005745993678785255,0.0005685916047467596,0.00042371585930820556,0.5922831531123222,0.022668002028728013,0.18456630622464432,12.59530103522411,12.446578240722072,0.14872279450203862,-0.6003834717772261,0.007353392315336459,-0.021940268733704558,-0.0003830632588884606,0.00370317363769712,0.0008813849490404812,0.25881904510252074,0.9659258262890683,-0.9749279121818236,-0.2225209339563146,1
2026-04-11T02:00:00+00:00,2026-04-11T03:00:00+00:00,0.001777916406737473,0.004207667603192857,0.0013986325471592492,0.004425782518381575,0.001777916406737473,0.0017614169620895192,0.0008896045263078298,4262.1507,-0.1670668102731856,0.006548831406871883,0.015099259906956259,0.04353789553916175,0.008494797503399099,0.0006898262065682671,0.0006166763781170332,0.00043775833784873624,0.6085963432061837,0.016313190093861535,0.2171926864123674,12.328799705430356,12.42302253366373,-0.09422282823337369,-0.24294562273541231,0.007132158995300197,-0.028361459391754877,0.0007522813265079254,0.005987086150500539,0.0014060902811381293,0.49999999999999994,0.8660254037844387,-0.9749279121818236,-0.2225209339563146,0
2026-04-11T03:00:00+00:00,2026-04-11T04:00:00+00:00,-0.004901720939956135,-0.003132519383299058,-0.0007146781491622226,0.006709369426552393,-0.004901720939956135,0.0011577126458875032,0.0006257906193986558,4975.7554,0.16742831265914643,0.0014609747408212686,0.009722665656653253,0.038025910009332205,0.008249638402505016,0.00015381046884531733,0.00039700104347208245,0.00038231605955183975,0.5438716442810544,-0.06472469892512926,0.08774328856210886,11.10041490624235,12.158501008179453,-1.0580861019371035,-0.9638632737037298,0.007134582368137665,-0.00456360535087932,-0.006651421974557653,-0.00224333244135213,-0.0006983655644993043,0.7071067811865475,0.7071067811865476,-0.9749279121818236,-0.2225209339563146,1
2026-04-11T04:00:00+00:00,2026-04-11T05:00:00+00:00,0.0016985745383675478,-0.003211472339971379,-0.0014392656625969247,0.003337840310222814,0.001694097032871724,0.0008746212577589332,0.0007719871305729298,5020.1024,0.008912616564712919,0.002860023773960915,0.010984288574508741,0.03937757318050039,0.0081010954748945,0.00030114579558904544,0.0004485394065627872,0.0003959111879624954,0.5612014068414706,0.0173297625604161,0.12240281368294106,10.314638611650935,11.789728528873749,-1.4750899172228138,-0.4170038152857103,0.006852152584271386,-0.03795469418966287,-0.00435848905712704,0.0023258206345016788,-0.0014252299948511137,0.8660254037844386,0.5000000000000001,-0.9749279121818236,-0.2225209339563146,0
2026-04-11T05:00:00+00:00,2026-04-11T06:00:00+00:00,-0.0036502050451366315,-0.0019578306521185734,-0.00684995485257033,0.0056924296507956575,-0.0036546510901480844,0.00032694521204413234,0.0016974278817085187,8378.0091,0.6688920727991524,-0.0007244265678797226,0.0070059458820997565,0.035217096753630155,0.007735976596954809,-7.624961375090834e-05,0.0002860387695607198,0.00035406598924451224,0.5157738624720015,-0.045427544369469004,0.03154772494400305,8.928920561908853,11.21756693548077,-2.2886463735719165,-0.8135564563491027,0.0067926255267455405,-0.01230584585738068,-0.0045208722519204225,-0.0011899170189446666,-0.006853351446725218,0.9659258262890683,0.25881904510252074,-0.9749279121818236,-0.2225209339563146,1
2026-04-11T06:00:00+00:00,2026-04-11T07:00:00+00:00,0.0012853873405021927,-0.0023695096319896946,-0.0006749598823514611,0.0031802689138778384,0.0012853873405021927,0.00047860587030235536,0.0014179258026712797,5777.1398,-0.3104400185003379,0.0005066664274942622,0.007972240111300486,0.03617093858818108,0.00746179304378203,5.333615275076134e-05,0.00032550347359797154,0.0003636592209399787,0.5301445663436718,0.014370703871670259,0.060289132687343566,7.970435815679139,10.568140711520444,-2.5977048958413054,-0.3090585222693889,0.006526502961356519,-0.03794313113389425,-0.0026988325876229225,0.0029878869448182388,-0.000666243166266891,1.0,6.123233995736766e-17,-0.9749279121818236,-0.2225209339563146,0
2026-04-11T07:00:00+00:00,2026-04-11T08:00:00+00:00,-0.0013687233300233245,-8.509532916219374e-05,-0.003734989758899,0.0026560960315328724,-0.001377656909754494,0.0003717638627610777,0.0009047747021409934,3302.0889,-0.42842150020326664,-0.0007806478282630903,0.0063324343146243115,0.034395015438175074,0.007118639293191821,-8.216670368460996e-05,0.0002585335290292597,0.0003457980820960148,0.5126744538020936,-0.01747011254157812,0.025348907604187332,6.8845524866878804,9.831423066553931,-2.946870579866051,-0.34916568402474546,0.006258351599596319,-0.04239901755051698,-0.0018464454806794335,0.0013365506229761207,-0.0037335410346577636,0.9659258262890683,-0.25881904510252085,-0.9749279121818236,-0.2225209339563146,1
2026-04-11T08:00:00+00:00,2026-04-11T09:00:00+00:00,0.00013437248051607182,-0.0012345347682562481,4.9265716883418205e-05,0.001473420215862763,0.00013437248051607182,0.001133055667517464,0.00020601012136684866,4658.7629,0.41085326321771637,-0.0005848562257300309,0.006212448378884589,0.03417864314228516,0.006801282376955731,-6.156002336500179e-05,0.00025363363529593046,0.0003436219866889219,0.5143641035215574,0.0016896497194637304,0.02872820704311479,5.979264380080167,9.060991329259178,-3.0817269491790107,-0.13485636931295986,0.005915790009032572,-0.05460969486087461,-0.0016141220025844404,0.0010400882281739116,5.103649099493998e-05,0.8660254037844387,-0.4999999999999998,-0.9749279121818236,-0.2225209339563146,1
2026-04-11T09:00:00+00:00,2026-04-11T10:00:00+00:00,0.004894979622911835,0.005030009853981913,0.003654401832121196,0.0076075281995517325,0.004899480046039015,0.002442252755333523,0.00028968326477500124,10245.6974,1.1992313452998433,0.003895447276521584,0.01069638791026589,0.03883530603022578,0.006774550728559084,0.0004102152893213637,0.0004367779533340521,0.00039045698036726666,0.5725180125533448,0.05815390903178738,0.14503602510668956,6.073762138377788,8.4635454910829,-2.3897833527051127,0.691943596473898,0.0060098701660361,0.020876053547211226,0.003757666310284863,0.005237126703522205,0.0036606287734045825,0.7071067811865476,-0.7071067811865475,-0.9749279121818236,-0.2225209339563146,0
2026-04-11T10:00:00+00:00,2026-04-11T11:00:00+00:00,-0.0015018963112178245,0.0033857315598548724,0.0035205589895190036,0.003311819894128917,-0.0015063462635482516,0.0005713112485827666,0.001231889879756933,3647.1528,-0.6440307909152188,0.0021598092279056283,0.008815315460538032,0.03689050421338101,0.006641162588389977,0.00022740003880075202,0.0003599383032745552,0.0003708963494143382,0.5506243719459344,-0.02189364060741042,0.10124874389186872,5.8097502722193894,7.932786447310198,-2.1230361750908084,0.2667471776143042,0.005825546369640235,-0.032126012320595754,-0.0039345399255771366,0.0036823997419633443,0.003527455792210082,0.49999999999999994,-0.8660254037844387,-0.9749279121818236,-0.2225209339563146,1
2026-04-11T11:00:00+00:00,2026-04-11T12:00:00+00:00,0.0025218035581979106,0.0010161197595184128,0.005916073267947528,0.0037086340384041416,0.0025397023772328648,0.00039624061154612755,0.0007791247979840702,4110.2145,0.1269652590371317,0.004238780656183141,0.010909025240349483,0.03909688191939223,0.0066420902206225435,0.00044638660959044795,0.0004454646867698257,0.00039308794404350816,0.579647592311392,0.02902322036545755,0.1592951846227838,5.9874076389364745,7.543710685635453,-1.5563030466989787,0.5667331283918298,0.005660731125978884,-0.025841351559811362,0.0004409563854048944,0.003758323278366318,0.005914886869891921,0.258819045102521,-0.9659258262890682,-0.9749279121818236,-0.2225209339563146,0
2026-04-11T12:00:00+00:00,2026-04-11T13:00:00+00:00,-0.0002715806438687897,0.0022495380412950747,0.0007442631571910852,0.0024716098864396266,-0.000276031556639846,0.0002627477176576021,0.0019327543976843222,2702.3559,-0.34252679513441453,0.0035869750358468724,0.010213184118805407,0.03841363161502474,0.006602525987069386,0.0003777189372890316,0.0004170385065247618,0.00038621575441957453,0.575327260452691,-0.004320331858700896,0.150654520905382,6.00970434916826,7.236909418342014,-1.2272050691737544,0.3290979775252243,0.005434364674168712,-0.04024962765353043,-0.0006675567423230974,0.0030509186257911738,0.0007483266031112963,1.2246467991473532e-16,-1.0,-0.9749279121818236,-0.2225209339563146,0
2026-04-11T13:00:00+00:00,2026-04-11T14:00:00+00:00,-0.002556223558227469,-0.002827109981256443,-0.00031243583906868146,0.0052594920884381354,-0.00255178157106002,4.46476408196337e-06,0.002696717505447199,6483.544,1.3992191406024646,0.0009241988901185762,0.007329410906622568,0.03539080863730863,0.006399297792586545,9.729355881235172e-05,0.0002992491521071132,0.000355813076882634,0.5349243907555062,-0.0404028696971848,0.06984878151101243,5.500794884544575,6.889686511582527,-1.3888916270379514,-0.16168655786419706,0.005434806037445216,-0.002475214078795438,-0.0030934121448695285,-0.0006246765068088116,-0.0003060006438983481,-0.25881904510252035,-0.9659258262890684,-0.9749279121818236,-0.2225209339563146,1
2026-04-11T14:00:00+00:00,2026-04-11T15:00:00+00:00,0.0010447547951564857,-0.0015141393898909334,-0.0017853088228093094,0.002546719593238498,0.0010492242437771667,0.0008920208732884349,0.0006065741938361926,2755.4128,-0.575014405701573,0.0017819735712083457,0.008050478008701834,0.036096527501474886,0.00625735399804328,0.0001876113568093531,0.00032869894662628787,0.0003629108273582093,0.5488342281397897,0.013909837384283464,0.09766845627957935,5.226056188505481,6.556960446967118,-1.3309042584616364,0.057987368576315035,0.005223247185851526,-0.03792257490515094,-0.0015141393898909334,0.0037515892770804355,-0.0017830494069397728,-0.5000000000000001,-0.8660254037844386,-0.9749279121818236,-0.2225209339563146,1
2026-04-11T15:00:00+00:00,2026-04-11T16:00:00+00:00,0.0033183176486330027,0.00436653927206475,0.0017991538632821035,0.006543560016714641,0.0033183176486330027,0.002920597099851598,0.00031562008232795876,7055.5261,1.5606058373540255,0.004617653606836162,0.010943736400398711,0.039125854238993535,0.006297005403847208,0.00048630517849442635,0.00044688273335658765,0.0003933793521827294,0.5907457515674711,0.04191152342768142,0.18149150313494217,5.5447531509994405,6.354518987773583,-0.809765836774142,0.5211384216874944,0.005301514109556698,0.01835238274746956,0.0024241343968629094,0.0049812588512279325,0.0018068488855620198,-0.7071067811865475,-0.7071067811865477,-0.9749279121818236,-0.2225209339563146,1
2026-04-11T16:00:00+00:00,2026-04-11T17:00:00+00:00,0.004063052890813176,0.007394853039561094,0.008447333642890138,0.012347920024084809,0.004063052890813176,0.006968671967698053,0.0013326367612941027,12794.9999,0.8134721236450391,0.007864431635918576,0.01445247849849042,0.042898052499489074,0.0065366399049110535,0.0008285207874747583,0.0005902452655304892,0.0004313221646265756,0.6355384259525836,0.0447926743851125,0.27107685190516717,6.460373242400237,6.375689838698913,0.08468340370132399,0.894449240475466,0.005784908019923082,0.09561387315862607,0.001139128854532673,0.007713963210329289,0.008426125334602665,-0.8660254037844384,-0.5000000000000004,-0.9749279121818236,-0.2225209339563146,1
2026-04-11T17:00:00+00:00,2026-04-11T18:00:00+00:00,0.0005888394991766793,0.00465428487601921,0.007988046920298073,0.005141570170043447,0.0005888394991766793,0.002424768031999665,0.002128309166773574,7292.9373,-0.43001661922639023,0.0076462283970135944,0.014451109956109974,0.04306055197336104,0.006753244707640834,0.0008055144783886048,0.0005901893407006503,0.00043295673697925266,0.6416841067170932,0.006145680764509649,0.2833682134341865,7.210213789880527,6.542594628935236,0.6676191609452911,0.5829357572439671,0.005735794108487451,-0.007906167072647314,-0.006335681184653606,0.0060003650073669245,0.007970210038622857,-0.9659258262890683,-0.25881904510252063,-0.9749279121818236,-0.2225209339563146,1
2026-04-11T18:00:00+00:00,2026-04-11T19:00:00+00:00,0.02010168096601335,0.020702357128942667,0.02484952479173524,0.023505274481227034,0.02010168096601335,0.00264157818030404,0.0011581303352071937,37997.9082,4.21023376959514,0.025177411240046715,0.03343119878961054,0.06335036959515562,0.008051082143509289,0.0026572963244626087,0.0013664032362378554,0.0006370927603717546,0.7788567910014127,0.1371726842843195,0.5577135820028255,11.339573605828264,7.501990424313841,3.8375831815144226,3.1699640205691315,0.006900088999453326,0.2271696392905549,0.017634154200636628,0.0228806452901011,0.024753573356003207,-1.0,-1.8369701987210297e-16,-0.9749279121818236,-0.2225209339563146,1
2026-04-11T19:00:00+00:00,2026-04-11T20:00:00+00:00,0.0045631202720521815,0.024756527625983873,0.02535994474648919,0.01063058083904726,0.004567477650590216,0.006032055821343978,5.181436639660912e-05,31171.2632,-0.1796584423560452,0.026935458261829588,0.03659616772562852,0.06747813987509976,0.00940731901511168,0.002843373244545309,0.001495955672258012,0.0006786324897805009,0.7981290684326693,0.019272277431256556,0.5962581368653386,15.284803392045433,9.05855301786016,6.226250374185273,2.3886671926708507,0.007137448567385067,0.03911958297953717,0.0019164795611563924,0.025968617930838902,0.025253640737242213,-0.9659258262890684,0.2588190451025203,-0.9749279121818236,-0.2225209339563146,0
2026-04-11T20:00:00+00:00,2026-04-11T21:00:00+00:00,-0.007616711860308413,-0.0030883475605523853,0.016951252428086577,0.012539594138326999,-0.007616711860308413,0.0005134184969890338,0.004351004211772077,18271.8949,-0.4138224433586638,0.017261822765261104,0.02754419373739114,0.05872226761798788,0.010107890360201542,0.0018203415978205386,0.0011255181725710896,0.0005905220543928726,0.6896047212590688,-0.10852434717360054,0.3792094425181375,16.7944301089733,10.605728436082789,6.188701672890513,-0.03754870129476018,0.007574184310824995,0.05310656327522591,-0.013566931195357661,-0.0030321301690444157,0.01704808937775712,-0.8660254037844386,0.5000000000000001,-0.9749279121818236,-0.2225209339563146,1
2026-04-11T21:00:00+00:00,2026-04-11T22:00:00+00:00,0.00045250443802428015,-0.007167654018204074,-0.0026372406135054165,0.005123164706701082,0.00045250443802428015,0.002074490292951074,0.002596374643379138,7471.7,-0.5910823677077958,0.016007298082847045,0.026881237222787124,0.058577769746216764,0.010702619125333684,0.0016878226909234056,0.0010983985115812895,0.0005890681009226927,0.6922614996398444,0.0026567783807756483,0.3845229992796888,17.86875952982564,12.05833465483136,5.810424874994279,-0.37827679789623403,0.007395930380264792,-0.023092551232195172,-0.007673252371457808,0.004824500069920274,-0.002601087150231951,-0.7071067811865477,0.7071067811865474,-0.9749279121818236,-0.2225209339563146,0
2026-04-11T22:00:00+00:00,2026-04-11T23:00:00+00:00,-0.0010785609908844278,-0.0006265446064952028,-0.008238484257068312,0.0082590296402075,-0.0010742166264378194,0.003765978196510088,0.0034176796349830677,7556.8034,0.011390098638863975,0.013472199618455657,0.02473794705303317,0.05683204660881283,0.011115990590386949,0.001420140213779114,0.0010107326736488215,0.000571502776695971,0.6773723225945603,-0.014889177045284186,0.3547446451891204,18.309003269469486,13.308468377758985,5.000534891710501,-0.809889983283778,0.007464995504123396,0.00824962753483152,-0.0031465238506507877,0.0019761380242982966,-0.008242768413168561,-0.5000000000000004,0.8660254037844384,-0.9749279121818236,-0.2225209339563146,0
2026-04-11T23:00:00+00:00,2026-04-12T00:00:00+00:00,-0.0051765873706943015,-0.006249565096374793,-0.005799888614292344,0.008936581779351365,-0.005180918546382322,0.0,0.0037286815259585304,8736.7846,0.15614819356025605,0.0074366298487597154,0.018656992969097962,0.050824231741343324,0.011137537377435532,0.0007834164027962269,0.0007620902563939138,0.0005110573451084084,0.6096690697703145,-0.06770325282424565,0.21933813954062914,17.49678393990871,14.14613149018893,3.35065244971978,-1.6498824419907212,0.007606178500176068,0.01363817947822987,-0.009969670710572018,-0.0017649397342981168,-0.005802643923554449,-0.2588190451025207,0.9659258262890683,-0.9749279121818236,-0.2225209339563146,1
2026-04-12T00:00:00+00:00,2026-04-12T01:00:00+00:00,0.0003194762340316668,-0.00485876493330096,-0.005932085449864452,0.006667483331291577,0.00031509846827124723,0.0011024972437568828,0.005249986875032813,11950.9632,0.3678903334757731,0.007014395911853594,0.018224454214496984,0.050625120000375834,0.01113197422812676,0.000738903038979881,0.0007444090066266399,0.0005090541801944023,0.612231665615375,0.0025625958450604,0.22446333123074994,16.719269833387898,14.660759158828723,2.058510674559175,-1.292141775160605,0.007536873143583544,-0.008795153143288595,-0.004863097492696678,0.00406330854349058,-0.005935672127547063,0.0,1.0,-0.7818314824680299,0.6234898018587334,0
2026-04-12T01:00:00+00:00,2026-04-12T02:00:00+00:00,-0.029168052079869635,-0.028857894345270484,-0.03388509630455223,0.03579459678691345,-0.029168052079869635,0.001284333385908548,0.004465875036614907,47252.7935,2.9538899676303916,-0.020272061522384564,-0.011030126670725464,0.019777689509557897,0.009433164543638514,-0.002129357374598249,-0.0004500066547069206,0.00019881026650543009,0.37201609348966774,-0.2402155721257072,-0.25596781302066446,10.601168811659136,13.848841089394806,-3.2476722777356706,-5.306182952294845,0.009765548380187576,0.2579097691881814,-0.030237212879767685,-0.023735151781786104,-0.03402516321653227,0.25881904510252074,0.9659258262890683,-0.7818314824680299,0.6234898018587334,1
2026-04-12T02:00:00+00:00,2026-04-12T03:00:00+00:00,0.001973817624659045,-0.02725180687048281,-0.026941036941080684,0.012273829173844,0.001973817624659045,0.004911330691769056,0.005392569138673238,16377.1274,-0.6534146198150169,-0.01662078477164605,-0.00872518354033845,0.021569046716568126,0.008029050349080375,-0.0017465006904805304,-0.0003560031570389746,0.00021682134016269924,0.3889778438202212,0.01696175033055347,-0.22204431235955752,6.036375489089551,12.286347969333756,-6.249972480244205,-3.0023002025085344,0.00992684795659082,0.018523625792922153,-0.028463188803488783,0.006468580533601295,-0.02687475822117892,0.49999999999999994,0.8660254037844387,-0.7818314824680299,0.6234898018587334,0
2026-04-12T03:00:00+00:00,2026-04-12T04:00:00+00:00,-0.004371624022343767,-0.002406435186228406,-0.0315042962392593,0.006848232153263214,-0.004367146108247671,0.0016849542171287197,0.0007769762073624163,15756.5771,-0.037891278784336686,-0.0189651773317241,-0.012552988298362764,0.016930069358082334,0.006536148243872821,-0.001992357044953436,-0.0005121044839497102,0.00017018040727821614,0.3653916629845673,-0.02358618083565389,-0.2692166740308653,1.615795245035315,10.152237424474068,-8.536442179438753,-2.286469699194548,0.009747420464081814,-0.02236757840319789,-0.009237585875086657,0.003013058095384852,-0.03156585847755436,0.7071067811865475,0.7071067811865476,-0.7818314824680299,0.6234898018587334,0
2026-04-12T04:00:00+00:00,2026-04-12T05:00:00+00:00,-0.0007001820473323886,-0.005068745137018023,-0.0031049322908453286,0.0033541877621872168,-0.0006956678863441134,0.0012657312310141138,0.001392304354115402,11540.8392,-0.2675541694902759,-0.01781379438001018,-0.012731606116613075,0.016054069014910494,0.005174363307402646,-0.00187162669546328,-0.0005193874889666105,0.00016137346447890984,0.3616259907819455,-0.0037656722026218146,-0.2767480184361089,-1.9896826697654433,7.723853405626166,-9.713536075391609,-1.177093895952856,0.009297102896911788,-0.04686647440663976,-0.006730574950048374,7.685387366130623e-05,-0.0030979884450171103,0.8660254037844386,0.5000000000000001,-0.7818314824680299,0.6234898018587334,1
2026-04-12T05:00:00+00:00,2026-04-12T06:00:00+00:00,0.002314479965282957,0.0016126773606299667,-0.0027659966808038197,0.005249675277817809,0.0023099490545483064,0.0012086881223841086,0.0017363616683503701,7916.3233,-0.3140599948745495,-0.01408133337036264,-0.010041036391705678,0.018219227756043104,0.004098002315412807,-0.0014800518176119935,-0.00040967032151413953,0.00018314135125653422,0.3842018959504583,0.022575905168512732,-0.23159620809908346,-4.3833798090563505,5.302406762689662,-9.685786571746013,0.027749503645596363,0.0089880661015047,-0.031002571412247038,0.0003519061583578615,0.0037119524870082897,-0.0027573261043931986,0.9659258262890683,0.25881904510252074,-0.7818314824680299,0.6234898018587334,0
2026-04-12T06:00:00+00:00,2026-04-12T07:00:00+00:00,-0.00054571366719586,0.0017675032547375912,0.0010660836333576337,0.0027796955872331896,-0.00054571366719586,0.0016199849282737867,0.000613699025752854,3635.7662,-0.5407254021573373,-0.013245484364158315,-0.010170539026021158,0.01748474161130742,0.003116221197281,-0.001392320253474939,-0.00041495178541610535,0.0001757569314154011,0.38077470612651304,-0.003427189823945227,-0.23845058774697392,-6.305354720933337,2.980854465965062,-9.2862091868984,0.3995773848476123,0.008549168111375939,-0.04935025877658325,-0.0017522838249337252,0.0035094551514273293,0.0010685842507547083,1.0,6.123233995736766e-17,-0.7818314824680299,0.6234898018587334,1
2026-04-12T07:00:00+00:00,2026-04-12T08:00:00+00:00,0.0008799361031013542,0.0003337422427477728,0.002648994647765138,0.003733059214975609,0.000875419659940099,0.0011090973029999893,0.0017493079413170797,4551.117,0.25176283337470934,-0.011211638230126188,-0.008938123649411166,0.01819384956508851,0.002299293426801225,-0.001178781280090681,-0.00036468832734897784,0.00018288620069448905,0.39021508141561023,0.009440375289097176,-0.21956983716877956,-7.583764071025598,0.8679307585669296,-8.451694829592528,0.8345143573058724,0.008198181089939277,-0.04021129792247511,-0.0012832808764132566,0.0014945523341656224,0.002648702401188451,0.9659258262890683,-0.25881904510252085,-0.7818314824680299,0.6234898018587334,0
2026-04-12T08:00:00+00:00,2026-04-12T09:00:00+00:00,-0.0018124273000243378,-0.0009340860171385216,-0.0014792899408284925,0.003215898825654874,-0.0018124273000243378,0.0004607046070460622,0.0009394760614272481,5164.478,0.13477152971457335,-0.011779882140038635,-0.010317739602705864,0.01618314358860918,0.0014795717177860258,-0.0012384519286613475,-0.00042095495098518895,0.0001626711167702763,0.3774399731534306,-0.012775108262179629,-0.24512005369313883,-8.819625937097499,-1.0695805805659562,-7.750045356531542,0.7016494730609857,0.007856126115446909,-0.04346008316084623,-0.002918287937743199,0.0008136696501221327,-0.0014782048641188436,0.8660254037844387,-0.4999999999999998,-0.7818314824680299,0.6234898018587334,1
2026-04-12T09:00:00+00:00,2026-04-12T10:00:00+00:00,8.581752484193973e-05,-0.0017267653132072422,-0.0008483486532465622,0.002095574453863432,8.581752484193973e-05,0.0008535852840089932,0.0011561790090281075,5214.3202,0.009650965692950972,-0.010593057542437759,-0.009835467792427194,0.01610584844112109,0.0007657008633159647,-0.0011138167176691237,-0.00040128656944066535,0.00016189402896296364,0.37847566583403114,0.0010356926806005618,-0.2430486683319377,-9.67222852804207,-2.790110170061179,-6.88211835798089,0.8679269985506517,0.007444032156705896,-0.052373793938652186,-0.002185629821904927,0.0010262577308401669,-0.0008466736720810437,0.7071067811865476,-0.7071067811865475,-0.7818314824680299,0.6234898018587334,0
2026-04-12T10:00:00+00:00,2026-04-12T11:00:00+00:00,-0.0056589542902823154,-0.005573622402890761,-0.007375947917512072,0.010410326753449496,-0.005663445036582045,0.0013807763233196605,0.003333848096436185,10789.8651,1.069275511695657,-0.014672591286694032,-0.014842308061840644,0.010251653229331002,-0.0001722440415701392,-0.0015421015432659794,-0.0006054417105900423,0.00010304230737014593,0.3384839606348724,-0.03999170519915871,-0.32303207873025513,-11.22954134398924,-4.477996404846791,-6.751544939142449,0.1305734188384413,0.007695249438207528,0.027897544275304647,-0.006506985307389658,-0.00442245776507624,-0.007385564065464713,0.49999999999999994,-0.8660254037844387,-0.7818314824680299,0.6234898018587334,1
2026-04-12T11:00:00+00:00,2026-04-12T12:00:00+00:00,0.0013444401042849653,-0.004322122311093521,-0.004236675700090384,0.004476962016129715,0.0013489882588058047,0.0012655242173254184,0.001864266857780537,5559.1,-0.48478503220582436,-0.012092022863385723,-0.012994600440033666,0.011493027224675304,-0.0009136251528851946,-0.0012712264383399033,-0.0005301106883040052,0.00011552115489911699,0.35580114313689876,0.017317182502026327,-0.2883977137262025,-12.08556088532714,-5.999509300942861,-6.08605158438428,0.6654933547581692,0.007455777847546507,-0.029816803958935188,-0.0056917609280005286,0.004693937073899763,-0.00422869666115541,0.258819045102521,-0.9659258262890682,-0.7818314824680299,0.6234898018587334,0
2026-04-12T12:00:00+00:00,2026-04-12T13:00:00+00:00,-0.004472426087035259,-0.0031339988917451545,-0.008775218025553288,0.009212852430333976,-0.004472426087035259,0.0016402704623739764,0.003080063423791311,12882.0071,1.317282851540717,-0.01496147791366695,-0.016737633639271388,0.0068993757159150175,-0.001803133264110828,-0.001572416025897358,-0.000682702319100721,6.93452678890955e-05,0.3252566497199992,-0.030544493416899597,-0.3494867005600017,-13.405056983123814,-7.480618837379051,-5.924438145744762,0.1616134386395176,0.007612385879398252,0.016438552913761693,-0.005730697967300881,-0.0012650509205747087,-0.008786940273032609,1.2246467991473532e-16,-1.0,-0.7818314824680299,0.6234898018587334,0
2026-04-12T13:00:00+00:00,2026-04-12T14:00:00+00:00,-0.0035448067214639413,-0.008001378922444628,-0.006667696192872577,0.006401521733166284,-0.0035448067214639413,0.0020164793459473127,0.0008276253097879017,15286.3697,0.1866450298727128,-0.016725190518041173,-0.01944546708096789,0.0032968673546840323,-0.0027665475985903677,-0.0017574522940628863,-0.0007930630856670168,3.3135443194412505e-05,0.3031429966218316,-0.02211365309816756,-0.3937140067563368,-14.906712820621124,-8.965837634027466,-5.940875186593658,-0.016437040848895634,0.007551041698228523,-0.011574710732166565,-0.009618606841709515,-0.0004661791590493518,-0.006672792704214236,-0.25881904510252035,-0.9659258262890684,-0.7818314824680299,0.6234898018587334,0
2026-04-12T14:00:00+00:00,2026-04-12T15:00:00+00:00,-0.0027983795004983543,-0.006333266507499722,-0.010777367528190692,0.006804655044340372,-0.0027983795004983543,0.0030034023275222533,0.0009950203130875308,16800.0145,0.09901924588412918,-0.017654584458009017,-0.021337824643755332,0.0004843913317225075,-0.0037494349008735917,-0.0018549301512620576,-0.0008701737562749084,4.8682782901563465e-06,0.2866340775522646,-0.016508919069567016,-0.42673184489547084,-16.40155186343918,-10.452980479909808,-5.948571383529373,-0.007696196935714994,0.007517404773853752,-0.007240520973907197,-0.008325868395803846,-0.001972386587771178,-0.010815612308997555,-0.5000000000000001,-0.8660254037844386,-0.7818314824680299,0.6234898018587334,1
2026-04-12T15:00:00+00:00,2026-04-12T16:00:00+00:00,0.0025723797034196017,-0.00023319829170830015,-0.0037771783703003598,0.006352705502476537,0.0025631855030995242,0.001106806862202579,0.002689266260227723,8622.2898,-0.48676890725302646,-0.013706640934386222,-0.018095637143297826,0.0030274969222206694,-0.004449990632675062,-0.001440725623744925,-0.0007380523108770293,3.0428030582736743e-05,0.32302872071566185,0.036394643163397265,-0.3539425585686763,-16.93828841421191,-11.750042066770229,-5.188246347441682,0.760325036087691,0.007416301679889337,-0.010911418570132675,-0.003218556390840517,0.0035709531874657456,-0.003770806518542694,-0.7071067811865475,-0.7071067811865477,-0.7818314824680299,0.6234898018587334,1
2026-04-12T16:00:00+00:00,2026-04-12T17:00:00+00:00,0.0002835620886636202,0.0028566712214447595,5.0297670760650456e-05,0.003356057592508626,0.0002835620886636202,0.001527143373157799,0.0015454325153512905,4674.3927,-0.4578710750362392,-0.01216376142239466,-0.017130461611969183,0.00327885503859726,-0.005027857852963687,-0.001278758621852909,-0.0006987139722077268,3.295440292763337e-05,0.3271145456866883,0.004085824971026426,-0.34577090862662346,-17.116320886593257,-12.823297830734834,-4.2930230558584235,0.8952232915832585,0.00712433202965581,-0.03909623317362012,-0.0008223346079518511,0.005558620689655239,5.7562291584867514e-05,-0.8660254037844384,-0.5000000000000004,-0.7818314824680299,0.6234898018587334,1
2026-04-12T17:00:00+00:00,2026-04-12T18:00:00+00:00,0.007352235161790291,0.007637882065612734,0.01022990930183503,0.008129195658982218,0.007352235161790291,0.0008306213319897816,0.0,7545.5178,0.6142241964394646,-0.004436269940138964,-0.009519472019493366,0.0105480569272308,-0.0051058530216330405,-0.0004667578185746309,-0.0003883989659757507,0.0001060218618278476,0.42418202857341264,0.09706748288672436,-0.15163594285317472,-15.778012186759497,-13.414240701939766,-2.363771484819731,1.9292515710386926,0.007147824641105411,0.010673997055401192,0.00581620960268086,0.009197971682340135,0.010208176953873513,-0.9659258262890683,-0.25881904510252063,-0.7818314824680299,0.6234898018587334,0
2026-04-12T18:00:00+00:00,2026-04-12T19:00:00+00:00,-0.0011665009962917813,0.006177157775857309,0.006462471472281856,0.003485413069162989,-0.0011710345954483643,0.00184040716168326,0.0004725983822593673,5588.7032,-0.25933470066162984,-0.005067192982760272,-0.010260541537872567,0.009275160538145375,-0.0052197982803298066,-0.0005331043831548826,-0.000418622295772118,9.322638419924838e-05,0.4139050577595901,-0.010276970813822572,-0.17218988448081987,-14.75468756795226,-13.682330075142264,-1.0723574928099957,1.2914139920097352,0.006893975233672465,-0.03663929231074888,-0.001995464852607751,0.006177157775857309,0.006469296254162129,-1.0,-1.8369701987210297e-16,-0.7818314824680299,0.6234898018587334,0
2026-04-12T19:00:00+00:00,2026-04-12T20:00:00+00:00,-0.001058802144869548,-0.0022240680474044632,0.005111815243085486,0.003548244756103539,-0.001058802144869548,0.002092554599753401,0.0003957657612576667,3607.8964,-0.3544304875592606,-0.00554094274305972,-0.010869830444791674,0.008124217340564418,-0.005358579282721662,-0.000582917140269668,-0.0004434697960531015,8.165709286973749e-05,0.4043404421450486,-0.00956461561454148,-0.19131911570990284,-13.970661868682328,-13.739996433850276,-0.23066543483205137,0.8416920579779443,0.006661779642623351,-0.034704084293021534,-0.004059386652048059,-0.0005864809325501299,0.005126932020628961,-0.9659258262890684,0.2588190451025203,-0.7818314824680299,0.6234898018587334,1
2026-04-12T20:00:00+00:00,2026-04-12T21:00:00+00:00,0.006941822433095215,0.005875670271744202,0.00470231530022655,0.011199306085754411,0.006941822433095215,0.002078128600018933,0.0022272117387159133,8794.3235,1.4375210718356548,0.0012325016752369527,-0.0038470698234527203,0.014969712118781073,-0.0050733186249853676,0.00012975385232391658,-0.00015699860566752358,0.0001504720064461979,0.4878187702253955,0.08347832808034689,-0.024362459549209063,-11.97986496049407,-13.387970139179036,1.4081051786849663,1.6387706135170177,0.006943243027938735,0.04948559742443578,0.003777435153274253,0.00734049331027583,0.004716519291933886,-0.8660254037844386,0.5000000000000001,-0.7818314824680299,0.6234898018587334,0
2026-04-12T21:00:00+00:00,2026-04-12T22:00:00+00:00,-0.0010345466291400696,0.005900094164956898,0.0048350449877305616,0.005661981512635437,-0.001039059605880256,0.001885819721061519,0.002736021417846877,4865.707,-0.4467218541596747,0.0001779452071765461,-0.004687253194678712,0.013779265872418879,-0.0048643328171443356,1.873142529945551e-05,-0.00019127986194011475,0.00013850426491964908,0.4770150497094833,-0.010803720515912189,-0.045969900581033445,-10.466279178176137,-12.803631946978456,2.337352768802319,0.9292475901173525,0.006858401285356115,-0.013241230091433069,-0.003106220104322257,0.008161069419241721,0.004848473659085598,-0.7071067811865477,0.7071067811865474,-0.7818314824680299,0.6234898018587334,0
2026-04-12T22:00:00+00:00,2026-04-12T23:00:00+00:00,-0.005368028798321255,-0.006397021951362895,0.000500393491245347,0.01239900516966242,-0.005368028798321255,9.093513142598362e-06,0.006992911606505549,16989.2668,2.4916337543547113,-0.004698977260157167,-0.009640574621848043,0.00825362696821305,-0.004964927442843126,-0.0004943846482038701,-0.00039333806599470137,8.295790624945856e-05,0.424531341555373,-0.05248370815411029,-0.15093731688925402,-10.10804212162293,-12.264513981907351,2.1564718602844213,-0.1808809085178975,0.007288529584023786,0.057010846361246884,-0.00826979181227489,-0.002639228365809823,0.0005392470056338906,-0.5000000000000004,0.8660254037844384,-0.7818314824680299,0.6234898018587334,0
2026-04-12T23:00:00+00:00,2026-04-13T00:00:00+00:00,-0.0035100960729662588,-0.008859282574482957,-0.009884663862698996,0.005936166814956867,-0.0035055652553470265,0.0,0.002418269340451341,6791.1234,-0.6002697773867439,-0.007418121764885261,-0.012608931660650777,0.004667429874133114,-0.0052296037330393005,-0.0007802456639520491,-0.0005143855432037199,4.6911043498969995e-05,0.39415660603260455,-0.030374735522768433,-0.2116867879347909,-10.328021155701208,-11.877215416666122,1.5491942609649136,-0.6072775993195076,0.0072160978859954535,-0.013412979086261038,-0.008868247062760655,0.0035073420665846958,-0.009912671500427583,-0.2588190451025207,0.9659258262890683,-0.7818314824680299,0.6234898018587334,1
2026-04-13T00:00:00+00:00,2026-04-13T01:00:00+00:00,0.006173430976661303,0.002641665567867137,-0.0027405437672979624,0.009577449459908191,0.0061780219379094945,0.0014239200428084453,0.002013441079639782,10357.5572,0.5251610948491966,-0.0011677261350466718,-0.006259514751368904,0.01076035514109786,-0.005097741382163894,-0.00012290343342056625,-0.00025542513934463505,0.00010815596922345098,0.4662368889538094,0.07208028292120482,-0.06752622209238127,-9.303354915668933,-11.362443316466685,2.0590884007977515,0.5098941398328378,0.0073436535829904896,0.023959103415389607,0.0026462243561762096,0.00861252772886314,-0.002704693894626211,0.0,1.0,0.0,1.0,0
2026-04-13T01:00:00+00:00,2026-04-13T02:00:00+00:00,-0.0006756818037528826,0.005493577897930766,0.0019641988387584463,0.00385716684288625,-0.0006756818037528826,0.0017561453743495435,0.0014248828101955685,5431.0629,-0.4756424902968433,-0.0016674240226950637,-0.006660974953470755,0.009976129763773114,-0.005001891204328696,-0.00017548751690464273,-0.00027180263195696194,0.00010027266429038303,0.45974978590682886,-0.006487103046980493,-0.08050042818634225,-8.513392990678767,-10.792633251309102,2.279240260630335,0.22015185983258334,0.007099229477629618,-0.033936912018402245,-0.0020966164324011504,0.007539319678127395,0.001987653099942161,0.25881904510252074,0.9659258262890683,0.0,1.0,0
2026-04-13T02:00:00+00:00,2026-04-13T03:00:00+00:00,-0.004297337647309855,-0.0049701158182098686,0.0011726324915017038,0.0060841665831139835,-0.004292819284106602,0.0009844044808635002,0.0007884350703211248,5454.4607,0.004308143807356703,-0.005393266158922973,-0.010505575770760466,0.005579529605934494,-0.005140031167991632,-0.0005673901129502717,-0.00042861522126834157,5.60788190890822e-05,0.4197730684767808,-0.03997671743004808,-0.1604538630464384,-8.552899824481756,-10.344686565943633,1.7917867414618769,-0.4874535191684579,0.007055175906903766,-0.010476072648917157,-0.006713293044521573,-0.0028765535888756817,0.0012004115255985649,0.49999999999999994,0.8660254037844387,0.0,1.0,1
2026-04-13T03:00:00+00:00,2026-04-13T04:00:00+00:00,6.380399413018177e-05,-0.0042338078404856976,-0.004906628937320178,0.002597568311489579,5.924629596719995e-05,0.0006562277839552555,0.0018820977414827599,5212.3977,-0.04437890624090466,-0.004824654676530585,-0.01003704478744133,0.005587219724396905,-0.005237660011780659,-0.000507600597782453,-0.00040950753232652263,5.615611538646399e-05,0.4205751996868122,0.0008021312100314049,-0.1588496006263756,-8.475215437011684,-9.970792340157242,1.4955769031455581,-0.29620983831631875,0.006736357396097371,-0.04512838637900995,-0.005204366590505213,0.0008529115298132926,-0.004909215456932556,0.7071067811865475,0.7071067811865476,0.0,1.0,0
2026-04-13T04:00:00+00:00,2026-04-13T05:00:00+00:00,-0.0018684263293169347,-0.0018047415482493013,-0.0060943236117602,0.005277912211335615,-0.0018684263293169347,0.0021823893053791537,0.0012235990247734473,4948.9015,-0.05055182186117542,-0.006051340881716259,-0.011425897982521346,0.0036713195728125263,-0.005407278385558438,-0.0006365777613353291,-0.0004661457897259187,3.6899045638232384e-05,0.4030041559077853,-0.01757104377902685,-0.1939916881844293,-8.644833476036183,-9.70560056733303,1.0607670912968477,-0.4348098118487105,0.006643891977733332,-0.015569102839634748,-0.002522998451589381,7.305602483918964e-05,-0.006101959982496608,0.8660254037844386,0.5000000000000001,0.0,1.0,1
2026-04-13T05:00:00+00:00,2026-04-13T06:00:00+00:00,0.000493092144311601,-0.001376255491350545,-0.0013125393078176548,0.004166400467294034,0.0004976600844653101,4.563417817300615e-06,0.0036644245073791377,7155.0899,0.4457935564084272,-0.005034257755800999,-0.010513991498155701,0.004124596085626656,-0.005507459714135348,-0.0005296412005767801,-0.0004289584258332053,4.1454945432421715e-05,0.4099966635664257,0.006992507658640363,-0.18000667286714858,-8.593054635089175,-9.48309138088426,0.8900367457950846,-0.17073034550176303,0.006463887750383418,-0.026613457243296616,-0.0035468410378601306,0.001718794284094853,-0.001311530190875152,0.9659258262890683,0.25881904510252074,0.0,1.0,1
2026-04-13T06:00:00+00:00,2026-04-13T07:00:00+00:00,0.00326284373944693,0.0037575447663745687,0.0018820977414825526,0.005062565670073394,0.00326284373944693,0.0013463786508012485,0.0004639548053436595,11369.6534,0.5890301252539119,-0.0016178450065916176,-0.0070017496484698,0.007326717418942914,-0.0053926290799075115,-0.00017027047740536945,-0.00028570404980561874,7.36407735083981e-05,0.45546938191474623,0.04547271834832053,-0.08906123617050753,-7.884190248192681,-9.163311154345944,1.2791209061532633,0.3890841603581787,0.006344272828104331,-0.015302640642962266,0.003258265452803009,0.007455710240030787,0.0018875095544415963,1.0,6.123233995736766e-17,0.0,1.0,0
2026-04-13T07:00:00+00:00,2026-04-13T08:00:00+00:00,-0.005426451791911647,-0.0021813137167213665,-0.0016892971610677602,0.007614700717108193,-0.005426451791911647,0.0005808210156595001,0.001577820869310615,9718.1181,-0.14525819230338188,-0.006369736378862605,-0.011910103326967932,0.0018419609359218252,-0.005575883858362249,-0.0006700492991017245,-0.0004858904620962138,1.8512512916969695e-05,0.4000647782613265,-0.05540460365341971,-0.19987044347734695,-8.190644757054997,-8.968777874887754,0.7781331178327573,-0.5009877883205061,0.006467159922702075,0.013838207376218619,-0.006763723909241579,-0.0017166441433216233,-0.001670515908153116,0.9659258262890683,-0.25881904510252085,0.0,1.0,0
2026-04-13T08:00:00+00:00,2026-04-13T09:00:00+00:00,-0.000585394409483273,-0.006008669586852605,-0.0027654311973495417,0.004415910089324979,-0.0005899651051646934,0.0014094303704788068,0.0024161663493923887,7895.1899,-0.18758037114202178,-0.006293530254412442,-0.012004658760313583,0.0012429803045457784,-0.005747299307977057,-0.0006620382838362708,-0.0004897461030803198,1.2492420425853123e-05,0.39451967622406575,-0.005545102037260747,-0.21096064755186844,-8.4395120246013,-8.862924704830464,0.42341268022916445,-0.35472043760359284,0.006324159558748434,-0.022684222032152427,-0.006582536276684737,0.0009939948055755655,-0.0027490024619479902,0.8660254037844387,-0.4999999999999998,0.0,1.0,1
2026-04-13T09:00:00+00:00,2026-04-13T10:00:00+00:00,0.0012813003367988208,0.0006951558612615167,-0.004735068160419131,0.004597638111952006,0.0012813003367988208,0.003317977404848186,0.0,3884.4226,-0.5080013718226081,-0.004544343355173485,-0.01032195979469668,0.0025006773553475693,-0.005803991770961043,-0.00047812322095687807,-0.00042112705869917837,2.513306738739273e-05,0.4136647896855342,0.019145113461468456,-0.17267042062893154,-8.314954903452872,-8.753330744554946,0.43837584110207395,0.014963160872909498,0.006193321875376817,-0.019433756663646908,-0.0007170095677392111,0.0037064220183485905,-0.004730545864596099,0.7071067811865476,-0.7071067811865475,0.0,1.0,0
2026-04-13T10:00:00+00:00,2026-04-13T11:00:00+00:00,-0.0021342912507769703,-0.0008557255820765968,-0.0014406190545880704,0.004479232026967084,-0.0021342912507769703,0.0003205994293331408,0.002019776404797933,4548.1763,0.1708757692842175,-0.006037633647649823,-0.011952432671583536,0.00035745511992861187,-0.005950727335522654,-0.0006351367289225599,-0.0004876165089016201,3.592526674399487e-06,0.3914337530468828,-0.022231036638651388,-0.21713249390623432,-8.495145707072425,-8.701693737058442,0.20654802998601696,-0.231827811116057,0.006083187323562972,-0.019879129128561938,-0.005434237976805548,-0.0008557255820765968,-0.0014383853234614225,0.49999999999999994,-0.8660254037844387,0.0,1.0,1
2026-04-13T11:00:00+00:00,2026-04-13T12:00:00+00:00,0.001795356804264922,-0.00034276626083141386,0.0009380948894419603,0.0038905880685585707,0.001795356804264922,0.0016595575427576586,0.0004388912509772354,4289.7666,-0.05681611330677752,-0.0038496171519772013,-0.009783281600528736,0.0021319806010369753,-0.005956595059058267,-0.0004050587190510844,-0.00039915822543694243,2.142739983755705e-05,0.41962867982766094,0.028194926780778076,-0.16074264034467817,-8.226803508117882,-8.60671569127033,0.379912183152447,0.17336415316643006,0.005916449880638181,-0.025663405723145835,-0.0006624695035591849,0.0038228545204221785,0.0009423658902867724,0.258819045102521,-0.9659258262890682,0.0,1.0,1
2026-04-13T12:00:00+00:00,2026-04-13T13:00:00+00:00,0.0022493176612582797,0.004048712793291295,0.0019057804102226943,0.011093625270840535,0.0022493176612582797,0.003535180750370624,0.00531417493442814,16772.6337,2.909917546563023,-0.001455947460327653,-0.007261808877167542,0.004342261531773875,-0.00581432677113584,-0.00015323414310177823,-0.0002963125351905075,4.364272401910285e-05,0.4538308745379062,0.034202194710245305,-0.09233825092418754,-7.530332514542806,-8.391439055924824,0.8611065413820178,0.4811943582295708,0.006273918450594212,0.06280465702046402,0.0005887829992331962,0.004490366331416611,0.001910383214746231,1.2246467991473532e-16,-1.0,0.0,1.0,1
2026-04-13T13:00:00+00:00,2026-04-13T14:00:00+00:00,0.010591857680465184,0.012864999794269668,0.014683453863452099,0.015445932465797237,0.010568809013364783,6.770572384193465e-05,0.004919949265844309,30435.3799,0.8145856187153245,0.008244709525690697,0.003125160234881732,0.014828845663273403,-0.005077685250852799,0.0008686180030330169,0.0001275738336143888,0.0001490558390885092,0.579715613650912,0.12588473911300568,0.1594312273018238,-5.046540909724172,-7.7224594266846935,2.6759185169605217,1.814811975578504,0.006868003190651481,0.10628599298074622,0.0070318181818180905,0.018288535078688026,0.014636532145988385,-0.25881904510252035,-0.9659258262890684,0.0,1.0,1
2026-04-13T14:00:00+00:00,2026-04-13T15:00:00+00:00,0.008445160620545544,0.019126468240392217,0.021418807404461105,0.014134939888460367,0.008449712475061521,0.0003804527835717641,0.005375574036111781,31071.8324,0.02091160031815471,0.01513919106288548,0.01113687551250338,0.023161017486825208,-0.00394262736146709,0.0015961426707094672,0.0004547730719832999,0.00023282824146535832,0.6497646508843079,0.07004903723339595,0.2995293017686157,-1.550504285894931,-6.488068398526741,4.93756411263181,2.261645595671288,0.007333662698052998,0.07681904800825105,0.008376887733456073,0.024195470798569606,0.021286335962269004,-0.5000000000000001,-0.8660254037844386,0.0,1.0,0
2026-04-13T15:00:00+00:00,2026-04-13T16:00:00+00:00,-0.011145028601097333,-0.0027939895372086285,0.007768274603717733,0.016706800405561925,-0.011145028601097333,0.0010184313441483196,0.004417728852839032,25979.5165,-0.16388849664366748,0.003459848013855991,-0.00012708733277142105,0.011639503317052928,-0.003574567885029998,0.0003643272137519261,-5.187211165075058e-06,0.00011699361874036408,0.524479948260563,-0.12528470262374483,0.04895989652112604,-0.7800994747935874,-5.34647461378011,4.566375138986523,-0.37118897364528713,0.008079923674150093,0.08947916241474052,-0.011521098150807818,0.0026458508248430337,0.007891989699913395,-0.7071067811865475,-0.7071067811865477,0.0,1.0,1
2026-04-13T16:00:00+00:00,2026-04-13T17:00:00+00:00,0.007504707415990696,-0.0037239613639007195,0.004689749804781978,0.01555353885689122,0.007504707415990696,0.0039355574923848596,0.0041691750604261725,16260.3153,-0.37411016482928006,0.009933406873129456,0.0070853356442116015,0.01903656016226264,-0.0028200584410172274,0.0010467162454185605,0.00028928103254784036,0.0001913588238795589,0.5822412980302394,0.057761349769676326,0.1644825960604787,1.1550051433032422,-4.04617866236344,5.201183805666682,0.6348086666801596,0.008557866528402569,0.06710052724727848,-0.004726282512754573,0.011975340074198072,0.004804839435438907,-0.8660254037844384,-0.5000000000000004,0.0,1.0,0
2026-04-13T17:00:00+00:00,2026-04-13T18:00:00+00:00,-0.00032796312436542195,0.0071742830243336775,-0.00405070316626222,0.009168003667201507,-0.00032347193207080436,0.007662473653224837,0.0011819534139578852,12050.6755,-0.25889041647304345,0.008679754474358847,0.006488426107659834,0.01851281556930552,-0.002172471844486414,0.0009144939007248915,0.00026490387415818424,0.00018609307212080913,0.578907031292078,-0.0033342667381613465,0.157814062584156,2.599716680065285,-2.716999593877695,5.31671627394298,0.1155324682762977,0.008604054796215179,0.005067437658147973,-0.004246807063393231,0.011422727272727322,-0.003968284309472059,-0.9659258262890683,-0.25881904510252063,0.0,1.0,1
2026-04-13T18:00:00+00:00,2026-04-13T19:00:00+00:00,0.003190824805741646,0.0028618152085036304,0.01038799971031278,0.006764535912517935,0.003195333285395901,0.0006271755150679325,0.0029522047459265804,6657.7952,-0.44751684666971575,0.010752920945042677,0.009316020253571776,0.021541502441317577,-0.0014216141865090186,0.0011331690339034142,0.00038039036644617097,0.00021654439329542636,0.6027355584490693,0.02382852715699137,0.20547111689813874,4.268368548695889,-1.319925965362978,5.588294514058868,0.27157824011588794,0.008447248646073005,-0.015092007512450623,-0.004757233938205035,0.00437795275590552,0.01036756909736692,-1.0,-1.8369701987210297e-16,0.0,1.0,1
2026-04-13T19:00:00+00:00,2026-04-13T20:00:00+00:00,0.013484273573959631,0.016718124334308474,0.016384678281652843,0.018193632228720086,0.013488813826594212,0.0028952451675927837,0.001989099733460636,29841.8728,3.4822455337767075,0.02200896920747844,0.02200707258000961,0.03495255955950429,-1.855783585052763e-06,0.0023221133187376133,0.0008990554350293669,0.0003514054480338271,0.684297873930862,0.08156231548179264,0.368595747861724,7.928214103335904,0.5297020483767985,7.398512054959106,1.8102175409002381,0.009039057204232122,0.08448830006719871,0.012849039455952784,0.019742802666630484,0.016347135255335855,-0.9659258262890684,0.2588190451025203,0.0,1.0,0
2026-04-13T20:00:00+00:00,2026-04-13T21:00:00+00:00,-0.004349498083833988,0.009076125668053813,0.012295910800717114,0.007094371118184773,-0.004349498083833988,0.0005105461067530116,0.0022153261501714912,14180.552,-0.524810252525438,0.015864468620308807,0.01686154204169544,0.030138908058069142,0.0009815024072461196,0.0016727374432619125,0.0006887001873003447,0.0003029953769636742,0.6381703877758381,-0.046127486155023906,0.27634077555167624,9.920307183429031,2.4078230753872454,7.512484108041786,0.11397205308267999,0.008936817658396327,-0.015611165404561922,-0.007223828496879661,0.011118991614745114,0.012325600295867288,-0.8660254037844386,0.5000000000000001,0.0,1.0,1
2026-04-13T21:00:00+00:00,2026-04-13T22:00:00+00:00,0.0033651647732067104,-0.000998970088360126,0.012471833099635855,0.0075395894817417,0.0033651647732067104,0.0029158388899457495,0.0012698721721008158,8155.7034,-0.4248670009460844,0.01741456039590028,0.019472530299800693,0.033259990609259354,0.002022744694256794,0.0018364780899487831,0.0007954293600864772,0.00033438303704443165,0.6573326221760842,0.019162234400246163,0.3146652443521685,11.972684301069421,4.320795320523681,7.65188898054574,0.13940487250395428,0.008809183574456125,-0.010964722951762066,-0.0015065297683212815,0.005592880978865479,0.012499940263332354,-0.7071067811865477,0.7071067811865474,0.0,1.0,1
2026-04-13T22:00:00+00:00,2026-04-13T23:00:00+00:00,0.04100315476954237,0.04450630191476988,0.039963223756039064,0.044259034147419656,0.04100315476954237,0.004760407014799882,0.00011050944855794449,95874.8042,10.75555307712637,0.05320056607466757,0.058730090639892985,0.0748181022417835,0.005250210399937621,0.0056315968648190185,0.002402906676195257,0.0007525065663820266,0.7981059166071693,0.1407732944310851,0.5962118332143388,20.836709857043388,7.623978227827623,13.212731629215765,5.560842648670025,0.011019122681717421,0.3021571610475453,0.03797658228406551,0.0458388527840257,0.04001882145891509,-0.5000000000000004,0.8660254037844384,0.0,1.0,1
2026-04-13T23:00:00+00:00,2026-04-14T00:00:00+00:00,0.007106607614951187,0.0484011557164158,0.05192919835382189,0.02244393237277685,0.007106607614951187,0.010656436487638534,0.004731035763422713,86324.9515,-0.09960753275780879,0.05459019506322885,0.0634909091367516,0.08156902666149388,0.008439974233772478,0.005779547546438573,0.002598198822126001,0.000820461818426492,0.8130304317704248,0.01492451516325545,0.6260608635408497,28.877793015062707,11.87474118527464,17.003051829788067,3.7903202005723013,0.011762978516997537,0.07509224934543997,0.0023350846468184394,0.048521778379598327,0.051474927157700266,-0.2588190451025207,0.9659258262890683,0.0,1.0,0
2026-04-14T00:00:00+00:00,2026-04-14T01:00:00+00:00,-0.003570433769719698,0.00351080017341492,0.04465790882583275,0.006925031766200724,-0.003570433769719698,0.0027276577721304764,0.0006141465480727735,27078.1045,-0.6863235480647794,0.04576287519724659,0.057218906911404764,0.07687470845826486,0.01095471256999575,0.004840461963577028,0.002340932756116952,0.0007732075232280644,0.7815491986676025,-0.031481233102822304,0.5630983973352051,34.1738234891227,16.334557646044253,17.839265843078444,0.8362140132903768,0.011456549646018778,-0.02952770186713134,-0.014076861081300048,0.008315076040025026,0.04453932861477386,0.0,1.0,0.7818314824680298,0.6234898018587336,1
2026-04-14T01:00:00+00:00,2026-04-14T02:00:00+00:00,0.0032613299449385084,-0.0003207481873507965,0.006783579996089682,0.007945286444041105,0.003257080656159694,0.001992654198505617,0.0027061257229705365,21849.8271,-0.19308136579500987,0.044282882006623815,0.05814941176601408,0.07952327587287196,0.01327851868331431,0.004683185997850653,0.0023790920231713717,0.0007998681810140488,0.7895369730810488,0.00798777441344626,0.5790739461620976,38.547934846415956,20.777233086118592,17.770701760297364,-0.06856408278108006,0.011171163154148886,-0.021730246072995067,-0.003030430573677458,0.003877858066156528,0.006797503790169997,0.25881904510252074,0.9659258262890683,0.7818314824680298,0.6234898018587336,0
2026-04-14T02:00:00+00:00,2026-04-14T03:00:00+00:00,-0.0004559462996580096,0.00280389665396014,-0.0007765482430596614,0.005000802493643468,-0.0004559462996580096,0.003953337106461395,0.000591311105667333,14924.9864,-0.3169288556979016,0.03947000247857781,0.05528048932754384,0.07818321079073032,0.015210142487293049,0.004172070961026361,0.0022614491159700548,0.0007863788182074397,0.7852001645882811,-0.004336808492767688,0.5704003291765622,41.44949861812529,24.91168619251993,16.53781242560536,-1.232889334692004,0.01073515489702203,-0.039467950220981325,-0.002443730987351662,0.005529601630850243,-0.0007650501244391992,0.49999999999999994,0.8660254037844387,0.7818314824680298,0.6234898018587336,0
2026-04-14T03:00:00+00:00,2026-04-14T04:00:00+00:00,-0.0008954139600104286,-0.0013509519989867093,0.0019059720457433292,0.0037962375819065816,-0.0008954139600104286,0.001230183893468742,0.001669837243711612,10579.9345,-0.29112602072454824,0.034741327374231176,0.05209376776542089,0.07639076048009413,0.01676983409488768,0.003670404431175935,0.002130806919438265,0.0007683362238044673,0.7761873359495698,-0.009012828638711312,0.5523746718991396,43.08132779974221,28.545614513964388,14.535713285777824,-2.0020991398275356,0.01024845175241522,-0.04619213752676949,-0.005281616107247061,-0.0003042827801302499,0.0019099696852700701,0.7071067811865475,0.7071067811865476,0.7818314824680298,0.6234898018587336,0
2026-04-14T04:00:00+00:00,2026-04-14T05:00:00+00:00,-0.000494610019023493,-0.001389581098318127,-0.0018448938236162837,0.0027787999137176976,-0.000494610019023493,0.0012181040717666777,0.001065841062795795,7975.3935,-0.2461774219868752,0.03086894693579045,0.049450891965928716,0.07504691107497917,0.018025516323265166,0.003259955613963296,0.002022485946938555,0.0007548096201548919,0.7709280201764236,-0.005259315773146227,0.5418560403528471,43.77553781041388,31.591599173254288,12.183938637159592,-2.351774648618232,0.00971961443817055,-0.05207076598678171,-0.0026154488658655544,0.001177192945311234,-0.0018459702786919312,0.8660254037844386,0.5000000000000001,0.7818314824680298,0.6234898018587336,0
2026-04-14T05:00:00+00:00,2026-04-14T06:00:00+00:00,-0.0037389027758393057,-0.004231663496089714,-0.005123288365531677,0.006278948329222355,-0.0037431164722503377,0.0022118540091446096,0.0003099142853502089,15577.023,0.9531353531333594,0.024379083402681846,0.0436637645026669,0.07027101137911897,0.01882572712821029,0.002572821730339655,0.0017853763573666772,0.0007067404497014415,0.7306451605440972,-0.040282859632326334,0.46129032108819445,43.115382829482314,33.89635590449989,9.219026924982423,-2.9649117121771695,0.009507724145349105,-0.02545767124760344,-0.005442538781783466,-0.0026759138118646985,-0.005128926754873227,0.9659258262890683,0.25881904510252074,0.7818314824680298,0.6234898018587336,1
2026-04-14T06:00:00+00:00,2026-04-14T07:00:00+00:00,0.007467660656593807,0.003700837023596537,0.0032043965335024002,0.008929323916597863,0.007467660656593807,0.0015170158612435776,0.0,13857.3449,-0.11039837971607279,0.028890311091538518,0.04933998532759338,0.07742439796123876,0.019875465844711886,0.003050361788690159,0.002017940836688512,0.0007787406179371589,0.7577680607496773,0.02712290020558001,0.5155361214993545,43.51001487770418,35.81908769914075,7.6909271785634274,-1.5280997464189952,0.00940096953304412,-0.003844386041334024,0.0014897343377433458,0.0077799860707671725,0.0032341478617310083,1.0,6.123233995736766e-17,0.7818314824680298,0.6234898018587336,1
2026-04-14T07:00:00+00:00,2026-04-14T08:00:00+00:00,0.002035329613835154,0.009518189421309399,0.005743699060621795,0.008158424835254335,0.002035329613835154,0.005080091340715136,0.0010471380329784483,26446.3596,0.908472351005711,0.027951062004337602,0.04935744595570157,0.07876270292500073,0.020824322034966335,0.002950899239151514,0.0020186563950867755,0.0007922120571649695,0.7647723752972625,0.007004314547585295,0.5295447505945251,43.70865805078165,37.39700176946893,6.311656281312722,-1.3792708972507057,0.009294485077027187,-0.009314689829226157,0.0005175286534156968,0.009518189421309399,0.005764087494589656,0.9659258262890683,-0.25881904510252085,0.7818314824680298,0.6234898018587336,1
2026-04-14T08:00:00+00:00,2026-04-14T09:00:00+00:00,0.004079212417627359,0.006122844573297234,0.013636228555417492,0.009210046866950731,0.004074989907145763,0.003526539091392678,0.0016250560183615032,24928.2101,-0.057404857339987146,0.028994169900583625,0.05142637412972241,0.08226763453838787,0.02180012762492724,0.0030613612134456026,0.00210345089724611,0.0008274945784919051,0.778617198097502,0.013844822800239456,0.5572343961950039,44.13997497497894,38.74559641057093,5.394378564408008,-0.9172777169047137,0.009253390782404596,-0.00036018649877889516,-0.000995820066192601,0.007179647260808482,0.013582202688056322,0.8660254037844387,-0.4999999999999998,0.7818314824680298,0.6234898018587336,0
2026-04-14T09:00:00+00:00,2026-04-14T10:00:00+00:00,-0.0001968495692346131,0.0038815598571855193,0.005924789724745877,0.004989233978736,-0.00020103701594056768,0.00297845957924551,0.0018096969595414215,13416.5833,-0.46179114961807866,0.025978320404840244,0.04911215046777731,0.0811718531699611,0.02254806909936333,0.0027420583658565307,0.002008603972584034,0.0008164635882659759,0.7762332208238013,-0.002383977273700708,0.5524664416476025,43.93738880476303,39.78395488940935,4.153433915353681,-1.2409446490543274,0.008950499903581613,-0.03292336701620095,-0.0037103041280786664,0.005518019915418405,0.0059176924622279005,0.7071067811865476,-0.7071067811865475,0.7818314824680298,0.6234898018587336,0
2026-04-14T10:00:00+00:00,2026-04-14T11:00:00+00:00,-0.00505207067872012,-0.005247925750017883,-0.001190120736276784,0.006252420971083041,-0.00505207067872012,0.0002989372989541558,0.0008757599744008317,13047.6141,-0.027500980819759047,0.01877734062338996,0.042021647516193195,0.0748999418412522,0.022815885243953345,0.0019804767062210683,0.0017181161464200996,0.0007533303139493904,0.7156807861348939,-0.06055243468890737,0.43136157226978783,42.31590518075063,40.29034494767761,2.0255602330730227,-2.127873682280658,0.00879998184776529,-0.02178383198514584,-0.008205517949831542,-0.0032482520710755474,-0.0011697078303273736,0.49999999999999994,-0.8660254037844387,0.7818314824680298,0.6234898018587336,0
2026-04-14T11:00:00+00:00,2026-04-14T12:00:00+00:00,-0.0002315711470770362,-0.00528247191199497,-0.0054782816289092135,0.0043377005133646345,-0.0002315711470770362,0.0011918148012448472,0.0029142609274256685,14778.9188,0.13269128644753517,0.0167460006301134,0.040076237743607544,0.07385337174012195,0.022945983656720136,0.0017658496367624022,0.001638444916392089,0.0007427962788927802,0.7129493056636725,-0.002731480471221346,0.42589861132734513,40.519404846487305,40.336156927439546,0.1832479190477585,-1.8423123140252642,0.008483140168215988,-0.03622804405327623,-0.005578239839185757,0.000644753476611968,-0.005480491395031769,0.258819045102521,-0.9659258262890682,0.7818314824680298,0.6234898018587336,0
2026-04-14T12:00:00+00:00,2026-04-14T13:00:00+00:00,-0.0002484702235811489,-0.00047998383212349594,-0.005529629598599085,0.0038669890561681577,-0.00025268051917420176,0.001347970041365754,0.002266274632046349,12278.3595,-0.1691977156001425,0.014899168855293255,0.03819668357029529,0.07280104141433671,0.022955496890670772,0.001570797097524914,0.0015614827360107783,0.0007322044890821679,0.7098196198102109,-0.0031296858534616947,0.4196392396204217,38.60306521313032,39.9895385845777,-1.38647337144738,-1.5697212904951385,0.008155372825262183,-0.03887637168824968,-0.0016695333296885921,0.0026735822200446555,-0.005532112049378305,1.2246467991473532e-16,-1.0,0.7818314824680298,0.6234898018587336,1
2026-04-14T13:00:00+00:00,2026-04-14T14:00:00+00:00,0.007396985601994972,0.007146677447747469,0.006913451336376069,0.009742839222245338,0.007392742054382014,0.0018691197992890653,0.000535228935814236,37056.2013,2.0180091485348677,0.020229256017998336,0.04399798712344305,0.07986902399243757,0.023297441202789225,0.0021339393709327048,0.0017990670388510668,0.0008033486096664622,0.7456123844228909,0.035792764612680085,0.4912247688457819,38.06253626718808,39.60413812109978,-1.5416018539117005,-0.15512848246432043,0.008213158356752712,0.014534975670903482,0.005787007830965631,0.009685209578815844,0.006916944231336787,-0.25881904510252035,-0.9659258262890684,0.7818314824680298,0.6234898018587336,0
2026-04-14T14:00:00+00:00,2026-04-14T15:00:00+00:00,-0.016077775454735446,-0.00879971692629126,-0.009046000682240282,0.02673551348250137,-0.01608188968475985,0.010195278468370744,0.00019549095854318283,64481.5343,0.7401010367460411,0.003460574354780704,0.026117780326334786,0.061846704518629635,0.022579069422954193,0.00036440372641802416,0.0010671694867167233,0.0006219615154643201,0.5776091091404648,-0.1680032752824262,0.15521821828092952,34.13804736347629,38.510919969575085,-4.372872606098795,-2.831270752187095,0.009660804570732309,0.15734774751015934,-0.01791341293922696,-0.008269165117778659,-0.008929260076321622,-0.5000000000000001,-0.8660254037844386,0.7818314824680298,0.6234898018587336,1
2026-04-14T15:00:00+00:00,2026-04-14T16:00:00+00:00,0.004921272391151878,-0.011235626176040096,-0.003921750339098691,0.01666222622566748,0.004921272391151878,0.003167514579447855,0.008597539572787447,41191.3033,-0.36119225841684105,0.0075929105941581415,0.02990877093453296,0.06636066669587286,0.02214769487333489,0.0007998930642821693,0.0012222582521067625,0.0006673864814847685,0.6063753937784334,0.028766284637968695,0.21275078755686694,31.59802845186732,37.128341666033535,-5.530313214166213,-1.157440608067418,0.01011697482533062,0.052372309136757375,-0.021059821983026243,0.005117763826251052,-0.003759517461588595,-0.7071067811865475,-0.7071067811865477,0.7818314824680298,0.6234898018587336,0
2026-04-14T16:00:00+00:00,2026-04-14T17:00:00+00:00,-0.01295340074345674,-0.00809587556575516,-0.024043487351034915,0.01796058269065984,-0.012949226514196738,0.0029391602399315027,0.0019023136246786867,20715.8534,-0.49708186582190517,-0.004941523290894734,0.01590789063932014,0.05199761965918938,0.020952953437640004,-0.0005198899202890414,0.0006497235253103915,0.0005228623845083748,0.5078538706713506,-0.09852152310708284,0.01570774134270124,26.80447484930346,35.06356830268752,-8.259093453384061,-2.7287802392178477,0.010800518066956796,0.05373541125226353,-0.016070013321417085,0.0005487156624027745,-0.024109903807040308,-0.8660254037844384,-0.5000000000000004,0.7818314824680298,0.6234898018587336,1
2026-04-14T17:00:00+00:00,2026-04-14T18:00:00+00:00,0.0018723221936589078,-0.011105331489493163,-0.006238711459595117,0.009335562806570358,0.0018723221936589078,0.003044856032193319,0.004421883619786495,14195.9839,-0.3147285016025457,-0.0027860840408139046,0.01709962334225922,0.05340163406997731,0.01994126542442575,-0.00029318602104416703,0.0006984312756736524,0.0005369880412951159,0.5198404224863246,0.011986551814973935,0.039680844972649114,23.091981572658824,32.66925095668178,-9.577269384022955,-1.318175930638894,0.010677135879987313,-0.009572795291458018,-0.013961745407930966,0.003781830045158719,-0.0061598061586459535,-0.9659258262890683,-0.25881904510252063,0.7818314824680298,0.6234898018587336,0
2026-04-14T18:00:00+00:00,2026-04-14T19:00:00+00:00,-0.010468830852260344,-0.008616109682947784,-0.021457902504831722,0.015303233948026854,-0.010468830852260344,0.0027313312214496646,0.0019923159700762235,22655.0283,0.5958758800790133,-0.011981244332984342,0.006197200508088369,0.04193444039355516,0.018398886394419067,-0.0012595950333820073,0.0002530109578663916,0.0004216293586408151,0.45324453251781477,-0.06659588996850978,-0.09351093496437045,17.96735599611202,29.728871964567826,-11.761515968455807,-2.1842465844328522,0.011112462592675322,0.029876197609428553,-0.013472664560496917,-0.004204573818889158,-0.021549909402058177,-1.0,-1.8369701987210297e-16,0.7818314824680298,0.6234898018587336,0
2026-04-14T19:00:00+00:00,2026-04-14T20:00:00+00:00,-0.00024633841712428376,-0.01071259039416334,-0.008860325621251,0.00857209551640064,-0.00024633841712428376,0.003821347673473685,0.004504348728234776,15604.0232,-0.31123355957140875,-0.011073272772934253,0.0057146949286862566,0.041245962840678246,0.016975946993255702,-0.0011642506008899115,0.0002333072738195429,0.0004147041981368594,0.45179320576365806,-0.0014513267541567388,-0.09641358847268393,13.702109678348734,26.523519507324007,-12.821409828975273,-1.059893860519466,0.010933550323818809,-0.01634251821522746,-0.013379167395263293,0.0017494630360978154,-0.00884284707572572,-0.9659258262890684,0.2588190451025203,0.7818314824680298,0.6234898018587336,1
2026-04-14T20:00:00+00:00,2026-04-14T21:00:00+00:00,0.0007694568844776101,0.0005229289205623588,-0.009951376386115107,0.006133644335017847,0.0007694568844776101,0.003295753963111792,0.002069025096108144,6539.0735,-0.5809366971461565,-0.009339381489499398,0.006232510241273733,0.04161136769617694,0.015718694616311805,-0.0009821272661357597,0.0002544529029223152,0.0004183796688082072,0.45763377390157617,0.005840568137918112,-0.0847324521968477,10.346237381772426,23.28806308221369,-12.941825700441264,-0.12041587146599042,0.010582893927946794,-0.03132681563968236,-0.0032849276497914563,0.005297668157540413,-0.009945712384907018,-0.8660254037844386,0.5000000000000001,0.7818314824680298,0.6234898018587336,1
2026-04-14T21:00:00+00:00,2026-04-14T22:00:00+00:00,0.0037233812794263276,0.004495703145262928,0.004248257263741979,0.0048801060368719755,0.0037233812794263276,0.0010715576747629821,9.897922297007307e-05,6233.4385,-0.04673980190007043,-0.0051153582355602245,0.00958400979535593,0.045016674229294985,0.01477494717864641,-0.0005381689798353921,0.0003913371581433902,0.0004526336712745715,0.4861827980475045,0.028549024145928355,-0.02763440390499099,8.28672219349437,20.287794904469827,-12.001072710975457,0.9407529894658069,0.010139098100203406,-0.038367964608863894,0.000426222591519368,0.0065799448133659075,0.0042464997467796545,-0.7071067811865477,0.7071067811865474,0.7818314824680298,0.6234898018587336,0
2026-04-14T22:00:00+00:00,2026-04-14T23:00:00+00:00,-0.0037569070283855277,-4.751414625723612e-05,0.0007219061781334263,0.008898526559509937,-0.0037569070283855277,0.0037278778742025277,0.0013995740802335138,9731.0497,0.5611046294914114,-0.00801665919813696,0.005562731401925968,0.04066515517249611,0.013689131703649498,-0.000843147365584605,0.00022710182483171875,0.0004088621267772153,0.4597862997545134,-0.026396498292991098,-0.08042740049097319,5.8822960808156495,17.406695139738993,-11.524399058923343,0.47667365205211354,0.010085990050134759,-0.008975174722335435,-0.004823296263020215,5.183876416381519e-05,0.00073593113551841,-0.5000000000000004,0.8660254037844384,0.7818314824680298,0.6234898018587336,1
2026-04-14T23:00:00+00:00,2026-04-15T00:00:00+00:00,0.003218156449919988,-0.0005508408930506883,0.003170489395706512,0.005309071493773758,0.003218156449919988,0.0018127486608911475,0.0002884896918756213,4965.2354,-0.48975336134600156,-0.004366850696782465,0.00845082305822724,0.043557150487171584,0.012873892119783284,-0.00045945729635452943,0.0003450505722269655,0.0004379520244162245,0.48546023185083553,0.025673932096322148,-0.02907953629832889,4.525753729505141,14.830506857692223,-10.304753128187082,1.2196459307362613,0.009714738421047904,-0.03370894471319959,-0.004248933479108991,0.004624202444035927,0.003184630700960788,-0.2588190451025207,0.9659258262890683,0.7818314824680298,0.6234898018587336,1
2026-04-15T00:00:00+00:00,2026-04-15T01:00:00+00:00,0.004895713129295005,0.008129624749998992,0.004342175477252056,0.009053864710494903,0.004895713129295005,0.003834930864123589,0.00034707195530053666,10921.3059,1.1995545065194695,0.00045912962374936175,0.012856143272566747,0.04815854677160564,0.01239132442469652,4.833176992592769e-05,0.0005250160389380269,0.0004842398699500059,0.5227398012423417,0.03727956939150609,0.04547960248468328,4.318368653925518,12.728079216938882,-8.409710563013364,1.8950425651737177,0.009623584925248554,-0.004533234228366955,0.0030773859411599744,0.008421480175602241,0.004356962550829465,0.0,1.0,0.9749279121818236,-0.22252093395631434,1
2026-04-15T01:00:00+00:00,2026-04-15T02:00:00+00:00,0.0007926952065506228,0.005692289144175866,0.008928764271119993,0.0048894102737556296,0.0007969834604506267,0.0029713228808987847,0.0011217386092155304,7454.8421,-0.3174037822711293,0.00113279761285542,0.01311635551485478,0.048478329046184654,0.011969998316480567,0.00011925607430021034,0.000535648214990767,0.0004874568858441276,0.5287228735236981,0.005983072281356456,0.057445747047396196,4.254253638540376,11.033314101259181,-6.779060462718805,1.6306501002945595,0.009278351531935493,-0.03510942036190091,-0.0030306134644608766,0.006043167946658057,0.008906564785765615,0.25881904510252074,0.9659258262890683,0.9749279121818236,-0.22252093395631434,0
2026-04-15T02:00:00+00:00,2026-04-15T03:00:00+00:00,-0.0046624936848684625,-0.0038734944147124075,0.0010032551971202387,0.008800870623760646,-0.0046624936848684625,0.0010151541872960024,0.0031013820722050078,6851.7801,-0.08089534183426902,-0.0031993903089458354,0.008060928085150125,0.0431373661064958,0.011296460179319068,-0.0003366645460694398,0.0003291257609893852,0.0004337294075451495,0.4897980279108422,-0.03892484561285592,-0.02040394417831564,3.2868216049650982,9.484015602000365,-6.197193997035267,0.5818664656835377,0.009284604160781676,-0.003991741344621932,-0.007611201229403197,-0.0027496804193583744,0.0010259146509771651,0.49999999999999994,0.8660254037844387,0.9749279121818236,-0.22252093395631434,1
2026-04-15T03:00:00+00:00,2026-04-15T04:00:00+00:00,0.0017378063206252505,-0.002932789875238652,-0.0021424194771639507,0.0037873420330553844,0.001733497363191246,0.00024905423800135145,0.0018077902448031555,3673.6185,-0.4638446584121986,-0.00132760142076609,0.009424302698516076,0.044482976091453554,0.01076619733816456,-0.0001397279913353458,0.0003848134406882771,0.00044726504293123693,0.5043757450816756,0.014577717170833466,0.008751490163351291,2.8136845803123833,8.14994939766277,-5.336264817350386,0.8609291796848808,0.00887698621654055,-0.04224105354351495,-0.003939230631046799,0.004854243255838037,-0.002131992157692589,0.7071067811865475,0.7071067811865476,0.9749279121818236,-0.22252093395631434,1
2026-04-15T04:00:00+00:00,2026-04-15T05:00:00+00:00,0.0019881398654248775,0.0037294011880745505,-0.0009504808062816506,0.0028712973121227964,0.001983837308164603,0.0005399753154140512,0.00035141250685689955,4920.3218,0.3393665673231991,0.0005952046471693122,0.010977976626582304,0.046074929633240065,0.010376595781382116,6.265704641425194e-05,0.00044828154493497537,0.00046327914761176887,0.5212581040997275,0.016882359018051858,0.04251620819945501,2.780273127033979,7.076014143537011,-4.295741016503032,1.040523800847354,0.008431652885324522,-0.048278775648511345,0.0017386526086229366,0.005546051185700018,-0.0009365474988183345,0.8660254037844386,0.5000000000000001,0.9749279121818236,-0.22252093395631434,0
2026-04-15T05:00:00+00:00,2026-04-15T06:00:00+00:00,-0.005995440208447715,-0.004019220116712023,-0.0022883984222095794,0.010446442044450202,-0.005991180365384871,0.0020694561210632617,0.002349694970790411,8570.8757,0.7419339726925993,-0.0048916735580432184,0.00472299546838945,0.03939159657088009,0.009661932043931579,-0.0005146480071573894,0.00019281249473186054,0.00039605223819958244,0.46924620021780755,-0.052011903881919966,-0.06150759956438492,1.6064006422484454,5.982091443279298,-4.375690801030853,-0.07994978452782053,0.008622790175426795,0.016537666940512803,-0.0065318884653274515,-0.003672680412371212,-0.002269494022397587,0.9659258262890683,0.25881904510252074,0.9749279121818236,-0.22252093395631434,0
2026-04-15T06:00:00+00:00,2026-04-15T07:00:00+00:00,-0.000896764319127348,-0.006886828030718666,-0.0049123801426479855,0.0026020877115006235,-0.0008924567999172919,0.0006818073937264775,0.0010270263272589657,6070.7059,-0.2917052921441855,-0.005236073533961832,0.0036715632478183,0.03806225988009965,0.0089545233243681,-0.0005508620189392955,0.00014988218570381723,0.00038268166441264524,0.46186720278728244,-0.0073789974305250895,-0.0762655944254351,0.5024674915789547,4.886166652939229,-4.3836991613602745,-0.008008360329421649,0.008199926725466431,-0.04989299784810384,-0.008921278060755412,0.00145635263612787,-0.004904064662150186,1.0,6.123233995736766e-17,0.9749279121818236,-0.22252093395631434,0
2026-04-15T07:00:00+00:00,2026-04-15T08:00:00+00:00,-0.000323642750186634,-0.0012201168380434704,-0.007208241908941376,0.0064879004756931225,-0.000323642750186634,0.002659046369279515,0.00350510657768641,11943.6405,0.9674220258306369,-0.005031349541467414,0.0032150658625174386,0.037336896749781814,0.008288115811673545,-0.0005293353968485574,0.00013124440089425782,0.0003753860552780593,0.4590640133018164,-0.0028031894854660777,-0.08187197339636726,-0.4279925836358416,3.823334805624215,-4.251327389260057,0.13237177210021756,0.008080104220351943,-0.014931544679040235,-0.0018957182617987311,0.000704106713203992,-0.007215847277761697,0.9659258262890683,-0.25881904510252085,0.9749279121818236,-0.22252093395631434,1
2026-04-15T08:00:00+00:00,2026-04-15T09:00:00+00:00,0.004653331146239004,0.004328182379162672,0.0034275367005110148,0.008133539572054583,0.004653331146239004,0.002406118415399119,0.0010956432070119992,16606.8901,0.39043787361148397,-0.0003632132997379108,0.007571865637588627,0.04172692066720335,0.007937962110737974,-3.8231517214947216e-05,0.00030915128528917913,0.0004195419785131584,0.5055184896925539,0.04645447639073744,0.011036979385107629,-0.29216509175466854,3.000234826148438,-3.2923999179031065,0.9589274713569504,0.008049169014669103,0.0008069503828970766,0.0016655691985900292,0.008187134502924015,0.0034329240769250214,0.8660254037844387,-0.4999999999999998,0.9749279121818236,-0.22252093395631434,0
2026-04-15T09:00:00+00:00,2026-04-15T10:00:00+00:00,-0.0032009968204864967,0.001437439027548725,0.0011133310606419896,0.0048061380633203695,-0.0032009968204864967,0.0009569171749390289,0.0006379447832927513,4819.8486,-0.7097681401528634,-0.003224803918831106,0.004175463436552019,0.03799582769385769,0.007424208973575331,-0.00033933785481971273,0.0001704561293832637,0.000382013493595375,0.4751492487656922,-0.030369240926861635,-0.04970150246861564,-0.7767200187222443,2.2448438571743017,-3.021563875896546,0.27083604200656053,0.00784152575768663,-0.02891527753690202,-0.005593656236605307,0.0025409775849475832,0.001128691575565873,0.7071067811865476,-0.7071067811865475,0.9749279121818236,-0.22252093395631434,0
2026-04-15T10:00:00+00:00,2026-04-15T11:00:00+00:00,-0.0014267548869587472,-0.004623184669588476,8.633267432717412e-06,0.007066268388700831,-0.0014267548869587472,0.003699323157676706,0.0019381518060638606,7926.8066,0.6446173433746445,-0.0042062519414422595,0.002634908908837135,0.036138399877424295,0.006870058045270133,-0.0004425674096228625,0.00010755887006775248,0.0003633319609358416,0.46187298543345845,-0.013276263332233711,-0.07625402913308306,-1.4115511436257293,1.5135648570142954,-2.925116000640025,0.09644787525652099,0.007796553871743011,-0.007153666137814997,-0.005571724143851795,-0.0007893136421864106,2.557943879375954e-05,0.49999999999999994,-0.8660254037844387,0.9749279121818236,-0.22252093395631434,1
2026-04-15T11:00:00+00:00,2026-04-15T12:00:00+00:00,0.0089742040196146,0.007534645143214302,0.004309529947580882,0.009741468193699912,0.0089698487039474,0.0008513623937402346,0.0,10421.2382,0.3146830402043617,0.004277781544062254,0.01117147622756294,0.04496447981157793,0.0068643305768467085,0.000450495649056468,0.00045618663288519003,0.000452108629557027,0.5474113012787017,0.08553831584524332,0.09482260255740357,-0.23437836520406563,1.1639762125706232,-1.3983545777746889,1.5267614228653361,0.007871389618349201,0.018658910763943805,0.0038264648789788597,0.010933546698959733,0.004346452312169355,0.258819045102521,-0.9659258262890682,0.9749279121818236,-0.22252093395631434,0
2026-04-15T12:00:00+00:00,2026-04-15T13:00:00+00:00,-0.0019038003277102708,0.007053318599350847,0.005616500355611199,0.004432099717957353,-0.0018995302513027416,0.0011058817478074938,0.0014230726367136296,8755.6666,-0.15982473176747838,0.002140037159788091,0.008880583281598572,0.04252927733602794,0.006726151906787575,0.00022531782613773637,0.00036260422116672533,0.0004276126974374002,0.5280626130812294,-0.01934868819747244,0.056125226162458686,0.3355932231911538,0.9982996146947294,-0.6627063915035756,0.7356481862711133,0.007639667753658834,-0.031286250408606844,-0.0027528190748134385,0.007048971575335043,0.005643648804945581,1.2246467991473532e-16,-1.0,0.9749279121818236,-0.22252093395631434,0
2026-04-15T13:00:00+00:00,2026-04-15T14:00:00+00:00,-0.0025889634716114,-0.004487834929815987,0.004446094343532091,0.0074002767583179,-0.0025846881871604633,0.0007692506037974414,0.004039640042287335,11829.0249,0.35101362813426445,-0.0004112020363161513,0.006021319530997572,0.039418264385052484,0.0064351677213847925,-4.328255141501865e-05,0.0002458285609516034,0.00039632046884490775,0.502120387398457,-0.025942225682772317,0.004240774796914053,0.2965043739491193,0.8579405665456074,-0.561436192596488,0.10127019890708755,0.007640982117136763,-0.0024173643024893612,-0.005581196581196558,-0.0011675523466942817,0.004481440220292929,-0.25881904510252035,-0.9659258262890684,0.9749279121818236,-0.22252093395631434,1
2026-04-15T14:00:00+00:00,2026-04-15T15:00:00+00:00,0.004924922860065166,0.002323208943068553,0.00041498568941112876,0.009810126582278504,0.004929241532835219,0.00277112555593569,0.0021339377352034648,16587.6534,0.4022840885219541,0.004080257155531325,0.010540932489434624,0.04407462975342182,0.006434421240594659,0.0004296853033752066,0.00043042733040269814,0.0004431574045421806,0.5475391389817443,0.04541875158328736,0.09507827796348878,1.1766882741276277,0.9216901080620115,0.2549981660656162,0.8164343586621042,0.007761148955923858,0.020728997434147595,0.0015590467542701916,0.009000923392908053,0.0004321590607434952,-0.5000000000000001,-0.8660254037844386,0.9749279121818236,-0.22252093395631434,0
2026-04-15T15:00:00+00:00,2026-04-15T16:00:00+00:00,-0.002719808416011002,0.002191719597411153,-0.0004029181561779589,0.012302533404229796,-0.0027240731950341863,0.004738340680262852,0.004832678684756686,18184.4927,0.09626673897104697,0.0012206847118476256,0.007484581108832537,0.04080790540940444,0.006256259476688366,0.00012850964016851576,0.0003055864610402992,0.00041029797799477507,0.5192299290576896,-0.028309209924054814,0.03845985811537915,1.3455310645908867,1.0064582993677864,0.33907276522310026,0.08407459915748405,0.008105188079992522,0.04148800224605644,-0.005475759953601099,0.004349810933960356,-0.0003838490275572359,-0.7071067811865475,-0.7071067811865477,0.9749279121818236,-0.22252093395631434,1
2026-04-15T16:00:00+00:00,2026-04-15T17:00:00+00:00,0.0040479580110118416,0.0013171399247348303,0.0062485495973252266,0.008870458000922486,0.004052263478600111,0.0035832037856397972,0.001251345302970895,11622.9701,-0.3608306653503729,0.0047689427249001035,0.011104356615445678,0.04455312294805239,0.00630534406583482,0.0005022460955541048,0.00045344456430983465,0.00044797066774149996,0.5559297403173402,0.036699811259650585,0.11185948063468032,2.2155300478357276,1.2482726490613747,0.9672573987743529,0.6281846335512526,0.0081295071167093,0.007060532045727868,-0.003396525158972708,0.008923762371971388,0.006253072455066006,-0.8660254037844384,-0.5000000000000004,0.9749279121818236,-0.22252093395631434,1
2026-04-15T17:00:00+00:00,2026-04-15T18:00:00+00:00,0.0030664366127405897,0.007126807430404235,0.004387615463564729,0.00816210094266521,0.0030664366127405897,0.004325870922142971,0.0007791676956221536,16815.8182,0.44677462432773535,0.007097077752516197,0.01364019302021337,0.0472585364403675,0.006497005514402928,0.0007476193331634471,0.0005570527072106442,0.0004751858595842051,0.5820619113710725,0.02613217105373238,0.16412382274214507,3.4446685099469505,1.68755182123849,1.7571166887084606,0.7898592899341077,0.00810875800934583,0.0005062896213944445,-0.0005149221020737473,0.008398093684255698,0.004394586207741429,-0.9659258262890683,-0.25881904510252063,0.9749279121818236,-0.22252093395631434,1
2026-04-15T18:00:00+00:00,2026-04-15T19:00:00+00:00,0.004257746970613031,0.0073372396945520935,0.01141489854376421,0.005774465162422686,0.004257746970613031,0.000551160404636608,0.0009836093375050702,10732.0648,-0.3617875340731265,0.010289595640060552,0.017239719494328436,0.051176560769046815,0.006879338245450988,0.00108428974137425,0.0007041575090721272,0.000514601973147637,0.6159589451965263,0.033897033825453705,0.2319178903930525,5.16613404567579,2.38326826612595,2.78286577954984,1.0257490908413793,0.007910099760668957,-0.02034578479139342,-6.783052543233872e-05,0.008125146923685066,0.011372141594365462,-1.0,-1.8369701987210297e-16,0.9749279121818236,-0.22252093395631434,1
2026-04-15T19:00:00+00:00,2026-04-15T20:00:00+00:00,0.00694886079384071,0.011236194255447928,0.014337085945641289,0.011890275994189695,0.00694886079384071,0.004446222184796086,0.0005431464600745094,20867.7512,0.9444302274432781,0.01563561366751819,0.023332864512428924,0.057865467492917856,0.0075787524002979,0.0016485673715838027,0.0009532696744728872,0.0005819008991003164,0.6640522981389911,0.048093352942464876,0.3281045962779822,7.763451670014092,3.459304946903578,4.304146723110514,1.521280943560674,0.008143710259317635,0.0366872753020131,0.006394176172477561,0.012236078317720379,0.01427304437719433,-0.9659258262890684,0.2588190451025203,0.9749279121818236,-0.22252093395631434,0
2026-04-15T20:00:00+00:00,2026-04-15T21:00:00+00:00,-0.005094629586745695,0.0018188293353005368,0.006084320421006005,0.009560083793563193,-0.005094629586745695,0.0005332317653779232,0.0039061342813009243,11389.336,-0.45421354266481767,0.009455588856745786,0.01739643811421233,0.05192677164056386,0.007866467178075577,0.000996316801978667,0.0007105632401488648,0.0005221495998351571,0.6039237633687492,-0.060128534770241944,0.20784752673749834,8.74467258173172,4.5163784738692065,4.228294107862514,-0.07585261524800035,0.008283602750439092,0.01199583486561894,-0.009498618801899852,0.002367044630244691,0.006111978177708045,-0.8660254037844386,0.5000000000000001,0.9749279121818236,-0.22252093395631434,0
2026-04-15T21:00:00+00:00,2026-04-15T22:00:00+00:00,-0.0006982796927567813,-0.005789351803119934,0.0011192795909543247,0.006318553339262301,-0.0006982796927567813,0.00023292254266725186,0.0053868631685936785,9619.6481,-0.15538113020811742,0.00791071310430417,0.016021173966523437,0.05065705363013011,0.008046804897270651,0.0008334006207910865,0.0006543533663527403,0.0005093754481358595,0.5959986250272811,-0.007925138341468099,0.19199725005456217,9.282157084282971,5.46953419595196,3.8126228883310116,-0.415671219531502,0.008148616940697035,-0.01698244444041483,-0.006316515942785143,0.003220434036334136,0.0011559515143382331,-0.7071067811865477,0.7071067811865474,0.9749279121818236,-0.22252093395631434,1
2026-04-15T22:00:00+00:00,2026-04-15T23:00:00+00:00,0.0009105153940624385,0.000211599906896041,-0.004884107702995879,0.008512978907952311,0.0009147542233270181,0.007192874822822569,0.00040618587234764284,17952.2343,0.8662048874740023,0.00798091796151604,0.01627090401823907,0.05107389399324262,0.008224348208384968,0.0008408029832787027,0.0006645598778868095,0.0005135690850880086,0.6033036571352328,0.007305032107951775,0.20660731427046572,9.76899357962293,6.329426072686154,3.4395675069367755,-0.3730553813942361,0.008167759581691497,0.0032618433314547768,-2.1155066638536872e-05,0.00633148540820406,-0.004882393885440038,-0.5000000000000004,0.8660254037844384,0.9749279121818236,-0.22252093395631434,0
2026-04-15T23:00:00+00:00,2026-04-16T00:00:00+00:00,-0.0014808859929340585,-0.0005717189683650378,-0.0012695994413762458,0.005873005784020903,-0.0014851108121145347,0.0,0.004385686137418128,13652.1034,-0.23953179465800534,0.005866662920066695,0.014178656647173977,0.049000520147896756,0.008263514473158172,0.000617925060853433,0.0005790557910373727,0.0004927101829460955,0.5847667934373462,-0.018536863697886687,0.16953358687469233,9.759888342870909,7.015518526723104,2.7443698161478043,-0.6951976907889712,0.00801509680845339,-0.020144106371906913,-0.00861181709340671,-0.00016099443721857078,-0.0012686502916284012,-0.2588190451025207,0.9659258262890683,0.9749279121818236,-0.22252093395631434,1
2026-04-16T00:00:00+00:00,2026-04-16T01:00:00+00:00,0.00026695480836463024,-0.0012143265142058816,-0.00030491678312804583,0.005765532199713683,0.000271193335423728,0.0012539291191148094,0.004240483271060595,5089.6025,-0.6271927958002427,0.005547639133888289,0.013874891405375643,0.04876628935606612,0.008281310549005808,0.0005843032249816364,0.0005666430006316975,0.0004903537898580539,0.5872252954170663,0.002458501979720111,0.17445059083413256,9.691787221850063,7.550772265748496,2.141014956101567,-0.6033548600462373,0.007852427317209712,-0.020033850102055044,-0.0012185524612221528,0.004673135852911142,-0.00030341579050698975,0.0,1.0,0.43388373911755823,-0.900968867902419,0
2026-04-16T01:00:00+00:00,2026-04-16T02:00:00+00:00,-0.0036092824644790612,-0.0033432911714230697,-0.004819226131291068,0.006606974311879784,-0.0036092824644790612,0.0,0.0029846177393433766,5778.7342,0.1353999059847994,0.0017353181878043832,0.00981099112617562,0.04451350048256695,0.008061683352625106,0.00018269844502510858,0.00040060904073130837,0.0004475720953090269,0.5406082363265354,-0.046617059090530905,0.08121647265307075,8.848325805416607,7.810282973682119,1.0380428317344883,-1.1029721243670787,0.007789878944838801,-0.0115460152873022,-0.004857121098014004,0.000906409978169609,-0.004823213649048489,0.25881904510252074,0.9659258262890683,0.43388373911755823,-0.900968867902419,1
2026-04-16T02:00:00+00:00,2026-04-16T03:00:00+00:00,0.0019642356062344883,-0.0016521363393742603,-0.0013856225767494997,0.008308298114296352,0.0019642356062344883,0.005478045385881965,0.0008698677800973095,8626.0775,0.4927278537919255,0.0033491181748231194,0.011326729559229205,0.04608048535234452,0.007950982604059128,0.0003526630826486962,0.00046252932668679517,0.00046333503573547566,0.5609613086659476,0.02035307233941225,0.12192261733189526,8.4552055981776,7.939267498581215,0.5159380995963847,-0.5221047321381036,0.007812728521326856,0.0049032361480786215,-0.0016521363393742603,0.004963667997134323,-0.0013780920498799427,0.49999999999999994,0.8660254037844387,0.43388373911755823,-0.900968867902419,1
2026-04-16T03:00:00+00:00,2026-04-16T04:00:00+00:00,0.0005007043807391293,0.002465923488346463,-0.0011522591905378339,0.004228410507833482,0.0005049497808348451,0.003401389395468765,0.00032232617712680915,4878.3062,-0.4344699314375508,0.0034834122514032484,0.011363788648153975,0.04611915187186638,0.007853021086886139,0.0003668094736861778,0.00046404334443437737,0.00046372400431800087,0.5662471464575806,0.0052858377916329856,0.13249429291516124,8.144980870589734,7.980410172982919,0.1645706976068153,-0.3513674019895694,0.00755307517565346,-0.03275059246541442,-0.004950223456378537,0.00334041131739861,-0.0011443424775054436,0.7071067811865475,0.7071067811865476,0.43388373911755823,-0.900968867902419,0
2026-04-16T04:00:00+00:00,2026-04-16T05:00:00+00:00,-0.0015819429482666562,-0.0010820306532918034,0.0008800795898064521,0.006635147591679258,-0.0015777085056300443,0.0026124300697073187,0.00244251591883201,6478.9831,0.3281214492030042,0.0017150815563026572,0.009377381448019135,0.044002352721043574,0.007649180922595312,0.0001805674993990352,0.0003828968170420095,0.00044243035877126015,0.5439533416952923,-0.02229380476228833,0.08790668339058456,7.511557156717572,7.88663956972985,-0.3750824130122776,-0.5396531106190929,0.0074986215665253765,-0.00878000007874026,-0.004966439548920486,-0.0007555466889650901,0.0008829970387069614,0.8660254037844386,0.5000000000000001,0.43388373911755823,-0.900968867902419,1
2026-04-16T05:00:00+00:00,2026-04-16T06:00:00+00:00,0.0011596640797237273,-0.00042411339095620604,7.637863435014132e-05,0.005176378741206443,0.0011554113179336211,0.0020917661634546965,0.0019305346944662504,7640.4611,0.17926856453754295,0.0026020469399443942,0.010130085964564562,0.04474303466329723,0.00750850155113547,0.000273974719476196,0.0004136439270655398,0.0004498810422751224,0.5576796450010261,0.013726303305733793,0.11535929000205215,7.1474610030377335,7.738803856391426,-0.5913428533536926,-0.216260440341415,0.0073246816845068926,-0.02206348330900147,-0.003020304568527865,0.003610999923351424,7.84255121962004e-05,0.9659258262890683,0.25881904510252074,0.43388373911755823,-0.900968867902419,0
2026-04-16T06:00:00+00:00,2026-04-16T07:00:00+00:00,-0.0003606493385266452,0.0007985965091138166,-0.0007846097732689426,0.004584021290232291,-0.0003606493385266452,0.0015746962024779335,0.002648545634356491,6083.5709,-0.20376914162942347,0.002026649670076032,0.009379219348994593,0.04390541129454602,0.0073376987341997775,0.00021337706427709165,0.0003829718908719988,0.0004414552117304312,0.5521076713130012,-0.00557197368802484,0.10421534262600246,6.712941668923577,7.533631418897857,-0.8206897499742798,-0.22934689662058716,0.007131374065666411,-0.02674239681901441,-0.0024472963303256196,0.002732391608748791,-0.0007829282070695741,1.0,6.123233995736766e-17,0.43388373911755823,-0.900968867902419,0
2026-04-16T07:00:00+00:00,2026-04-16T08:00:00+00:00,-0.006150228564394988,-0.0065086598270580965,-0.005356543606342949,0.009327274590864116,-0.006154446906223207,0.0006576924390993729,0.0024770234719328392,12827.0905,1.1084804814225147,-0.0037436090126087684,0.0030465625977128636,0.0370983306237597,0.00681568687714202,-0.0003939088812390637,0.00012436495850378523,0.0003729866110992998,0.466533743284945,-0.08557392802805623,-0.06693251343010999,5.140108097535631,7.054926754625411,-1.9148186570897803,-1.0941289071155005,0.007329202885361998,0.0214197916627605,-0.008070084767662125,-0.003510981925890619,-0.005351213823197906,0.9659258262890683,-0.25881904510252085,0.43388373911755823,-0.900968867902419,0
2026-04-16T08:00:00+00:00,2026-04-16T09:00:00+00:00,-0.0010292459598892406,-0.007173144426381929,-0.007531206775116044,0.004843722612446583,-0.0010292459598892406,0.0019067081069295742,0.0019067081069295742,9100.1126,-0.2905552042374691,-0.004316771860433304,0.0019350406423381623,0.03565960037287351,0.006278917155663024,-0.0004541906550520727,7.89874892383028e-05,0.0003585164314125357,0.453931683852675,-0.012602059432269996,-0.09213663229464998,3.657003640208586,6.3753421317420464,-2.7183384915334603,-0.80351983444368,0.0071586805244524205,-0.024271453076131003,-0.0078258877822833,0.0014513725960304865,-0.007540123862810874,0.8660254037844387,-0.4999999999999998,0.43388373911755823,-0.900968867902419,0
2026-04-16T09:00:00+00:00,2026-04-16T10:00:00+00:00,-0.00043606328902872537,-0.001464860432539477,-0.007606079770459409,0.004537892040084054,-0.00044033653681715577,0.003969051661826619,0.00012830985975740108,10880.1782,0.1956091840006463,-0.004300426893374917,0.0014392986584269908,0.03484545166451585,0.0057645154289799674,-0.00045247169178350247,5.8750335416596724e-05,0.00035032823125594377,0.4484108787522416,-0.005520805100433393,-0.10317824249551677,2.3719844370011742,5.574670592793872,-3.2026861557926978,-0.4843476642592375,0.006974381275197608,-0.02616969988431572,-0.003363200027280656,0.001473454265093292,-0.007615537813312954,0.7071067811865476,-0.7071067811865475,0.43388373911755823,-0.900968867902419,0
2026-04-16T10:00:00+00:00,2026-04-16T11:00:00+00:00,-0.002425056349413441,-0.002860062160394361,-0.003886364412859984,0.004960513115133708,-0.002425056349413441,0.0009089272086501963,0.0016206343625934437,12442.8726,0.14362764756922825,-0.006079413429726558,-0.0009504909027074931,0.03200384570775409,0.005160294088200208,-0.0006395289966900095,-3.879404201329072e-05,0.00032175018041080033,0.4179786612147433,-0.03043221753749833,-0.16404267757051344,0.8858641560036631,4.636909305435831,-3.7510451494321675,-0.5483589936394697,0.006846276905055334,-0.020748360565736555,-0.006804632941577252,-0.002297041222693181,-0.003890365598331407,0.49999999999999994,-0.8660254037844387,0.43388373911755823,-0.900968867902419,1
2026-04-16T11:00:00+00:00,2026-04-16T12:00:00+00:00,0.0013934025604307972,-0.0010350328687091055,-0.0014706448179008487,0.0027658016757504426,0.0013934025604307972,0.0002526041778162778,0.001121733806573656,6294.7818,-0.4941054206405682,-0.004249288250716955,0.00042426274752929217,0.03309807431871343,0.004693495011453214,-0.0004470935180509291,1.7317146716267896e-05,0.00033275465182816175,0.4413809423713456,0.023402281156602315,-0.1172381152573088,-0.02931115424780728,3.703665213499103,-3.73297636774691,0.018068781685257385,0.006545968496208771,-0.042532203067689504,-0.0019399968378906011,0.0030189295039165353,-0.0014677170780113692,0.258819045102521,-0.9659258262890682,0.43388373911755823,-0.900968867902419,1
2026-04-16T12:00:00+00:00,2026-04-16T13:00:00+00:00,0.0020422405562429548,0.003438488779893836,0.0010050939014323269,0.006178325443079094,0.0020379504041650475,0.003849703474560238,0.0002948163593170748,8984.2195,0.42724875705779025,-0.0020051273870018743,0.002370380795215412,0.03484537435961054,0.004384299260737803,-0.00021102150126433878,9.675959805336392e-05,0.0003503274537777273,0.47476164103570645,0.033380698664360865,-0.05047671792858708,-0.36548199670369286,2.889835771458544,-3.2553177681622367,0.4776585995846734,0.00650732002431836,-0.003873981220499803,0.0017891844229665516,0.0045669156150742,0.0010105867672603108,1.2246467991473532e-16,-1.0,0.43388373911755823,-0.900968867902419,0
2026-04-16T13:00:00+00:00,2026-04-16T14:00:00+00:00,-0.01373673326383077,-0.011722546421369504,-0.010345478087137011,0.026526129732399317,-0.01373673326383077,0.0049213920261319535,0.0076766784069591774,42907.1349,3.775833326423069,-0.014239025303431912,-0.010956795396880168,0.02042051426607604,0.0033296407453764993,-0.0014966015953102655,-0.0004470162257777051,0.0002052734276888678,0.3311356829851597,-0.14362595805054673,-0.33772863402968056,-3.1893710385515988,1.6739944094565153,-4.863365448008114,-1.6080476798458774,0.008021395461275404,0.21573976104684633,-0.017518993807061168,-0.011434738478537305,-0.010301090147157018,-0.25881904510252035,-0.9659258262890684,0.43388373911755823,-0.900968867902419,1
2026-04-16T14:00:00+00:00,2026-04-16T15:00:00+00:00,0.0007278114968222521,-0.013018919519406716,-0.011003266728604758,0.013523985159980536,0.0007321468799277382,0.0027576115707131895,0.010034762356221203,39904.1263,-0.06998856034081162,-0.012249582517875038,-0.009839459077847995,0.0209481978121559,0.002440012575414232,-0.0012877692507551098,-0.0004014493483025499,0.00021057898555184085,0.3423320463503265,0.011196363365166774,-0.315335907299347,-5.231456515343325,0.2929042244965472,-5.524360739839873,-0.6609952918317585,0.008409020465973785,0.049086868783792,-0.017786376392550547,0.00846950758981373,-0.010966681210765564,-0.5000000000000001,-0.8660254037844386,0.43388373911755823,-0.900968867902419,1
2026-04-16T15:00:00+00:00,2026-04-16T16:00:00+00:00,0.012571591838855232,0.01330855308475116,-0.0006109962229323701,0.017674144189208315,0.012575975341564434,0.004630164043762073,0.0006241957067306408,30320.2111,-0.24017353814359801,0.00015200893996130565,0.002505887193970355,0.03343575172837208,0.002353520497852993,1.600119708277995e-05,0.00010229157245359528,0.00033615066511109707,0.4985795295870464,0.1562474832367199,-0.0028409408259072676,-4.455182099549802,-0.6567130403127228,-3.798469059237079,1.7258916806027935,0.008973870052324064,0.08058791396752152,0.009786991547009537,0.023591965340685445,-0.00043732992815328706,-0.7071067811865475,-0.7071067811865477,0.43388373911755823,-0.900968867902419,0
2026-04-16T16:00:00+00:00,2026-04-16T17:00:00+00:00,-0.009512571558052338,0.0029394321138371577,0.003669382963145989,0.016717312108289167,-0.009512571558052338,0.004178248933855831,0.0029351335485765383,22375.2714,-0.26203444540001897,-0.008477947852754245,-0.006756677919881883,0.02336475553217319,0.0017359875447497818,-0.000891619868001024,-0.0002757067370718855,0.00023487681780495515,0.4168617615311827,-0.08171776805586368,-0.16627647693763464,-5.57114736239464,-1.6395999047291063,-3.931547457665534,-0.13307839842845492,0.009607001443028952,0.06036906026731048,-0.01407755421645726,0.0035780810049816842,0.003786831777625146,-0.8660254037844384,-0.5000000000000004,0.43388373911755823,-0.900968867902419,1
2026-04-16T17:00:00+00:00,2026-04-16T18:00:00+00:00,0.003897684697594807,-0.005651963865054127,0.006848573791001686,0.008375648704311232,0.0038933515195725007,0.0015865576857756094,0.002910838897750864,11322.7343,-0.4939621469798128,-0.0041757795830189405,-0.0027724921882510824,0.027073965628787243,0.0014091717855388782,-0.0004393626212164022,-0.00011315014205584408,0.00027217421572009747,0.4558424186033008,0.03898065707211813,-0.08831516279339838,-5.661648381861596,-2.444009600155604,-3.217638781705992,0.7139086759595421,0.009484412258721703,-0.008912451641493145,-0.00975011602212301,0.006852932518311974,0.006956704978397701,-0.9659258262890683,-0.25881904510252063,0.43388373911755823,-0.900968867902419,1
2026-04-16T18:00:00+00:00,2026-04-16T19:00:00+00:00,0.007442632395874066,0.011369326127868095,0.0017486030414575783,0.011207374845290326,0.007438300799724708,0.0015193547010370644,0.0023046391532585424,19719.0157,0.7415418553096313,0.002926703147075308,0.004466357648927748,0.034360775812909174,0.001535161539742806,0.0003081689543287465,0.00018233355166451782,0.00034545372734663595,0.5218288985525632,0.06598647994926239,0.043657797105126406,-4.287178828658853,-2.8126434458562537,-1.4745353828025989,1.743103398903393,0.009542418329617062,0.013604088389525489,0.005846798427116735,0.01432900432900429,0.0018277455354165362,-1.0,-1.8369701987210297e-16,0.43388373911755823,-0.900968867902419,1
2026-04-16T19:00:00+00:00,2026-04-16T20:00:00+00:00,0.0070846314711279544,0.014579992174701868,0.018534505084687063,0.011569267279739028,0.007080333403041125,0.0009577488663814123,0.0035809636818240767,19102.8217,-0.03124871998555179,0.00906797020891622,0.011123358309010116,0.04125691242352211,0.0020369173938484552,0.000955435164897619,0.0004542208477653763,0.0004148143354997883,0.5750478171173375,0.053218918564774356,0.15009563423467512,-1.8372419555953456,-2.617563147804072,0.7803211922087265,2.2548565750113254,0.009624859244989823,0.015785253892871186,0.005556833968278304,0.01693673504568166,0.018424948564596828,-0.9659258262890684,0.2588190451025203,0.43388373911755823,-0.900968867902419,0
2026-04-16T20:00:00+00:00,2026-04-16T21:00:00+00:00,-0.004013222019748189,0.003042977252358034,0.010508257409310408,0.009858609582891725,-0.004009001182358715,0.0021231964531130067,0.003710275164558277,17899.2598,-0.06300440421322681,0.004538248700887745,0.0067865371148360335,0.03669564240276609,0.0022381312178564347,0.00047793870585250336,0.0002770782659907651,0.00036893649009314423,0.5382443468546361,-0.03680347026270148,0.07648869370927215,-0.652280109683943,-2.2245065401800463,1.5722264304961033,0.7919052382873768,0.00967756786980824,0.0014411012143284924,-0.004966214499822189,0.006669065302870724,0.010514041847253831,-0.8660254037844386,0.5000000000000001,0.43388373911755823,-0.900968867902419,0
2026-04-16T21:00:00+00:00,2026-04-16T22:00:00+00:00,-0.003854941856754422,-0.007852693138958235,-0.0008236951047756547,0.008662335498917293,-0.003854941856754422,0.002690962211202169,0.002101513345891188,7555.301,-0.5778986905369127,0.0006023632811592812,0.002791176958711656,0.032363345477548024,0.002187496010278101,6.341068183425864e-05,0.00011393857067039285,0.00032536558187209785,0.5049481594441972,-0.033296187410438875,0.009896318888394404,-0.43919285024139754,-1.8674438021923165,1.428250951950919,-0.14397547854518433,0.00963982704467585,-0.007739733671355662,-0.009942148620532066,-0.0001452054443500756,-0.0007835324053746566,-0.7071067811865477,0.7071067811865474,0.43388373911755823,-0.900968867902419,1
2026-04-16T22:00:00+00:00,2026-04-16T23:00:00+00:00,0.0006108057082569127,-0.0032464907689886136,-0.007246683900495788,0.004806625117390832,0.0006065317489471432,0.0033979339195765543,0.0008025271066335074,7404.2463,-0.019993207418208828,0.0010978350897032313,0.003269773148693819,0.03265490067264239,0.0021695562440168215,0.00011557494441407067,0.00013347794250155118,0.0003282977005170849,0.5100994433523042,0.005151283908107018,0.02019888670460844,-0.15316502190034953,-1.5245880461339232,1.3714230242335737,-0.05682792771734535,0.009289134187544628,-0.035790994936497414,-0.005911233890508625,0.0027180310326377355,-0.007257358168245698,-0.5000000000000004,0.8660254037844384,0.43388373911755823,-0.900968867902419,1
2026-04-16T23:00:00+00:00,2026-04-17T00:00:00+00:00,0.0023776999914625475,0.002989958012446768,-0.0008765099585997734,0.005702312864911771,0.002381978920767154,0.0029086480110042828,0.0004173462739069225,5345.8245,-0.27800558174300605,0.003145851391058178,0.0054322685227361995,0.03474874888502728,0.0022792469594600387,0.0003312519432046944,0.00022177441881343304,0.00034935566389205947,0.5305885185213921,0.020489075169087913,0.061177037042784266,0.5170068096708746,-1.1162690749729636,1.6332758846438382,0.26185286041026457,0.009012472165882563,-0.027476518426487996,-0.0010167789803280378,0.0037917325695720474,-0.0008664361570349618,-0.2588190451025207,0.9659258262890683,0.43388373911755823,-0.900968867902419,0
2026-04-17T00:00:00+00:00,2026-04-17T01:00:00+00:00,-0.0016055055639072051,0.0007683770169897473,0.0013796520543147308,0.00422282886879376,-0.0016012537476150534,0.0011687425354036155,0.0014502644599898016,5096.9585,-0.046553342707004314,0.0013888734808630023,0.003667765143031037,0.032747444224717696,0.0022757309597884056,0.00014621858526092334,0.0001497271145682862,0.0003292283981239001,0.5148920677419517,-0.015696450779440384,0.029784135483903497,0.7354376542384671,-0.7459277291306774,1.4813653833691445,-0.15191050127469374,0.00868381242702629,-0.03801416988789574,-0.004501061571125227,0.0011914879078924175,0.0013830001358122552,0.0,1.0,-0.433883739117558,-0.9009688679024191,0
2026-04-17T01:00:00+00:00,2026-04-17T02:00:00+00:00,-0.0038474663026787158,-0.005446794738030025,-0.0030820455903695894,0.009274721886802085,-0.0038432172121531673,0.0019739828207829676,0.0034426945507797287,9065.6351,0.7786362396319295,-0.0022297990959769254,-0.00018621367727091417,0.0284795210200127,0.0020481523870470716,-0.00023466061578402946,-7.600500487861271e-06,0.00028630829088438026,0.47842449231194073,-0.03646757543001101,-0.04315101537611852,0.1786477158884736,-0.5610126401268472,0.7396603560153208,-0.7417050273538237,0.008757164270022912,0.004566997375168771,-0.006601726998170905,-0.0024006834686031145,-0.0030752718751233736,0.25881904510252074,0.9659258262890683,-0.433883739117558,-0.9009688679024191,0
2026-04-17T02:00:00+00:00,2026-04-17T03:00:00+00:00,-0.0015543508979267225,-0.005395836887903127,-0.006992679405664868,0.005922590329151901,-0.0015500755768892685,0.0014452664307922766,0.0029248418569744455,3963.8143,-0.5627648525143042,-0.0034218510402629944,-0.0016721431673452616,0.026606314846346006,0.0017557156704109346,-0.0003600651527310604,-6.824608367842359e-05,0.00026747167117424967,0.4641763428560848,-0.014248149455855952,-0.07164731428783043,-0.5491922382702796,-0.5586485597555336,0.009456321485253993,-0.7302040345300668,0.008567353820951137,-0.02319553646738824,-0.007343550446998723,0.0018948671014977847,-0.007007322764512643,0.49999999999999994,0.8660254037844387,-0.433883739117558,-0.9009688679024191,0
2026-04-17T03:00:00+00:00,2026-04-17T04:00:00+00:00,-0.002671813015975134,-0.004222010978941383,-0.008053233236649082,0.003414290137259647,-0.002671813015975134,8.600227045986193e-06,0.0007267191853865177,3875.5735,-0.022261587784271335,-0.0055082351734524705,-0.004170022146454249,0.023620359237921246,0.0013456250462080238,-0.0005794782390561744,-0.00017017602076243479,0.00023744691275677784,0.4399591649942371,-0.024217177861847718,-0.12008167001152587,-1.6101586725740162,-0.7689505823192302,-0.841208090254786,-0.85066441174004,0.008220590127186199,-0.04303867695577633,-0.005652616366077375,0.0002537710812799291,-0.008073630216580573,0.7071067811865475,0.7071067811865476,-0.433883739117558,-0.9009688679024191,1
2026-04-17T04:00:00+00:00,2026-04-17T05:00:00+00:00,0.001479239051910994,-0.0011965262142167744,-0.002749017290548036,0.004087661445452039,0.0014749325960103012,0.0020481244847485496,0.0005667765869745138,3921.1627,0.011763213883054957,-0.003654059151002059,-0.0025914628284849964,0.02487822162111495,0.0010664933523105557,-0.0003844899160111671,-0.00010576280604512909,0.00025009490992671977,0.45681097653210523,0.016851811537868144,-0.08637804693578957,-2.148634839933493,-1.0448874338420828,-1.10374740609141,-0.26253931583662404,0.0079141059830342,-0.03585840979299983,-0.0012050931266805668,0.0022075625153303424,-0.0027469248619908623,0.8660254037844386,0.5000000000000001,-0.433883739117558,-0.9009688679024191,0
2026-04-17T05:00:00+00:00,2026-04-17T06:00:00+00:00,-0.004152067875790083,-0.0026789707248271433,-0.005343626031950268,0.00514381556424608,-0.004152067875790083,0.0001724665738222003,0.000801969568273104,10909.5799,1.7822308673904301,-0.007054193580456476,-0.00647044894235382,0.020413466220931382,0.000587891740242679,-0.0007419957262070901,-0.00026403022645934634,0.00020520256398530296,0.41867324779614995,-0.03813772873595525,-0.16265350440770007,-3.317428021312935,-1.4993955513362534,-1.8180324699766817,-0.7142850638852716,0.007746868084420404,-0.025195950263058264,-0.00618751955024791,-0.0021168483054457526,-0.005344641839854223,0.9659258262890683,0.25881904510252074,-0.433883739117558,-0.9009688679024191,1
2026-04-17T06:00:00+00:00,2026-04-17T07:00:00+00:00,0.005087763927753831,0.0009145713107997171,0.0023951632323094036,0.006396149440819663,0.005087763927753831,0.0005619688643509883,0.0007721709586503232,8766.8731,-0.19640598626533728,-0.0018119681448374822,-0.0013601667128018671,0.02534385500884875,0.00045262156789831334,-0.00019069711660380054,-5.551392671862277e-05,0.0002547770054305203,0.4761468086333111,0.05747356083716113,-0.04770638273337781,-3.2540331859686376,-1.8503230782627302,-1.4037101077059073,0.41432236227077435,0.007613974512036995,-0.012154004236058249,0.0007426932719717082,0.0058944606741089525,0.0024149351038747413,1.0,6.123233995736766e-17,-0.433883739117558,-0.9009688679024191,1
2026-04-17T07:00:00+00:00,2026-04-17T08:00:00+00:00,0.0013169804683644598,0.006411444881838792,0.0022327562517174267,0.005111046372142371,0.0013126849984985397,0.00336737841450463,0.00043270384206728054,7881.1481,-0.10103089093419183,-0.0004500263677278577,-4.32138078719222e-05,0.026421580837843014,0.0004069957186608852,-4.7368952678931414e-05,-1.7638257815929576e-06,0.00026561405810209774,0.49026671576073366,0.014119907127422593,-0.019466568478532623,-2.922381583508468,-2.0647347793118778,-0.8576468041965901,0.5460633035093172,0.007425894968285807,-0.0234174391884231,0.0007545875493053351,0.007193127046934431,0.002252676520328207,0.9659258262890683,-0.25881904510252085,-0.433883739117558,-0.9009688679024191,1
2026-04-17T08:00:00+00:00,2026-04-17T09:00:00+00:00,0.0088725708606094,0.010201236331501462,0.015340901741481198,0.011164098230475553,0.008876893087419317,0.001868468323092184,0.0004968427131858968,14930.4864,0.8944557582923736,0.007610682789869617,0.0084798033765137,0.035162630217492906,0.0008625559469433805,0.0008017668192424206,0.00034623426020254815,0.00035351819946948855,0.5737360995770483,0.08346938381631461,0.1474721991540966,-0.9771573185207671,-1.8472192871536557,0.8700619686328885,1.7277087728294787,0.007632266961332471,0.03691000528000262,0.005486716595076007,0.010634782347462863,0.01527731525672769,0.8660254037844387,-0.4999999999999998,-0.433883739117558,-0.9009688679024191,1
2026-04-17T09:00:00+00:00,2026-04-17T10:00:00+00:00,0.0017962775015181384,0.010684785961545077,0.012015838084329546,0.012174134203721675,0.0017962775015181384,0.007587639353990968,0.0027934381755753005,22969.8945,0.5384558737483596,0.008515787829075278,0.00988374316777236,0.03664019328847334,0.0013564044858848814,0.0008972029704432011,0.00040358090031586516,0.0003683788015976819,0.5885558226136374,0.014819723036589067,0.1771116452272747,0.8954503799000122,-1.2986853537429222,2.194135733642934,1.3240737650100456,0.007943978469090172,0.04271091396642667,-7.205618687139359e-05,0.011195981105710247,0.011985828830491999,0.7071067811865476,-0.7071067811865475,-0.433883739117558,-0.9009688679024191,0
2026-04-17T10:00:00+00:00,2026-04-17T11:00:00+00:00,-0.006396507142554233,-0.004611719542904565,0.004219933509271157,0.010516166739903025,-0.006396507142554233,0.0008532386807223518,0.0032252422131306604,18019.5018,-0.21551656234206912,0.0018677935767944876,0.0032892978386955436,0.029701847743079407,0.0014188541352608075,0.00019664851322351586,0.00013427508201768556,0.00029860016803827676,0.5192074880443713,-0.06934833456926605,0.038414976088742635,1.1486279170680973,-0.8092226995807184,1.9578506166488157,-0.23628511699411847,0.008175194123489181,0.022523093119213206,-0.013878838872528306,-0.0018183521556202759,0.004272341219573305,0.49999999999999994,-0.8660254037844387,-0.433883739117558,-0.9009688679024191,1
2026-04-17T11:00:00+00:00,2026-04-17T12:00:00+00:00,0.004684280357165525,-0.0017421898181510438,5.09582269933758e-05,0.005893867914513485,0.004684280357165525,0.0008365215988179376,0.0003949061354826522,9954.5648,-0.4475671463902514,0.005932276172448634,0.007673288621039851,0.034169986374319374,0.001730745190139174,0.0006248403050213336,0.0003132935760437849,0.00034353492420093794,0.5598471149102459,0.040639626865874516,0.11969422982049167,2.2097940454241325,-0.20541935057974814,2.415213396003881,0.4573627793550652,0.007976848494540119,-0.019691255253678847,-0.002587776883655977,0.007935115238930842,8.40507161294305e-05,0.258819045102521,-0.9659258262890682,-0.433883739117558,-0.9009688679024191,1
2026-04-17T12:00:00+00:00,2026-04-17T13:00:00+00:00,0.0072102216994552075,0.0119282767564983,0.005455470306472762,0.014022099773605808,0.007205944798301401,0.004506802362593142,0.002360906756830782,25552.7435,1.5669372808743984,0.011914569210578468,0.01434459611858827,0.04119532352231656,0.0024014150818142,0.001255740085551325,0.0005858367228477046,0.00041419483831842867,0.614161800302563,0.05431468539231709,0.22832360060512585,4.370539085641212,0.7097723366644441,3.6607667489767683,1.2455533529728875,0.008355627831658953,0.055037433207328776,0.0063683728192246635,0.012329924714478325,0.0054979949140665,1.2246467991473532e-16,-1.0,-0.433883739117558,-0.9009688679024191,1
2026-04-17T13:00:00+00:00,2026-04-17T14:00:00+00:00,0.02743710923831262,0.03484515857816824,0.03969266342720379,0.030220963870252818,0.02743710923831262,0.001395129357214516,0.002121417287293908,108132.4591,3.23173578602235,0.03576451645200232,0.040454438162548435,0.06902064588071434,0.004527980671331914,0.0037789123605570267,0.0016539325336308417,0.0006941563517633633,0.7443663734915813,0.1302045731890184,0.48873274698316266,11.205190737256999,2.8088560167829546,8.396334720474044,4.735567971497276,0.009710243389173112,0.19400535767898838,0.02282742816851768,0.03730739763343836,0.03933161129493335,-0.25881904510252035,-0.9659258262890684,-0.433883739117558,-0.9009688679024191,1
2026-04-17T14:00:00+00:00,2026-04-17T15:00:00+00:00,0.004185388071643921,0.03173733225968297,0.03917638716087976,0.012512003268975336,0.004185388071643921,0.0039554602104402235,0.0043885994483605015,58878.8986,-0.4554928363781195,0.03614255531762631,0.04297640338087281,0.07271044686625054,0.0065954708916975335,0.0038190088480182568,0.0017572213238086591,0.0007312926581126326,0.7581422228094243,0.013775849317842983,0.5162844456188487,17.245955527130263,5.696275918852416,11.549679608277847,3.1533448878038026,0.009872788187049494,0.020994967851746645,0.0027863713659366848,0.03399104275815439,0.038832719009411744,-0.5000000000000001,-0.8660254037844386,-0.433883739117558,-0.9009688679024191,0
2026-04-17T15:00:00+00:00,2026-04-17T16:00:00+00:00,-0.0021616099703748956,0.0020147309246834715,0.02950711855546244,0.006892004783043099,-0.0021616099703748956,0.0011220495012202417,0.0036036626316566125,28271.7852,-0.5198316226655776,0.030575256702132368,0.039062577644103105,0.06964247208636637,0.008235517869049549,0.003228839927554559,0.0015969370662141265,0.0007004145797908145,0.7359902382299228,-0.022151984579501516,0.4719804764598456,21.360219045952363,8.829064544272406,12.531154501679957,0.98147489340211,0.009679734767500557,-0.021673434766242856,-0.006092969681675831,0.0064501238506209395,0.029460887339581646,-0.7071067811865475,-0.7071067811865477,-0.433883739117558,-0.9009688679024191,1
2026-04-17T16:00:00+00:00,2026-04-17T17:00:00+00:00,0.0038247964749627945,0.0016549187863929642,0.0058472333353849935,0.009554114143515714,0.0038247964749627945,0.005552155998857615,0.00019173499775639646,25909.3116,-0.083562943878054,0.031127338305081066,0.04127939571179568,0.07294645033639446,0.009845590384018032,0.0032873330772523798,0.001687716883464344,0.0007336680282893153,0.7498858025369952,0.013895564307072448,0.4997716050739905,25.085294805189278,12.08031059645578,13.004984208733498,0.4738297070535413,0.009636514341282282,-0.0006573238097569375,0.0005346960599840817,0.007455325584836315,0.00584857457623182,-0.8660254037844384,-0.5000000000000004,-0.433883739117558,-0.9009688679024191,0
2026-04-17T17:00:00+00:00,2026-04-17T18:00:00+00:00,-0.004438461224656349,-0.0006306409605398793,-0.0027908877311267452,0.012465067488383177,-0.004442522569564793,0.00048762098327339334,0.007515099859860247,21460.1278,-0.17172142080378555,0.023961489654496685,0.03516960161498815,0.06746000094525202,0.010945833484688264,0.0025286399615554104,0.001437557548623424,0.0006784499414970019,0.7034396494345991,-0.04644615310239615,0.40687929886919816,26.85000892077187,15.034250261318999,11.815758659452872,-1.1892255492806267,0.009878447119237334,0.020555946521856192,-0.009935454032804355,-0.00043825696603291803,-0.0027752747200684505,-0.9659258262890683,-0.25881904510252063,-0.433883739117558,-0.9009688679024191,0
2026-04-17T18:00:00+00:00,2026-04-17T19:00:00+00:00,-0.008371509822079924,-0.012772814424999142,-0.008996871365624439,0.011268641605957043,-0.008371509822079924,0.0009338881565625328,0.0018925698040074246,18100.8743,-0.15653464561380662,0.013903352648628393,0.02543787045972516,0.057907702048868685,0.011376348427061657,0.0014656558082307392,0.0010393595736294951,0.0005823258613200366,0.6251406018608571,-0.07829904757374201,0.25028120372171414,26.29689309770083,17.286778828595367,9.010114269105465,-2.805644390347407,0.010055185556949743,0.009370030728748133,-0.013255861365953197,-0.0008628947020743104,-0.00898517457177348,-1.0,-1.8369701987210297e-16,-0.433883739117558,-0.9009688679024191,1
2026-04-17T19:00:00+00:00,2026-04-17T20:00:00+00:00,0.0032768730449300584,-0.005122069152031208,-0.009537796271366257,0.006487034169165376,0.003272727272727303,0.002059375926719167,0.0011656067745230184,11328.0538,-0.3741709039988195,0.015559707748537198,0.027637550798911285,0.060726556325843145,0.011892794641439913,0.0016405509728653373,0.0011293372618308719,0.0006106898634999282,0.6418067976478068,0.0166661957869497,0.28361359529561353,26.19645314403897,19.06871369168409,7.127739452354881,-1.882374816750584,0.009769821506460451,-0.0251959135220421,-0.00604254343589818,0.0051792449315024025,-0.009533098001806215,-0.9659258262890684,0.2588190451025203,-0.433883739117558,-0.9009688679024191,0
2026-04-17T20:00:00+00:00,2026-04-17T21:00:00+00:00,-0.00046953771129191763,0.00280579671816843,-0.0055892018586964015,0.007532615235002656,-0.00046953771129191763,0.003036946076694175,0.004025910877788667,7432.0733,-0.3439231988817002,0.013626826478110431,0.026062378918853043,0.05959350288980823,0.012268373444643793,0.0014364632540649065,0.001064903380991131,0.0005992886090177929,0.6374193728863738,-0.004387424761432968,0.27483874577274764,25.728285623146803,20.40062807797663,5.327657545170172,-1.8000819071847083,0.009614282694868765,-0.016382395500072502,-0.0025237163572989956,0.003975723676861837,-0.005564174488441783,-0.8660254037844386,0.5000000000000001,-0.433883739117558,-0.9009688679024191,1
2026-04-17T21:00:00+00:00,2026-04-17T22:00:00+00:00,0.0011167060879023155,0.0006466440409896985,0.0039256360563473406,0.006079465237560139,0.001124956732433188,0.001642319993085066,0.003313452617627643,10249.1991,0.37904978682059015,0.013334411728809246,0.026113338605262167,0.060135646887500706,0.012610769681305213,0.0014055952120094173,0.0010669878048610683,0.0006047438547779941,0.6436556353849613,0.006236262498587521,0.28731127076992263,25.28447020793874,21.377396503969052,3.9070737039696866,-1.4205838412004859,0.00935183740671314,-0.026211215374910012,-0.002381646539015962,0.005163404371516693,0.003924041421540457,-0.7071067811865477,0.7071067811865474,-0.433883739117558,-0.9009688679024191,1
2026-04-17T22:00:00+00:00,2026-04-17T23:00:00+00:00,0.001658784353917983,0.0027773428164068357,0.0023065010379254296,0.00885959433248954,0.001658784353917983,0.0044462342614813785,0.002757322725927702,41952.2647,3.0932237036940773,0.013565885373570716,0.02669551830072336,0.06124060499772339,0.012953901780458452,0.0014300299996450121,0.0010908015433994838,0.0006158625205133669,0.6532079659522253,0.009552330567263994,0.30641593190445066,24.970090948640063,22.095935392903254,2.8741555557368095,-1.032918148232877,0.00930229640884872,-0.0036474644117987527,1.643736541905568e-05,0.006123098676567238,0.002305952730528381,-0.5000000000000004,0.8660254037844384,-0.433883739117558,-0.9009688679024191,0
2026-04-17T23:00:00+00:00,2026-04-18T00:00:00+00:00,-0.00596666557086031,-0.004317778628436331,-0.003205894230214605,0.007461761058288624,-0.00596666557086031,0.0,0.001459280694501943,15108.3778,-0.6398674086359871,0.006797383243458051,0.019746990809733706,0.05433249885675743,0.012862178410275281,0.0007160263525251038,0.000806649784310691,0.0005463536041539937,0.591667161673912,-0.06154080427831339,0.18333432334782387,23.280932372851566,22.332934788892917,0.9479975839586494,-1.92615797177816,0.009222678103088649,-0.014474591622431655,-0.010366806581735824,-0.0015601911853326343,-0.003191175129040011,-0.2588190451025207,0.9659258262890683,-0.433883739117558,-0.9009688679024191,1
2026-04-18T00:00:00+00:00,2026-04-18T01:00:00+00:00,0.0008226539892516667,-0.005148920082843042,-0.0034986766769980536,0.005584492294474567,0.0008226539892516667,0.0010698102842226303,0.003692704224304956,9442.6515,-0.375005601196973,0.0068943716939367525,0.019762645763813064,0.05462059697218405,0.012780162876695322,0.0007262503930620311,0.0008072897937157069,0.000549252235750562,0.5972673124392681,0.0056001507653562045,0.1945346248785363,21.850954202386674,22.236538671591667,-0.3855844692049928,-1.3335820531636422,0.00895576833998337,-0.02814174599313589,-0.005148920082843042,0.0022852695334655295,-0.0034852272276906606,0.0,1.0,-0.9749279121818236,-0.2225209339563146,0
2026-04-18T01:00:00+00:00,2026-04-18T02:00:00+00:00,0.0,0.0008226539892516667,-0.005148920082843042,0.004477507135510552,0.0,0.00274681018922015,0.001730696946290402,6314.6879,-0.3312590324867967,0.006233671794479075,0.01897293591379822,0.05404773412168752,0.0126603436919383,0.0006566068279939495,0.0007750057162280197,0.0005434885270863819,0.5972673124392682,7.105427357601002e-17,0.19453462487853643,20.481587211824262,21.885548379638188,-1.4039611678139252,-1.0183766986089324,0.008635892539663882,-0.03571729283029687,-0.0010686670132614338,0.004535156801075424,-0.005144011581608644,0.25881904510252074,0.9659258262890683,-0.9749279121818236,-0.2225209339563146,0
2026-04-18T02:00:00+00:00,2026-04-18T03:00:00+00:00,-0.0007393669531885566,-0.0007393669531885566,8.267879288954861e-05,0.0033151455026454953,-0.0007434944237918967,0.0015914351851851478,0.0009796626984126533,5207.8575,-0.17527871805034098,0.004964272230832084,0.017492550910661403,0.05271043385249172,0.012466392115631027,0.0005228281781303843,0.0007144918038741192,0.0005300338911442097,0.5888426216395858,-0.008424690799682395,0.17768524327917162,19.032520911961,21.31494288610275,-2.282421974141748,-0.8784608063278228,0.008261772582282549,-0.04402885251953717,-0.0034766275065495934,0.0009930486593841593,8.32870360631101e-05,0.49999999999999994,0.8660254037844387,-0.9749279121818236,-0.2225209339563146,0
2026-04-18T03:00:00+00:00,2026-04-18T04:00:00+00:00,-0.005853174603174543,-0.006588213912490271,-0.006588213912490271,0.008436450121411688,-0.005857283989401529,0.00025779197019587654,0.0022868642517380167,8107.5633,0.5567943823347701,-0.0008306070615198884,0.011079545668314098,0.04606422873733144,0.011920053610536593,-8.742467852265448e-05,0.0004524309550099472,0.0004631715012593976,0.525674619915619,-0.06316800172396682,0.05134923983123798,16.550745082587127,20.362103325399623,-3.8113582428124957,-1.5289362686707477,0.008319417408078546,0.0010832812233317437,-0.008169577499639131,-0.00487829098447138,-0.0065925415563631,0.7071067811865475,0.7071067811865476,-0.9749279121818236,-0.2225209339563146,1
2026-04-18T04:00:00+00:00,2026-04-18T05:00:00+00:00,0.0010145361407710703,-0.004844576719576638,-0.0055803617528365525,0.0045524781098908555,0.0010186983114554987,0.001246116270955522,0.002288700217655066,4894.9602,-0.3962476740699637,0.00016564671017534183,0.011625085239434405,0.0466347207609067,0.011457540625347774,1.7436799844618113e-05,0.0004747185258271132,0.00046891043485522004,0.5349327841988757,0.009258164283256747,0.06986556839775147,14.612365215327372,19.21215570338517,-4.599790488057799,-0.7884322452453034,0.008042520791171917,-0.032302404810236586,-0.005103664306996735,0.003308967552114178,-0.00557800541559203,0.8660254037844386,0.5000000000000001,-0.9749279121818236,-0.2225209339563146,1
2026-04-18T05:00:00+00:00,2026-04-18T06:00:00+00:00,0.0006105969727681226,0.0016257525862355116,-0.004236937830687831,0.0032005645613234135,0.0006105969727681226,0.001905394466468854,0.0006849457232404538,2586.2278,-0.4716549891457749,0.0007023552933497723,0.01175702676184244,0.046781401439272695,0.011046912610945198,7.393760250697586e-05,0.00048010903741397897,0.000470385997542197,0.5407486073677965,0.005815823168920744,0.08149721473559296,13.044433806900543,17.978611324088245,-4.9341775171877025,-0.33438702912990337,0.00769210958557218,-0.04298582941210038,-0.0006347283528592646,0.003929952657198038,-0.004228041489635351,0.9659258262890683,0.25881904510252074,-0.9749279121818236,-0.2225209339563146,1
2026-04-18T06:00:00+00:00,2026-04-18T07:00:00+00:00,0.0004358745511530675,0.0010467376676026308,0.0020623357615673905,0.0026348547717841946,0.0004400275639907783,0.0007759336099584609,0.0014190871369294908,2945.3983,0.13887813749430722,0.0010299923007679062,0.011714068473820281,0.046745668572683266,0.010673082979757767,0.00010843199840965353,0.00047835395693171734,0.0004700265354506055,0.545124280485819,0.004375673118022476,0.09024856097163791,11.751103685689941,16.733109796408584,-4.982006110718643,-0.04782859353094082,0.007327765145824934,-0.04695076810667807,-0.0014667252251878832,0.0017332895507995464,0.0020610076646922606,1.0,6.123233995736766e-17,-0.9749279121818236,-0.2225209339563146,0
2026-04-18T07:00:00+00:00,2026-04-18T08:00:00+00:00,-0.0026099585062240513,-0.0021752215695634122,-0.001565952780500765,0.00393142267578028,-0.0026099585062240513,0.00046594639120355237,0.0008486880696922522,4515.4091,0.5330385367574906,-0.0014321413133074829,0.008714610888784858,0.04355668295700026,0.010161304626244688,-0.0001507289945355843,0.0003558249699975915,0.0004379473215039356,0.5135575544737182,-0.03156672601210076,0.027115108947436396,10.10212876239757,15.406913589606381,-5.304784827208811,-0.3227787164901681,0.007102974806762849,-0.03320641474394541,-0.003383266925663429,-0.0007524360637200877,-0.0015634869823028612,0.9659258262890683,-0.25881904510252085,-0.9749279121818236,-0.2225209339563146,0
2026-04-18T08:00:00+00:00,2026-04-18T09:00:00+00:00,-0.009626785261117137,-0.012211618257261343,-0.011781066439735012,0.015735727157781553,-0.009626785261117137,0.00047887690763131205,0.005536489160159244,25832.0067,4.720856322852342,-0.010003744714674344,-0.0009570439510092912,0.033166089330232726,0.009138116144750177,-0.0010519180626227228,-3.9061492548673794e-05,0.0003334386752473882,0.41772341874521296,-0.09583413572850524,-0.16455316250957408,6.849146942012794,13.695360260087664,-6.84621331807487,-1.5414284908660587,0.007783711777489397,0.08528889168147315,-0.012670460201068271,-0.008785553385769031,-0.011800869216188122,0.8660254037844387,-0.4999999999999998,-0.9749279121818236,-0.2225209339563146,0
2026-04-18T09:00:00+00:00,2026-04-18T10:00:00+00:00,-0.0019029056066405103,-0.011511372004110343,-0.014091286307053957,0.004705307991447886,-0.0019029056066405103,0.00015151260079782856,0.002647261830608897,9571.8861,-0.6294563480428332,-0.010767651048118203,-0.002746352747679776,0.030880036650469227,0.008108608972338206,-0.0011321537275629197,-0.00011208346640578157,0.00031044847548508686,0.4019116226659582,-0.015811796079254776,-0.19617675466808365,3.8610939836830767,11.728507004806747,-7.867413021123671,-1.0211997030488007,0.007577605707088655,-0.028331668115388724,-0.011979957169885834,0.003653812848749083,-0.014139649373981699,0.7071067811865476,-0.7071067811865475,-0.9749279121818236,-0.2225209339563146,0
2026-04-18T10:00:00+00:00,2026-04-18T11:00:00+00:00,-0.007028501203683363,-0.008918032235977105,-0.01845896551580677,0.00938821873913895,-0.0070243220834754,0.0,0.0023142065153814355,18142.5656,0.8954013253459004,-0.016059911556444605,-0.009376567771663607,0.023393824462058302,0.006792429603466038,-0.0016876639812807876,-0.0003825706355988665,0.00023516910519414278,0.3494039106165204,-0.05250771204943781,-0.30119217876695925,0.1438320478555397,9.411572013416507,-9.267739965560967,-1.400326944437296,0.007757042993728328,0.016485009308992354,-0.009067885238121109,-0.00439286844603855,-0.01855819207144101,0.49999999999999994,-0.8660254037844387,-0.9749279121818236,-0.2225209339563146,0
2026-04-18T11:00:00+00:00,2026-04-18T12:00:00+00:00,-0.0027041460747497643,-0.009713641184491813,-0.01159806264886146,0.0072376920984631036,-0.0027041460747497643,0.00048024615803058887,0.004045967632258934,14433.3994,-0.20444551679063522,-0.016967964683651006,-0.011588077460521862,0.020416989736032294,0.005472748628581411,-0.0017829170747046428,-0.00047275914656773663,0.0002052379907335306,0.3315812948817785,-0.017822615734741875,-0.33683741023644304,-3.2791376403038157,6.873430082672442,-10.152567722976258,-0.884827757415291,0.007739477194035801,-0.00496251942892638,-0.009709473365235356,-0.000390844053222795,-0.011635552885073638,0.258819045102521,-0.9659258262890682,-0.9749279121818236,-0.2225209339563146,1
2026-04-18T12:00:00+00:00,2026-04-18T13:00:00+00:00,0.002112233102135098,-0.0005976247594667616,-0.007621925556808862,0.004813544083157647,0.002112233102135098,0.00193814065727149,0.0007676224485035372,8121.2724,-0.437327813432503,-0.013492462554172146,-0.009131161388437194,0.022342729611534294,0.004420950677200928,-0.0014182449407805536,-0.0003725616109484978,0.0002246004803954043,0.3590106071290724,0.027429312247293895,-0.28197878574185525,-5.527115172163121,4.393321031705329,-9.920436203868451,0.23213151910780638,0.007515334072083206,-0.026909955198580308,-0.0010760568869758835,0.006183217833612032,-0.007620414176298029,1.2246467991473532e-16,-1.0,-0.9749279121818236,-0.2225209339563146,0
2026-04-18T13:00:00+00:00,2026-04-18T14:00:00+00:00,-0.0011874822407788727,0.0009222426220590544,-0.0017843973314571177,0.006292646265811298,-0.0011832462509330103,0.000912900774054974,0.004195097510540866,9779.7365,0.20421234731641327,-0.013285913294401059,-0.00990757798038259,0.020914082905588223,0.003423823942047811,-0.0013965640700269609,-0.00040422747204815263,0.00021023597787202483,0.3502893403577862,-0.008721266771286196,-0.2994213192844276,-7.448725886045395,2.024911648155184,-9.473637534200579,0.4467986696678725,0.007436295954898248,-0.011691906936642567,-0.003119576719576673,0.0016927886353486669,-0.001779395213393539,-0.25881904510252035,-0.9659258262890684,-0.9749279121818236,-0.2225209339563146,1
2026-04-18T14:00:00+00:00,2026-04-18T15:00:00+00:00,0.0042885106130022155,0.003095935842031011,0.005214708282333734,0.0068830515425562,0.0042885106130022155,0.0003255497351208896,0.0022873039831222794,26117.5187,1.670574887165927,-0.008199127895246378,-0.005440742275483954,0.02503431902005635,0.0027811889436119425,-0.0008623218534825011,-0.0002220218086548651,0.0002516645152745008,0.40631375218519344,0.056024411827407264,-0.1873724956296131,-8.063677574858957,0.007193803552355771,-8.070871378411313,1.4027661557892657,0.007367292217409658,-0.005030599488243685,0.002186375827835553,0.008519347617524792,0.005213261474358441,-0.5000000000000001,-0.8660254037844386,-0.9749279121818236,-0.2225209339563146,0
2026-04-18T15:00:00+00:00,2026-04-18T16:00:00+00:00,-0.0006722390634315248,0.00361338864521269,0.0024216155695885953,0.004463454671608082,-0.0006722390634315248,0.0018742278858031834,0.00191653551302218,13336.9852,-0.48934715609105706,-0.008028266829046362,-0.005871149149312373,0.024097172276470825,0.0021745757541281044,-0.0008443671604399798,-0.00023958132782048633,0.00024224130258152914,0.4004594346131677,-0.005854317572025778,-0.19908113077366466,-8.580421176352502,-1.710329192428616,-6.870091983923886,1.2007793944874274,0.0071644771692326165,-0.028182849746153576,-0.0009974640743872052,0.0059241101067361536,0.0024287893087918183,-0.7071067811865475,-0.7071067811865477,-0.9749279121818236,-0.2225209339563146,0
2026-04-18T16:00:00+00:00,2026-04-18T17:00:00+00:00,-0.0011719212739672632,-0.0018433725261391607,0.0024372327642209904,0.007442171741773037,-0.0011719212739672632,0.004871085659100247,0.001397789797828651,12285.7588,-0.07882039188286717,-0.008322752270658236,-0.00676212675003176,0.02266401649378034,0.0015737232292057355,-0.0008753123434594068,-0.0002759290156348972,0.0002278309553598977,0.38991904813141526,-0.010540386481752435,-0.2201619037371695,-9.10846335784936,-3.189956025512765,-5.918507332336595,0.9515846515872912,0.007192118117827764,0.002681612616547389,-0.003709392908687307,0.000746044058988247,0.0024443502756034277,-0.8660254037844384,-0.5000000000000004,-0.9749279121818236,-0.2225209339563146,1
2026-04-18T17:00:00+00:00,2026-04-18T18:00:00+00:00,0.00024990787294520473,-0.0009223062733748948,-0.0015939253265010091,0.004179617694138326,0.0002541446760925718,0.0014440219186434894,0.0024815156725077397,10741.1145,-0.12572640608897515,-0.007311506751853798,-0.006260060498633754,0.022686358926769304,0.0010591905319458656,-0.0007690404113361762,-0.0002554474033647699,0.0002280556048047379,0.39358028848887217,0.0036612403574569187,-0.2128394230222557,-9.371305940414004,-4.426226008493012,-4.945079931920992,0.9734274004156029,0.006975270949535708,-0.029908295392513468,-0.00575966048317145,0.0016500040295727688,-0.0015942524644535832,-0.9659258262890683,-0.25881904510252063,-0.9749279121818236,-0.2225209339563146,0
2026-04-18T18:00:00+00:00,2026-04-18T19:00:00+00:00,-0.005937005073132716,-0.005688580904497002,-0.006853835609483601,0.010104624612343575,-0.005941214582442185,0.0009244112735576086,0.003203489759056667,11078.9477,0.03145234137481739,-0.01196251888909097,-0.011688614573313704,0.016446625820611172,0.000277220572107546,-0.001257628892600747,-0.00047685880630707274,0.00016532004801591267,0.34118299674719976,-0.052397291741672375,-0.3176340065056004,-10.588845787831815,-5.658749964360773,-4.930095823471042,0.014984108449949574,0.007237480080865524,0.031431062242480025,-0.0073703839957375405,-0.0032101910828025246,-0.006859018474154774,-1.0,-1.8369701987210297e-16,-0.9749279121818236,-0.2225209339563146,1
2026-04-18T19:00:00+00:00,2026-04-18T20:00:00+00:00,0.0004898953753876951,-0.005450018209074001,-0.005201472338586938,0.004057753801216985,0.00048563334682328804,0.0031636002878322037,0.00040875589183298757,5076.6851,-0.5417719049255915,-0.010396660468134993,-0.010769787517719493,0.01677314755342806,-0.00037704708005634793,-0.0010931889425128598,-0.00043939001553539443,0.00016860276937245646,0.34884067778682865,0.0076576810396288405,-0.30231864442634276,-11.330350274693501,-6.793070026427318,-4.537280248266183,0.39281557520485944,0.007007066036988477,-0.03136192598727614,-0.0063672978964646595,0.0037052548805087664,-0.0051972018247998155,-0.9659258262890684,0.2588190451025203,-0.9749279121818236,-0.2225209339563146,1
2026-04-18T20:00:00+00:00,2026-04-18T21:00:00+00:00,0.0017159231709237223,0.0022066591691373735,-0.003743446850677185,0.004225076722972709,0.0017159231709237223,0.0009691322865572001,0.0015429606141238743,3744.8446,-0.2623445168974534,-0.007876666560579492,-0.008719668528149125,0.018330217446305374,-0.0008496947296332352,-0.0008284359207437837,-0.0003557782146959116,0.0001842572353918698,0.3762038867699904,0.0273632089831618,-0.24759222646001916,-11.460698801155559,-7.726595781372966,-3.7341030197825926,0.8031772284835901,0.006797206880278767,-0.02828511546488279,-0.001443111688355825,0.002612412582197286,-0.0037311865268212984,-0.8660254037844386,0.5000000000000001,-0.9749279121818236,-0.2225209339563146,1
2026-04-18T21:00:00+00:00,2026-04-18T22:00:00+00:00,0.001151907235337639,0.002869806990577232,0.0033611082711378663,0.003222478378825959,0.001156162729904149,0.0,0.002067650817507672,4154.6368,0.1094283591901251,-0.006096424875357951,-0.007282800918827237,0.019305430856109983,-0.001193653059674835,-0.0006413173823279999,-0.00029716884478743423,0.00019406208349994066,0.39462653558725336,0.018422648817262938,-0.21074692882549328,-11.21603512472393,-8.42448365004316,-2.7915514746807712,0.9425515451018214,0.006534607011661051,-0.0375260915275296,0.00018259798717560672,0.004422250272925718,0.0033577257816490565,-0.7071067811865477,0.7071067811865474,-0.9749279121818236,-0.2225209339563146,1
2026-04-18T22:00:00+00:00,2026-04-18T23:00:00+00:00,0.0005094827476405739,0.0016619768598414998,0.0033807518553685633,0.004595740347035653,0.0005137306183448688,0.001243353574959723,0.0028389199373655563,2745.8838,-0.3390797000594613,-0.005060356673532935,-0.006512993735056975,0.01962361722172528,-0.0014600253103467804,-0.0005323855381918044,-0.0002657658287298406,0.00019726118793744597,0.40303382068117216,0.008407285093918802,-0.19393235863765568,-10.800802499317797,-8.899747419898087,-1.9010550794197094,0.8904963952610618,0.006393026645293928,-0.021167796217783294,0.0005094827476405739,0.0037440261698486283,0.0033773131539019353,-0.5000000000000004,0.8660254037844384,-0.9749279121818236,-0.2225209339563146,0
2026-04-18T23:00:00+00:00,2026-04-19T00:00:00+00:00,-0.002635230614505241,-0.002127090471398812,-0.000977633446965395,0.004178154464073046,-0.0026394629414309965,0.0012594029749140696,0.00027230334592750235,2563.3913,-0.06646038699816806,-0.006955698114078584,-0.008776122842604827,0.01676532437093487,-0.001833175745602706,-0.0007316430553534833,-0.00035808082780710367,0.00016852411791399023,0.37408086376413435,-0.028952956917037795,-0.2518382724717313,-10.847776339819575,-9.289353203882385,-1.5584231359371898,0.3426319434825196,0.006250506558549131,-0.02486953704488155,-0.00387376772651364,0.0007195684292545248,-0.0009738406315270281,-0.2588190451025207,0.9659258262890683,-0.9749279121818236,-0.2225209339563146,0
2026-04-19T00:00:00+00:00,2026-04-19T01:00:00+00:00,-0.0005233329929541586,-0.003157184504334786,-0.002649310287730289,0.004661379512917884,-0.0005275854879952099,0.0021157128930778535,0.002017802638468614,3439.1131,0.34162626673500857,-0.006768267578392523,-0.00893361491174021,0.016069097424285285,-0.00218010285280388,-0.0007119419962590697,-0.00036450443140885144,0.00016152455254330827,0.3684352546287332,-0.005645609135401131,-0.26312949074253356,-10.859077481638906,-9.603298059433689,-1.255779422205217,0.30264371373197285,0.006140036520858223,-0.01818785730649725,-0.004411951684678896,-0.000251098021858164,-0.002649080859818826,0.0,1.0,-0.7818314824680299,0.6234898018587334,0
2026-04-19T01:00:00+00:00,2026-04-19T02:00:00+00:00,-0.0004512385647207835,-0.0009743354096463305,-0.0036069984256512752,0.004829580541986322,-0.0004512385647207835,0.0016652257424308267,0.0027129125266714418,5285.1901,0.5367886854317178,-0.0065336613553893625,-0.00901626376266061,0.015452878144855865,-0.0024989295668117655,-0.0006872811466443416,-0.0003678753837212619,0.00015532943147367016,0.3633460351863691,-0.005089219442364126,-0.2733079296272618,-10.82873988640722,-9.848386424828394,-0.9803534615788259,0.27542596062639113,0.006049006403549757,-0.015270212474711034,-0.0030866556277331894,0.0015697314820740467,-0.003609802172180183,0.25881904510252074,0.9659258262890683,-0.7818314824680299,0.6234898018587334,0
2026-04-19T02:00:00+00:00,2026-04-19T03:00:00+00:00,-0.004165193800760723,-0.0046145528694090665,-0.005135470914598933,0.0067400833957018125,-0.004169434932965351,0.000496097508820637,0.0020570939805409794,8271.2463,0.5649855811241304,-0.009665117521412006,-0.012634968556887467,0.01111040453235492,-0.002998835129428729,-0.0010163467800358976,-0.0005154471795094464,0.00011167482698349156,0.3194957203685479,-0.043850314817821215,-0.3610085592629042,-11.461737612235538,-10.171056662309823,-1.290680949925715,-0.31032748834688917,0.006121862521557634,0.007828950909389959,-0.0062685932851678705,-0.0014562319038630095,-0.005139765358435665,0.49999999999999994,0.8660254037844387,-0.7818314824680299,0.6234898018587334,1
2026-04-19T03:00:00+00:00,2026-04-19T04:00:00+00:00,0.0006500588046615981,-0.0035178426170024307,-0.0039674937954698045,0.005124435307744025,0.000654338305734313,0.0018463353235575136,0.002624189557093164,3295.8301,-0.6015316216614176,-0.008169184982628783,-0.011528226605860014,0.011649230328081437,-0.003386708269567526,-0.0008591753915707712,-0.00047031855783454056,0.00011709140053047282,0.3329694379365711,0.013473717568023175,-0.33406112412685784,-11.705804347716366,-10.478006199391132,-1.2277981483252347,0.06288280160048032,0.006046924805594996,-0.011598898048035228,-0.004014132470628229,0.0027127331321996394,-0.003966373560819908,0.7071067811865475,0.7071067811865476,-0.7818314824680299,0.6234898018587334,0
2026-04-19T04:00:00+00:00,2026-04-19T05:00:00+00:00,-0.0027481333635356623,-0.0020998610071634146,-0.006256308479874641,0.010495684298044964,-0.0027481333635356623,0.002717135093899794,0.005022842791877847,9557.8518,1.8999831635738746,-0.009867500410782118,-0.013693713519603296,0.008780058904130694,-0.0038643445300589373,-0.0010376065082248096,-0.0005586148574602723,8.82495853334765e-05,0.3054203853581457,-0.027549052578425375,-0.3891592292837086,-12.276559717706277,-10.837716903054162,-1.4388428146521157,-0.21104466632688101,0.006380166636698322,0.052209725183284095,-0.004586001390731584,0.000531709617941013,-0.006263268359634787,0.8660254037844386,0.5000000000000001,-0.7818314824680299,0.6234898018587334,0
2026-04-19T05:00:00+00:00,2026-04-19T06:00:00+00:00,-0.0002485707183693449,-0.002996020976420658,-0.0023479097615737334,0.00414959104237034,-0.0002485707183693449,0.0022891339014728005,0.0016118246197638069,4832.87,-0.4943560434783055,-0.009159238803983338,-0.01339958213826896,0.008443720398889788,-0.004279540669246611,-0.0009632017483318933,-0.0005466227600691617,8.48687136338977e-05,0.30298523676808115,-0.0024351485900645287,-0.39402952646383765,-12.6300967202028,-11.196192866483889,-1.4339038537189115,0.004938960933204228,0.006222312817097021,-0.024983752532622572,-0.00569027027718219,0.004798373549504366,-0.0023466452772434093,0.9659258262890683,0.25881904510252074,-0.7818314824680299,0.6234898018587334,0
2026-04-19T06:00:00+00:00,2026-04-19T07:00:00+00:00,-0.0023834427887997047,-0.0026314210530828455,-0.005372322920629021,0.004829838432450921,-0.0023791662201265384,0.0001589893434169349,0.0022860089377791807,14717.5852,2.0453095572610063,-0.01043507677532752,-0.015142751594357797,0.005979692080245648,-0.004757317795470644,-0.0010972239115338543,-0.0006176897172410524,6.010101975720333e-05,0.27994280858551107,-0.02304242818257009,-0.44011438282897786,-13.206684437598142,-11.59829118070674,-1.608393256891402,-0.1744894031724904,0.006136654465628408,-0.016116951887490866,-0.0049087519455419375,-0.0007728638900816582,-0.005380146870704712,1.0,6.123233995736766e-17,-0.7818314824680299,0.6234898018587334,0
2026-04-19T07:00:00+00:00,2026-04-19T08:00:00+00:00,-0.00479975936748007,-0.00717176220442738,-0.007418550232713597,0.01179604754687986,-0.00479975936748007,5.181280035247626e-05,0.00692132658039844,25296.4448,0.7187904439649516,-0.013758480647937225,-0.01910550758540623,0.0011397635325593048,-0.0054216201939884644,-0.0014461666938384824,-0.0007792089960009035,1.1455041091367982e-05,0.24038930319556925,-0.03955350538994182,-0.5192213936088614,-14.398977555926649,-12.158428455750721,-2.2405491001759277,-0.6321558432845258,0.006568379312300289,0.06521439471295448,-0.0073249554244958215,-0.0025195100521990406,-0.007431772874649119,0.9659258262890683,-0.25881904510252085,-0.7818314824680299,0.6234898018587334,1
2026-04-19T08:00:00+00:00,2026-04-19T09:00:00+00:00,0.00114851707447652,-0.0036567548985904797,-0.006031482021296731,0.00420927333968759,0.00114851707447652,0.0009790010738822273,0.0020830727695381364,6286.5382,-0.7514853075322269,-0.011437064115332237,-0.0172860649439694,0.0022667560171923543,-0.0059166701646596485,-0.0012024538498479175,-0.0007050562161807435,2.2781986516460706e-05,0.26695135416431653,0.026562050968747287,-0.46609729167136693,-14.95682569642986,-12.71810790388655,-2.2387177925433104,0.0018313076326172961,0.006392874732920903,-0.02560178783809401,-0.003708127803654035,0.008126086956521762,-0.006034685081803255,0.8660254037844387,-0.4999999999999998,-0.7818314824680299,0.6234898018587334,0
2026-04-19T09:00:00+00:00,2026-04-19T10:00:00+00:00,-0.0036442991516762798,-0.0024999676169999603,-0.007287727741491938,0.005601149664104186,-0.0036442991516762798,0.000290013158806043,0.0016535078606550442,4969.1452,-0.20955778173749107,-0.013626850834945522,-0.02006546045888401,-0.0013720336973661166,-0.00652755970637344,-0.0014323507794243553,-0.0008183281766209174,-1.3789093248913558e-05,0.2384287654470039,-0.02852258871731266,-0.5231424691059923,-15.897512123360684,-13.353988747781376,-2.5435233755793085,-0.30480558303599814,0.006358035506768401,-0.009074135186384256,-0.00461877843650914,-0.00041536863966772086,-0.007295541444679829,0.7071067811865476,-0.7071067811865475,-0.7818314824680299,0.6234898018587334,1
2026-04-19T10:00:00+00:00,2026-04-19T11:00:00+00:00,0.0033632869312281138,-0.00029326904415848446,0.0008549112058134039,0.005789448708159185,0.0033632869312281138,0.0009232056807347131,0.001514229878214401,3803.1001,-0.23465707945100897,-0.009336715005343076,-0.01612262850939448,0.0019668322622422092,-0.0068498687766429195,-0.0009818471345756457,-0.0006576337030819002,1.976754916279305e-05,0.3112969289611577,0.07286816351415382,-0.3774061420776846,-15.8335198695504,-13.84989497213518,-1.9836248974152202,0.5598984781640883,0.006297632246718899,-0.006168967721976067,-0.0005820571192052588,0.005025103840584171,0.000867504854028354,0.49999999999999994,-0.8660254037844387,-0.7818314824680299,0.6234898018587334,1
2026-04-19T11:00:00+00:00,2026-04-19T12:00:00+00:00,0.004905069434558043,0.008284853521712172,0.004610361885374955,0.005838463453794533,0.00490073424733183,0.0007512728708926838,0.00021035640384985777,8216.7405,1.16053753094745,-0.004052747867186967,-0.010858446482909357,0.006812609539115509,-0.006833392633142008,-0.00042642312439787595,-0.0004430055563585978,6.847312582698791e-05,0.4015350677350647,0.09023813877390702,-0.19692986452987057,-14.695935968478807,-14.019103171403906,-0.6768327970749013,1.306792100340319,0.006236290613652538,-0.004883135976752954,0.003978191065232859,0.009819094562432573,0.0046240572141098765,0.258819045102521,-0.9659258262890682,-0.7818314824680299,0.6234898018587334,1
2026-04-19T12:00:00+00:00,2026-04-19T13:00:00+00:00,0.000819960676231381,0.005729052074839946,0.009111607452039695,0.005250312058988706,0.000819960676231381,0.002552235028675033,0.001878788138755843,10647.4565,0.29582484684772514,-0.0029288119680463964,-0.009657179114911221,0.007561580040332256,-0.00674813115415105,-0.0003082009795083107,-0.00039401526689410957,7.6001555097171e-05,0.41539241627018364,0.013857348535118916,-0.16921516745963275,-13.484826804180557,-13.912247897959237,0.42742109377867976,1.104253890853581,0.00616111920209685,-0.011243789045829273,6.863624079302934e-05,0.005937355719235463,0.009088317042017537,1.2246467991473532e-16,-1.0,-0.7818314824680299,0.6234898018587334,1
2026-04-19T13:00:00+00:00,2026-04-19T14:00:00+00:00,0.0031656293296844704,0.003988185697481717,0.00891281745980382,0.008291037213458877,0.0031656293296844704,0.004947256346555824,0.00018814112294597123,12823.5829,0.20437992867122765,0.00020587033585603144,-0.006267954541429106,0.01064303139206279,-0.006472492383104402,2.1671031292373633e-05,-0.0002557694444970182,0.00010697658238384348,0.46676892207697257,0.051376505806788944,-0.06646215584605486,-11.793560914155933,-13.488510501198576,1.6949495870426432,1.2675284932639634,0.006295202664045701,0.024997364129238964,0.0006118327600076549,0.0058795698924731495,0.008890659440473896,-0.25881904510252035,-0.9659258262890684,-0.7818314824680299,0.6234898018587334,0
2026-04-19T14:00:00+00:00,2026-04-19T15:00:00+00:00,-0.0002480042075196275,0.002916840032771634,0.003739192403128745,0.006744821627909952,-0.0002480042075196275,0.0019032629197335508,0.004593492979312275,6753.5851,-0.4733464779176496,-3.816746948923069e-05,-0.006260536795253068,0.010287916984498713,-0.006222606826920047,-4.017612225953176e-06,-0.0002554668341117728,0.00010340684246751856,0.4633227255799424,-0.0034461964970301296,-0.07335454884011511,-10.380363297593703,-12.866881060477601,2.4865177628838975,0.7915681758412543,0.006328768383784837,0.005082625653067923,-0.0051696847981481196,0.003106162987751351,0.003737585798396224,-0.5000000000000001,-0.8660254037844386,-0.7818314824680299,0.6234898018587334,0
2026-04-19T15:00:00+00:00,2026-04-19T16:00:00+00:00,-0.00311792959210294,-0.0033651605399649762,-0.00021018406118491554,0.011240775699330623,-0.00311792959210294,0.0014587266174702403,0.006654367599107695,7442.0947,0.10194727538118967,-0.002856267225593714,-0.00899523037266132,0.007066384524811439,-0.006156547893037287,-0.00030056933886750636,-0.00036701750880078154,7.102398399586744e-05,0.4212269538602258,-0.042095771719716665,-0.15754609227954844,-9.736400910855536,-12.240785030553187,2.504384119697651,0.01786635681375337,0.006698006537171946,0.05504297510543954,-0.005257946669397944,0.0014823726555955369,-0.00020030446993809722,-0.7071067811865475,-0.7071067811865477,-0.7818314824680299,0.6234898018587334,0
2026-04-19T16:00:00+00:00,2026-04-19T17:00:00+00:00,-0.008203192037068966,-0.011295544653969826,-0.011540747518889042,0.011524086378737685,-0.008203192037068966,0.00023359634551493446,0.003019449058693253,10427.6144,0.4011665828439405,-0.009995484153761888,-0.016464135139377143,-0.0011829001814961145,-0.006533961090153179,-0.001051050357533593,-0.0006715542277475823,-1.1888302701635513e-05,0.335204826380029,-0.08602212748019675,-0.32959034723994196,-10.646158004883091,-11.921859625419168,1.2757016205360774,-1.2286824991615735,0.00709416890619207,0.05045792912616726,-0.012731209614390815,-0.0015591999274389503,-0.011569125836691533,-0.8660254037844384,-0.5000000000000004,-0.7818314824680299,0.6234898018587334,0
2026-04-19T17:00:00+00:00,2026-04-19T18:00:00+00:00,-0.006527720099667641,-0.014677363995194797,-0.017749530599763055,0.010149830836152706,-0.006527720099667641,0.002669174732973717,0.000910044892645246,19133.8743,0.8349234605376278,-0.014913908523715087,-0.022006704634413145,-0.007626837446996652,-0.0072001789204723665,-0.0015674244314870553,-0.0008974267440459237,-7.664575761074899e-05,0.2856277940193468,-0.04957703236068227,-0.42874441196130647,-12.441367602712035,-12.025761220877742,-0.41560638183429255,-1.69130800237037,0.007355713996523386,0.03009923375836563,-0.01490559077612017,-0.0035188961686986042,-0.01784884172883955,-0.9659258262890683,-0.25881904510252063,-0.7818314824680299,0.6234898018587334,0
2026-04-19T18:00:00+00:00,2026-04-19T19:00:00+00:00,-0.0003526968244222719,-0.006878114617940042,-0.015024884159945075,0.005936980024218395,-0.00034834405942737773,0.002034167036911234,0.0035543475420119998,16668.7481,-0.12883570579325895,-0.013827982245803254,-0.021493945064119748,-0.00789809960958196,-0.0077734540022481495,-0.0014534614533296682,-0.000876534892705715,-7.937158517490605e-05,0.28320646454561216,-0.0024213294737346304,-0.43358707090877574,-13.770704266507437,-12.374749830003681,-1.3959544365037555,-0.980348054669463,0.007256785732784981,-0.01379712548229015,-0.00950466172809667,0.0005578557419918065,-0.01508360896115888,-1.0,-1.8369701987210297e-16,-0.7818314824680299,0.6234898018587334,1
2026-04-19T19:00:00+00:00,2026-04-19T20:00:00+00:00,0.0016857015916158736,0.0013324102255953152,-0.005204007475082947,0.004505033374644023,0.0016857015916158736,0.0022307742482552168,0.0005913943426174101,7573.4719,-0.545648428150402,-0.011019730603404885,-0.01908111031198178,-0.006164146328111659,-0.008151203778307296,-0.0011586276672255578,-0.0007782147392121005,-6.194738166224943e-05,0.31316472843944365,0.029958263893831542,-0.37367054312111264,-14.346558299207572,-12.76911152384446,-1.5774467753631125,-0.181492338859357,0.007048892102989912,-0.027010760462773963,-0.0006952743074415683,0.005258740525087296,-0.0051947153324740395,-0.9659258262890684,0.2588190451025203,-0.7818314824680299,0.6234898018587334,0
2026-04-19T20:00:00+00:00,2026-04-19T21:00:00+00:00,-0.008279520796642952,-0.006607776006411796,-0.006958142289220112,0.01161531344684088,-0.008283833262308223,0.00014908292079756974,0.003113202169594937,19343.7054,1.5541397202516853,-0.01741052839227433,-0.02616378888240826,-0.01425146164435958,-0.008908359740321389,-0.001829334601080291,-0.0010667705356459947,-0.00014321025817940194,0.2563890109145385,-0.05677571752490522,-0.48722197817092305,-16.153092845633637,-13.445907788202295,-2.7071850574313423,-1.1297382820682298,0.007429710266123334,0.045298426732420044,-0.010486901135900204,-0.006018950322957412,-0.00694651602944935,-0.8660254037844386,0.5000000000000001,-0.7818314824680299,0.6234898018587334,0
2026-04-19T21:00:00+00:00,2026-04-19T22:00:00+00:00,-0.0019819258882491884,-0.010245037288282976,-0.008576605772330124,0.006748415045099327,-0.0019819258882491884,0.00427487489510521,0.0004876784309935579,7305.1882,-0.622348042996974,-0.017546683129701535,-0.027021910656487572,-0.01604648441441526,-0.009644455735535917,-0.0018436140860546937,-0.0011017200031425288,-0.00016124519593869134,0.2450318818992284,-0.011357129015310078,-0.5099362362015433,-17.74495788519107,-14.30571780760005,-3.4392400775910197,-0.7320550201596774,0.0073947468148794675,-0.00667849614803552,-0.01039565217391298,0.0011348091717212272,-0.008575745093276266,-0.7071067811865477,0.7071067811865474,-0.7818314824680299,0.6234898018587334,0
2026-04-19T22:00:00+00:00,2026-04-19T23:00:00+00:00,-0.0027679046083415775,-0.00474434471479129,-0.012984584610701684,0.010291700994365174,-0.0027635232505008453,0.0,0.0075205195194269795,28519.8571,2.904055079648735,-0.018371381583155898,-0.028583033910056566,-0.018586679333365618,-0.010402765501447859,-0.0019300971612329829,-0.0011652949487763896,-0.00018676590929942984,0.22975545514343096,-0.015276426755797417,-0.540489089713138,-19.29248795452895,-15.303071836985831,-3.9894161175431204,-0.5501760399521007,0.007621045515614958,0.027750020233219232,-0.008972466969969603,-0.002281338737043866,-0.013029351293233717,-0.5000000000000004,0.8660254037844384,-0.7818314824680299,0.6234898018587334,0
2026-04-19T23:00:00+00:00,2026-04-20T00:00:00+00:00,-0.002872512435071078,-0.005632466203006104,-0.007603228960672866,0.006216668802219869,-0.00286811937720846,0.000273939918790021,0.003066359736134025,11475.9936,-0.5976139165157317,-0.019211692980324626,-0.03018024188440162,-0.021197323135613805,-0.011183400969988273,-0.0020182020948742692,-0.0012303310284230197,-0.00021299304777034738,0.21482812769438497,-0.014927327449046004,-0.57034374461123,-20.805196835582592,-16.403496836705184,-4.401699998877408,-0.4122838813342877,0.007541119319503573,-0.01332994992916222,-0.0056280974306702515,0.004683227387336279,-0.007622342931661844,-0.2588190451025207,0.9659258262890683,-0.7818314824680299,0.6234898018587334,1
2026-04-20T00:00:00+00:00,2026-04-20T01:00:00+00:00,0.007396377807331974,0.004502619185034851,0.0017222517563014084,0.010293814500813504,0.0073919267611608,0.0013728009964867058,0.0015833263889194025,12643.2639,0.10171409471681826,-0.010830945251960567,-0.022124811644530302,-0.013820765333271987,-0.011417529024345088,-0.0011388011535803336,-0.0009022387666025185,-0.00013888287302178857,0.33439837857745786,0.1195702508830729,-0.3312032428450843,-20.417886735717275,-17.2063748165076,-3.2115119192096735,1.1901880796677347,0.007686327772662866,0.026794356216365646,0.0042327343199436785,0.010494918739723486,0.0017559607639193184,0.0,1.0,0.0,1.0,1
2026-04-20T01:00:00+00:00,2026-04-20T02:00:00+00:00,0.002701742536216882,0.010118103452084855,0.0072165266390283285,0.007042345932279911,0.002697344760133723,0.0035561659894059097,0.0007960912793012609,7563.3705,-0.4017865513350552,-0.007387208297442932,-0.018733124256832344,-0.011046580625406583,-0.01143035436801956,-0.0007769966801178622,-0.0007640331236485324,-0.0001110085865337525,0.3722804734723965,0.03788209489493866,-0.255439053055207,-19.390360170458735,-17.64317188729783,-1.7471882831609058,1.4643236360487677,0.007621097868747986,-0.005807670574364027,0.001327119668526766,0.011727376121292047,0.0072256079084777785,0.25881904510252074,0.9659258262890683,0.0,1.0,0
2026-04-20T02:00:00+00:00,2026-04-20T03:00:00+00:00,-0.0038229877918091112,-0.0011315739843247975,0.0062564342743021625,0.006753226224296733,-0.003818630367078428,0.0006454644050531761,0.002274493617805964,5859.7575,-0.22524521309646278,-0.010127792371185364,-0.02162181554612783,-0.014681967892436974,-0.011611623284661943,-0.0010649480840109592,-0.0008817449232669258,-0.00014753569626206302,0.34249596233728724,-0.029784511135109284,-0.3150080753254255,-19.061553201433526,-17.926848150124968,-1.1347050513085577,0.6124832318523481,0.007586265128730402,-0.008376081778442516,-0.007353005273939913,-0.00033798612940039586,0.006275132551739745,0.49999999999999994,0.8660254037844387,0.0,1.0,1
2026-04-20T03:00:00+00:00,2026-04-20T04:00:00+00:00,0.004008904774241188,0.00017059098842162773,0.002872794417568224,0.005466727310894969,0.004008904774241188,0.0008834231334406191,0.0005904065495766169,3966.857,-0.3230339310116502,-0.00557614202194753,-0.017017300715921776,-0.010626271167992701,-0.011505313958614575,-0.000586617995441224,-0.0006941015910375861,-0.00010678529083954571,0.39678777954752276,0.054291817210235536,-0.20642444090495446,-17.85839613793587,-17.913157747687148,0.05476160975127797,1.1894666610598357,0.007406742045993554,-0.019750187561948237,-0.0004677329812951236,0.006297722521729539,0.002887659518648959,0.7071067811865475,0.7071067811865476,0.0,1.0,0
2026-04-20T04:00:00+00:00,2026-04-20T05:00:00+00:00,-0.001386362046042996,0.002616984934772984,-0.001216007558493113,0.0033765585379633076,-0.001381994708184955,0.0,0.0019926512772674523,5327.0777,0.34289632825181243,-0.0062965847357979625,-0.01767202130359553,-0.011879937503885786,-0.0114475168275165,-0.0006623593825074994,-0.0007207870832206167,-0.00011938210303477974,0.38490381525785955,-0.011883964289663212,-0.23019236948428087,-16.965114721942427,-17.723549142538204,0.7584344205957763,0.7036728108444983,0.007128732817838235,-0.038868942779784865,-0.002267781768607632,0.0032116621559874635,-0.0012004450636109191,0.8660254037844386,0.5000000000000001,0.0,1.0,0
2026-04-20T05:00:00+00:00,2026-04-20T06:00:00+00:00,-0.005772119524040937,-0.007150479322650579,-0.003170240139104078,0.008902260143334773,-0.005772119524040937,0.0,0.003096629827196691,8416.403,0.5799287102570327,-0.010898910094967813,-0.02244730570058808,-0.01741157089210003,-0.011675647437340383,-0.0011459390114428411,-0.0009153778748407396,-0.00017496004585786928,0.3393900294850721,-0.045513785772787474,-0.3212199410298558,-17.123311735373136,-17.60350166110519,0.48018992573205566,-0.2782444948637206,0.0072938439293535285,0.017255545369515915,-0.007146137193588658,-0.003787014445946231,-0.0031495767958427453,0.9659258262890683,0.25881904510252074,0.0,1.0,1
2026-04-20T06:00:00+00:00,2026-04-20T07:00:00+00:00,0.007030186634716628,0.0012174880331437907,-0.00017056189209986735,0.00884448663047796,0.007030186634716628,0.001237878198034235,0.0006255002908794342,7027.7389,-0.1649949628124984,-0.0035709394756931584,-0.01497329174080926,-0.010400362515853842,-0.011443215294339516,-0.00037574712688893394,-0.0006107814829174735,-0.00010451533184426588,0.42764838265109817,0.08825835316602607,-0.1447032346978037,-15.778955415577911,-17.238592411999736,1.4596369964218248,0.9794470706897691,0.007357322088569516,0.01579434763701678,0.0012174880331437907,0.010158272872683675,-0.00012829493536730525,1.0,6.123233995736766e-17,0.0,1.0,1
2026-04-20T07:00:00+00:00,2026-04-20T08:00:00+00:00,0.0055245235481176415,0.012593548614445423,0.006748737622570087,0.021689577170697808,0.0055245235481176415,0.014825126152775328,0.001370280146163255,38704.943,4.507453186685692,0.0017493573485365306,-0.009161128915088999,-0.0048844482582871196,-0.010891433254825106,0.00018417679363820215,-0.00037378386256893065,-4.908752254085498e-05,0.4861541519181099,0.05850576926701173,-0.02769169616378022,-13.538346271401224,-16.498543183880034,2.9601969124788106,1.5005599160569858,0.00834351952291645,0.14030803490705604,0.004281345565749315,0.013231780957166397,0.006782590658793331,0.9659258262890683,-0.25881904510252085,0.0,1.0,0
2026-04-20T08:00:00+00:00,2026-04-20T09:00:00+00:00,-0.002048895075691681,0.0034643093033326798,0.010518850679012122,0.008208047635445831,-0.0020532362396195425,0.004289282460583563,0.0018613044823873439,14250.2542,-0.6318234030211594,-0.00027426113469458424,-0.010757102099285288,-0.006854918928336686,-0.010485716789175389,-2.8868759696399232e-05,-0.00043887269799440423,-6.888891156205824e-05,0.4669833866308457,-0.019170765287264187,-0.0660332267383086,-12.004326614038746,-15.599699869911777,3.5953732558730316,0.635176343394221,0.00834974947522436,-0.001303743371758256,-0.016627516203148025,0.004848840570822929,0.010505815107142588,0.8660254037844387,-0.4999999999999998,0.0,1.0,1
2026-04-20T09:00:00+00:00,2026-04-20T10:00:00+00:00,0.006525463255582736,0.004463198190360084,0.010012378781980287,0.008808779330116884,0.006529850746268665,0.0019834911175976057,0.00033779979732001135,8516.3025,-0.40237539762624025,0.0056508670076927305,-0.004133831923685686,-0.00037046531801288236,-0.009729717591247867,0.0005951821371362263,-0.00016869936934079007,-3.723255665020976e-06,0.5303711973131011,0.06338781068225544,0.06074239462620227,-9.471469884036651,-14.374053872736752,4.902583988700101,1.3072107328270697,0.008332271204269473,0.004418534799588524,0.00017759296558588546,0.008402407176109817,0.010001091728008697,0.7071067811865476,-0.7071067811865475,0.0,1.0,0
2026-04-20T10:00:00+00:00,2026-04-20T11:00:00+00:00,-0.002455544680519377,0.004053895008478188,0.001996693927266265,0.0072805734157046715,-0.002455544680519377,0.004749521357651138,6.946283521238457e-05,7456.3501,-0.12446157237838841,0.0028775795863823827,-0.006322848291346649,-0.002797068480457158,-0.0091740288795005,0.00030299489245260857,-0.00025800885471422876,-2.8110450790014075e-05,0.5058343227340372,-0.024536874579063978,0.011668645468074317,-7.831408686638497,-13.0655248355171,5.234116148878604,0.3315321601785026,0.008276195517727477,-0.009168959164620537,-0.004430248439688111,0.00439977325251807,0.0020210234993716775,0.49999999999999994,-0.8660254037844387,0.0,1.0,1
2026-04-20T11:00:00+00:00,2026-04-20T12:00:00+00:00,0.002183737881991413,-0.00027716906446773694,0.00624648553456923,0.005341315705114289,0.002183737881991413,0.0016937992219786062,0.0014685369213574102,7390.6587,-0.0088101281617664,0.0045827608761994645,-0.0039907082539013695,-0.000613278874066864,-0.008534358207205382,0.0004826286998023738,-0.00016285952363496184,-6.163568784704276e-06,0.5267512735635684,0.020916950829531232,0.05350254712713678,-6.055960071165373,-11.663611882646755,5.607651811481382,0.3735356626027784,0.008049815703150012,-0.02522911966448819,-0.0049913793103447965,0.0022533572417865583,0.006253656457054772,0.258819045102521,-0.9659258262890682,0.0,1.0,1
2026-04-20T12:00:00+00:00,2026-04-20T13:00:00+00:00,0.004531237816341929,0.0067248707340051995,0.004252812832927756,0.008003863934313092,0.004531237816341929,0.0017853446491409096,0.001707720968743547,11999.4475,0.6235964867380496,0.008257602793175068,0.0005019483238731057,0.0038760720144299958,-0.007692135866683753,0.0008699775497073502,2.0488106442699938e-05,3.8957015222464585e-05,0.5677274851135037,0.040976211549935256,0.13545497022700728,-3.7615093317358514,-10.083191372464574,6.321682040728723,0.7140302292473404,0.00801281598847757,-8.593238349458749e-05,0.0028326406698006693,0.008208695652173961,0.004259431017813965,1.2246467991473532e-16,-1.0,0.0,1.0,0
2026-04-20T13:00:00+00:00,2026-04-20T14:00:00+00:00,-0.003475815911129487,0.0010396721567132892,0.0032256804101781686,0.010745103469763947,-0.003475815911129487,0.0032369461922607634,0.004020217931297099,17038.1365,0.41991008336008806,0.004298464409015354,-0.0028592552385108935,0.0003829335238242948,-0.007127084130053155,0.0004526747595113031,-0.0001166906771460863,3.848592940517788e-06,0.5296703532297021,-0.03805713188380153,0.05934070645940423,-2.5639595007669413,-8.579344998125048,6.015385497358107,-0.30629654337061574,0.008233931295003851,0.024023474069137397,-0.005251784315244732,0.002759865651823042,0.003239159787203855,-0.25881904510252035,-0.9659258262890684,0.0,1.0,0
2026-04-20T14:00:00+00:00,2026-04-20T15:00:00+00:00,-0.008620316597571455,-0.01206616987511213,-0.007589606744006715,0.01701514688550352,-0.008620316597571455,0.004871447902570978,0.003448426382644415,33102.9123,0.9428716456168785,-0.003945410251788712,-0.011010657566245221,-0.00815935626698663,-0.00709323302876653,-0.0004151339345376859,-0.00044921271179184475,-8.199685653697736e-05,0.449476340177613,-0.08019401305208909,-0.10104731964477395,-3.185549126067599,-7.500585823713559,4.31503669764596,-1.7003487997121471,0.008927643237422922,0.07490381072484156,-0.015242696745129746,-0.004618666713012695,-0.007564894692359012,-0.5000000000000001,-0.8660254037844386,0.0,1.0,1
2026-04-20T15:00:00+00:00,2026-04-20T16:00:00+00:00,0.010044087476537502,0.00133718766498459,-0.0021432760643070167,0.017554701781832438,0.010039678555683114,0.0021997398343064968,0.00541507664515895,23294.0376,-0.296314554172927,0.005478835301755125,-0.0010349641651907328,0.001784807816641197,-0.00647830589590779,0.0005770523027665145,-4.2241650881492954e-05,1.7938088770771854e-05,0.536729792853201,0.08725345267558801,0.07345958570640207,-1.8006914350517036,-6.360606945981187,4.559915510929484,0.244878813283524,0.009461424682030423,0.07043435821120457,-0.003475482131629111,0.01353920280332889,-0.00205204503216344,-0.7071067811865475,-0.7071067811865477,0.0,1.0,0
2026-04-20T16:00:00+00:00,2026-04-20T17:00:00+00:00,-0.005981217938467655,0.004002793661879642,-0.0046520282843319685,0.007065002369493102,-0.005985513760199103,0.0004738986204768313,0.0005695478833252663,9601.3892,-0.5878177340969004,-0.0004842104953559461,-0.0067369421163014425,-0.004165398269640414,-0.006255760725945435,-5.0966928066837274e-05,-0.0002749016375462606,-4.186154672996893e-05,0.48675810907699535,-0.04997168377620568,-0.026483781846009292,-1.7992138545114358,-5.448328327687237,3.6491144731758016,-0.9108010377536822,0.009343116495770042,-0.01841069480549862,-0.008163001293660991,0.009519922049877567,-0.004557447059501608,-0.8660254037844384,-0.5000000000000004,0.0,1.0,1
2026-04-20T17:00:00+00:00,2026-04-20T18:00:00+00:00,0.007386731708165308,0.0013613321174981272,0.0114190929329084,0.010543533615875416,0.007386731708165308,0.0023046446790329755,0.0009063209411928754,12548.2286,0.30691802390429096,0.006237803647330085,0.0005764816270681122,0.003158717566492087,-0.005626226722690468,0.0006570423314084951,2.3530415996695533e-05,3.1746913025462225e-05,0.5430076730798793,0.0562495640028839,0.0860153461597585,-0.42222470902243003,-4.443107603954276,4.020882894931846,0.37176842175604463,0.009365245041423666,0.009772659711262907,0.0008855253325038453,0.007960813656057929,0.011449601246235156,-0.9659258262890683,-0.25881904510252063,0.0,1.0,1
2026-04-20T18:00:00+00:00,2026-04-20T19:00:00+00:00,0.007410252647751924,0.014851721904115897,0.008781672580178212,0.011622676428629616,0.007410252647751924,0.004266931707672353,0.0,23517.3105,0.8741538148261021,0.01237392456904968,0.0076752281514927585,0.010485875144745001,-0.004641265745319425,0.0013042171424833618,0.0003133727901696182,0.00010539678715880326,0.5917077653380701,0.04870009225819089,0.1834155306761403,2.031111227859583,-3.1482638375915046,5.1793750654510875,1.1584921705192412,0.009462522385291165,0.017874281418915824,0.005093868411987568,0.01577914420118636,0.008815766417449578,-1.0,-1.8369701987210297e-16,0.0,1.0,0
2026-04-20T19:00:00+00:00,2026-04-20T20:00:00+00:00,-0.0010495966549996436,0.006352878216360497,0.013786536931484709,0.003928329430735255,-0.0010538762081018155,0.0009391966652085765,0.001934144730635059,7765.5746,-0.6697932529317074,0.010223056783428816,0.0063564132635603315,0.009330613683330363,-0.0038275146205630647,0.001077270503258404,0.0002595127687333768,9.378380647039987e-05,0.5821742225465808,-0.009533542791489324,0.16434844509316165,3.7346523609967335,-1.771680597873857,5.5063329588705905,0.326957893419503,0.009076454993807194,-0.041806401314267785,-0.005293939484427395,0.006352878216360497,0.013747387700917588,-0.9659258262890684,0.2588190451025203,0.0,1.0,1
2026-04-20T20:00:00+00:00,2026-04-20T21:00:00+00:00,0.002491658732813535,0.0014394468411425298,0.008860366153660329,0.00633986285020049,0.002491658732813535,0.0010951449997646915,0.0027592520501885584,8921.2342,0.14881829864849935,0.011512867505898389,0.008513346418970847,0.01172627311188671,-0.0029653810478194936,0.0012133512271382805,0.0003476043140780667,0.00011786588180316865,0.5986871783370585,0.01651295579047769,0.197374356674117,5.49025122757439,-0.31929423278420743,5.809545460358597,0.30321250148800694,0.00886003628068031,-0.021411721480212337,0.0004964839520123904,0.004434380196539363,0.008852314725565816,-0.8660254037844386,0.5000000000000001,0.0,1.0,0
2026-04-20T21:00:00+00:00,2026-04-20T22:00:00+00:00,-0.006818988787597506,-0.004344320647745545,-0.0053893575183250695,0.013598087567032138,-0.0068147400302876636,0.003962698942562519,0.0027738892597937046,14498.1636,0.6251298054701891,0.004173978597166776,0.0015720355098521916,0.004779060381831708,-0.0025911277754373844,0.0004395592956062436,6.416883206262568e-05,4.8033064670849946e-05,0.5360887861008518,-0.0625983922362068,0.07217757220170341,5.531586507911925,0.8508819153550191,4.680704592556905,-1.1288408678016921,0.009254954718830557,0.03745007302242576,-0.00790547614469158,-0.001582571075933238,-0.005376926709783615,-0.7071067811865477,0.7071067811865474,0.0,1.0,0
2026-04-20T22:00:00+00:00,2026-04-20T23:00:00+00:00,-0.0009691383283440656,-0.007781518572546962,-0.0053092487284392646,0.005074588255583333,-0.0009648352027014446,0.002966284383892433,0.0011425368629818448,5121.2471,-0.6467658083262352,0.0028950749492385117,0.0005777767549217863,0.0037672842531090004,-0.00231060880863735,0.0003048376291602295,2.358328084874475e-05,3.786358689446379e-05,0.5277013293381219,-0.008387456762729855,0.0554026586762437,5.321446496690442,1.7449948316221036,3.576451665068338,-1.1042529274885675,0.00896469385859177,-0.032301496629774336,-0.011667050170872474,0.0018097710358887767,-0.005296468383128037,-0.5000000000000004,0.8660254037844384,0.0,1.0,0
2026-04-20T23:00:00+00:00,2026-04-21T00:00:00+00:00,-0.0023928602224714073,-0.003359679538259506,-0.010155758708755699,0.00503922034704078,-0.0023928602224714073,0.0,0.0026406206106705825,6469.4072,0.26324839900812447,0.0004480958691526838,-0.0017453563741701532,0.0013518049165170028,-0.002192469806659231,4.717021115055094e-05,-7.123396104175013e-05,1.3586163641775493e-05,0.5066445430503871,-0.021056786287734754,0.013289086100774198,4.653428579104457,2.3266815811185744,2.3267469979858824,-1.2497046670824554,0.008704269697783566,-0.03137332584582801,-0.006300139144177448,-0.0012517535340455773,-0.010180987338412979,-0.2588190451025207,0.9659258262890683,0.0,1.0,1
2026-04-21T00:00:00+00:00,2026-04-21T01:00:00+00:00,0.003496337273375606,0.0010951108045183942,0.0001249111623198861,0.005615993522657761,0.0035006742039207154,0.001188661205715808,0.0009388700827757353,5640.5103,-0.1281256341384725,0.0035688491211160155,0.0016763372289915412,0.004804349317683835,-0.0018857818213288084,0.000375809508268348,6.842660959445983e-05,4.828724931144179e-05,0.5357261465632189,0.02908160351283186,0.07145229312643792,4.722378317986113,2.805820928492082,1.9165573894940309,-0.4101896084918515,0.008455517729719069,-0.02518173653514041,0.0010951108045183942,0.006153206167072666,0.00013433872256013305,0.0,1.0,0.7818314824680298,0.6234898018587336,0
2026-04-21T01:00:00+00:00,2026-04-21T02:00:00+00:00,-0.0029199720923022126,0.0005661559738098604,-0.001828058980770991,0.006038459544912671,-0.0029199720923022126,0.0020300972718947366,0.0010798389744121357,5266.9132,-0.06623462774281255,0.0005776156250555711,-0.0011996265074371657,0.0018517037640184062,-0.0017762161622839254,6.080534180742066e-05,-4.8961949852347e-05,1.8610434422438506e-05,0.5086644124445634,-0.027061734118655565,0.017328824889126793,4.1817277906939125,3.081002300932448,1.1007254897614644,-0.8158318997325664,0.008305864170000923,-0.020567215025256717,-0.004103755323267503,0.0015140634868449512,-0.001816495041398014,0.25881904510252074,0.9659258262890683,0.7818314824680298,0.6234898018587336,0
2026-04-21T02:00:00+00:00,2026-04-21T03:00:00+00:00,-0.0029458007221961806,-0.005857171158600097,-0.0023813125310628448,0.0040158728783454695,-0.0029458007221961806,0.000242598577332605,0.0008187701984977635,5528.1609,0.04960167181034992,-0.00214466720723666,-0.003980112656578491,-0.0010886228058621945,-0.0018393903294627385,-0.0002257034893014537,-0.00016242719094131875,-1.0940813019486472e-05,0.482274010631745,-0.026390401812818355,-0.03545197873650992,3.1664405936335243,3.0980899594726634,0.06835063416086085,-1.0323748556006036,0.008022223093950363,-0.03699469920831884,-0.00786541966097021,-0.0018679788641649483,-0.0023694355411227872,0.49999999999999994,0.8660254037844387,0.7818314824680298,0.6234898018587336,1
2026-04-21T03:00:00+00:00,2026-04-21T04:00:00+00:00,0.0014209345243767146,-0.0015290519877675685,-0.0044445592909378205,0.0055761760150889305,0.0014209345243767146,0.0005537242280306453,0.0036035334527300886,6345.6065,0.14786935742047597,-0.0006576084785596602,-0.00246449978502759,0.0003274725864054646,-0.0018080803154132622,-6.921715376552444e-05,-0.00010058171026214708,3.2911926048274095e-06,0.4958219345291917,0.013547923897446666,-0.008356130941616585,2.5965552900261173,2.997783025583354,-0.4012277355572369,-0.46957836971809774,0.007836935628846619,-0.021708657396318044,-0.0017705076606843268,0.002241540029049003,-0.004444838290121679,0.7071067811865475,0.7071067811865476,0.7818314824680298,0.6234898018587336,1
2026-04-21T04:00:00+00:00,2026-04-21T05:00:00+00:00,0.001284813247852266,0.0027075734077302302,-0.00024620328616584125,0.0051024155465978615,0.001284813247852266,0.0005530137086912781,0.003266237216958487,3834.0953,-0.3957874160649577,0.0005666727408009654,-0.0011365192876211176,0.0015966341228604796,-0.001702227422543084,5.965332049586358e-05,-4.6386390554887604e-05,1.6046831595683555e-05,0.5083672299871766,0.012545295457984907,0.01673445997435323,2.357396658538619,2.869705752174407,-0.5123090936357881,-0.11108135807855124,0.007632274978617237,-0.024863621631441138,0.0007306844221540294,0.006339102873465736,-0.0002400529499672001,0.8660254037844386,0.5000000000000001,0.7818314824680298,0.6234898018587336,0
2026-04-21T05:00:00+00:00,2026-04-21T06:00:00+00:00,-0.00022466181915586854,0.0010598627802148593,0.002482303300207083,0.0034743979222754554,-0.00022466181915586854,0.002636048174860704,0.0006136374439840076,3741.6506,-0.024111216014896658,0.00030931319658018304,-0.0013076259236014082,0.001357947171328441,-0.0016164391342259065,3.256034399201754e-05,-5.336963820736837e-05,1.3647896527118272e-05,0.5059932707076679,-0.0023739592795087817,0.011986541415335665,2.101675261692435,2.7160996540780125,-0.6144243923855774,-0.10211529874978931,0.007336876321677195,-0.03891984680237606,-0.0007772457003198484,0.00434450491740676,0.002481085953073112,0.9659258262890683,0.25881904510252074,0.7818314824680298,0.6234898018587336,1
2026-04-21T06:00:00+00:00,2026-04-21T07:00:00+00:00,0.001421737458244549,0.0011967562289649492,0.0024831070850746388,0.00821624607311767,0.001421737458244549,0.004181482376497417,0.002615044706044786,5716.0288,0.5276757268570187,0.0015663282741846167,0.00010784990289394398,0.002753861289290486,-0.0014561974879924336,0.00016490384923644185,4.402056230903896e-06,2.7677763919666544e-05,0.5212268766753628,0.015233605967694998,0.04245375335072566,2.1398231671637404,2.6008443566951582,-0.4610211895314178,0.15340320285415965,0.007390016165752225,0.008674877984090548,-0.0014349180631622177,0.0020366246513739807,0.0024818888869409467,1.0,6.123233995736766e-17,0.7818314824680298,0.6234898018587336,1
2026-04-21T07:00:00+00:00,2026-04-21T08:00:00+00:00,0.00048330859253628734,0.0019057331887107367,0.0016806432240698665,0.0057882750767744694,0.00047899127027627327,0.0028035609537283047,0.0025059521755632767,9653.5986,0.6888645837473736,0.0018547560897601023,0.0005680127207888215,0.003206173642245507,-0.0012843611922285433,0.00019527560825086273,2.3184730204498423e-05,3.2223889021402325e-05,0.5265789764525163,0.005352099777153469,0.0531579529050326,2.234670407437079,2.5276095668435423,-0.2929391594064632,0.1680820301249546,0.007272291150244944,-0.015454669129985226,-0.0036827743280119308,0.004536375492307138,0.001680384231624968,0.9659258262890683,-0.25881904510252085,0.7818314824680298,0.6234898018587336,1
2026-04-21T08:00:00+00:00,2026-04-21T09:00:00+00:00,0.0021350194955314767,0.0026193599613351867,0.004044821461753392,0.010652354493141607,0.0021350194955314767,0.00659369983171439,0.0019281837627989733,8919.8273,-0.0760101316000438,0.0036120059140797318,0.002597920607172599,0.005294542323331967,-0.0010104356075169843,0.00038035576435264484,0.00010604882096294702,5.321431224886086e-05,0.5504956197514175,0.02391664329890112,0.10099123950283484,2.6783863887631014,2.557764931227454,0.12062145753564746,0.41356061694211066,0.007499337513265754,0.03342242352425837,-0.0006666724014831017,0.005135060305594443,0.004040065546312313,0.8660254037844387,-0.4999999999999998,0.7818314824680298,0.6234898018587336,1
2026-04-21T09:00:00+00:00,2026-04-21T10:00:00+00:00,0.0009726998446263577,0.003109796073289412,0.003594607656988956,0.003990213657022303,0.0009770080312642491,0.0008427606430779839,0.00217139859568566,5091.0695,-0.4292412477537543,0.004149432712206493,0.0034325430397042648,0.006209592753832636,-0.0007139272792953837,0.00043697325298073337,0.00014012342936347953,6.241186237261976e-05,0.5613904065623838,0.010894786810966365,0.12278081312476757,3.1757890933486124,2.6813697636516856,0.4944193296969268,0.37379787216127935,0.007241918830227705,-0.0333862116852583,-0.005584179583110613,0.005051858254105469,0.0035910279326941217,0.7071067811865476,-0.7071067811865475,0.7818314824680298,0.6234898018587336,1
2026-04-21T10:00:00+00:00,2026-04-21T11:00:00+00:00,0.00234769036286007,0.0033226738055376127,0.005464787274421204,0.0051219355253844905,0.00234338048759525,0.002625313686377921,0.00015871994509143164,7326.5133,0.4390911968496993,0.005883517238385828,0.005560038026302962,0.008485845389324346,-0.00032158714855072453,0.0006197013960243579,0.00022699184120701755,8.529215241549728e-05,0.5874084156252293,0.026018009062845522,0.17481683125045863,3.9648562938832583,2.938067069698,1.0267892241852583,0.5323698944883315,0.0070747410583844135,-0.020791239721207715,0.0015036624922131763,0.005512493691688643,0.005455409703017904,0.49999999999999994,-0.8660254037844387,0.7818314824680298,0.6234898018587336,0
2026-04-21T11:00:00+00:00,2026-04-21T12:00:00+00:00,-0.0045900092229158454,-0.0022530947804738537,-0.0012825865207903911,0.006528906031157789,-0.0045900092229158454,6.0333125040346776e-05,0.001857398349458056,9302.9582,0.26976609733309287,0.0011457451212467794,0.0009074350302186324,0.0038183625449010037,-0.00023803736088324058,0.00012061929686491678,3.7039536375180927e-05,3.837697569966286e-05,0.5220523623900147,-0.0653560532352146,0.04410472478002944,3.684326535967557,3.0873189629519113,0.5970075730156457,-0.42978165116961264,0.007066045503405645,-0.005813466340255712,-0.0071964300230611625,-0.002098626861563782,-0.0012696190154294178,0.258819045102521,-0.9659258262890682,0.7818314824680298,0.6234898018587336,0
2026-04-21T12:00:00+00:00,2026-04-21T13:00:00+00:00,-0.005132625137365535,-0.009699075563563102,-0.007374155626932262,0.013120846942223208,-0.005132625137365535,0.001832326925242802,0.006129415128176289,16334.8429,0.7558762007551535,-0.003613871994398694,-0.004064645481976552,-0.0013206060965304754,-0.0004524084337466048,-0.00038026292345998716,-0.00016587637768610534,-1.3272246925794301e-05,0.4606195138374028,-0.06143284855261193,-0.07876097232519441,2.4724661668201406,2.964348403725557,-0.49188223690541655,-1.0888898099210622,0.007532381899657952,0.06052543864368776,-0.009758545697875425,-0.003281321509062453,-0.007374943997421311,1.2246467991473532e-16,-1.0,0.7818314824680298,0.6234898018587336,1
2026-04-21T13:00:00+00:00,2026-04-21T14:00:00+00:00,0.001832326925242802,-0.003309702859359106,-0.007884520515625382,0.007078092503794105,0.001832326925242802,0.001988956965024585,0.0032601598948446943,9222.5973,-0.4354033671177823,-0.0016181408299916983,-0.0021521213722826707,0.0005042308192220715,-0.0005348459984388039,-0.00017030160610616437,-8.783397318016463e-05,5.067672105485172e-06,0.48385089630328737,0.023231382465884565,-0.03229820739342529,1.8322625594614692,2.7379312348727396,-0.9056686754112704,-0.41378643850585384,0.007487140152849263,-0.004184978766807825,-0.005123285785570425,0.008010843840846636,-0.007890307435038577,-0.25881904510252035,-0.9659258262890684,0.7818314824680298,0.6234898018587336,0
2026-04-21T14:00:00+00:00,2026-04-21T15:00:00+00:00,-0.005802565754484913,-0.003980871026709546,-0.00909306384537478,0.01413442929523561,-0.005802565754484913,0.006406158262117563,0.0018918389979776498,13991.7538,0.517116420121694,-0.006710213816602957,-0.007633117906589653,-0.0052487887720279874,-0.0009291388100675534,-0.0007058397348487003,-0.00031145879611743746,-5.274886336057283e-05,0.4217831617293664,-0.06206773457392096,-0.1564336765412672,0.23925674105248618,2.2381963361086887,-1.9989395950562026,-1.0932709196449322,0.008002523405899414,0.0626338061278518,-0.007776056477817518,-0.0007170795306388922,-0.009102863966607646,-0.5000000000000001,-0.8660254037844386,0.7818314824680298,0.6234898018587336,1
2026-04-21T15:00:00+00:00,2026-04-21T16:00:00+00:00,0.004736121077695815,-0.0010939263307636299,0.000736396163809082,0.008817265738624512,0.004736121077695815,0.00020777062123416537,0.0038956991481404533,12568.8512,-0.10169580027916165,-0.0018151843530958753,-0.0028184469729572877,-0.0005321809165316462,-0.0010050870381265189,-0.00019103553561906602,-0.00011502541958813793,-5.348523318141842e-06,0.48006864484408046,0.058285483114714084,-0.039862710311839036,-0.1428333644362283,1.7619903959997054,-1.9048237604359337,0.09411583462026885,0.008025691471560547,0.007644927618402685,-0.007415682062298697,0.0066405228758168984,0.0007658822484537045,-0.7071067811865475,-0.7071067811865477,0.7818314824680298,0.6234898018587336,0
2026-04-21T16:00:00+00:00,2026-04-21T17:00:00+00:00,-0.0012076667359235248,0.003522734685889451,-0.0023002719682459405,0.007896162430388438,-0.0012119900443675715,0.006275325575852139,0.00040737610782448153,12280.4691,-0.02294418920322638,-0.00273376360042178,-0.00386556643827961,-0.0017219292322058764,-0.001134905400932822,-0.00028768180488150587,-0.0001577533319304345,-1.7305521943018314e-05,0.46707830920706805,-0.012990335637012436,-0.0658433815858639,-0.6631280811075158,1.2769667005782612,-1.940094781685777,-0.03527102124984327,0.008025450328543082,-0.0012376768351055295,-0.0014151433319484759,0.007466107800117847,-0.0022741114127126224,-0.8660254037844384,-0.5000000000000004,0.7818314824680298,0.6234898018587336,0
2026-04-21T17:00:00+00:00,2026-04-21T18:00:00+00:00,-0.0005373897592579609,-0.0017444075074450039,0.0029834518450867105,0.015358531963698047,-0.0005330582810387348,0.005277056295827385,0.009548133084151046,18658.5883,0.5193709741918572,-0.0029592072545714535,-0.004229025256081524,-0.0022359723116051546,-0.001273586808834099,-0.0003113985012491479,-0.00017258348555758958,-2.2471578550565415e-05,0.4611063029399146,-0.005972006267153418,-0.07778739412017074,-1.162126755637928,0.7891480093350234,-1.9512747649729514,-0.0111799832871744,0.008553248765220784,0.06519285360499748,-0.007966516541705911,-0.00013006663747401132,0.0029910645825143296,-0.9659258262890683,-0.25881904510252063,0.7818314824680298,0.6234898018587336,1
2026-04-21T18:00:00+00:00,2026-04-21T19:00:00+00:00,0.002822813187003683,0.002283906476846728,0.001073481543043155,0.0056383825106368106,0.002827161564478355,0.0002637586910651213,0.002555432564253284,7991.7076,-0.5716874464720356,-0.00013096369966904462,-0.0013626118789250388,0.0005747494138979437,-0.0012318095015856091,-1.3785462555185258e-05,-5.561371832706495e-05,5.77640938570145e-06,0.4974363230841609,0.036330020144246265,-0.0051273538316782205,-1.0205202840520542,0.4272143506576078,-1.447734634709662,0.5035401302632894,0.008322687505031729,-0.02420926525491937,-0.0029703269084028466,0.012490204405062514,0.0010777566918221972,-1.0,-1.8369701987210297e-16,0.7818314824680298,0.6234898018587336,0
2026-04-21T19:00:00+00:00,2026-04-21T20:00:00+00:00,-0.006187519457608334,-0.00338217248212443,-0.003917744696526453,0.01944822725275291,-0.006187519457608334,0.008388407638323972,0.004833776393245623,23355.8438,1.9225098025358185,-0.005719430976529843,-0.007248090846226971,-0.005560753229208619,-0.0015374532273103722,-0.0006016831254131359,-0.0002957529470204285,-5.5883843949215586e-05,0.4289760116788208,-0.06846031140534009,-0.1420479766423584,-2.0394836435330035,-0.06612524818051452,-1.973358395352489,-0.5256237606428269,0.009165485083982919,0.09445097646407798,-0.0064495770166816116,-0.0008172882549592048,-0.003902096029862612,-0.9659258262890684,0.2588190451025203,0.7818314824680298,0.6234898018587336,1
2026-04-21T20:00:00+00:00,2026-04-21T21:00:00+00:00,0.007026596647247485,0.0007955999861635415,0.003620659003299747,0.01289229918429427,0.007022215260918315,0.004890778376883799,0.001028273192313057,19563.429,-0.162375413728362,0.001146174706308236,-0.0002617431272769467,0.0014125534755318023,-0.0014063059612630525,0.00012066452725646746,-1.0683278816389814e-05,1.4196718885932729e-05,0.5108039959355866,0.0818279842567658,0.021607991871173196,-1.526255692772338,-0.35815133709887925,-1.1681043556734587,0.8052540396790302,0.009372301351765824,0.029749832828239703,-0.007478559176672408,0.011917981900056732,0.0036618903766428342,-0.8660254037844386,0.5000000000000001,0.7818314824680298,0.6234898018587336,0
2026-04-21T21:00:00+00:00,2026-04-21T22:00:00+00:00,-0.0008640951195907645,0.006156429879786501,-6.918260749241347e-05,0.003714498218424666,-0.000859778358644331,0.0014918531843497328,0.0013621268204933455,4222.5347,-0.7841618307301854,0.00025431197635777524,-0.0010815181658696273,0.0005417896732558406,-0.001335490510996144,2.67703983568629e-05,-4.4141650035602456e-05,5.445151993709612e-06,0.5012249483212016,-0.00957904761438506,0.0024498966424030756,-1.266304954224779,-0.5397820605240592,-0.7265228937007199,0.44158146197273884,0.008975699151517321,-0.04314394543065567,-0.005726864670576368,0.007194996602846632,-2.5017929951613553e-05,-0.7071067811865477,0.7071067811865474,0.7818314824680298,0.6234898018587336,0
2026-04-21T22:00:00+00:00,2026-04-21T23:00:00+00:00,-0.0005232296675545873,-0.0013868726669431929,0.00562997898547259,0.006429143141454184,-0.0005232296675545873,0.001817119865014071,0.004088519696281315,5248.7593,0.24303520821273525,-0.00024343311106234415,-0.0015413698210971773,1.809466600724723e-05,-0.0012982527477401608,-2.5623881406480976e-05,-6.290909611888523e-05,1.8185597276085665e-07,0.49517479150546867,-0.006050156815732848,-0.00965041698906262,-1.1447332365110015,-0.6607722957214477,-0.48396094078955376,0.2425619529111661,0.008798165474964469,-0.020292250740001523,-0.002868852459016433,0.0008400413958543761,0.005639271860102133,-0.5000000000000004,0.8660254037844384,0.7818314824680298,0.6234898018587336,1
2026-04-21T23:00:00+00:00,2026-04-22T00:00:00+00:00,0.006831505397278631,0.006304701283426128,0.005435158302225878,0.007971157730089178,0.006831505397278631,0.0010012289763400256,0.00018477616301547665,6839.6675,0.30310176349675627,0.005955396514421135,0.005071512316193752,0.006781105046518363,-0.0008786514802644252,0.0006272770734860382,0.00020704336078148448,6.815645449845339e-05,0.568390805656779,0.07321601415131035,0.13678161131355807,0.22316179288327476,-0.4839854780005032,0.7071472708837779,1.1911082116733316,0.008683660661869085,-0.0062720277963300404,0.004480395034444506,0.010964855119683644,0.005444180610133279,-0.2588190451025207,0.9659258262890683,0.7818314824680298,0.6234898018587336,0
2026-04-22T00:00:00+00:00,2026-04-22T01:00:00+00:00,-0.0006703507309401006,0.006156575161702043,0.0056301241913723245,0.003526002115601387,-0.0006746449519799599,0.0015781009468605995,0.0012728007636804738,5576.6357,-0.1846627485912144,0.004775694124253429,0.0042245720675667614,0.006045083013423691,-0.0005485025761565793,0.0005029574837213674,0.00017246125071624483,6.075829449607383e-05,0.5597532898424658,-0.008637515814313303,0.11950657968493146,1.1678868239710027,-0.15361101760620194,1.3214978415772047,0.6143505706934268,0.008320665411412163,-0.042444428559468665,-0.001669907747255759,0.006343793813719148,0.0056379249987839435,0.0,1.0,0.9749279121818236,-0.22252093395631434,0
2026-04-22T01:00:00+00:00,2026-04-22T02:00:00+00:00,-0.0013803008281805126,-0.0020497262734515253,0.004767776407727078,0.006794782915728416,-0.0013760067424331552,0.0013606789615779806,0.0040562012082485015,6606.1381,0.18460994323154375,0.0030650691813032893,0.0027268251575401953,0.004609891845402821,-0.00033721045040394776,0.00032274299062075014,0.00011131137486517996,4.6332717931938525e-05,0.5415177093467285,-0.018235580495737196,0.08303541869345707,1.638678380248166,0.20484686196467167,1.4338315182834942,0.11233367670628946,0.008222353208057004,-0.013179417615738528,-0.0036253335735922433,-0.00010763706503862019,0.004780853838158018,0.25881904510252074,0.9659258262890683,0.9749279121818236,-0.22252093395631434,1
2026-04-22T02:00:00+00:00,2026-04-22T03:00:00+00:00,0.020655623350284518,0.019246811548087023,0.018563558702957398,0.023207641097901657,0.020655623350284518,0.002062995182125717,0.0009070428714868293,35435.1615,4.363975285348637,0.02147022712213921,0.02249892493923304,0.02510205536573864,0.0010070756736513546,0.002265143185346607,0.0009191675600478109,0.00025234562572464876,0.6992160124270917,0.1576983030803632,0.39843202485418344,5.81552443282726,1.3269823761371895,4.48854205669007,3.0547105384065762,0.009138215959896641,0.13434332858851356,0.01786810836808051,0.024812468924966097,0.018604971791163907,0.49999999999999994,0.8660254037844387,0.9749279121818236,-0.22252093395631434,0
2026-04-22T03:00:00+00:00,2026-04-22T04:00:00+00:00,-0.0028350363239030073,0.017762027583890595,0.016357209814325875,0.008956600468772507,-0.002839243149745826,0.003938873422969828,0.0021703996412283317,19156.4486,-0.45939434761712605,0.016775663020662007,0.018817008496581696,0.021970147335592955,0.0020076655551089896,0.0017689830404250457,0.0007686315037598542,0.00022085426669715252,0.6647231303266358,-0.034492882100455945,0.32944626065327154,8.4856400075505,2.758713902419852,5.726926105130649,1.2383840484405786,0.0091493684819701,-0.0016180696515151326,-0.004887947693486579,0.01870512279008029,0.016440286198201,0.7071067811865475,0.7071067811865476,0.9749279121818236,-0.22252093395631434,1
2026-04-22T04:00:00+00:00,2026-04-22T05:00:00+00:00,8.0385171897367e-05,-0.0027548790468878725,0.017843840559428538,0.0047085002601732415,7.61540511839147e-05,0.0024240526945905204,0.0022082993133967005,8422.8355,-0.5603133088040129,0.015227483142229872,0.018144325328675426,0.021828083079201473,0.002873092223052944,0.0016054663530584953,0.0007411335794879926,0.0002194258565329051,0.6652259808149875,0.0005028504883517826,0.33045196162997514,10.49606514435618,4.306184150807118,6.189880993549062,0.46295488841841337,0.008831480724145835,-0.03466663719503515,-0.006660615382029327,0.0022556805413633993,0.017900972198278877,0.8660254037844386,0.5000000000000001,0.9749279121818236,-0.22252093395631434,1
2026-04-22T05:00:00+00:00,2026-04-22T06:00:00+00:00,0.013960512900783059,0.014042020290909731,0.01116717432942101,0.0216871591824133,0.013956223401104898,0.007101105219020274,0.0008219258097221953,55731.406,5.61670360296126,0.026526249363429615,0.031049795023028175,0.0357213607479735,0.004406653665606414,0.0028000551921777976,0.0012689467575405181,0.00035913758423304295,0.7385661785640787,0.07334019774909109,0.4771323571281573,14.58404990801455,6.361757302248604,8.222292605765945,2.032411612216883,0.009636834311828197,0.10642481898257816,0.011508562843421078,0.01628215619845578,0.011205861748777418,0.9659258262890683,0.25881904510252074,0.9749279121818236,-0.22252093395631434,0
2026-04-22T06:00:00+00:00,2026-04-22T07:00:00+00:00,-0.0014352410078396097,0.01250523519233777,0.012586625599715691,0.0031837952343348047,-0.0014352410078396097,0.00010445522422358432,0.0016420361247946771,12010.9363,-0.7844853169503744,0.0226129883601626,0.028377475889556067,0.03388266372538022,0.00563701771345312,0.0023859939804495066,0.001159607453964215,0.00034064528336640325,0.7208382760165248,-0.017727902547553784,0.44167655203304973,17.346271020191125,8.558660045837108,8.787610974354017,0.5653183685880716,0.00918876464716303,-0.047864033101826436,-0.008476156150184577,0.013345470711518505,0.012605657064840816,1.0,6.123233995736766e-17,0.9749279121818236,-0.22252093395631434,0
2026-04-22T07:00:00+00:00,2026-04-22T08:00:00+00:00,-0.0014205910494407847,-0.002853793166750867,0.011066879317711598,0.005979154550057099,-0.0014247633054509977,0.0017740808462029993,0.002778277551601013,13184.7681,0.09773024938946683,0.019106504704991634,0.0258337513427922,0.032081065506164116,0.006601122264201376,0.002015264143033948,0.001055551845171083,0.00032252675887681545,0.7028804176667962,-0.01795785834972861,0.40576083533359253,19.04150099673734,10.655228236017155,8.386272760720185,-0.4013382136338315,0.008971645112298109,-0.025015829922380415,-0.002957789959366952,0.00022180929422782966,0.011104680843502664,0.9659258262890683,-0.25881904510252085,0.9749279121818236,-0.22252093395631434,0
2026-04-22T08:00:00+00:00,2026-04-22T09:00:00+00:00,-0.0007322267643526907,-0.002151777619005875,-0.003583930307366936,0.004568255855825617,-0.0007364078360489286,0.0016455770406410785,0.0021857282829889206,13789.8585,0.04589313937193942,0.016582692346715024,0.024075295487872305,0.031003989332131617,0.007370382358036308,0.0017485988234781267,0.000983631702520947,0.00031169500623893403,0.6933065847859123,-0.009573832880883941,0.3866131695718246,20.013074328826406,12.526797454579006,7.4862768742474,-0.8999958864727855,0.00866322182263384,-0.035084616991464646,-0.003920554549928718,0.0020517511213301864,-0.0035880588216330852,0.8660254037844387,-0.4999999999999998,0.9749279121818236,-0.22252093395631434,0
2026-04-22T09:00:00+00:00,2026-04-22T10:00:00+00:00,-0.00029729254423779285,-0.0010293016230327502,-0.00244843045580068,0.0038827062504450164,-0.00029729254423779285,0.002534020799912956,0.00105130449715403,7492.288,-0.4566812995216739,0.014707145212963825,0.02281738537773959,0.030382751638201935,0.007992690504878242,0.0015505209420646547,0.0009321900210895759,0.0003054475575425073,0.689204942658769,-0.0041016421271433505,0.37840988531753794,20.489571106630592,14.119352184989323,6.3702189216412695,-1.1160579526061305,0.008324148681987798,-0.03942503781837656,-0.0026734505474306203,0.0018925723877466296,-0.002450110358031268,0.7071067811865476,-0.7071067811865475,0.9749279121818236,-0.22252093395631434,1
2026-04-22T10:00:00+00:00,2026-04-22T11:00:00+00:00,0.0011266968515313443,0.0008290693487199749,9.623551760064696e-05,0.00356873901765532,0.0011225036858329297,0.001455945109195891,0.0009915488243661163,7644.1127,0.020264130263011798,0.014319233671090824,0.023008171229072928,0.031220014224438177,0.008566275063654795,0.0015095631008287817,0.0009399917845308699,0.0003138674690581416,0.6965302600606285,0.007325317401859479,0.3930605201212569,20.843982301700635,15.464278208331585,5.37970409336905,-0.9905148282722198,0.007975777485940349,-0.0407711257488592,-0.001699891825065746,0.0021802935010481416,9.717754294086072e-05,0.49999999999999994,-0.8660254037844387,0.9749279121818236,-0.22252093395631434,1
2026-04-22T11:00:00+00:00,2026-04-22T12:00:00+00:00,0.0034474102585558687,0.004577991296371465,0.004279337749453675,0.005949700638748512,0.0034432121027022805,0.0009756341622054942,0.0015426694017777465,12475.1132,0.6319897010414303,0.016091941311166008,0.025467814367547203,0.034417123228028305,0.009227386494456945,0.0016967626859714319,0.001040584317378536,0.0003460204246797133,0.7184234218099852,0.021893161749356693,0.4368468436199703,21.541438567904606,16.67971028024619,4.861728287658416,-0.5179758057106341,0.00780561363426793,-0.01796122063433294,0.001988569900738703,0.005571976605244938,0.00427681456584942,0.258819045102521,-0.9659258262890682,0.9749279121818236,-0.22252093395631434,1
2026-04-22T12:00:00+00:00,2026-04-22T13:00:00+00:00,0.0027017561414919775,0.006158480461886141,0.0072921160539641105,0.004519900869883549,0.0027017561414919775,0.000877368062139334,0.0009480564842074581,14367.4269,0.15168709651468337,0.017012636435269655,0.02710097966429474,0.036827962528630326,0.009919584936904752,0.0017940165670403952,0.0011073873856045683,0.0003702673238166713,0.7346365450418741,0.016213123231889028,0.46927309008374835,22.35931526002514,17.81563127620198,4.543683983823161,-0.3180443038352543,0.007551390112907136,-0.029955557333754042,0.001724439557143875,0.007714193529463465,0.007275863251579191,1.2246467991473532e-16,-1.0,0.9749279121818236,-0.22252093395631434,1
2026-04-22T13:00:00+00:00,2026-04-22T14:00:00+00:00,0.005189361808293007,0.007905138339920964,0.011379800853485179,0.008988996442458846,0.005193541546253389,0.002316538429717841,0.0015057499793165684,28321.2416,0.9712118110724475,0.02012467652137012,0.03111959719313078,0.041770910368719334,0.01077801657465379,0.0021228840923178437,0.001271803069075565,0.00041998445730497886,0.7629465939325999,0.028310048890725737,0.5258931878651998,23.740850386216152,19.000675098204816,4.740175288011336,0.19649130418817506,0.007617876302589684,0.014039548274204073,0.004308213856910753,0.008864182692307791,0.011338528208340854,-0.25881904510252035,-0.9659258262890684,0.9749279121818236,-0.22252093395631434,0
2026-04-22T14:00:00+00:00,2026-04-22T15:00:00+00:00,-0.005886489616943831,-0.0007276749330539062,0.001972115208218683,0.013419774714231619,-0.005886489616943831,0.002642343238306033,0.004856085919847565,26739.8227,-0.05583861478728392,0.012757831751889128,0.024043952918073885,0.03527141673749794,0.01114394854558843,0.001344735543337083,0.0009823498976637272,0.0003546123056876532,0.6745764288151467,-0.08837016511745319,0.34915285763029347,23.417542004899133,19.88404847954368,3.5334935253554534,-1.206681762655883,0.008074183690127263,0.053660465573769356,-0.008184069335534432,0.0007912479646187604,0.0020046283328411536,-0.5000000000000001,-0.8660254037844386,0.9749279121818236,-0.22252093395631434,1
2026-04-22T15:00:00+00:00,2026-04-22T16:00:00+00:00,0.0002746372499656098,-0.00561346901629857,-0.0004532375297307792,0.0095639042694366,0.0002746372499656098,0.004184988123120165,0.0051043543012608975,29310.3346,0.09613047658689217,0.011779826656035232,0.023348991091568565,0.03518950272617649,0.011434468380111699,0.0012415212169222345,0.0009539291581627233,0.00035378846599365616,0.676448312744196,0.0018718839290492895,0.352896625488392,22.950020714637958,20.497242926562535,2.452777788075423,-1.0807157372800305,0.0081785337875046,0.013202105809882512,-0.008218669417225403,0.005155759983274066,-0.00042249055868521374,-0.7071067811865475,-0.7071067811865477,0.9749279121818236,-0.22252093395631434,0
2026-04-22T16:00:00+00:00,2026-04-22T17:00:00+00:00,-0.007359089453081147,-0.007086473283205183,-0.012931248448746676,0.012396590309034646,-0.007363218849840369,0.004153151114351989,0.0008256011801486082,19934.1991,-0.3198917933881245,0.0039196639840611966,0.015188336106609215,0.027289621072103917,0.011224675167560942,0.0004127665147476514,0.0006203166401726874,0.00027434279178828653,0.5801271568181011,-0.09632115592609487,0.1602543136362023,20.911022316688104,20.57999880458765,0.33102351210045455,-2.1217542759749684,0.008536125391020742,0.036042339720020154,-0.011495967090463941,-0.001990882094608816,-0.012970941820059367,-0.8660254037844384,-0.5000000000000004,0.9749279121818236,-0.22252093395631434,1
2026-04-22T17:00:00+00:00,2026-04-22T18:00:00+00:00,0.005477465697737838,-0.001921932915389146,-0.0016478234997940372,0.006814743186298785,0.005473251891121658,0.0013712847145518582,0.0,11859.3039,-0.4050774831480438,0.00851395293351185,0.01991910140466368,0.032578366398445927,0.011308865324051431,0.0008970094768398101,0.0008136860938971376,0.00032752800729512484,0.6228564925803234,0.04272933576222222,0.2457129851606467,20.117835283345812,20.487566100339283,-0.36973081699347077,-0.7007543290939253,0.008370287157823175,-0.014056760756653656,-0.006023821853961663,0.00630827499716881,-0.0016069865053776997,-0.9659258262890683,-0.25881904510252063,0.9749279121818236,-0.22252093395631434,0
2026-04-22T18:00:00+00:00,2026-04-22T19:00:00+00:00,-0.0009586488885925708,0.004513565842741827,-0.0028787393451284297,0.004005156639172897,-0.0009586488885925708,0.002286276914861225,0.0007593109461764143,7000.2611,-0.40972411542637005,0.0068234621731733305,0.018185050949082827,0.03126434619892886,0.0112845888110177,0.0007187754431811557,0.0007427983173195884,0.0003143132964687455,0.6110712869370807,-0.011785205643242733,0.22214257387416125,19.083653587327717,20.20678359773697,-1.1231300104092519,-0.7533991934157811,0.00806595028226735,-0.037282984913807986,-0.0023267429760666578,0.0045093560756866765,-0.00284027264393588,-1.0,-1.8369701987210297e-16,0.9749279121818236,-0.22252093395631434,1
2026-04-22T19:00:00+00:00,2026-04-22T20:00:00+00:00,0.00036713935859089797,-0.0005918614877397446,0.004882362309001187,0.007531935657417849,0.0003629658061178057,0.0039411291230674154,0.003227972424607758,11527.4479,0.6467168488901078,0.006503593575597496,0.017818100069315543,0.03131824784876835,0.011241397016302083,0.0006850577803134016,0.0007277986962986053,0.00031485536248289424,0.6140800357683477,0.0030087488312670984,0.22816007153669546,18.126119169223784,19.79065071203433,-1.664531542810547,-0.5414015324012951,0.008025057585285456,-0.0047045148010398125,-0.0028693927283766686,0.0011273062807659912,0.0048859561677361656,-0.9659258262890684,0.2588190451025203,0.9749279121818236,-0.22252093395631434,0
2026-04-22T20:00:00+00:00,2026-04-22T21:00:00+00:00,-0.00244808761401119,-0.0020818470447366744,-0.0030385001729735885,0.004820395330947607,-0.0024522478939027893,0.0018980567911970148,0.00046406234322223454,8758.4624,-0.24020802557693616,0.003653456685940399,0.014716512058920113,0.028498823046887167,0.011022784108680178,0.00038472234235302385,0.0006010349876556685,0.00028650239223992934,0.5817509698700728,-0.03232906589827493,0.1635019397401456,16.70108657191531,19.172737884010527,-2.471651312095215,-0.8071197692846681,0.007814440663223364,-0.028628748768284785,-0.006364134859839364,0.0011468369900971198,-0.0030395971440128626,-0.8660254037844386,0.5000000000000001,0.9749279121818236,-0.22252093395631434,1
2026-04-22T21:00:00+00:00,2026-04-22T22:00:00+00:00,0.004444128566172827,0.0019851613360637164,0.0023530295255142363,0.00592287361345238,0.0044483279053143,0.0014817589644335997,1.2486732846244757e-05,7026.7345,-0.19772053825338118,0.007335408361550213,0.01845816347571602,0.03272978349912753,0.011041759300665477,0.0007727449222224591,0.000753962458695247,0.00032905078653396714,0.620694650301725,0.03894368043165215,0.2413893006034499,16.242259476338404,18.586642202476103,-2.344382726137699,0.12726858595751622,0.0076472236298130835,-0.017049433755653966,8.741477059868144e-05,0.004910469673458049,0.002363180310752535,-0.7071067811865477,0.7071067811865474,0.9749279121818236,-0.22252093395631434,0
2026-04-22T22:00:00+00:00,2026-04-22T23:00:00+00:00,-0.0010239120934007768,0.003415666075788518,0.0009592166119635923,0.004703990267031637,-0.0010239120934007768,0.0011791224495747773,0.002499906253515493,5897.7986,-0.1606629509055735,0.005700183613921807,0.016720977196624534,0.031347332089664774,0.010958329094760811,0.0006003795671255431,0.0006829549743337937,0.0003151478505929494,0.6066178559541224,-0.014076794347602473,0.21323571190824495,15.501443267822651,17.969602415545413,-2.468159147722762,-0.12377642158506319,0.007444270920599302,-0.027536135783318542,-0.0025019637506182102,0.0034324464438015437,0.0009721288587608602,-0.5000000000000004,0.8660254037844384,0.9749279121818236,-0.22252093395631434,0
2026-04-22T23:00:00+00:00,2026-04-23T00:00:00+00:00,-0.01084126011941218,-0.011854071715468987,-0.007462624168032337,0.0111749021722191,-0.010837138762041168,0.00016848702860492357,5.054610858161116e-05,11438.3904,0.9394338762262923,-0.004709695609495824,0.00547374914540783,0.019961562943184467,0.010231632630179987,-0.0004955117789311725,0.0002234682593713991,0.0002006589789951492,0.48207991754130974,-0.12453793841281274,-0.03584016491738055,12.668707568640002,16.909423446164332,-4.24071587752433,-1.7725567298015683,0.007786506551427823,0.034633356393513594,-0.013016654333203046,-0.008362258728786294,-0.00742104364664013,-0.2588190451025207,0.9659258262890683,0.9749279121818236,-0.22252093395631434,0
2026-04-23T00:00:00+00:00,2026-04-23T01:00:00+00:00,-0.00046755150437861024,-0.0113037427763126,-0.012316080830784018,0.0165194524981457,-0.00047176169295048645,0.0033376036679927485,0.012709864473063118,36491.312,2.1902488657844725,-0.004684492457280968,0.00480647413668168,0.01928706165789937,0.009535636209863127,-0.0004928614370102405,0.0001962211129953303,0.0001938773968161852,0.47757560017529566,-0.004504317366014092,-0.04484879964940873,10.216408002971093,15.570820357525685,-5.354412354554592,-1.1136964770302615,0.00841367053659104,0.08003976580899504,-0.011464373791908277,-0.0004170264748624789,-0.012332723717191567,0.0,1.0,0.43388373911755823,-0.900968867902419,0
2026-04-23T01:00:00+00:00,2026-04-23T02:00:00+00:00,-0.002600128110039812,-0.0030664639206089963,-0.013874479707011063,0.00517578661393702,-0.002600128110039812,4.225131929644595e-06,0.0025646550813549847,7971.3587,-0.7815546149724625,-0.00658438736081142,0.002107633973896482,0.016468518369305685,0.008749632303055891,-0.0006926133606476916,8.60332775737202e-05,0.00016554014643468273,0.4522789405471752,-0.025296659628120395,-0.09544211890564952,7.686470645219288,13.993950415064406,-6.307479769845118,-0.9530674152905263,0.008202760075720943,-0.027602541234873143,-0.006385390428211602,0.010239883899607213,-0.013908939733830603,0.25881904510252074,0.9659258262890683,0.43388373911755823,-0.900968867902419,0
2026-04-23T02:00:00+00:00,2026-04-23T03:00:00+00:00,-0.006265870651811072,-0.008849706695435236,-0.009313120506135086,0.009570740998996675,-0.006265870651811072,2.976241092542548e-05,0.003235599244885171,16562.4079,1.0777396330188977,-0.011603251089554612,-0.004008512582573727,0.009997961274723244,0.007683896689616706,-0.0012199048660092916,-0.00016358599371680792,0.0001004921205130193,0.39774504792042925,-0.05453389262674598,-0.2045099041591415,4.433710941621939,12.081902520375913,-7.648191578753973,-1.3407118089088552,0.008348500118897876,0.011389998053438995,-0.00885388352992232,-0.0037107323189534396,-0.009333550266229495,0.49999999999999994,0.8660254037844387,0.43388373911755823,-0.900968867902419,0
2026-04-23T03:00:00+00:00,2026-04-23T04:00:00+00:00,-0.004740726883110296,-0.010976892753476235,-0.013548479536106842,0.00937282393701328,-0.004740726883110296,0.000632259773326335,0.003977255736262211,15181.0367,-0.08340400794017384,-0.01476053811268375,-0.008390746672834093,0.0051577302433380885,0.0064652215895288434,-0.001551330488408956,-0.00034236220401265955,5.183917201817561e-05,0.36236749672523866,-0.03537755119519062,-0.27526500654952274,0.9452671745116277,9.854575451203056,-8.909308276691428,-1.2611166979374548,0.008458592123952202,0.008383796967386255,-0.01100614316013629,-0.0015100134365602252,-0.01360672564496118,0.7071067811865475,0.7071067811865476,0.43388373911755823,-0.900968867902419,1
2026-04-23T04:00:00+00:00,2026-04-23T05:00:00+00:00,0.0030032339233001396,-0.0017517304716066135,-0.008006625006865763,0.004915156058334453,0.0029989490862176423,0.0003492571895869007,0.0015759165871610812,6876.0742,-0.5470616179987234,-0.010689683270210254,-0.005201553002403929,0.008094437740204475,0.005547430543277452,-0.0011239650988732583,-0.00021226322057196358,8.135775161266603e-05,0.3986829639474852,0.03631546722224655,-0.20263407210502962,-1.2378185937318449,7.636096642216076,-8.873915235947921,0.03539304074350724,0.008181971556399898,-0.02979788945029292,-0.0023794955469440093,0.0070083637143470495,-0.008003363611621229,0.8660254037844386,0.5000000000000001,0.43388373911755823,-0.900968867902419,1
2026-04-23T05:00:00+00:00,2026-04-23T06:00:00+00:00,0.00039610876379984845,0.0034005322943767486,-0.0013563155835983837,0.005287874078773176,0.00039610876379984845,0.0016348982659009379,0.00325702388909944,9395.0987,0.3663463230225178,-0.009326211713280002,-0.004619846004105082,0.008408527182399103,0.004750671477151072,-0.0009807436936796993,-0.0001885295929151038,8.451495305208916e-05,0.40352276344485516,0.004839799497369981,-0.19295447311028965,-2.859919197412637,5.536893474290333,-8.396812671702971,0.4771025642449498,0.007972242045432692,-0.025247171125191332,4.683521667679755e-05,0.004984767577189058,-0.0013413841960103075,0.9659258262890683,0.25881904510252074,0.43388373911755823,-0.900968867902419,1
2026-04-23T06:00:00+00:00,2026-04-23T07:00:00+00:00,0.0024097719231767497,0.0028068352187541274,0.005818498724800343,0.004315269513215451,0.0024097719231767497,0.0019112906308533276,0.0,11877.4383,0.2642164472417942,-0.00628221649282873,-0.0021342866143906005,0.010729558208769327,0.004174152810065108,-0.0006608489364989285,-8.710615122040599e-05,0.00010784638545558882,0.43341164554229067,0.0298888820974355,-0.13317670891541866,-3.6466940954824167,3.700175960335783,-7.3468700558182,1.0499426158847713,0.007693233556003611,-0.032672057587188545,0.0007736088854505035,0.006084976006221624,0.005809114610276738,1.0,6.123233995736766e-17,0.43388373911755823,-0.900968867902419,0
2026-04-23T07:00:00+00:00,2026-04-23T08:00:00+00:00,-0.004247312513007395,-0.0018477756442734476,-0.0014523988005998318,0.007187248073092355,-0.004251541767893944,0.0010279684187627077,0.0018895851017090878,11195.0451,-0.05745289369341539,-0.009512090045519686,-0.006124161293460119,0.006372219283982092,0.0034204645185575916,-0.0010002710922968846,-0.000249903299810035,6.404650655654178e-05,0.39568615430004783,-0.03772549124224284,-0.20862769139990434,-5.019276205418009,1.9562855271850244,-6.975561732603033,0.3713083232151666,0.007687562753797617,-0.004981297318709636,-0.006146854718028937,-0.0018477756442734476,-0.0014414318260307967,0.9659258262890683,-0.25881904510252085,0.43388373911755823,-0.900968867902419,0
2026-04-23T08:00:00+00:00,2026-04-23T09:00:00+00:00,-0.0019237085346970324,-0.006162850456373629,-0.003767929597193386,0.004273650381209614,-0.0019237085346970324,0.00024359807172901794,0.002102635987555161,17537.3805,0.566530580569077,-0.010341364132796122,-0.007723381944682316,0.004391916773994387,0.0026453385978082804,-0.0010873809610868939,-0.00031514073438472577,4.4141815489233754e-05,0.3796365769080369,-0.016049577392010902,-0.24072684618392615,-6.397233400319692,0.2855817416840811,-6.682815142003773,0.29274659059926034,0.00745747063725972,-0.03179656859767364,-0.007183316715106959,-3.4188034188003094e-05,-0.003761249124527678,0.8660254037844387,-0.4999999999999998,0.43388373911755823,-0.900968867902419,0
2026-04-23T09:00:00+00:00,2026-04-23T10:00:00+00:00,-0.010115730452323187,-0.012019979270014391,-0.016216239174662164,0.011367512142471637,-0.010111500014957779,0.0,0.0011527253103076408,27426.2566,0.5638741829203057,-0.01844991436698238,-0.01707636938978625,-0.00571117348578931,0.001399363106682741,-0.0019383318221945262,-0.0006965092057675818,-5.739543407555255e-05,0.3088346380683207,-0.07080193883971625,-0.38233072386335865,-9.292131676663757,-1.6299609419854868,-7.662170734678271,-0.9793555926744979,0.007807832889244563,0.03639039726211806,-0.012260127931769723,-0.008029978586723769,-0.016286751500027615,0.7071067811865476,-0.7071067811865475,0.43388373911755823,-0.900968867902419,0
2026-04-23T10:00:00+00:00,2026-04-23T11:00:00+00:00,-0.0009325418240690144,-0.011038838934664402,-0.012941311960689674,0.005859754806424964,-0.0009282285082718701,0.0012661564589105396,0.0036645074305666665,19663.9824,-0.28302346591477595,-0.017553315014699426,-0.017299586175009332,-0.006572769931116693,0.0002582621973973975,-0.0018443096070718352,-0.0007056073249096977,-6.605362588769389e-05,0.30327616434307925,-0.005558473725241413,-0.39344767131384145,-11.626628825631997,-3.6292945187147887,-7.9973343069172085,-0.33516357223893767,0.007675451815562961,-0.017871636790595096,-0.01103461244235877,0.00022043759022822565,-0.012971980811089235,0.49999999999999994,-0.8660254037844387,0.43388373911755823,-0.900968867902419,1
2026-04-23T11:00:00+00:00,2026-04-23T12:00:00+00:00,0.006430173415899837,0.005491635186184479,-0.004679647167424644,0.007685801019334572,0.006430173415899837,0.0012967105630385888,0.0,13523.4182,-0.3122746997576646,-0.01017680619768754,-0.010554583239742392,-0.0001830214937342376,-0.00038166113344309153,-0.0010700964246065428,-0.00043061380777405104,-1.8394086138232111e-06,0.3853477613896119,0.08207159704653265,-0.22930447722077615,-12.136145066839617,-5.330664628339754,-6.805480438499863,1.1918538684173452,0.007630654685314258,0.0005562281879043017,0.0042256496936402795,0.010131808935596077,-0.004618098860492365,0.258819045102521,-0.9659258262890682,0.43388373911755823,-0.900968867902419,0
2026-04-23T12:00:00+00:00,2026-04-23T13:00:00+00:00,-4.2937435862166135e-05,0.006386959884879043,0.005448461953588728,0.0061918441132394995,-3.864385820286545e-05,0.002692292828710912,0.0034609059329202344,11828.3231,-0.12534516606163967,-0.009255047000532443,-0.01018572911121475,-0.00022370330470370328,-0.0009393760804581235,-0.0009732673016749512,-0.00041557127407300853,-2.2482693643385074e-06,0.3850195174521434,-0.0003282439374684998,-0.22996096509571318,-12.405012263604931,-6.745534155392789,-5.6594781082121415,1.1460023302877218,0.007528186752494085,-0.013470819752051666,-0.001337913112834914,0.006386959884879043,0.005454694155968656,1.2246467991473532e-16,-1.0,0.43388373911755823,-0.900968867902419,0
2026-04-23T13:00:00+00:00,2026-04-23T14:00:00+00:00,-0.0038860048006113383,-0.003928775381391619,0.0024761353274937526,0.0074445431111034395,-0.003890282023977167,0.0015604658982161937,0.001978601788069827,12436.9399,0.051454191338415486,-0.011871800389656297,-0.013489294539734135,-0.00406812114604263,-0.001636927425728441,-0.0012481034899113938,-0.0005502804752785434,-4.088396809154741e-05,0.35550580558002354,-0.0295137118721199,-0.288988388839953,-13.196232862055695,-8.03567389672537,-5.160558965330324,0.4989191428818174,0.0075494831393830945,-0.0010681112327751774,-0.006598921733619324,-0.0004265752043466642,0.0025012311794263328,-0.25881904510252035,-0.9659258262890684,0.43388373911755823,-0.900968867902419,1
2026-04-23T14:00:00+00:00,2026-04-23T15:00:00+00:00,0.006215999517203756,0.002305839312627966,0.0022628028699382056,0.008161114538350696,0.006220337010358536,0.0003769963671259636,0.001602234560285053,13699.8644,0.10154624129043198,-0.005186750454762119,-0.007070668998816156,0.0021014262415304575,-0.0018937409055571367,-0.0005456758074231689,-0.00028851546944612193,2.1120307781938453e-05,0.4304250415070734,0.07491923592704985,-0.13914991698585324,-12.515437229934832,-8.931626563367264,-3.583810666567569,1.5767482987627552,0.0075498646758457855,0.006266851752525209,0.0007459807073954048,0.008210847302427734,0.002287057280730252,-0.5000000000000001,-0.8660254037844386,0.43388373911755823,-0.900968867902419,0
2026-04-23T15:00:00+00:00,2026-04-23T16:00:00+00:00,-0.00041983686339003854,0.00579355294807358,0.0018850343728934323,0.008327404575572303,-0.00041983686339003854,0.004002982950892804,0.0039044084242648167,14842.7727,0.08342478922638089,-0.005073364346576129,-0.007196021379575601,0.0016639558409001032,-0.002133480959232139,-0.0005337533075342253,-0.0002936289150866863,1.6723453949546778e-05,0.4267939426267351,-0.0036310988803382573,-0.14641211474652976,-11.91760091155038,-9.528821433003888,-2.3887794785464926,1.1950311880210762,0.0076083477798782224,0.007323156313229979,-0.0007965329404911408,0.007422055464644874,0.001910157853202379,-0.7071067811865475,-0.7071067811865477,0.43388373911755823,-0.900968867902419,0
2026-04-23T16:00:00+00:00,2026-04-23T17:00:00+00:00,-0.002948664100871788,-0.003367263006374526,0.002827805605607308,0.005317274048092033,-0.002948664100871788,0.0010746309717243098,0.0012852586421823761,8034.7963,-0.4586728192637485,-0.007250019524414713,-0.009730331060073564,-0.0012767991035623337,-0.0024984251668991593,-0.0007625779809646954,-0.00039699869923675674,-1.2831987132517013e-05,0.4012049120622322,-0.025589030564502905,-0.19759017587553557,-11.862229426644262,-9.995503031731962,-1.8667263949123,0.5220530836341926,0.0074655932648094265,-0.021656218496768936,-0.007339199003234291,0.0009594905664436538,0.0028474985529419296,-0.8660254037844384,-0.5000000000000004,0.43388373911755823,-0.900968867902419,0
2026-04-23T17:00:00+00:00,2026-04-23T18:00:00+00:00,-0.006860444123488009,-0.009788879079056833,-0.010204606210158215,0.018966248560867593,-0.0068647131392414,0.0012335419534110286,0.01082054345097428,45125.7374,4.61628891575011,-0.012738667161252376,-0.01588631432031899,-0.008048254328461107,-0.00318826135934641,-0.0013391166946724103,-0.0006480008153341301,-8.088043600146509e-05,0.3489394503971612,-0.05226546166507106,-0.3021210992056777,-12.956827500559939,-10.587767925497557,-2.3690595750623817,-0.5023331801500817,0.008334956080095372,0.10878992278552124,-0.01084871733397273,-0.005582360258071095,-0.010228945087749835,-0.9659258262890683,-0.25881904510252063,0.43388373911755823,-0.900968867902419,0
2026-04-23T18:00:00+00:00,2026-04-23T19:00:00+00:00,-0.002211719081379198,-0.009056989829692554,-0.011978947909791567,0.006341880267729672,-0.002211719081379198,0.0037391934273481183,0.00038606521465654194,14250.7026,-0.6842001168051827,-0.013520263350839933,-0.017366850211506957,-0.010141294284982722,-0.003899306511589358,-0.0014211630370856388,-0.0007083489151836719,-0.00010191216847930116,0.33393952593084564,-0.014999924466315519,-0.3321209481383087,-14.07439775789453,-11.285093891976953,-2.789303865917578,-0.4202442908551962,0.008209749291401816,-0.01720038431840768,-0.010273737356390856,0.008702995510671944,-0.012020827305738996,-1.0,-1.8369701987210297e-16,0.43388373911755823,-0.900968867902419,1
2026-04-23T19:00:00+00:00,2026-04-23T20:00:00+00:00,0.003283723230281465,0.001064741475575885,-0.005803007247311273,0.007899242502853577,0.003288075304732541,0.0026330808342843945,0.001988862370724103,11612.5476,-0.1851245565955464,-0.009310916735236643,-0.013593176664155082,-0.006822774174817144,-0.004322506426341631,-0.0009791368498478351,-0.0005545158788510562,-6.856589311766846e-05,0.37668648319590353,0.0427469572650579,-0.24662703360819294,-14.185720349733401,-11.865219183528243,-2.3205011662051582,0.4688026997124197,0.008162619233117516,-0.002475870476319926,-0.0026562715606457217,0.003671205769781566,-0.005788439974585742,-0.9659258262890684,0.2588190451025203,0.43388373911755823,-0.900968867902419,1
2026-04-23T20:00:00+00:00,2026-04-23T21:00:00+00:00,0.005400193697900358,0.008701649669675638,0.006470684983682542,0.007198854375862868,0.005404540678896782,0.0017674606621742464,5.590508177198e-05,10663.5008,-0.08172597716628521,-0.0035851177792024396,-0.007944792125252571,-0.0014449241220930442,-0.004375360528872612,-0.00037723845630584674,-0.00032417210796898804,-1.4521639592124921e-05,0.44049079424880894,0.0638043110529054,-0.11901841150238213,-13.114924997473281,-12.11516034631725,-0.9997646511560312,1.320736515049127,0.00805306756204718,-0.008093424976258565,0.002759845966097057,0.010722823488503532,0.006472197846802625,-0.8660254037844386,0.5000000000000001,0.43388373911755823,-0.900968867902419,0
2026-04-23T21:00:00+00:00,2026-04-23T22:00:00+00:00,-0.0015954450259528749,0.0037961329597729866,0.007092321640039695,0.0034974974802511527,-0.0015911514776207867,0.0015032347544428478,0.0004005754503242664,6005.6248,-0.436805518878003,-0.004684309386690243,-0.00915735326333658,-0.003007925288037984,-0.004494095610901164,-0.0004928421854120703,-0.00037362986949510346,-3.0229491055051566e-05,0.426524424389121,-0.013966369859687902,-0.14695115122175792,-12.42247935114483,-12.176624147282766,-0.24585520386206383,0.7539094472939674,0.007739619260044518,-0.04045619095377972,-0.00335697237151646,0.003856897013931559,0.0070884719022289485,-0.7071067811865477,0.7071067811865474,0.43388373911755823,-0.900968867902419,1
2026-04-23T22:00:00+00:00,2026-04-23T23:00:00+00:00,0.004440788056821389,0.0028382579976519474,0.008253778838504242,0.0073457205710194,0.004440788056821389,0.0029245659249476468,0.0,8475.7696,0.4113052150710448,-0.00023915572260914004,-0.004571525845373062,0.00140536093021534,-0.004333406481722418,-2.5173652861725165e-05,-0.00018655808123608158,1.4124429951120361e-05,0.47622494651804403,0.04970052212892298,-0.04755010696391196,-10.915948097170713,-11.924488937260355,1.0085408400896423,1.2543960439517061,0.0076797097324388065,-0.0033342162552184003,0.001339717027717496,0.004843303615672561,0.008245536728768873,-0.5000000000000004,0.8660254037844384,0.43388373911755823,-0.900968867902419,0
2026-04-23T23:00:00+00:00,2026-04-24T00:00:00+00:00,-0.0007332855911523655,0.0037042460997735948,0.002102891152805931,0.004063924197299786,-0.0007332855911523655,0.000519255362062618,0.0028108451417439176,5968.3038,-0.29583930643891027,-0.0008797506497713121,-0.005094618014535098,0.0006643633093794003,-0.004218578662082866,-9.259675660154948e-05,-0.00020790036088211451,6.6770627675615965e-06,0.46896540883697313,-0.007259537681070896,-0.06206918232605375,-9.747629330129257,-11.489117015834136,1.7414876857048789,0.7329468456152366,0.007426672350535347,-0.033657945773196786,-0.003647185082884631,0.0037042460997735948,0.0021120574397161486,-0.2588190451025207,0.9659258262890683,0.43388373911755823,-0.900968867902419,1
2026-04-24T00:00:00+00:00,2026-04-24T01:00:00+00:00,0.000952683391552788,0.00021869921139646664,0.004660458465063862,0.004638839346961244,0.0009483879550438517,0.002152215667444086,0.001539134311977014,5575.8374,-0.06575844882427054,6.522801599275758e-05,-0.003984817044138121,0.0016015575349342993,-0.004049780900957503,6.866154090364619e-06,-0.00016261914435105639,1.609631471457599e-05,0.4800470083527431,0.01108159951577001,-0.03990598329451373,-8.544101756747295,-10.900113964016768,2.3560122072694725,0.6145245215645936,0.007220977783617825,-0.026770436600446798,-0.0003000197155812317,0.0037741370480825842,0.004660185857221812,0.0,1.0,-0.433883739117558,-0.9009688679024191,1
2026-04-24T01:00:00+00:00,2026-04-24T02:00:00+00:00,0.00015434215941835614,0.0011071725901830383,0.00037307512532337283,0.006661408412064249,0.00015863012171661185,0.000595840263369915,0.0059069631865021795,6039.2936,0.08311867200431626,0.00019866368422840412,-0.0036814041798077166,0.0017386424026623582,-0.0038792971885644235,2.091240408031183e-05,-0.00015023881999944266,1.747409833036628e-05,0.48193499148060803,0.0018879831278648851,-0.03613001703878396,-7.475080418550988,-10.215107254923613,2.740026836372625,0.3840146291031523,0.007179973808427487,-0.005524986189361894,-0.0019935828877004724,0.002647549297711894,0.0003737399598187786,0.25881904510252074,0.9659258262890683,-0.433883739117558,-0.9009688679024191,0
2026-04-24T02:00:00+00:00,2026-04-24T03:00:00+00:00,-0.005542600435520777,-0.005389113733022433,-0.004441564460618284,0.008767581501006372,-0.005538337555672755,0.00110349108370581,0.002094908854222652,6028.7269,-0.0017496582712919124,-0.004838449658230745,-0.008845867269256924,-0.0037757916947472833,-0.004026901571558818,-0.000509051225210999,-0.0003609254926634307,-3.7946215253749306e-05,0.422584023217806,-0.05935096826280201,-0.15483195356438798,-7.583794977872458,-9.688844799513381,2.1050498216409235,-0.6349770147317013,0.007330533490223927,0.015310566112636122,-0.006134785346773953,0.0005261591674608506,-0.0044355748845496335,0.49999999999999994,0.8660254037844387,-0.433883739117558,-0.9009688679024191,0
2026-04-24T03:00:00+00:00,2026-04-24T04:00:00+00:00,-0.004857947075533095,-0.010373621851477286,-0.010220880779256475,0.009308510638297976,-0.004853657485236526,0.0012734770254349118,0.003157703236537513,9361.0353,0.5527383235754136,-0.008759733720929351,-0.013132157461643394,-0.008530402110573054,-0.004411063482244621,-0.0009212277906092299,-0.0005357192780297103,-8.572533506517489e-05,0.3787960481052843,-0.043787975112521735,-0.24240790378943144,-8.48157652745067,-9.44739114510084,0.9658146176501692,-1.1392352039907543,0.007505046673767435,0.01883274446355787,-0.01145418966425308,-0.0027688386859896367,-0.010246205351635517,0.7071067811865475,0.7071067811865476,-0.433883739117558,-0.9009688679024191,0
2026-04-24T04:00:00+00:00,2026-04-24T05:00:00+00:00,-0.001074225518053927,-0.005926954062873129,-0.011436703760223715,0.0048782391507961285,-0.0010698985978698425,0.0013528983244874124,0.0024542963194227004,6882.2118,-0.2648022810041107,-0.008897202804553798,-0.013643309552997578,-0.00950089391800611,-0.004788712898272493,-0.00093567136280842,-0.0005565598463153918,-9.547725425872644e-05,0.36971733992014516,-0.009078708185139134,-0.26056532015970973,-9.286145245468106,-9.415141965174293,0.12899671970618698,-0.8368178979439822,0.0073249118630117314,-0.02505026632993227,-0.0071808648034304085,0.0020900775631694205,-0.0114747730291078,0.8660254037844386,0.5000000000000001,-0.433883739117558,-0.9009688679024191,1
2026-04-24T05:00:00+00:00,2026-04-24T06:00:00+00:00,0.0037204703923404826,0.0026422482500519395,-0.002228534727640328,0.007400399180901574,0.0037204703923404826,0.0011275564426242808,0.0025661629383861924,8521.9314,0.23825474246520564,-0.00471599946643618,-0.009586226552125262,-0.00575823616859203,-0.004893303904290828,-0.0004961746849355415,-0.00039112151725107696,-5.786837134520422e-05,0.4213860705760029,0.05166873065585776,-0.1572278588479942,-9.126235890690168,-9.357360750277468,0.23112485958730034,0.10212813988111336,0.0073050920759394405,0.0010045979865944117,0.001293392451605832,0.006189958704629334,-0.0022117022012465397,0.9659258262890683,0.25881904510252074,-0.433883739117558,-0.9009688679024191,0
2026-04-24T06:00:00+00:00,2026-04-24T07:00:00+00:00,-0.0023933573533096433,0.0013182086238595603,0.00024256705246376457,0.0035336913216697796,-0.0023976671346798498,0.000918066862982804,0.000212194699462923,5049.9538,-0.40741675062063976,-0.006426407399192524,-0.011493141766147135,-0.008057491192523305,-0.005099505869204695,-0.0006760066426422799,-0.00046888786822063436,-8.097325378134807e-05,0.39866109383518844,-0.022724976740814428,-0.20267781232962306,-9.338885417394522,-9.353665683700878,0.014780266306356538,-0.2163445932809438,0.0070519801172385195,-0.03695913266571482,-0.0035169482382894648,0.0039039744024484697,0.00025288752097691225,1.0,6.123233995736766e-17,-0.433883739117558,-0.9009688679024191,1
2026-04-24T07:00:00+00:00,2026-04-24T08:00:00+00:00,0.001052312489173866,-0.0013435634239697214,0.0023719082804316504,0.003620821671288178,0.001047977446832498,0.002258146848760312,0.00031579448268105977,8194.8432,0.6227560735308111,-0.004870891029426844,-0.010047123581520793,-0.006944354693254459,-0.005201568827032488,-0.0005124626189319751,-0.0004099185746507154,-6.978763882549019e-05,0.4135993166164503,0.014938222781261813,-0.17280136676709945,-9.205218973446335,-9.32397634164997,0.11875736820363514,0.1039771018972786,0.0068000137913647,-0.0347151555115951,-0.0022616719971339703,0.0012647755673081819,0.0023794255282047054,0.9659258262890683,-0.25881904510252085,-0.433883739117558,-0.9009688679024191,1
2026-04-24T08:00:00+00:00,2026-04-24T09:00:00+00:00,0.001561668606134923,0.0026156244586869755,0.0002160069813456371,0.006694770304590454,0.001561668606134923,0.003347385152295227,0.0017881515523230109,11658.1971,0.42262601192906296,-0.0030018889134422184,-0.008170490871564044,-0.005340150483740713,-0.005184164243289218,-0.00031588848960910484,-0.0003333782452103155,-5.3666973809292106e-05,0.43601404741705624,0.022414730800605936,-0.12797190516588755,-8.707614563248171,-9.20070398596961,0.4930894227214395,0.3743320545178044,0.0067826509330387525,-0.0009956752302542008,-0.0006949090359756252,0.002928333795397735,0.0002206237419991458,0.8660254037844387,-0.4999999999999998,-0.433883739117558,-0.9009688679024191,0
2026-04-24T09:00:00+00:00,2026-04-24T10:00:00+00:00,-0.0021855185639501505,-0.0006272630135446732,0.0004243893989260429,0.005216043771481089,-0.0021855185639501505,0.0002380766866651871,0.0027876615674969287,6774.4396,-0.41891190019424185,-0.004689746799752307,-0.009936763464342123,-0.007439788144240765,-0.005271739789396265,-0.0004934139803280138,-0.0004054177520015666,-7.476614974808232e-05,0.4122289183335834,-0.023785129083472824,-0.1755421633328332,-8.622168206959032,-9.084996830167494,0.46282862320846263,-0.030260799512976888,0.006684545350848125,-0.016618101279166755,-0.0055144447457802,0.0011657688657372533,0.0004284625313586386,0.7071067811865476,-0.7071067811865475,-0.433883739117558,-0.9009688679024191,1
2026-04-24T10:00:00+00:00,2026-04-24T11:00:00+00:00,0.002527941545680486,0.00033689811855367054,0.001899092847903805,0.0056389841193080995,0.0025236019548175374,0.0013125966097011096,0.0018091380903446665,4784.8663,-0.29368824839769775,-0.0019670525688874094,-0.007144497173813952,-0.004881832223496507,-0.005187648983185403,-0.00020701530093773565,-0.0002915271167001498,-4.9061233314377255e-05,0.4495512634195174,0.037322345085934,-0.1008974731609652,-7.991095783006585,-8.866216620735312,0.8751208377287263,0.41229221452026366,0.006594210842063111,-0.011020155503476315,9.931815924588075e-05,0.005330462639013171,0.0019040915878652588,0.49999999999999994,-0.8660254037844387,-0.433883739117558,-0.9009688679024191,1
2026-04-24T11:00:00+00:00,2026-04-24T12:00:00+00:00,0.005215844422759703,0.00775697131825229,0.00555449974948607,0.006979940724195696,0.005220184714228216,0.001786864825394231,0.0,12651.4171,1.6440481941992824,0.002929196936391604,-0.001888968168889027,0.00030547824151926263,-0.004804092970868224,0.0003084316203525601,-7.709479752118614e-05,3.0701425064261155e-06,0.5177631241582885,0.06821186073877109,0.035526248316576955,-6.44195247896414,-8.381363792381077,1.9394113134169366,1.0642904756882103,0.006589991057320043,0.004572584056147234,0.003898131139340924,0.00958369470945356,0.005558267404490038,0.258819045102521,-0.9659258262890682,-0.433883739117558,-0.9009688679024191,0
2026-04-24T12:00:00+00:00,2026-04-24T13:00:00+00:00,-0.001224174219320437,0.003985285101164937,0.00652330121462404,0.005728416299322529,-0.001224174219320437,0.0016127298139984947,0.0028900118266852164,9855.0136,-0.22103480407740253,0.001539145857392769,-0.0029892012928550964,-0.0009099332832142753,-0.004521388074523298,0.00016204160663797293,-0.0001219933318461709,-9.144974491394006e-06,0.501958878668106,-0.015804245490182466,0.00391775733621202,-5.382174078600656,-7.781525849624993,2.399351771024337,0.45994045760740043,0.006535950246428433,-0.009414573121936722,-0.0030056683217137958,0.00398962007936053,0.006519611749119752,1.2246467991473532e-16,-1.0,-0.433883739117558,-0.9009688679024191,0
2026-04-24T13:00:00+00:00,2026-04-24T14:00:00+00:00,-0.00341038598000208,-0.004630385292727866,0.0005613077607275334,0.008924101979873427,-0.0034146719076576615,0.0027661263873784603,0.002731603749158675,9015.9396,-0.08514184090014858,-0.0016980794158367148,-0.006140367071121894,-0.004274442284791003,-0.004449843843519548,-0.0001787132575297752,-0.000250564429124516,-4.295737352738993e-05,0.45989455333134927,-0.04206432533675674,-0.08021089333730146,-5.123120641522746,-7.249844808004544,2.1267241664817975,-0.27262760454253954,0.00672730130485094,0.025766469758734926,-0.006231104059008832,-0.0005218823996239152,0.0005812842234371859,-0.25881904510252035,-0.9659258262890684,-0.433883739117558,-0.9009688679024191,0
2026-04-24T14:00:00+00:00,2026-04-24T15:00:00+00:00,-0.0016872939430032576,-0.005091925599397977,-0.006309866414672933,0.006194319208441188,-0.0016872939430032576,0.0004668433178727192,0.004037330174936432,13688.6377,0.5182707856649794,-0.0030613507563277513,-0.007513042813986148,-0.005895624302133964,-0.004465362097292219,-0.0003221436380691906,-0.0003065608003905074,-5.924899489764782e-05,0.44030227377681036,-0.019592279554538905,-0.11939545244637927,-5.173684237640828,-6.834612693931801,1.6609284562909732,-0.46579571019082433,0.006699789123194249,-0.005770024784777497,-0.007831296881634286,0.0010471702603646372,-0.0063218541423257744,-0.5000000000000001,-0.8660254037844386,-0.433883739117558,-0.9009688679024191,1
2026-04-24T15:00:00+00:00,2026-04-24T16:00:00+00:00,0.004495528246182083,0.002800649025598442,-0.0006192882485754454,0.012100817192455447,0.004491186209162138,0.002547540461569609,0.005082171089719016,14252.1395,0.041165659603950217,0.0012849636455506343,-0.0029319820821315013,-0.0014124250260484628,-0.004211534059523649,0.00013527762867225436,-0.00011965841819573955,-1.419502489094032e-05,0.5011741789003222,0.06087190512351185,0.0023483578006444363,-4.324710596563818,-6.332632274458204,2.0079216778943856,0.3469932216034124,0.007057734281858377,0.05816203992648741,0.0023335058661144987,0.00856744803760293,-0.0006021516768232545,-0.7071067811865475,-0.7071067811865477,-0.433883739117558,-0.9009688679024191,0
2026-04-24T16:00:00+00:00,2026-04-24T17:00:00+00:00,-0.003072540353987578,0.0014091752002456195,-0.000280496435537643,0.0061424372051263314,-0.003072540353987578,0.00018129470317312037,0.0028791325480107535,6290.7827,-0.5586078356867051,-0.0016211800085310494,-0.0057617503068011985,-0.00443624008977324,-0.004147293808081315,-0.00017062141058011492,-0.0002351181883472071,-4.45833397725196e-05,0.46387383911939045,-0.03730033978093175,-0.07225232176121907,-4.179848506300459,-5.902075520826655,1.7222270145261955,-0.28569466336819005,0.007012554211735846,-0.009454369243417622,-0.005605799813712295,0.0065432458148860775,-0.00026430605080875256,-0.8660254037844384,-0.5000000000000004,-0.433883739117558,-0.9009688679024191,1
2026-04-24T17:00:00+00:00,2026-04-24T18:00:00+00:00,0.0012647463816598118,-0.0018116799566229753,0.0026757038311410668,0.005682014140368959,0.0012690684001968587,0.001034661148473914,0.0033798930850145246,7562.0537,0.20208471038111056,-0.00032435374815543993,-0.0043284167788207135,-0.003145590888844797,-0.004005362184902666,-3.414133413530044e-05,-0.0001766388658037643,-3.161297937022215e-05,0.48094608524665233,0.017072246127261863,-0.03810782950669534,-3.7849867716918197,-5.478657770999687,1.6936709993078676,-0.028556015218327957,0.006909290442752658,-0.013479435030632266,-0.0019920575846624944,0.004155844155844117,0.0026877342738543166,-0.9659258262890683,-0.25881904510252063,-0.433883739117558,-0.9009688679024191,1
2026-04-24T18:00:00+00:00,2026-04-24T19:00:00+00:00,0.00013795481979658722,0.0014028756793155693,-0.0016739750668083332,0.004913962550432616,0.0001422665212386358,0.0006422635263283999,0.004129452739749615,5197.7671,-0.3126513899259933,-0.0001686901294442393,-0.004027365745483493,-0.0029782281149922096,-0.0038593266463507947,-1.7756540430594275e-05,-0.00016435525823446287,-2.9931044959835268e-05,0.48288286232160227,0.0019367770749499158,-0.034234275356795504,-3.406961346893695,-5.064318486178489,1.6573571392847937,-0.03631386002307391,0.006765882057605356,-0.020620785924077758,-0.0008957795004306319,0.004807650661376768,-0.0016698391525311789,-1.0,-1.8369701987210297e-16,-0.433883739117558,-0.9009688679024191,1
2026-04-24T19:00:00+00:00,2026-04-24T20:00:00+00:00,0.0007241629021689697,0.0008622176237282291,0.0021280544920078545,0.002489662301860872,0.0007198493057980512,0.0014645072363887366,0.0003058235699517731,5615.6482,0.08039627246861437,0.0005024335049866519,-0.003176879462391129,-0.002233822114872834,-0.003677465285604868,5.2890534627679316e-05,-0.00012965173773260607,-2.244996950383562e-05,0.4935668475705192,0.010683985248916983,-0.012866304858961541,-2.937944716673883,-4.6390437322775675,1.7010990156036847,0.04374187631889104,0.006455891452324686,-0.04512574792037212,8.184680862064633e-05,0.005017294297427149,0.0021268641036253687,-0.9659258262890684,0.2588190451025203,-0.433883739117558,-0.9009688679024191,1
2026-04-24T20:00:00+00:00,2026-04-24T21:00:00+00:00,0.0020976912474155287,0.0028233732197660813,0.0029617175375064196,0.00549330100968409,0.002102007675773782,0.0007264224339879967,0.0026692800680860004,6361.6058,0.13283552912021815,0.002352864519544463,-0.001043314309886727,-0.0001394157703421784,-0.0033882068377777052,0.0002477313050255611,-4.2582444204614105e-05,-1.4011615577969735e-06,0.524251827291302,0.030684979720782764,0.048503654582603986,-2.1485106648874535,-4.1409371187995445,1.992426453912091,0.29132743830840635,0.006374586167772285,-0.010522694107241687,0.000632258064516043,0.003126050999905141,0.002959808969381086,-0.8660254037844386,0.5000000000000001,-0.433883739117558,-0.9009688679024191,0
2026-04-24T21:00:00+00:00,2026-04-24T22:00:00+00:00,-0.004852845727647451,-0.002765334252239866,-0.0020431739025484658,0.006444423327775842,-0.004852845727647451,0.0004535284513515934,0.001114384194749405,7039.3094,0.10653027259249541,-0.0022727620124710635,-0.0056613814942746985,-0.0049421628879089494,-0.003396338551043939,-0.00023918088539376096,-0.00023102341153496015,-4.966751178870489e-05,0.4553681907067226,-0.06888363658457941,-0.08926361858655482,-2.4061505312670306,-3.793979801293042,1.3878292700260113,-0.6045971838860797,0.006408439864058194,0.0004321106026702291,-0.005575218198061997,-8.637890972551929e-05,-0.0020309915780629523,-0.7071067811865477,0.7071067811865474,-0.433883739117558,-0.9009688679024191,0
2026-04-24T22:00:00+00:00,2026-04-24T23:00:00+00:00,-0.0014080978584817439,-0.006254110304452552,-0.004169538249483045,0.0038798920377868845,-0.0014124110764127272,0.0004238901000034682,0.0020415931347106536,6034.2204,-0.14278233032348314,-0.0033285721477903313,-0.0067864650285237825,-0.006280580681697474,-0.0034694411659668854,-0.00035025329520296095,-0.000276921865631264,-6.311742982492364e-05,0.43749280702079113,-0.017875383685931466,-0.12501438595841777,-2.840641588615199,-3.6033121587574732,0.7626705701422742,-0.6251586998837371,0.006236220280055214,-0.028244127473129845,-0.006702412868632669,-0.000294041338752848,-0.004163252338713666,-0.5000000000000004,0.8660254037844384,-0.433883739117558,-0.9009688679024191,1
2026-04-24T23:00:00+00:00,2026-04-25T00:00:00+00:00,0.0013279006193984693,-8.206705310172625e-05,-0.004934514522001152,0.0017797053119021447,0.0013235694852352562,0.000457885347237094,0.0,1451.7469,-0.7594143395889219,-0.0018144769367371963,-0.005254288005714701,-0.004911899133662453,-0.0034460638723964906,-0.00019096109918170852,-0.0002144147513819501,-4.93633835749772e-05,0.4590291521978082,0.02153634517701711,-0.08194169560438354,-2.9037825413679457,-3.463406235279568,0.5596236939116221,-0.2030468762306521,0.005910526952854729,-0.05096752849083177,-0.0005094617407186394,0.0033763869625519955,-0.004933042966730725,-0.2588190451025207,0.9659258262890683,-0.433883739117558,-0.9009688679024191,1
2026-04-25T00:00:00+00:00,2026-04-25T01:00:00+00:00,0.00045356567414985894,0.0017820685836879696,0.0003714613982498671,0.0020638676361376313,0.00045788732516045295,4.31771472004727e-06,0.0016018721611025873,1576.4557,0.08590257709522223,-0.001232205074547873,-0.004615617802245953,-0.004416373648525196,-0.003387586929503085,-0.00012968897590873252,-0.00018835707828408554,-4.438369480949371e-05,0.4665518180145537,0.007522665816745473,-0.06689636397089259,-2.8363997261017175,-3.338004933443998,0.5016052073422803,-0.05801848656934183,0.005633277376089587,-0.04647546956565496,-4.317696077467359e-06,0.00177773548507097,0.00037336843506658433,0.0,1.0,-0.9749279121818236,-0.2225209339563146,1
2026-04-25T01:00:00+00:00,2026-04-25T02:00:00+00:00,0.0008462720851108083,0.0013002215992294647,0.002629848783694906,0.002545297670405561,0.0008462720851108083,0.001449525452976759,0.0002502157031923759,2215.4404,0.40532994361972874,-0.00035013383906314327,-0.0036258176419997675,-0.0035384042576485533,-0.0032768311324009734,-3.685483525659964e-05,-0.0001479706582601756,-3.556058723527832e-05,0.48105848944174723,0.014506671427193538,-0.037883021116505516,-2.5949300021629824,-3.1893899471877947,0.5944599450248123,0.09285473768253194,0.00540828437518615,-0.039127510699886965,0.0008419507350876786,0.002911819043210018,0.0026277383786591363,0.25881904510252074,0.9659258262890683,-0.9749279121818236,-0.2225209339563146,0
2026-04-25T02:00:00+00:00,2026-04-25T03:00:00+00:00,-0.00025884383088865793,0.0005872092019136661,0.0010410412140010581,0.0019375161819279285,-0.00026315675946183463,0.0005437127815654455,0.0011305773711918058,2081.6226,-0.06040234709089886,-0.0005509297460642346,-0.0037319884840059363,-0.0037586997275420252,-0.0031828122438829942,-5.798924190165507e-05,-0.00015230286087680386,-3.777444969568268e-05,0.47678407002339523,-0.004274419418351982,-0.04643185995320948,-2.424035717001061,-3.036319101150448,0.6122833841493867,0.017823439124574403,0.00516167260605664,-0.045845931729897274,-0.0017058965434056054,0.0008378464754303916,0.0010409939283720093,0.49999999999999994,0.8660254037844387,-0.9749279121818236,-0.2225209339563146,1
2026-04-25T03:00:00+00:00,2026-04-25T04:00:00+00:00,0.00044446362302569487,0.00018550474547016234,0.0010319338180687177,0.00229034303386341,0.00044014654290780734,0.0008626527434513875,0.0009877373912518229,1765.5401,-0.15184428724015592,-9.654902094304375e-05,-0.0031606036808351,-0.003283020933509935,-0.0030643505199345823,-1.0162951549486297e-05,-0.00012898759192565503,-3.299409661503379e-05,0.4852398720952933,0.008455802071898048,-0.029520255809413386,-2.180354602221996,-2.8651262013647574,0.6847715991427612,0.07248821499337454,0.004954448277023168,-0.039720120327198356,-0.00036218292824903765,0.0015768237154285228,0.0010318918772478452,0.7071067811865475,0.7071067811865476,-0.9749279121818236,-0.2225209339563146,0
2026-04-25T04:00:00+00:00,2026-04-25T05:00:00+00:00,-0.0007073752496300828,-0.0002632260291706772,-0.000522001725625555,0.0012344666542932797,-0.0007116854436604315,0.00024603006746410494,0.000276244286275352,1445.5685,-0.18123156760925446,-0.00072735394691209,-0.0037147085667346962,-0.003948548216049427,-0.00298952906558787,-7.655771182710943e-05,-0.0001515977724568172,-3.96823269193743e-05,0.4721555784440956,-0.01308429365119771,-0.05568884311180881,-2.0954152148337926,-2.7111840040585644,0.6157687892247719,-0.06900280991798935,0.0046919919292791445,-0.05364378268692878,-0.0015686747714862646,0.0007213448978886938,-0.0005217554574930459,0.8660254037844386,0.5000000000000001,-0.9749279121818236,-0.2225209339563146,0
2026-04-25T05:00:00+00:00,2026-04-25T06:00:00+00:00,-0.00033667272389804225,-0.001043809819576014,-0.0005998101320444777,0.0015112197270305393,-0.0003409875690607578,0.0,0.0011701158457865192,1473.4562,0.019291856456473695,-0.0009625667591864977,-0.0038919201450902333,-0.00424144657968093,-0.0029321758008617363,-0.00010131255148343597,-0.00015882865292479075,-4.262578678074636e-05,0.4657234114540321,-0.00643216699006345,-0.0685531770919357,-2.0672101083064263,-2.5823892249081366,0.5151791166017103,-0.10058967262306151,0.004466261241280421,-0.04843025302717787,-0.0012936554822963245,-6.044513524593513e-05,-0.0005995843505024303,0.9659258262890683,0.25881904510252074,-0.9749279121818236,-0.2225209339563146,0
2026-04-25T06:00:00+00:00,2026-04-25T07:00:00+00:00,0.0,-0.00033667272389804225,-0.001043809819576014,0.0011873869283811382,0.0,0.0007037966157312163,0.00048359031264992184,1591.222,0.07992487323342214,-0.0008709735792845679,-0.003739866620272496,-0.00419942036114799,-0.0028713939492534452,-9.167302468436297e-05,-0.0001526243194153608,-4.220344855410914e-05,0.4657234114540321,0.0,-0.0685531770919357,-2.021554140419994,-2.470222208010508,0.44866806759051414,-0.0665110490111962,0.004232055933216186,-0.0524387838981607,-0.0003409875690607578,0.0011714866208446964,-0.001044047973528125,1.0,6.123233995736766e-17,-0.9749279121818236,-0.2225209339563146,1
2026-04-25T07:00:00+00:00,2026-04-25T08:00:00+00:00,0.00020293522048687177,0.00020293522048687177,-0.00013380582616462667,0.0019641870424090546,0.00020725388601037056,0.001005836441497413,0.000751139660173963,1817.9079,0.14246026010198448,-0.0006046140530829352,-0.0033994290083548926,-0.003957720266302124,-0.0027965057619551625,-6.363953428687274e-05,-0.00013873295491927565,-3.977450100460902e-05,0.4707618498225572,0.005038438368525035,-0.05847630035488564,-1.92525326369514,-2.3612284191474346,0.4359751554522946,-0.012692912138219548,0.004069267971989028,-0.038270326760770856,-0.0005005091386064508,0.0006868576908622637,-0.00013373750341117048,0.9659258262890683,-0.25881904510252085,-0.9749279121818236,-0.2225209339563146,1
2026-04-25T08:00:00+00:00,2026-04-25T09:00:00+00:00,0.0012778008012156532,0.001480995332489858,0.001480995332489858,0.00215569275342324,0.0012778008012156532,0.0006380850550132869,0.00024143758838337934,1641.0374,-0.09729343274210976,0.000608335769391776,-0.002042770858029997,-0.0026583314781860033,-0.0026494948449367786,6.403944493448067e-05,-8.337145099026843e-05,-2.671618550463961e-05,0.5025770156725611,0.03181516585000388,0.005154031345122121,-1.5917382945945064,-2.207330394236849,0.6155920996423427,0.17961694419004814,0.003927761883804184,-0.033540969000382885,0.0002716910829262032,0.0022382964748990327,0.001480736021702525,0.8660254037844387,-0.4999999999999998,-0.9749279121818236,-0.2225209339563146,0
2026-04-25T09:00:00+00:00,2026-04-25T10:00:00+00:00,-0.00013796433621915795,0.0011396601740571353,0.0013428266717327095,0.002604436165442049,-0.00013365352694409637,0.001629928593604557,0.0008408361792403232,4665.1404,1.8427995608143972,0.00042547916147809455,-0.0020951245394934875,-0.0027681858812771223,-0.002519531692739638,4.4789286145988415e-05,-8.55079750871187e-05,-2.7820189646394327e-05,0.4990840070903678,-0.0034930085821932265,-0.0018319858192643323,-1.3378249906600104,-2.0334293135214816,0.6956043228614712,0.08001222321912849,0.00383374187219475,-0.024071961096198684,-0.0007755545214829386,0.0013817403019101774,0.001342771685483367,0.7071067811865476,-0.7071067811865475,-0.9749279121818236,-0.2225209339563146,1
2026-04-25T10:00:00+00:00,2026-04-25T11:00:00+00:00,0.0006209251785160123,0.0004828751767667587,0.0017612929962701716,0.001641845071879178,0.0006252398549442752,0.0009394284138310736,7.756748371095384e-05,2081.2043,-0.5538817438377632,0.0009468914247969422,-0.0014177195537732653,-0.0021276421532068057,-0.002362374066824169,9.968271721133248e-05,-5.786275594344458e-05,-2.13828809857438e-05,0.5154059663485335,0.01632195925816575,0.030811932697067165,-1.0087724022141629,-1.8284979312600178,0.8197255290458549,0.12412120618438371,0.003674968753181981,-0.04081945096999193,-0.0011406631341979807,0.0014629914939343564,0.0017607616435125076,0.49999999999999994,-0.8660254037844387,-0.9749279121818236,-0.2225209339563146,0
2026-04-25T11:00:00+00:00,2026-04-25T12:00:00+00:00,-0.002982038818216324,-0.0023629652626858543,-0.002500603593971037,0.004049895402915037,-0.0029863352538386217,0.0,0.0010546152383257787,3083.4151,0.48155330065385715,-0.0018442365309069794,-0.004223885012105839,-0.005052813373819346,-0.0023840452244932044,-0.0001940924819433574,-0.00017237375204881336,-5.077946527289365e-05,0.4410342220758822,-0.07437174427265134,-0.11793155584823552,-1.2914944779076905,-1.7210972405895524,0.4296027626818619,-0.390122766363993,0.003711955785456561,0.007052532353752666,-0.003917786751853376,-0.0022812245302790356,-0.0024990779759194695,0.258819045102521,-0.9659258262890682,-0.9749279121818236,-0.2225209339563146,0
2026-04-25T12:00:00+00:00,2026-04-25T13:00:00+00:00,-3.8899742397127804e-05,-0.003020822560071605,-0.0024017730863429704,0.002221693933565245,-4.3221749184150174e-05,0.001456635905858914,0.0007218344103218312,3479.1391,0.12833951549371334,-0.0017040306536169941,-0.004096143578185854,-0.005041110098724548,-0.0023961961162029476,-0.00017933947933132576,-0.00016716158613579643,-5.0661856348964276e-05,0.44014466244977735,-0.0008895596261049121,-0.11971067510044535,-1.505461979058964,-1.6779701882834348,0.17250820922447074,-0.2570945534573912,0.0036056425957952127,-0.02867853346922552,-0.0030251188285636637,0.0010167878158533939,-0.0024000133820974395,1.2246467991473532e-16,-1.0,-0.9749279121818236,-0.2225209339563146,1
2026-04-25T13:00:00+00:00,2026-04-25T14:00:00+00:00,0.0011670376693824719,0.0011280925295206374,-0.001857310304409257,0.001865083648138225,0.0011627102819896846,0.000703723691311434,0.0,2342.7918,-0.32661738071927043,-0.00048767509940987814,-0.0028191562556447694,-0.0038414973782504255,-0.0023326187162992476,-5.133158592346561e-05,-0.00011505436324142614,-3.860652333052445e-05,0.47439524757459783,0.03425058512482053,-0.05120950485080428,-1.440559457407744,-1.6304880421082966,0.18992858470055252,0.017420375476081773,0.003477722536659506,-0.03435210857454592,-0.00033232341542152496,0.0018902365174662571,-0.0018539008912309798,-0.25881904510252035,-0.9659258262890684,-0.9749279121818236,-0.2225209339563146,0
2026-04-25T14:00:00+00:00,2026-04-25T15:00:00+00:00,-9.929843497032626e-05,0.0010676233493980246,0.001028682076727628,0.0015846149860536925,-9.929843497032626e-05,0.0011614752895052955,0.0003238314004196855,3122.024,0.332608386285115,-0.0005310571644134552,-0.0028040574185660434,-0.003901359220367508,-0.0022742079885983,-5.589762942918585e-05,-0.00011443822560039193,-3.920810307006649e-05,0.4717476578915363,-0.002647589683061611,-0.0565046842169275,-1.391640849761643,-1.5827186036389658,0.19107775387732273,0.001149169176770215,0.0033428212664086488,-0.03888556540824391,-0.0008024574179854553,0.0010632963917080328,0.0010288394920150178,-0.5000000000000001,-0.8660254037844386,-0.9749279121818236,-0.2225209339563146,0
2026-04-25T15:00:00+00:00,2026-04-25T16:00:00+00:00,-0.003423977340437404,-0.003522935779816451,-0.00236000950919584,0.006793495920869566,-0.003428280289978996,0.0011481354713202847,0.002205286622272158,6697.5229,1.1452502927588002,-0.003578066528899385,-0.005976030899438018,-0.0072397491265206605,-0.002406575256914677,-0.00037649677877642376,-0.000243860146272238,-7.275600393272766e-05,0.3907705578136744,-0.08097710007786184,-0.21845888437265118,-1.9700477429191778,-1.6601844314950083,-0.30986331142416956,-0.5009410653014923,0.003599962734263293,0.0732361252712516,-0.004678861893796264,-0.003101150189826602,-0.002356238106025258,-0.7071067811865475,-0.7071067811865477,-0.9749279121818236,-0.2225209339563146,1
2026-04-25T16:00:00+00:00,2026-04-25T17:00:00+00:00,0.0006238924825288678,-0.002802221051631584,-0.0029012412304370424,0.0045377197958026165,0.0006282277910645527,0.0006494827952007551,0.00326040363190768,10410.5762,0.5543920275360312,-0.002675597211129714,-0.005146913851680206,-0.006554930908068425,-0.0024779466276367247,-0.00028156251192182845,-0.0002100339928495856,-6.587436287606454e-05,0.41055702466280564,0.01978646684913123,-0.1788859506743887,-2.2858930553024948,-1.7853261562565055,-0.5005668990459893,-0.19070358762181971,0.003664861120018697,0.018662655704252695,-0.003946210775096019,0.002835432045158576,-0.0028993832928788624,-0.8660254037844384,-0.5000000000000004,-0.9749279121818236,-0.2225209339563146,0
2026-04-25T17:00:00+00:00,2026-04-25T18:00:00+00:00,-7.360805012278375e-05,0.0005502385088969588,-0.0028756228357267443,0.0027193681366264873,-7.793759796315989e-05,0.0017667232479994142,0.0008747012159212862,4362.4731,-0.5809575746633505,-0.0024878493445949445,-0.005016458482151701,-0.006562538456666866,-0.002534915625734844,-0.0002618103157864658,-0.0002047114920592511,-6.595081057213798e-05,0.4088687527219213,-0.0016882719408843627,-0.18226249455615742,-2.5208613991321727,-1.9324332048316388,-0.5884281943005338,-0.08786129525454456,0.003597576419834249,-0.018431670002691677,-0.0007226215150820511,0.003829519028058484,-0.00287369290803132,-0.9659258262890683,-0.25881904510252063,-0.9749279121818236,-0.2225209339563146,1
2026-04-25T18:00:00+00:00,2026-04-25T19:00:00+00:00,0.0009483146845879613,0.0008746368308703423,0.001499074992742933,0.0024658778741536275,0.0009483146845879613,0.0010512426726654565,0.0004672189656290918,2819.9631,-0.3535861344337,-0.0013952517722788326,-0.003913804490937797,-0.005564833489125369,-0.002522071643589497,-0.0001468470403880277,-0.00015972160701201578,-5.5924847001635436e-05,0.440772195280114,0.03190344255819277,-0.1184556094397719,-2.5015247864730554,-2.046251521159922,-0.4552732653131333,0.13315492898740056,0.003513575864426445,-0.022423034400439766,-0.0008947018092857553,0.00182461189074867,0.0014985991169940453,-1.0,-1.8369701987210297e-16,-0.9749279121818236,-0.2225209339563146,0
2026-04-25T19:00:00+00:00,2026-04-25T20:00:00+00:00,-0.0006445891285069483,0.00030311428274492415,0.0002294839209708232,0.0022466948910418146,-0.0006445891285069483,0.0003289957836591965,0.00127269421573468,2083.6742,-0.2610987711151256,-0.0018451149218800605,-0.00437799140164523,-0.0061444653969663,-0.0025375585669421786,-0.00019418490825360213,-0.00017866160092621535,-6.17496078255354e-05,0.42400533335677765,-0.01676686192333641,-0.1519893332864447,-2.576728012606509,-2.1523468194492397,-0.4243811931572692,0.030892072155864092,0.003425188763260151,-0.025784256296673032,-0.001694050942531946,0.0007711369504565066,0.0002301175059582292,-0.9659258262890684,0.2588190451025203,-0.9749279121818236,-0.2225209339563146,1
2026-04-25T20:00:00+00:00,2026-04-25T21:00:00+00:00,0.0013592720535396798,0.0007138067530443365,0.0016627983510581678,0.0018848348607989486,0.0013592720535396798,4.323015735871641e-06,0.0005230849040290664,1361.6127,-0.3465328216858471,-0.00044186182454851415,-0.0029064004519567315,-0.004746074748310632,-0.002465628094336639,-4.650960776089138e-05,-0.00011861451880276858,-4.769696859223357e-05,0.4697796677410627,0.04577433438428507,-0.06044066451787458,-2.355799166840825,-2.193037288927557,-0.16276187791326802,0.26161931524400117,0.003310846144115073,-0.032068970821702424,0.0003848964887925376,0.002635320226082704,0.0016629976096206927,-0.8660254037844386,0.5000000000000001,-0.9749279121818236,-0.2225209339563146,1
2026-04-25T21:00:00+00:00,2026-04-25T22:00:00+00:00,0.0011239840913022498,0.00248478394500586,0.0018385931517812721,0.0019388548233870721,0.0011196562352748542,0.0006693151394765209,0.0001511356766559759,2432.5274,0.7865046352755083,0.0006166688631505753,-0.0017157764702719724,-0.0035914610161540852,-0.0023310078734472338,6.491672581830407e-05,-7.002678856957877e-05,-3.6093782781313484e-05,0.504867262702733,0.035087594961670306,0.00973452540546603,-1.9484526447531607,-2.1441203600926775,0.19566771533951677,0.3584295932527848,0.0032093951151521407,-0.029552481647240583,0.0011196562352748542,0.003010156571453439,0.0018386670163349815,-0.7071067811865477,0.7071067811865474,-0.9749279121818236,-0.2225209339563146,1
2026-04-25T22:00:00+00:00,2026-04-25T23:00:00+00:00,0.0008420416270834346,0.0019669721597787406,0.003328917863605298,0.0022996440513428657,0.0008463634440083239,0.0011519792902599819,0.00030201704239017066,1894.6646,-0.2211127406005786,0.0013200720330419859,-0.0008408876897463228,-0.0027251306852618938,-0.0021581108609965032,0.00013897426200833318,-3.432076856474287e-05,-2.738749799759189e-05,0.5299890836072784,0.025121820904545372,0.059978167214556774,-1.4515463651146092,-2.005605561097064,0.5540591959824548,0.358391480642938,0.003141905595010592,-0.020204400678509097,0.00017261095648050186,0.0021142654548912915,0.0033252977719253644,-0.5000000000000004,0.8660254037844384,-0.9749279121818236,-0.2225209339563146,1
2026-04-25T23:00:00+00:00,2026-04-26T00:00:00+00:00,0.0007550426059756229,0.0015977200103635106,0.002723499913539764,0.001267514550549711,0.0007507248377743086,0.00015520586333266968,0.00036214701444283056,1694.2394,-0.10578399997551025,0.001878015128867525,-8.308889943957542e-05,-0.0019525606448312215,-0.0019574279490052007,0.00019772489044238297,-3.3913721491028467e-06,-1.9623339990659478e-05,0.5519593350304904,0.02197025142321202,0.10391867006098082,-0.9060893498408404,-1.7857023188458192,0.8796129690049788,0.325553773022524,0.0030058193578315967,-0.042590940896018545,-0.00039647994759572523,0.0019048935462551582,0.0027210683243613074,-0.2588190451025207,0.9659258262890683,-0.9749279121818236,-0.2225209339563146,0
2026-04-26T00:00:00+00:00,2026-04-26T01:00:00+00:00,-0.0017805561543436557,-0.0010268579441268942,-0.00018568097417751575,0.00348108509655042,-0.0017762525382734528,0.00024618095595959336,0.0014554909150588853,2339.5759,0.38090042056630247,8.515096054563049e-05,-0.0017905496416750323,-0.0036926663459624772,-0.001875540898111646,8.963339345628353e-06,-7.307831801307633e-05,-3.7110847316471817e-05,0.493348539610335,-0.05861079542015545,-0.013302920779330095,-0.7978698723491107,-1.5881358295464776,0.7902659571973669,-0.08934701180761184,0.003044745517574636,0.011146651007491782,-0.0019354616226842293,-0.0006689915922863896,-0.00018347192128459824,0.0,1.0,-0.7818314824680299,0.6234898018587334,0
2026-04-26T01:00:00+00:00,2026-04-26T02:00:00+00:00,-0.000656482549225386,-0.002435869799525799,-0.0016826663790314275,0.0019015925837889626,-0.000656482549225386,0.0010847721330251392,0.0001599066490912941,2629.4889,0.12391690305922541,-0.0005169977666334102,-0.0023501661946791525,-0.004303659869451183,-0.0018341166622638779,-5.4417856076049484e-05,-9.591595005132562e-05,-4.325099228023389e-05,0.4734235277091661,-0.01992501190116883,-0.053152944581667756,-0.8252435595295537,-1.4355573755430928,0.6103138160135391,-0.17995214118382785,0.002964949005132087,-0.026847219004652943,-0.002676654914097065,0.0008001730103805835,-0.0016819960975934184,0.25881904510252074,0.9659258262890683,-0.7818314824680299,0.6234898018587334,1
2026-04-26T02:00:00+00:00,2026-04-26T03:00:00+00:00,0.0005618341724831696,-9.501721107201005e-05,-0.0018754041819357228,0.002081938535300159,0.0005661584206340738,0.0014037967302334621,0.00011230373841877125,1662.7268,-0.3676616014617898,4.030329748643326e-05,-0.001719590662884038,-0.003707125597774289,-0.0017598230336992205,4.242470365388711e-06,-7.018244807353601e-05,-3.725615562331302e-05,0.492309033735132,0.018885506025965882,-0.01538193252973599,-0.7335819918271227,-1.2951622987998987,0.561580306972776,-0.04873350904076301,0.0029003308740199983,-0.021244421407089313,-0.0011778004038172892,0.0007218562511887168,-0.001875204531085872,0.49999999999999994,0.8660254037844387,-0.7818314824680299,0.6234898018587334,0
2026-04-26T03:00:00+00:00,2026-04-26T04:00:00+00:00,-0.002224477895600756,-0.0016638935108152686,-0.002319283742987035,0.004168831168831216,-0.002224477895600756,0.0005194805194804408,0.0014199134199135066,3380.9336,1.0333668766269961,-0.001976650278064233,-0.0037863090773465036,-0.005864763860656265,-0.001813242946456582,-0.00020802516684836355,-0.0001545193477281523,-5.8938876362393174e-05,0.4269777776948084,-0.06533125604032364,-0.14604444461038327,-1.0642336753444397,-1.248976574108807,0.18474289876436734,-0.3768374082084087,0.0029969422788755818,0.03101190067916815,-0.0036231884057971405,-0.0015473854372876354,-0.0023191262723429727,0.7071067811865475,0.7071067811865476,-0.7818314824680299,0.6234898018587334,1
2026-04-26T04:00:00+00:00,2026-04-26T05:00:00+00:00,0.003350649350649256,0.0011187180096320717,0.0016811807161224248,0.004655397067833501,0.0033549928787570513,0.0008715386540338591,0.00044008387480907346,2619.1557,-0.22531584175447872,0.0012369886354524633,-0.00043077168600939744,-0.002508616928663552,-0.0016656998696530252,0.00013022628672518713,-1.7582208656885375e-05,-2.521159479838629e-05,0.5282928535286352,0.10131507583382686,0.05658570705727044,-0.6937273456173898,-1.1379267284105237,0.44419938279313387,0.25945648402876653,0.0031061100355960713,0.03989908085222385,0.0006000820256005667,0.0047773461885274255,0.0016880056275316692,0.8660254037844386,0.5000000000000001,-0.7818314824680299,0.6234898018587334,1
2026-04-26T05:00:00+00:00,2026-04-26T06:00:00+00:00,0.004357693270168511,0.007722943722943786,0.0054812863097423725,0.008123410543679915,0.004362026638133056,0.0037115952986459,6.873324627115887e-05,15716.8287,5.000723324695818,0.005064031249918887,0.0037705407288464317,0.0018198212782683152,-0.0012869732483251275,0.0005333402212070421,0.0001539233103248809,1.8289995605992896e-05,0.622170738246342,0.09387788471770676,0.24434147649268398,0.4101591217827263,-0.8283095583718736,1.2384686801545999,0.794269297361466,0.00345197452085353,0.11619264200552266,0.003483118943338934,0.008172475172912749,0.005483864725217011,0.9659258262890683,0.25881904510252074,-0.7818314824680299,0.6234898018587334,1
2026-04-26T06:00:00+00:00,2026-04-26T07:00:00+00:00,0.000923602996769381,0.005285321045501222,0.00865367965367956,0.002493572933789392,0.0009193032197091191,0.0014077313636540073,0.00016738269262952748,4332.5642,-0.7243359787970458,0.005418522746197385,0.004512574263412364,0.0027177163561367484,-0.0009010660359732744,0.0005706963239167277,0.0001842206356209598,2.731447828275272e-05,0.6386566392795392,0.016485901033197265,0.2773132785590785,1.441863230180843,-0.37427500066133024,1.8161382308421732,0.5776695506875733,0.0033805594748753617,-0.01978367763257139,-0.002777682667945044,0.0053590614307225315,0.008631945617587148,1.0,6.123233995736766e-17,-0.7818314824680299,0.6234898018587334,1
2026-04-26T07:00:00+00:00,2026-04-26T08:00:00+00:00,0.0005364829891973785,0.0014605814832632982,0.005824639519531959,0.0015742694874830876,0.0005321888412016231,0.00043324582625564866,0.0006091178943395244,2312.7848,-0.4661856828341978,0.005387435485353747,0.004852419738044288,0.003223158340465177,-0.0005321488298201955,0.0005674202553024063,0.00019809718321338885,3.2394600536575324e-05,0.6482658533210034,0.009609214041464113,0.29653170664200673,2.3334620247355815,0.16727240441805213,2.1661896203175295,0.3500513894753563,0.0032498555955887075,-0.038147646270009106,-0.0008700236149267766,0.0016240880616636786,0.0058177792561352705,0.9659258262890683,-0.25881904510252085,-0.7818314824680299,0.6234898018587334,1
2026-04-26T08:00:00+00:00,2026-04-26T09:00:00+00:00,0.0004890101405262124,0.0010257554753455283,0.0019503058629458912,0.0030826880696970707,0.00048471849865956425,0.0022723569915707245,0.0003258474176593086,4685.4608,1.025895708065878,0.00531619114120622,0.005133166157557273,0.003676656092831277,-0.0001820571331306044,0.0005599123939489452,0.00020956089258943343,3.695268296614769e-05,0.6572187659736151,0.008952912652611644,0.31443753194723,3.0963560999598485,0.7530891435264114,2.343266956433437,0.1770773361159077,0.00323644008212895,-0.0036410422224460903,5.5740165076689526e-05,0.0016318958335123474,0.001949096126492972,0.8660254037844387,-0.4999999999999998,-0.7818314824680299,0.6234898018587334,1
2026-04-26T09:00:00+00:00,2026-04-26T10:00:00+00:00,0.000990404651043117,0.001479899109486914,0.0020171760393822608,0.0025399517708990446,0.0009946963817919815,0.00038549015072668786,0.0011607536760769252,2480.1917,-0.4706621598456229,0.005707300528857813,0.005886900465313442,0.0046240125738407,0.00017858072260307345,0.0006011296164457564,0.0002403394007936048,4.6474647971733686e-05,0.6752565045463734,0.01803773857275843,0.35051300909274685,3.843052528127373,1.3710818204466038,2.4719707076807693,0.12870375124733213,0.0031837174327771643,-0.01531605082771958,-0.0012790458916531698,0.0018021961046819652,0.0020158977807667082,0.7071067811865476,-0.7071067811865475,-0.7818314824680299,0.6234898018587334,0
2026-04-26T10:00:00+00:00,2026-04-26T11:00:00+00:00,-0.0007452809580716225,0.0002443855632442865,0.0007335152107891236,0.001980325339163011,-0.0007410009080473633,0.0007029726312181262,0.0005358023103795624,2898.4361,0.1686339003553637,0.0044834808781355874,0.004934777868824669,0.0038365774346124175,0.00044928264056124636,0.0004721681931790701,0.0002014600828400392,3.8560054002429776e-05,0.6476124225230189,-0.0276440820233546,0.2952248450460377,4.245472207995135,1.94595989795631,2.2995123100388253,-0.17245839764194404,0.003099965778787038,-0.027031921416674775,-0.0011303353756439817,0.0014122232428766274,0.0007341338334977069,0.49999999999999994,-0.8660254037844387,-0.7818314824680299,0.6234898018587334,1
2026-04-26T11:00:00+00:00,2026-04-26T12:00:00+00:00,0.0012859255449109497,0.0005396862110172072,0.0015306253697938196,0.002033433934801687,0.0012859255449109497,0.0006635415997774704,8.561827093894052e-05,2047.1479,-0.2937060437523532,0.005222283138191368,0.005981390520320999,0.005076158281587161,0.0007551637034545056,0.0005500163662512799,0.000244198006692292,5.1019268979652605e-05,0.6725063260271738,0.024893903504154907,0.3450126520543475,4.751693071617865,2.507106532688621,2.244586538929244,-0.05492577110958141,0.003020088098970926,-0.024514487192661617,-0.00015836871661431036,0.0018227044645537593,0.0015310492378824442,0.258819045102521,-0.9659258262890682,-0.7818314824680299,0.6234898018587334,0
2026-04-26T12:00:00+00:00,2026-04-26T13:00:00+00:00,-0.003022324964147326,-0.0017402859041127953,-0.002484269860238482,0.005242841010094954,-0.0030265929211117327,0.0001889312075710122,0.002018128808144575,4449.0366,1.1732853791365052,0.001975747107415544,0.002825329140128567,0.00201816708436897,0.0008479067833384839,0.00020801664165205904,0.00011533285687388574,2.0283497687072315e-05,0.5703865572069236,-0.1021197688202502,0.14077311441384707,4.530963627771143,2.9118779517051254,1.619085676066018,-0.6255008628632259,0.0031873575680224355,0.05219590738353797,-0.0036834224598931028,-0.001654699389133052,-0.002481680377307999,1.2246467991473532e-16,-1.0,-0.7818314824680299,0.6234898018587334,1
2026-04-26T13:00:00+00:00,2026-04-26T14:00:00+00:00,0.0027180330543735117,-0.0003125066889274249,0.0009730169956492775,0.0033786966538484056,0.0027137275108419035,0.00033401563878358365,0.00033829789056275797,3739.8665,-0.15939857631200433,0.004249710275821228,0.005332192875372603,0.004694283151762904,0.0010779018290720402,0.0004475381245461601,0.0002176879032351449,4.718095108039997e-05,0.6253222984470912,0.054935741240167604,0.2506445968941823,4.811349805637747,3.2917723224916497,1.5195774831460969,-0.09950819291992108,0.0031930019186229286,0.004493702087800188,-0.0005050505050506296,0.004745739375868472,0.0009816336351371354,-0.25881904510252035,-0.9659258262890684,-0.7818314824680299,0.6234898018587334,1
2026-04-26T14:00:00+00:00,2026-04-26T15:00:00+00:00,0.004701912453644633,0.007432725461485921,0.004387936385624693,0.008012957122155053,0.004706214858620759,0.002659619810757922,0.0006691671639247139,12976.6737,2.4698227062383107,0.00811023627348437,0.009660888306948345,0.009323679846887393,0.0015381770541245722,0.0008544385233462512,0.0003944775228668223,9.371410660522805e-05,0.6975648001069541,0.07224250165986298,0.39512960021390825,5.852092824699412,3.8038364229332022,2.0482564017662095,0.5286789186201126,0.0035234088320715094,0.10866691663781437,0.004366438356164306,0.007770251405646507,0.004397620543870819,-0.5000000000000001,-0.8660254037844386,-0.7818314824680299,0.6234898018587334,1
2026-04-26T15:00:00+00:00,2026-04-26T16:00:00+00:00,0.0007885090785100861,0.005494129032810777,0.008227095311500461,0.0020016609527053588,0.0007885090785100861,0.0003747790719957643,0.000838994058899853,3342.3038,-0.7424375554730948,0.008050204294925657,0.010042817711834602,0.010017840068196712,0.0019767005734626746,0.0008481086044690438,0.00041007902288603735,0.00010069194757816603,0.7077880044350993,0.010223204328145101,0.41557600887019847,6.74837760801347,4.392744659949256,2.3556329480642146,0.30737654629800515,0.0034121347934145986,-0.030817751947157357,-0.0018661474894151912,0.00617490272707029,0.008208454586528231,-0.7071067811865475,-0.7071067811865477,-0.7818314824680299,0.6234898018587334,0
2026-04-26T16:00:00+00:00,2026-04-26T17:00:00+00:00,-0.0021847916356125758,-0.0013980052851418233,0.00329733387004234,0.002782852167380867,-0.0021890411658986027,0.0005847404094036035,4.268178170922728e-06,3916.7788,0.1718799469994319,0.0052879439156349115,0.007526474310063287,0.007732837519670655,0.002226755436565979,0.000556935680029033,0.0003072974357680844,7.772300039200818e-05,0.6428913094930934,-0.06489669494200584,0.2857826189861868,6.964459673481542,4.907087662655713,2.057372010825829,-0.29826093723838554,0.003374123508936434,-0.013300483141991186,-0.0025586117934547916,-0.0005588188872252064,0.0033056298965421435,-0.8660254037844384,-0.5000000000000004,-0.7818314824680299,0.6234898018587334,1
2026-04-26T17:00:00+00:00,2026-04-26T18:00:00+00:00,0.0027785839892099447,0.0005877217265388958,0.0013766942289659954,0.004013739502772944,0.0027785839892099447,0.00023835568627281743,0.0010044989635784542,3116.5593,-0.20430551247877468,0.0073059578572890905,0.009917015394951345,0.010427009990859111,0.002592119620950538,0.0007696400858232843,0.0004049400486386468,0.0001048050532079155,0.6826560303825251,0.039764720889431684,0.36531206076505013,7.5737039165296665,5.440410913430504,2.133293003099163,0.07592099227333371,0.0034111288656107287,0.01377645619737995,0.0,0.0027828640451404373,0.0013823014321074551,-0.9659258262890683,-0.25881904510252063,-0.7818314824680299,0.6234898018587334,1
2026-04-26T18:00:00+00:00,2026-04-26T19:00:00+00:00,0.005345977534976546,0.008139415771771852,0.0059368412086623365,0.00914059754698375,0.005350256659090205,0.002972070161177836,0.0008467436356631485,16174.0288,4.189706738453524,0.011468465346377046,0.014706548102988532,0.015668762458160446,0.0032013679788846475,0.001208665988461133,0.0006006278067232175,0.0001574998018607544,0.7422820168796425,0.05962598649711737,0.48456403375928486,8.96665933297436,6.145660597339274,2.8209987356350847,0.6877057325359219,0.0038035334121867496,0.12099752516303931,0.0051064047081051415,0.009155928495744538,0.005939769888573914,-1.0,-1.8369701987210297e-16,-0.7818314824680299,0.6234898018587334,1
2026-04-26T19:00:00+00:00,2026-04-26T20:00:00+00:00,0.0022904415344689477,0.007648663718433942,0.010448500162190778,0.0070963926670607955,0.0022904415344689477,0.003780518712511539,0.0010306665540253442,11849.3869,-0.2673818597380017,0.012455947858985478,0.016351883626945254,0.01781284724055379,0.0038480052156327493,0.0013128737838296635,0.0006678695735709674,0.0001790556455419074,0.7629429753909948,0.020660958511352304,0.5258859507819895,10.387388968844334,6.994006271640286,3.393382697204048,0.5723839615689634,0.004030666629311917,0.06214359064842521,-0.000679608781727442,0.008511472169445611,0.010415003058655437,-0.9659258262890684,0.2588190451025203,-0.7818314824680299,0.6234898018587334,0
2026-04-26T20:00:00+00:00,2026-04-26T21:00:00+00:00,-0.0020697811945594707,0.00021591962709419527,0.005563051463546547,0.00430899470899464,-0.0020697811945594707,0.0022349206349205272,0.0,5233.9655,-0.558292294430862,0.009364442262515794,0.013681857601634895,0.01554748700896818,0.004277360246058901,0.0009867033883607377,0.0005587552004376503,0.00015628057064423346,0.707610097157504,-0.0553328782334907,0.41522019431500806,10.991238239467748,7.793452665205779,3.197785574261969,-0.19559712294207898,0.004058309971792268,0.004774279440303683,-0.005828266038251903,0.001250238392913826,0.005566637874886022,-0.8660254037844386,0.5000000000000001,-0.7818314824680299,0.6234898018587334,1
2026-04-26T21:00:00+00:00,2026-04-26T22:00:00+00:00,0.0007788359788360404,-0.0012925572357860714,0.0009949237719043536,0.009245709161964915,0.0007745998958734257,0.0025334765727432523,0.0059382322339428415,11912.7111,1.2760392860824168,0.0091749808529515,0.013895959590042481,0.016173231162241362,0.004678057647743927,0.0009667211053246181,0.0005675039020952122,0.00016257146199076988,0.715941262645662,0.00833116548815795,0.431882525291324,11.485863870418143,8.531934906248251,2.953928964169892,-0.24385661009207737,0.0044259057800688,0.09142792579077574,-0.0035150125596370733,0.0007788359788360404,0.0009994963187455173,-0.7071067811865477,0.7071067811865474,-0.7818314824680299,0.6234898018587334,0
2026-04-26T22:00:00+00:00,2026-04-26T23:00:00+00:00,-0.0010362299838433866,-0.0002582010582011121,-0.0023274478330659026,0.01120712649615342,-0.0010362299838433866,0.006630283374754902,0.0035395382511461894,17014.5638,0.42826965727390126,0.007349339854853155,0.012335377953114793,0.014967539953347491,0.004949661354798789,0.0007742136646521413,0.0005037384390674149,0.0001504501690680261,0.6878376420343261,-0.028103620611335884,0.3756752840686522,11.547056443152087,9.134959213629019,2.4120972295230683,-0.5418317346468235,0.0049145417724371495,0.1092529802609992,-0.0035606856429273794,0.005714358710138973,-0.002327175199566817,-0.5000000000000004,0.8660254037844384,-0.7818314824680299,0.6234898018587334,1
2026-04-26T23:00:00+00:00,2026-04-27T00:00:00+00:00,0.0031965925593487343,0.00215705017044922,0.0029375661375661607,0.009234249442906387,0.0032008400088065206,0.003870112769261966,0.0021735093524208634,13760.452,-0.1912544945759938,0.009553196967808833,0.014951628376072326,0.0180274971020934,0.005347347147706205,0.001006611929456956,0.0006106432035234256,0.00018121370785621389,0.7238165576400413,0.03597891560571512,0.4476331152800824,12.065688157480508,9.721105002399316,2.3445831550811924,-0.06751407444187585,0.005208551142576203,0.06321219766789005,-0.004436974789915943,0.006760058295411511,0.002939198554341388,-0.2588190451025207,0.9659258262890683,-0.7818314824680299,0.6234898018587334,1
2026-04-27T00:00:00+00:00,2026-04-27T01:00:00+00:00,0.00899790667837133,0.01222326187925786,0.011174365784954817,0.013610734661781174,0.008993648315009982,0.0005186635212232853,0.004178587562114048,13606.0492,-0.011220765131843042,0.016832227592661862,0.023117761032849748,0.02690981026292177,0.006181485273208552,0.0017749583258072682,0.0009444732710299138,0.00027052351758240526,0.7954959582307475,0.07167940059070631,0.5909919164614951,14.03526356719658,10.58393671535877,3.451326851837811,1.1067436967566184,0.0057655767099301,0.11690461932100156,0.005108025275265844,0.014439498797062116,0.011158269253876677,0.0,1.0,0.0,1.0,1
2026-04-27T01:00:00+00:00,2026-04-27T02:00:00+00:00,0.0016103665779918974,0.010622763184549966,0.013853312389654157,0.011195977633100982,0.0016941637105950833,0.00407582027971142,0.0054288589791239485,20709.3902,0.5220722706191597,0.016681338365839207,0.023771079017533704,0.028271262365377515,0.006973414760509109,0.001759019069276366,0.0009711904188457894,0.0002842140447758816,0.8053218537369756,0.00982589550622805,0.6106437074739511,15.725554688003285,11.612260309887672,4.113294378115613,0.6619675262778024,0.00614485485186142,0.06749951139165178,0.0010911371237458725,0.014897476541242526,0.013804865815711961,0.25881904510252074,0.9659258262890683,0.0,1.0,0
2026-04-27T02:00:00+00:00,2026-04-27T03:00:00+00:00,-0.0010231311152965506,0.0005855878465423698,0.009588763589708876,0.004059093037255049,-0.0010189593251482732,0.0010032773727510246,0.0020358170022071647,6638.1362,-0.6794624981280231,0.014130458479518175,0.021813066228444915,0.02694107150837111,0.007575561590414355,0.0014896323861158431,0.0008911226263392251,0.0002708378710636243,0.7796498433514683,-0.02567201038550735,0.5592996867029365,16.67520665230495,12.624849578371128,4.050357073933823,-0.06293730418179067,0.0060017157655068,-0.02429343444202846,-0.00507825334703063,0.006140749339659108,0.009585142141066677,0.49999999999999994,0.8660254037844387,0.0,1.0,1
2026-04-27T03:00:00+00:00,2026-04-27T04:00:00+00:00,0.0011245067219584203,0.00010022508884527406,0.0017107530659705242,0.0041171680898593535,0.0011245067219584203,0.0023299997912186263,0.0006639246716912086,7687.0596,0.158014745162957,0.013796422790456299,0.022041779244088275,0.027808538533588462,0.0081331481037749,0.0014543671425733804,0.0009004745839217536,0.0002795609318044227,0.7876538184722477,0.008003975120779501,0.5753076369444955,17.44379201861193,13.58863806641929,3.855153952192641,-0.19520312174118182,0.005860845356046497,-0.022373576941581524,-0.0008969545264914855,0.0031667706897779264,0.0017117421846537671,0.7071067811865475,0.7071067811865476,0.0,1.0,0
2026-04-27T04:00:00+00:00,2026-04-27T05:00:00+00:00,-0.005014927866045791,-0.0038960604641828764,-0.004915205398791445,0.006546809689278493,-0.005014927866045791,0.0005036007453292176,0.001003004817780601,8734.8051,0.13629990588338875,0.007876028265555546,0.016242153805490597,0.022423683774005533,0.008300748609263222,0.0008297435104101991,0.0006633848409839863,0.00022541445624608454,0.6705435982124592,-0.1171102202597885,0.34108719642491847,16.889107709951077,14.248731995125647,2.6403757148254297,-1.2147782373672111,0.005937272675584708,0.00795999937124756,-0.0073278537595346215,-0.0032335384448060576,-0.004913552259383922,0.8660254037844386,0.5000000000000001,0.0,1.0,0
2026-04-27T05:00:00+00:00,2026-04-27T06:00:00+00:00,-0.02503735038861204,-0.029926717748502026,-0.028835863821817947,0.027613013197427705,-0.02503735038861204,0.000266875575719441,0.0016658201258619183,40068.4022,3.587211934471211,-0.015731331820360562,-0.008844191428289168,-0.0031436025606520084,0.00699721591748811,-0.0016531920954678562,-0.00036085714035362235,-3.1592997435341405e-05,0.37347914165503354,-0.2970644565574257,-0.2530417166899329,11.502855243507383,13.699556644801994,-2.196701401294611,-4.8370771161200405,0.007627120113987035,0.2524533807948767,-0.030412553995117105,-0.02405847633850742,-0.02892777153269941,0.9659258262890683,0.25881904510252074,0.0,1.0,0
2026-04-27T06:00:00+00:00,2026-04-27T07:00:00+00:00,-0.0009383689597878066,-0.025952225075959838,-0.030837004405286306,0.007074536837570044,-0.000934068535664662,0.002567858681602773,0.0035717363205514706,13665.9319,-0.6589349425068913,-0.015092694121249308,-0.009394557884736676,-0.0040385982968830746,0.005785454329053493,-0.001586184665397372,-0.0003833043636614594,-4.058728021265734e-05,0.36707970168529014,-0.0063994399697433835,-0.26584059662941967,6.97786706901752,12.355218729645099,-5.377351660627578,-3.1806502593329675,0.007594301956772366,-0.005237155550875441,-0.026205600261804282,0.0007286649908809321,-0.030990647214445638,1.0,6.123233995736766e-17,0.0,1.0,0
2026-04-27T07:00:00+00:00,2026-04-27T08:00:00+00:00,-0.0021499353726840936,-0.003086286899852624,-0.028046364841953268,0.0038082737121170303,-0.0021542345789117667,0.0012132935522730667,0.00043609483551462135,9210.5983,-0.3260175473287702,-0.015596680273763335,-0.011077368635903074,-0.006118736137596423,0.0045909146660711025,-0.001639064873997385,-0.0004519331594162138,-6.149105417151272e-05,0.3522033040350337,-0.014876397650256478,-0.2955933919299326,2.9550658830894463,10.475188160333968,-7.520122277244521,-2.142770616616943,0.007339065058986691,-0.03568667863104078,-0.005633004598283432,0.0014268974493127898,-0.02812565472108394,0.9659258262890683,-0.25881904510252085,0.0,1.0,1
2026-04-27T08:00:00+00:00,2026-04-27T09:00:00+00:00,0.0015846218280575722,-0.0005687203791469899,-0.0015065556693842062,0.004548041109118382,0.00158894645941271,0.0,0.002961615395226881,12143.7223,0.31845097402630185,-0.012716938189764649,-0.009140756369143348,-0.0044988015506708294,0.003622245695235756,-0.0013368355510203589,-0.00037295295090138955,-4.52120417151586e-05,0.3723500589343319,0.020146754899298215,-0.2552998821313362,0.06238614046105795,8.392627756359385,-8.330241615898327,-0.8101193386538057,0.007128924336682791,-0.027093924306603262,-0.0017815493454744029,0.0020215982721381582,-0.0015036825044143281,0.8660254037844387,-0.4999999999999998,0.0,1.0,1
2026-04-27T09:00:00+00:00,2026-04-27T10:00:00+00:00,0.001082045799420704,0.002668382260870996,0.000512710038776413,0.004276135888966809,0.001082045799420704,0.0014339911893514,0.0017612684577918648,9530.396,-0.21519977445465785,-0.010550962394816796,-0.007754639239908133,-0.0033876929914154557,0.002826141669384767,-0.0011093954952280057,-0.0003164157367354831,-3.404600657285298e-05,0.3864053637808162,0.014055304846484304,-0.2271892724383676,-2.004441420179319,6.313213921051644,-8.317655341230964,0.012586274667363284,0.0069179986401110335,-0.028537279341849665,0.001082045799420704,0.00565580976385043,0.0005167322547941825,0.7071067811865476,-0.7071067811865475,0.0,1.0,0
2026-04-27T10:00:00+00:00,2026-04-27T11:00:00+00:00,-0.0008827873688200284,0.0001983032142364621,0.0017832392778958873,0.0021981432154955776,-0.0008827873688200284,0.0007671950830552231,0.0005473807615057634,3965.4905,-0.5839112561534694,-0.010347652705751885,-0.008294934212715007,-0.004225206576290941,0.002074181401831761,-0.001088041476886173,-0.0003384541533787031,-4.2462584553784766e-05,0.37894156631725806,-0.0074637974635581375,-0.24211686736548388,-3.7644408888268117,4.297682959075953,-8.062123847902765,0.25553149332819913,0.006586542019232603,-0.04875270356685086,-0.0023134610753724368,0.001964941980229543,0.0017838802586582477,0.49999999999999994,-0.8660254037844387,0.0,1.0,1
2026-04-27T11:00:00+00:00,2026-04-27T12:00:00+00:00,0.00010775211840664788,-0.0007751303726224735,0.0003060767002345308,0.0025857722193252,0.00010775211840664788,0.0010558569895579076,0.0014221747206287422,3965.8978,0.00010271112741294044,-0.009274726716640749,-0.00786950178071888,-0.004077102562768788,0.0014183800230156815,-0.0009753348160804403,-0.0003211010153349125,-4.097422619744287e-05,0.38051308543201806,0.0015715191147599938,-0.23897382913596388,-5.080515220230609,2.4220433232146403,-7.502558543445249,0.5595653044575153,0.0063001137988050755,-0.04338382249519095,-0.001540467389854399,0.0006554916834492585,0.00030701054900732336,0.258819045102521,-0.9659258262890682,0.0,1.0,0
2026-04-27T12:00:00+00:00,2026-04-27T13:00:00+00:00,-0.002706441589560266,-0.002598981095968237,-0.0034794741171049427,0.0036169412862828002,-0.002706441589560266,0.0002463149979906589,0.0006568399946415606,6575.7863,0.6580826414639327,-0.01082972528759575,-0.010144936442176945,-0.006705573432276901,0.0006922861138522405,-0.0011386730285794537,-0.000413907647975386,-6.73881563421913e-05,0.35613465404695516,-0.024378431385062883,-0.28773069190608963,-6.554698639761227,0.6266949306194665,-7.181393570380694,0.3211649730645556,0.006124334555923718,-0.03053189240301885,-0.0037583303197809654,-0.0011783291034339954,-0.003481476839973647,1.2246467991473532e-16,-1.0,0.0,1.0,0
2026-04-27T13:00:00+00:00,2026-04-27T14:00:00+00:00,-0.0007908007830223832,-0.0034951021164544207,-0.0033877266027048684,0.007464493919421617,-0.000786482865908867,0.002880274015257801,0.003797117996090525,17353.1698,1.6389497785230642,-0.010517692308441932,-0.010503677997356452,-0.007417086273231015,1.4163276065214159e-05,-0.0011059011347982163,-0.00042853782751054863,-7.453802430431149e-05,0.3491155531070541,-0.007019100939901079,-0.3017688937858918,-7.780971134951415,-1.0548382824947098,-6.726132852456705,0.4552607179239887,0.006224560974749488,0.015561532483686136,-0.0037398317937404504,-0.00013404883701821136,-0.003389490254176001,-0.25881904510252035,-0.9659258262890684,0.0,1.0,1
2026-04-27T14:00:00+00:00,2026-04-27T15:00:00+00:00,0.0010682097323852647,0.00027656420827007906,-0.002430625886165633,0.009128415595636725,0.0010682097323852647,0.006510422291824242,0.0015509234258559868,14991.1966,-0.13611191656754262,-0.008567416365925605,-0.009079593639007826,-0.006293945910836627,-0.0005166032280327586,-0.0009010207311754842,-0.0003704583684718719,-6.325173676207719e-05,0.3672429235720711,0.01812737046501702,-0.2655141528558578,-8.45601686611235,-2.5350739992182376,-5.920942866894112,0.8051899855625928,0.00642581155197318,0.03343443698378391,-0.002589668901566822,0.004883872368135446,-0.0024290326401973845,-0.5000000000000001,-0.8660254037844386,0.0,1.0,0
2026-04-27T15:00:00+00:00,2026-04-27T16:00:00+00:00,-0.017142239982719444,-0.016092341757918606,-0.016870416704478162,0.02156856712101153,-0.017142239982719444,0.0001802142351663265,0.003947131297058999,46951.2579,2.131921964121263,-0.023184684366455176,-0.025069611801247935,-0.023101533619982982,-0.0019296661350669201,-0.0024345515848826563,-0.0010222034921027901,-0.0002321223240031813,0.24783132566075308,-0.11941159791131803,-0.5043373486784938,-12.053890110000793,-4.438837221374749,-7.615052888626044,-1.694110021731932,0.007611505666986969,0.16421518896184317,-0.023499669502364987,-0.014562370868327878,-0.016864831033356564,-0.7071067811865475,-0.7071067811865477,0.0,1.0,1
2026-04-27T16:00:00+00:00,2026-04-27T17:00:00+00:00,0.0013406180908718092,-0.015824603088886537,-0.014773297351531954,0.004635401120221914,0.0013406180908718092,0.0010886169297490995,0.0022079609502573174,12121.634,-0.7418251492682585,-0.019833119925966636,-0.022852030769318184,-0.021579730411855534,-0.0030799967890401746,-0.0020833474364644086,-0.0009318667641367847,-0.00021683468520411632,0.26754585326825564,0.019714527607502533,-0.4649082934634887,-14.49206555623823,-6.449482888347445,-8.042582667890786,-0.42752977926474145,0.007389464200158042,-0.0278703093345157,-0.015998894244890188,0.005308703537811713,-0.014733412159462372,-0.8660254037844384,-0.5000000000000004,0.0,1.0,1
2026-04-27T17:00:00+00:00,2026-04-27T18:00:00+00:00,0.003933067617158024,0.005278958449630017,-0.01195377470569179,0.006466761110236618,0.003928660787575695,0.0025491019116077825,4.372387498565105e-06,18597.6027,0.5342488232197078,-0.014478369587536285,-0.0182770214706063,-0.017558201976157303,-0.003854458152765447,-0.0015217197438606234,-0.0007454447738966235,-0.00017643320729913612,0.3236309785838053,0.05608512531554965,-0.35273804283238946,-15.522407395242226,-8.2640677897264,-7.258339605515825,0.7842430623749603,0.007296675248652446,-0.00867324512795291,0.0028413575374901423,0.007506475656816604,-0.011868554274689611,-0.9659258262890683,-0.25881904510252063,0.0,1.0,1
2026-04-27T18:00:00+00:00,2026-04-27T19:00:00+00:00,0.0007301887122444658,0.004666128210981032,0.00601300179774681,0.0033162206444566447,0.000725813151209552,0.0014593118514473601,0.0011316220644457216,7485.6492,-0.5974938640881924,-0.012464728655733823,-0.016883170317452997,-0.01667605799177523,-0.004474211493939495,-0.0013103574111748431,-0.0006886344483582229,-0.00016757048820695652,0.3338690930719278,0.010238114488122533,-0.3322618138561444,-16.01954237001428,-9.815162705783976,-6.204379664230302,1.0539599412855232,0.007007413290471861,-0.03894173913609855,-0.0018142883933516163,0.004666128210981032,0.006003874420274298,-1.0,-1.8369701987210297e-16,0.0,1.0,1
2026-04-27T19:00:00+00:00,2026-04-27T20:00:00+00:00,0.00017039868924079637,0.000900711824684727,0.00483732200235281,0.007033208978044117,0.00017039868924079637,0.0008474798395904378,0.006015359479979374,8112.4069,0.0837279016494655,-0.01113840717523924,-0.016070667444572487,-0.016346922396398893,-0.004987816601556805,-0.00117109085142079,-0.0006555156273844528,-0.00016426369035786717,0.3363953557709853,0.0025262626990574686,-0.32720928845802943,-16.195365585348554,-11.091203281696892,-5.104162303651663,1.1002173605786396,0.007008147264018585,0.00027515897444516265,-0.0012870349768116752,0.0020310790107243917,0.004833655018643286,-0.9659258262890684,0.2588190451025203,0.0,1.0,1
2026-04-27T20:00:00+00:00,2026-04-27T21:00:00+00:00,0.001118323912036811,0.0012889131622063651,0.0020200430242929375,0.0031766810664573025,0.0011139505930147552,0.0020334249683642315,3.054501025446774e-05,5969.8812,-0.2641048120996002,-0.009085740890773032,-0.014391693487412696,-0.015097459832738797,-0.005354603133281582,-0.000955479962884563,-0.0005870712056557193,-0.00015171024515990434,0.35372137372495815,0.017326017953972865,-0.2925572525500837,-15.944339721746019,-12.061830569706718,-3.882509152039301,1.2216531516123617,0.0067272016707317014,-0.03901493397566324,0.00027061473191677764,0.007349515160572752,0.002018911313522073,-0.8660254037844386,0.5000000000000001,0.0,1.0,0
2026-04-27T21:00:00+00:00,2026-04-27T22:00:00+00:00,-0.0019068813544529787,-0.0007906899534322696,-0.0006204259967231339,0.002360831187454408,-0.001902526083370843,0.00031040558205420137,0.00014427301701106846,3065.7892,-0.48645725144413254,-0.009940420839506421,-0.01564302955862167,-0.01680948046173315,-0.005759864193173799,-0.0010452663633648092,-0.0006380835917606395,-0.0001689109663933342,0.3375213109453699,-0.01620006277958822,-0.3249573781092602,-15.914569148020746,-12.832378285369524,-3.082190862651222,0.8003182893880787,0.006427252513835719,-0.046409366056810765,-0.003932310264941124,-0.0007644992748178308,-0.0006181587531753714,-0.7071067811865477,0.7071067811865474,0.0,1.0,1
2026-04-27T22:00:00+00:00,2026-04-27T23:00:00+00:00,0.003073452453297163,0.0011607103896671945,0.00228033235188772,0.0048117993688871685,0.0030690671260066196,0.0005840408654263894,0.0011680817308531751,4214.8302,0.3747945227284381,-0.006244715344710186,-0.012128846679276037,-0.013652373172845797,-0.005921106962069557,-0.000656906647335719,-0.000494810008349051,-0.0001371909566906333,0.3862209795328361,0.04869966858746615,-0.22755804093432785,-15.149084292275347,-13.295719486750688,-1.8533648055246594,1.2288260571265628,0.006293576341305701,-0.01778880861420935,0.0008549991275519265,0.003218189768255412,0.0022848950108809952,-0.5000000000000004,0.8660254037844384,0.0,1.0,1
2026-04-27T23:00:00+00:00,2026-04-28T00:00:00+00:00,0.004057776460537991,0.007143700296852726,0.005223196753501879,0.007574869664491994,0.004057776460537991,0.0021444043634722223,0.0013890878467837289,4998.7753,0.18599684039466166,-0.0020020071578032766,-0.007804328995485088,-0.009554892599504787,-0.005813961430080024,-0.00021069319458109605,-0.0003184426026387704,-9.601985065470049e-05,0.4444641761314562,0.05824319659862013,-0.11107164773708761,-13.634028245269292,-13.363381238454409,-0.2706470068148832,1.5827177987097762,0.006361479340967617,0.014890811790240415,0.003471707975780919,0.008320712928838523,0.005224347559382177,-0.2588190451025207,0.9659258262890683,0.0,1.0,1
2026-04-28T00:00:00+00:00,2026-04-28T01:00:00+00:00,0.001345678851571583,0.005408915776076925,0.00849899227483575,0.0049463102086468565,0.001350025611418407,0.0017817120909323979,0.001816392618249784,5364.7887,0.07322061465735413,-0.000596295756097504,-0.006217037232868017,-0.00814092593011458,-0.005624095100811016,-6.276403475469986e-05,-0.00025369224566239166,-8.18116573616158e-05,0.4627455927467189,0.018281416615262672,-0.07450881450656226,-12.04435153328177,-13.09957529741988,1.0552237641381108,1.325870770952994,0.006252457470659023,-0.015815200384612756,-0.0007970163864837046,0.006813142687546975,0.008476907765406737,0.0,1.0,0.7818314824680298,0.6234898018587336,0
2026-04-28T01:00:00+00:00,2026-04-28T02:00:00+00:00,-0.0035374137863765586,-0.0021964951577265602,0.0018523684164647222,0.004776799892108717,-0.003533094036657515,0.0008700910550289088,0.0003610877878369655,4184.5868,-0.21999037911782063,-0.0037395859382510755,-0.00935436396939034,-0.011534963138080433,-0.0056358537907251,-0.00039348573310904727,-0.0003816650504324123,-0.00011591583973005392,0.4232617055868622,-0.03948388715985665,-0.15347658882627557,-11.312560929492975,-12.7421724238345,1.4296114943415255,0.37438773020341465,0.0061676639719127615,-0.01705106812969758,-0.005309665581942801,-0.00037399922590843656,0.0018660415257330159,0.25881904510252074,0.9659258262890683,0.7818314824680298,0.6234898018587336,0
2026-04-28T02:00:00+00:00,2026-04-28T03:00:00+00:00,-0.004132932511387317,-0.00765572640531993,-0.006320349702865404,0.008745757084631335,-0.004132932511387317,0.001048442407748029,0.0035472301462141816,7908.4528,0.8899005273352198,-0.00711409469779657,-0.012928056278398953,-0.015467201317829828,-0.005855619008744812,-0.0007482917136509869,-0.0005273974716001929,-0.00015542509875924627,0.38235772192500533,-0.04090398366185689,-0.23528455614998933,-11.368137397413648,-12.46736541855033,1.0992280211366818,-0.3303834732048436,0.006375581497744275,0.02943864623743058,-0.008511062215215132,-0.0037732071825849612,-0.006324667446192292,0.49999999999999994,0.8660254037844387,0.7818314824680298,0.6234898018587336,1
2026-04-28T03:00:00+00:00,2026-04-28T04:00:00+00:00,0.0007994373359078101,-0.003336799196035897,-0.006862409342934027,0.003758282626345573,0.0008038093573894306,2.619012283165226e-05,0.002928928736675791,3711.4568,-0.530697483583641,-0.005721851247852157,-0.011668471326091723,-0.014536181418036353,-0.005980841564005779,-0.0006019375842668715,-0.00047603741621028565,-0.00014607093572271054,0.3944967872415812,0.012139065316575852,-0.21100642551683763,-11.136145884845519,-12.201121511809367,1.0649756269638484,-0.034252394172833434,0.0061839025437443115,-0.029289141938025034,-0.004376339085879749,0.0043621410001798665,-0.0068709089618560655,0.7071067811865475,0.7071067811865476,0.7818314824680298,0.6234898018587336,0
2026-04-28T04:00:00+00:00,2026-04-28T05:00:00+00:00,-0.0010345098518511576,-0.00023589954174328172,-0.004367857096245106,0.004928842027991167,-0.0010301493280020222,0.0016036214754191799,0.0022940089226023237,5863.0448,0.5797152212575934,-0.006111471630622812,-0.012199298663610166,-0.01540325498182274,-0.00612526139422833,-0.0006428992179254736,-0.0004976827462510726,-0.0001547826213631267,0.3839716131004458,-0.010525174141135381,-0.23205677379910838,-11.016538336425128,-11.96420487673252,0.9476665403073916,-0.11730908665645678,0.006100201873295566,-0.01455575807481111,-0.0010606721955477242,0.002707687993726003,-0.004368005027330664,0.8660254037844386,0.5000000000000001,0.7818314824680298,0.6234898018587336,0
2026-04-28T05:00:00+00:00,2026-04-28T06:00:00+00:00,-0.00019225979541812334,-0.0012265707526168059,-0.00042811398316377027,0.004457788674594458,-0.00019662847704682296,0.003640527417585507,0.0006205941096004478,10496.1234,0.7902171581564584,-0.005705737797538572,-0.011909147610336353,-0.01543979904750246,-0.006239007956313261,-0.0006002434700718704,-0.0004858514911514509,-0.00015514978458305,0.38193427331955376,-0.0020373397808920403,-0.23613145336089247,-10.832383837389898,-11.737840668863996,0.9054568314740976,-0.042209708833294,0.0059839759046902375,-0.01924140364966963,-0.0028196635579185044,0.0021065816442723513,-0.0004273323113614708,0.9659258262890683,0.25881904510252074,0.7818314824680298,0.6234898018587336,0
2026-04-28T06:00:00+00:00,2026-04-28T07:00:00+00:00,-0.0045889001062002594,-0.00478027764062277,-0.00580984224816012,0.008987412354069713,-0.0045889001062002594,0.0012600817516453028,0.003117275413478005,10739.7381,0.023209969120599333,-0.009299601289901314,-0.015808752799710314,-0.01976318659458336,-0.006570252235977676,-0.0009779480802812818,-0.0006448391305021586,-0.00019858554684790852,0.33610336045948913,-0.045830912860064646,-0.32779327908102174,-11.40226411492722,-11.670725358076641,0.2684612431494209,-0.6369955883246767,0.0062241230774465785,0.035358647340040766,-0.008393885698612373,-0.003970770233217123,-0.00581566975346954,1.0,6.123233995736766e-17,0.7818314824680298,0.6234898018587336,1
2026-04-28T07:00:00+00:00,2026-04-28T08:00:00+00:00,0.004548587786426975,-6.118533474947989e-05,-0.0002534333666876617,0.007867167251605122,0.004548587786426975,0.00028846279922565627,0.0030507126342335495,9917.5609,-0.07655467874025718,-0.0043387881864070145,-0.010892518093253215,-0.015154517664169153,-0.0065822890648804195,-0.00045650605298291625,-0.0004443950005172159,-0.00015228351639134323,0.41118042056250126,0.07507706010301213,-0.17763915887499748,-10.892372433625951,-11.515054773186503,0.6226823395605514,0.35422109641113053,0.006315313652828793,0.019266382177667674,-0.0013138367525099162,0.007689834532025377,-0.0002325721151914074,0.9659258262890683,-0.25881904510252085,0.7818314824680298,0.6234898018587336,0
2026-04-28T08:00:00+00:00,2026-04-28T09:00:00+00:00,-0.000402099659526317,0.004144659141300411,-0.00046326039167352614,0.0034017323475012766,-0.0004064685314684599,0.001591556008342496,0.001403542523840563,6065.7122,-0.3883866949584348,-0.0042897324050203784,-0.010852288347196749,-0.015398174702111357,-0.00659082883420239,-0.0004513469733981357,-0.00044275442646914294,-0.00015473157907763702,0.4067811531058982,-0.0043992674566030844,-0.18643769378820366,-10.44214536213758,-11.300472890976717,0.858327528839137,0.23564518927858558,0.006109559651774181,-0.032969170552152,-0.0006903633146177559,0.0072314095082906095,-0.0004424119792996008,0.8660254037844387,-0.4999999999999998,0.7818314824680298,0.6234898018587336,0
2026-04-28T09:00:00+00:00,2026-04-28T10:00:00+00:00,-0.0020987551758364113,-0.0025000109266210954,0.002037205340639117,0.0051878173923331355,-0.0020987551758364113,0.0006309507639324245,0.002453697415292629,7654.6336,0.261951333596078,-0.0057754235058038944,-0.012427577023166986,-0.017293840912502544,-0.006690795696098872,-0.0006075699507398292,-0.0005069908716351138,-0.00017377724257809226,0.3837140160456263,-0.023067137060271817,-0.2325719679087473,-10.3533105299216,-11.111040418765693,0.7577298888440929,-0.10059763999504412,0.006055652539738989,-0.010903640842051705,-0.004088774851198221,-0.000696189783962303,0.002047732951064247,0.7071067811865476,-0.7071067811865475,0.7818314824680298,0.6234898018587336,1
2026-04-28T10:00:00+00:00,2026-04-28T11:00:00+00:00,0.0009814789661171713,-0.001119336093779353,-0.001520985668643466,0.0029721909731189457,0.0009858648883124621,0.0013657195634949686,0.0006215774936419944,6577.0773,-0.14077176731228522,-0.004344492890488667,-0.011013899582227558,-0.016169481770121147,-0.0066985083134837,-0.00045710599965512205,-0.0004493449200980399,-0.00016248095012424987,0.4007906748342027,0.017076658788576397,-0.1984186503315945,-9.987034686675997,-10.886239272347755,0.8992045856717574,0.14147469682766456,0.005829891736218247,-0.03633611505332297,-0.001747862146112536,0.003443625997619394,-0.001519375869245557,0.49999999999999994,-0.8660254037844387,0.7818314824680298,0.6234898018587336,0
2026-04-28T11:00:00+00:00,2026-04-28T12:00:00+00:00,-0.004022744483499767,-0.003045213756479215,-0.0051375777741826875,0.006592479299614999,-0.004022744483499767,0.0003735738269781433,0.002179913155072709,12432.169,0.8902269857767978,-0.007560557565981287,-0.014412876972161948,-0.019930901677409758,-0.0069045214379780465,-0.0007952152942075354,-0.0005879348220368171,-0.00020027045333363566,0.35707544441803263,-0.0437152304161701,-0.2858491111639347,-10.319359485425139,-10.772863314963232,0.4535038295380929,-0.44570075613366456,0.005906227243828915,0.009018394667713935,-0.005381114953029968,-0.002420160993318243,-0.005140020693219007,0.258819045102521,-0.9659258262890682,0.7818314824680298,0.6234898018587336,1
2026-04-28T12:00:00+00:00,2026-04-28T13:00:00+00:00,0.0012789409841252458,-0.002748948352163133,-0.0017701674210325526,0.004257691277877922,0.0012789409841252458,0.001343147970134686,0.0016372359243798994,6214.5258,-0.5001253763522681,-0.005695528575543021,-0.012643111076025114,-0.01849504307186273,-0.006987379319061967,-0.0005991701036941924,-0.0005157791845919401,-0.0001858452849779615,0.38013108445289795,0.023055640034865307,-0.2397378310942041,-10.229991627060826,-10.66428897738275,0.4342973503219234,-0.01920647921616947,0.00578146946914222,-0.019871165058331832,-0.0031198585780796498,0.0034664106132947597,-0.00176232453325735,1.2246467991473532e-16,-1.0,0.7818314824680298,0.6234898018587336,0
2026-04-28T13:00:00+00:00,2026-04-28T14:00:00+00:00,-0.0008208126484156081,0.0004570785647732906,-0.0035675046290014447,0.012282767224867786,-0.0008208126484156081,0.0035012036760441226,0.007960076613541067,19869.0293,2.1971915379287665,-0.005895163507326925,-0.012932779261425801,-0.019112298690373578,-0.007079349677976087,-0.0006201586916251065,-0.0005275900430962855,-0.00019204651497503367,0.370925793808612,-0.009205290644285925,-0.25814841238277597,-10.192566762222214,-10.569944534350643,0.3773777721284297,-0.05691957819349369,0.0062502580389271365,0.08019730648158131,-0.0021610579978870886,0.0020998507653229594,-0.0035646161477901296,-0.25881904510252035,-0.9659258262890684,0.7818314824680298,0.6234898018587336,0
2026-04-28T14:00:00+00:00,2026-04-28T15:00:00+00:00,-0.001282749652954749,-0.002102509404230461,-0.0008262574055517945,0.006875043986205974,-0.0012871369768534273,0.00011436413540723233,0.005471884017172238,14378.6883,-0.27632658430877644,-0.006491893809609829,-0.013649718695575732,-0.02017192887344089,-0.007204596360479236,-0.0006828905848893941,-0.00055682115279488,-0.0002026918611821823,0.3564119544703725,-0.01451383933823955,-0.28717609105925507,-10.280025152878807,-10.511960658056276,0.23193550517746964,-0.14544226695096008,0.006302340005309714,0.007039332081002441,-0.005581313970781106,0.0067309054839167996,-0.0008246213172451115,-0.5000000000000001,-0.8660254037844386,0.7818314824680298,0.6234898018587336,1
2026-04-28T15:00:00+00:00,2026-04-28T16:00:00+00:00,0.002779928214512001,0.0014936126096048476,0.0006715739850674427,0.004996139944555711,0.002779928214512001,0.00037284626451903225,0.00185107204267127,9305.2019,-0.3528476516178461,-0.003375972577328036,-0.010484466153176606,-0.017277464052279645,-0.0071325729465218195,-0.00035523929465388303,-0.00042775434192893663,-0.00017361270819043126,0.41020376733559183,0.05379181286521934,-0.17959246532881637,-9.727235856066727,-10.355015697658366,0.6277798415916394,0.3958443364141697,0.0061928164807363,-0.014646613675801551,0.0013748391262524472,0.008297213622291117,0.0006763659131416441,-0.7071067811865475,-0.7071067811865477,0.7818314824680298,0.6234898018587336,1
2026-04-28T16:00:00+00:00,2026-04-28T17:00:00+00:00,0.0028160859037791772,0.005603842634949584,0.00431390465479964,0.006123752285471836,0.0028160859037791772,0.000962303930574265,0.0023532705211313674,9159.1695,-0.01569363046276299,-0.000515193668592175,-0.007398260140073055,-0.01436772892419693,-0.006886614411623785,-5.422797165089746e-05,-0.0003018786434016011,-0.00014437843752710338,0.45961379523142226,0.049410027895830454,-0.08077240953715545,-8.671150385845976,-10.018242635295888,1.3470922494499113,0.719312407858272,0.0061717349746740376,-0.0005976876934324413,0.0024423290260060723,0.007473933774600981,0.00431326446533643,-0.8660254037844384,-0.5000000000000004,0.7818314824680298,0.6234898018587336,1
2026-04-28T17:00:00+00:00,2026-04-28T18:00:00+00:00,0.0019902194927784262,0.004811910025616643,0.007605215004574549,0.00628184028672097,0.0019902194927784262,0.0011568364669778154,0.003138737433045385,8094.1521,-0.11627881763734144,0.0013334322894632293,-0.005211215569134663,-0.012284176946840667,-0.006535932634980653,0.00014038099768609198,-0.00021265744348375985,-0.00012344382453329143,0.49208969421631815,0.03247589898489586,-0.015820611567363727,-7.38195350307069,-9.490984808850849,2.1090313057801584,0.761939056330247,0.00616821655221586,0.0014189984494892146,0.0010269273459827077,0.00718877232476539,0.007586233611069604,-0.9659258262890683,-0.25881904510252063,0.7818314824680298,0.6234898018587336,1
2026-04-28T18:00:00+00:00,2026-04-28T19:00:00+00:00,0.002719657052555307,0.004715289259813401,0.00754465382320938,0.004532077180272993,0.002719657052555307,0.00058773335190857,0.0012320632488157944,7249.1862,-0.10439214504012102,0.0036689444219363877,-0.0024077038562642793,-0.009503334450546424,-0.006054434893071755,0.0003863538876712271,-9.826397002963228e-05,-9.550177753983267e-05,0.533435368161096,0.041345673944777915,0.0668707363221921,-5.790794082058255,-8.75094666349233,2.960152581434075,0.8511212756539166,0.006035814515538132,-0.018803926577604,0.0015610147467929115,0.007885071895883815,0.007525962449112911,-1.0,-1.8369701987210297e-16,0.7818314824680298,0.6234898018587336,1
2026-04-28T19:00:00+00:00,2026-04-28T20:00:00+00:00,0.00217679019225411,0.004902367367607714,0.006902343647481914,0.006642165806530071,0.00217679019225411,0.001559540565431261,0.002910563172253131,8930.4107,0.23191906699816875,0.005293272900244997,-0.00022689586161619502,-0.0072746560738192936,-0.005491102855921485,0.0005574972510879522,-9.260969809867525e-06,-7.310677635331608e-05,0.5641038794734466,0.030668511312350617,0.12820775894689335,-4.079306853833714,-7.816618701560607,3.737311847726893,0.7771592662928182,0.00606695159854261,0.0073467406307651155,0.0015881234472286555,0.006145373486603411,0.006886666737587843,-0.9659258262890684,0.2588190451025203,0.7818314824680298,0.6234898018587336,0
2026-04-28T20:00:00+00:00,2026-04-28T21:00:00+00:00,-0.0027845835722600976,-0.0006138548342155956,0.0021041327437105917,0.004543573435560034,-0.0027845835722600976,0.0017381455424624955,1.30687634772495e-05,3554.3446,-0.6019953931122115,0.002255894923809711,-0.002893116764969642,-0.009940085301433388,-0.00513742220410764,0.0002375190254498559,-0.00011807245581919206,-9.989037570429558e-05,0.5171699543538716,-0.04693392511957512,0.03433990870774309,-3.2032492607368113,-6.893944813395848,3.6906955526590366,-0.046616295067856584,0.00597386990118007,-0.018084277675553023,-0.004337359849059877,0.0023097814221965905,0.002111863672549319,-0.8660254037844386,0.5000000000000001,0.7818314824680298,0.6234898018587336,0
2026-04-28T21:00:00+00:00,2026-04-28T22:00:00+00:00,-0.0023654461893665092,-0.005143442979026632,-0.0029778489830036853,0.0049997380049952925,-0.0023654461893665092,0.0007204862627284318,0.0019081969503780985,5268.4565,0.4822582199823845,-0.00010394693775961041,-0.005046809049481556,-0.012161295833599059,-0.004943375960515236,-1.0941663200708456e-05,-0.0002059497820513009,-0.00012220914182995004,0.4806849191214411,-0.036485035232430435,-0.038630161757117774,-2.913537479698334,-6.097863346656345,3.1843258669580106,-0.506369685701026,0.005917441683389663,-0.01178894231648196,-0.0068648496281358785,-0.002352408168955222,-0.002973239569372497,-0.7071067811865477,0.7071067811865474,0.7818314824680298,0.6234898018587336,0
2026-04-28T22:00:00+00:00,2026-04-28T23:00:00+00:00,-0.001720433863727689,-0.004081810459367187,-0.006855027889277051,0.0039454461153539885,-0.001720433863727689,0.0019158596435976648,0.00030618761427351224,2436.7593,-0.537481366696299,-0.0016507552384459315,-0.006495240143765162,-0.01372478141557123,-0.0048524951871689835,-0.00017373352072905243,-0.0002650415769419069,-0.00013791847753390473,0.45557077316283495,-0.025114145958606143,-0.08885845367433007,-2.967654603047322,-5.47182159793454,2.5041669948872185,-0.6801588720707921,0.005786054532749463,-0.023885605022938405,-0.0047971443496430365,0.0001881220605927316,-0.006870463625354296,-0.5000000000000004,0.8660254037844384,0.7818314824680298,0.6234898018587336,1
2026-04-28T23:00:00+00:00,2026-04-29T00:00:00+00:00,0.0014172112432092997,-0.00030566083873326207,-0.002670384003833551,0.0026338548628035683,0.0014215915701806952,0.0003319618069204268,0.0008823195394466641,2556.9515,0.04932460912327284,-0.00021342316687030487,-0.004888709948843959,-0.012205861294085303,-0.004676284809486882,-2.2465091821079714e-05,-0.00019949937364371195,-0.00012265692623778229,0.4796470543173589,0.0240762811545239,-0.04070589136528227,-2.7177730945254552,-4.921011897252724,2.2032388027272685,-0.30092819215995004,0.0055532938464718734,-0.038867676501946065,-0.0022139899760296043,0.0017239267024870288,-0.0026686688098848986,-0.2588190451025207,0.9659258262890683,0.7818314824680298,0.6234898018587336,1
2026-04-29T00:00:00+00:00,2026-04-29T01:00:00+00:00,0.0013016397166094548,0.0027206956582597414,0.0009955810175886854,0.0038649450357702286,0.0013016397166094548,0.0008026522421914547,0.0017623451404641265,4053.3505,0.5852277604796179,0.0009842235568481895,-0.0034530012010383355,-0.01081262628443175,-0.004432861830848351,0.00010361321425424768,-0.0001409189635790555,-0.00010865780309768796,0.5014835722288012,0.021836517911442428,0.002967144457602586,-2.2533044129822883,-4.3874704003986364,2.134165987416348,-0.06907281531092035,0.0054259941537834625,-0.021651475056041654,0.0009693561204797242,0.003611846857693234,0.0009984170960910656,0.0,1.0,0.9749279121818236,-0.22252093395631434,1
2026-04-29T01:00:00+00:00,2026-04-29T02:00:00+00:00,2.1811202233348084e-05,0.001323479309169897,0.002742566202136307,0.00805252022944886,1.7448885670522998e-05,0.0021156404719842804,0.005919431176252355,10251.4496,1.5291298149518526,0.0009101541411880738,-0.003297149551421237,-0.010684824546110866,-0.0042034778798096094,9.581487868388356e-05,-0.00013455942403585777,-0.00010737364098085752,0.501861295793081,0.0003777235642797905,0.0037225915861621673,-1.8597371620530794,-3.881923752729525,2.0221865906764456,-0.11197939673990254,0.005613493267518899,0.03457828104025949,-0.0007802147988004585,0.0030935774356998435,0.0027406621620521027,0.25881904510252074,0.9659258262890683,0.9749279121818236,-0.22252093395631434,0
2026-04-29T02:00:00+00:00,2026-04-29T03:00:00+00:00,-0.0015572858731923093,-0.0015355086372360765,-0.00023586759965404496,0.004775261263150664,-0.0015572858731923093,0.0013805878857783322,0.0018349585823635459,7158.8638,-0.3016730238814226,-0.0005868187668186814,-0.004660018350023139,-0.012105297181216538,-0.00407559121661625,-6.17665811610413e-05,-0.00019016865961558397,-0.00012164647853718158,0.47423208778168097,-0.027629208011400123,-0.05153582443663808,-1.8149794906744319,-3.4685349003185064,1.6535554096440745,-0.368631181032371,0.005561749612243554,-0.010760659450015413,-0.0036651721586210212,0.004405750294009216,-0.00023383495434950636,0.49999999999999994,0.8660254037844387,0.9749279121818236,-0.22252093395631434,1
2026-04-29T03:00:00+00:00,2026-04-29T04:00:00+00:00,0.00989130054873994,0.008318611092935578,0.008340603734077775,0.012437703329410951,0.009895712731609961,0.0020938603170208977,0.0005450958676540819,18471.9819,1.5802951999170594,0.008405645117963049,0.004980835022324183,-0.0023105661878264185,-0.0033962623198506912,0.0008855883220125153,0.0002033407277118432,-2.322123149373597e-05,0.6178987689187102,0.1436666811370292,0.23579753783742036,0.04681047397434668,-2.765465825459936,2.8122762994342825,1.158720889790208,0.006002306054709095,0.08988665267088942,0.006930619748127885,0.011747815886688792,0.008355825877780979,0.7071067811865475,0.7071067811865476,0.9749279121818236,-0.22252093395631434,1
2026-04-29T04:00:00+00:00,2026-04-29T05:00:00+00:00,0.006835329134076358,0.016794239977631003,0.015210800671770528,0.014252444872213563,0.006830973424528326,0.006522523761236029,0.0009452932987299868,26313.9011,0.42453047228245716,0.013821298767840485,0.011380207150376926,0.00446390382336347,-0.002407812521230682,0.0014569932955242598,0.00046471410992706145,4.4865367819660375e-05,0.6829996754786876,0.06510090655997743,0.36599935095737524,2.7653432328988856,-1.6593040137881714,4.424647246687057,1.6123709472527743,0.006553763138673153,0.09933752238706263,0.004731561588008788,0.01735872810487803,0.015169343809623988,0.8660254037844386,0.5000000000000001,0.9749279121818236,-0.22252093395631434,1
2026-04-29T05:00:00+00:00,2026-04-29T06:00:00+00:00,0.0008034993039203422,0.007644320620197997,0.017611233441683243,0.004460778210450789,0.0008034993039203422,0.0017302152250352034,0.001927708774295028,12864.951,-0.5110967791849002,0.013223575623116898,0.011709100726868003,0.005218268524516293,-0.001494709492243621,0.0013938955691142538,0.0004781509977576656,5.2447660406873645e-05,0.6897373085827256,0.006737633104037997,0.3794746171654512,5.012907722280033,-0.3248616665745303,5.337769388854563,0.9131221421675066,0.006399378335775169,-0.022772093483055127,-0.005681963713980767,0.008599896939805106,0.01753012898673664,0.9659258262890683,0.25881904510252074,0.9749279121818236,-0.22252093395631434,0
2026-04-29T06:00:00+00:00,2026-04-29T07:00:00+00:00,-0.001979228830623576,-0.001177319835690939,0.005649961929812394,0.007055037899319486,-0.001979228830623576,0.00320488002133711,0.001867003931893136,9480.4591,-0.2630784913211095,0.010138944333687182,0.009322493474149417,0.0031964823715977214,-0.0008082559969770459,0.0010683975533690787,0.00038065478064722917,3.2126483048611084e-05,0.6528959507364555,-0.03684135784627017,0.30579190147291085,6.348943630230224,1.0098993927864206,5.339044237443803,0.001274848589239319,0.006457995617541794,0.007162481767347213,-0.0037030370046544575,0.0007533913372911492,0.0056595996073731236,1.0,6.123233995736766e-17,0.9749279121818236,-0.22252093395631434,0
2026-04-29T07:00:00+00:00,2026-04-29T08:00:00+00:00,-0.0003656574520988347,-0.0023441625629510845,-0.0015425467920183495,0.0037052497493254926,-0.00036995771297309514,0.0024615596476353966,0.0008735954693532381,6478.9845,-0.31659591253339203,0.008830926744661537,0.008599293052368657,0.0028014214435789875,-0.0002296060580144241,0.0009304361429557553,0.0003511147914839685,2.8155782108462535e-05,0.6460439616009458,-0.006851989135509626,0.2920879232018916,7.255536508194837,2.2590268158681037,4.9965096923267325,-0.34253454511707027,0.0062635644565335255,-0.030461693020377604,-0.005525027389756169,0.0015041547426129353,-0.0015413869788020685,0.9659258262890683,-0.25881904510252085,0.9749279121818236,-0.22252093395631434,1
2026-04-29T08:00:00+00:00,2026-04-29T09:00:00+00:00,0.0006885481531847112,0.0003226389283225357,-0.001657228478569858,0.0034059681851608473,0.0006842417826435598,0.0015911720056939328,0.0011310222635065364,4136.2641,-0.361587591388743,0.00861054820945398,0.008926047770214633,0.0034570331360047665,0.0003128061285108975,0.0009071957539186863,0.00036446126403546494,3.4745258809178265e-05,0.6534173190394159,0.007373357438470123,0.3068346380788319,8.010781224455059,3.4093776975854944,4.601403526869564,-0.39510616545716815,0.0060554484816455695,-0.03256077405038544,-0.0021370547266243625,0.001563509497351126,-0.0016563381295376994,0.8660254037844387,-0.4999999999999998,0.9749279121818236,-0.22252093395631434,1
2026-04-29T09:00:00+00:00,2026-04-29T10:00:00+00:00,0.006188368962684812,0.006881178105890005,0.006513004499737533,0.010223445540492057,0.006188368962684812,0.00296616689176485,0.0011069700647941402,12808.4246,2.096616727157243,0.013418726225280772,0.01456610079713206,0.009569687995628849,0.0011321821298141562,0.0014144954687076168,0.0005948884082306882,9.618701985332785e-05,0.7116047920014509,0.058187472962034976,0.4232095840029018,9.65912644403852,4.6593274468761,4.99979899716242,0.39839547029285605,0.006318579885985248,0.04991093705287749,0.00458989364671112,0.008017715661903,0.006511259663770688,0.7071067811865476,-0.7071067811865475,0.9749279121818236,-0.22252093395631434,0
2026-04-29T10:00:00+00:00,2026-04-29T11:00:00+00:00,-0.0025815054792881044,0.0035908881750116796,0.004281908827617588,0.007258921531657983,-0.002577242478768822,0.0031023962154193303,0.0015726234959375829,9453.427,-0.26193678807306253,0.009763717985231105,0.011473108064948567,0.006893712319015697,0.0016928614578548978,0.001028817164830166,0.0004685095234833483,6.928834143632967e-05,0.661410476362052,-0.05019431563939889,0.322820952724104,10.358666129535322,5.799195183407944,4.559470946127378,-0.440328051035042,0.006400932693088228,0.010418284720784677,-0.0055312657138230584,0.004709954622557865,0.0042954116365814185,0.49999999999999994,-0.8660254037844387,0.9749279121818236,-0.22252093395631434,0
2026-04-29T11:00:00+00:00,2026-04-29T12:00:00+00:00,-0.0008313050632477695,-0.00341066452396014,0.0027565979882424665,0.003092111470404092,-0.0008270235294623023,0.0009992537761499684,0.0012651496307477755,8275.1971,-0.12463521429847613,0.008067506473604246,0.010211056250505742,0.005996049685664172,0.0021263950709015573,0.0008499329803606549,0.00041695158230878175,6.0265437590265475e-05,0.6456573326266919,-0.01575314373536017,0.2913146652533837,10.633933220684867,6.766142790863329,3.8677904298215378,-0.6916805163058406,0.0061695334781775414,-0.036952111617167355,-0.006480751613796645,0.000742486083750526,0.002775558420148938,0.258819045102521,-0.9659258262890682,0.9749279121818236,-0.22252093395631434,0
2026-04-29T12:00:00+00:00,2026-04-29T13:00:00+00:00,-0.006694571435923248,-0.007520311268040061,-0.010082403022583768,0.010595260196966475,-0.006694571435923248,8.635093885070046e-05,0.0037692184808279404,16486.429,0.99227025057808,0.0011931646120688262,0.0033124576223757377,-0.0007313182303704503,0.0021167673584028828,0.0001256120513603225,0.0001352206340814493,-7.349877942379861e-06,0.5351992461242812,-0.11045808650241064,0.0703984922485624,9.483171731179027,7.309548578926469,2.173623152252558,-1.6941672775689796,0.006524267509696718,0.05041821358271064,-0.008505993150684885,-0.00543629953752801,-0.010107381978459121,1.2246467991473532e-16,-1.0,0.9749279121818236,-0.22252093395631434,0
2026-04-29T13:00:00+00:00,2026-04-29T14:00:00+00:00,-0.005655986494713125,-0.012312693525006899,-0.013133762983785111,0.012249080559089562,-0.005655986494713125,0.0008771053785664892,0.005683816537344344,18372.5595,0.11440503580247725,-0.004045619145959958,-0.002269836553226071,-0.006320055698360424,0.0017829959151453667,-0.0004256733719596969,-9.263780736915913e-05,-6.351411342330546e-05,0.463530926880452,-0.07166831924382919,-0.07293814623909597,7.428493393461395,7.333337541833454,0.09515585162794071,-2.0784673006246175,0.0069676430055200635,0.0619175410088174,-0.012397403020660846,-0.0018939065614977423,-0.01318186299388414,-0.25881904510252035,-0.9659258262890684,0.9749279121818236,-0.22252093395631434,0
2026-04-29T14:00:00+00:00,2026-04-29T15:00:00+00:00,-0.001580526523753632,-0.00722757358179387,-0.013873759510065408,0.0062755774357546295,-0.0015761912619083245,0.0022919122028016046,0.0024049856701123975,14483.7704,-0.21166289324032397,-0.005087259811292174,-0.003696479225819033,-0.007812693242050856,0.001397892025394456,-0.0005352144248903888,-0.00015085394274921607,-7.851336523834965e-05,0.44567253420055913,-0.017858392679892886,-0.10865493159888175,5.443677107289659,6.955405454924695,-1.511728347635036,-1.6068841992629768,0.006928451872733862,-0.007196369661861721,-0.008092660095334736,0.004126745678926006,-0.013931084454390005,-0.5000000000000001,-0.8660254037844386,0.9749279121818236,-0.22252093395631434,0
2026-04-29T15:00:00+00:00,2026-04-29T16:00:00+00:00,-0.011690056928141662,-0.013252107006856176,-0.018833139763312027,0.01678320447434769,-0.011694355049143198,0.0008096774051597972,0.00414079586008436,31727.41,1.1905490852022897,-0.015149791669033423,-0.014750500478166024,-0.01922198358663034,0.00040543342275784367,-0.001592175845964997,-0.0006016989843677827,-0.0001931484511584445,0.3411478516272122,-0.10452468257334693,-0.3177042967455756,1.6823119018017678,5.90078674430011,-4.218474842498342,-2.7067464948633058,0.00770846107769419,0.09957446032767141,-0.015500651997799127,-0.009307455555264884,-0.018926569946608417,-0.7071067811865475,-0.7071067811865477,0.9749279121818236,-0.22252093395631434,0
2026-04-29T16:00:00+00:00,2026-04-29T17:00:00+00:00,-0.0022178120228295664,-0.013881942602168434,-0.015440528347438113,0.007021041072208265,-0.0022134213421343015,0.0029857065363599,0.0018170030915513288,19698.2895,-0.3791396934070572,-0.01570908020290441,-0.01628227126556675,-0.021188768989727585,-0.0005823390738791963,-0.0016508575525481853,-0.0006641411240662743,-0.00021290711306629136,0.32572244475135165,-0.015425406875860546,-0.3485551104972967,-1.6858495771625712,4.3834594800075735,-6.069309057170145,-1.8508342146718029,0.00767526971494727,-0.006514097651020456,-0.01467469711981366,0.0019309796297114095,-0.015488395474724859,-0.8660254037844384,-0.5000000000000004,0.9749279121818236,-0.22252093395631434,1
2026-04-29T17:00:00+00:00,2026-04-29T18:00:00+00:00,0.006901965626888158,0.004668846341710123,-0.007075789665954876,0.007459091068362481,0.00689752500573318,9.197939661517414e-05,0.0005168366095517696,11615.5567,-0.41032663267539043,-0.008073294265232324,-0.009123819598930048,-0.014291487539979964,-0.0010590755623617872,-0.0008490988673911261,-0.0003722621692266868,-0.0001436124131152605,0.41428476692058525,0.0885623221692336,-0.1714304661588295,-3.0570775213404886,2.895352079737961,-5.95242960107845,0.11687945609169503,0.007610975008733946,-0.0015327172533139454,0.001689137311507592,0.008734839949632174,-0.00700590332408307,-0.9659258262890683,-0.25881904510252063,0.9749279121818236,-0.22252093395631434,0
2026-04-29T18:00:00+00:00,2026-04-29T19:00:00+00:00,-0.01914485440975509,-0.012375025909934839,-0.014565392451518524,0.029275568118388304,-0.01914485440975509,0.0012503293278141037,0.008506704891020282,56466.6844,3.861298158873436,-0.0245493778299564,-0.027022045203823893,-0.03284359369893187,-0.0025348975311191638,-0.0025774844411117163,-0.001101725482776652,-0.00032997744777600607,0.2969658684054426,-0.11731889851514268,-0.4060682631891149,-7.583400525795241,0.7996015586313203,-8.383002084426561,-2.4305724833481115,0.009296389942160413,0.19806094484841177,-0.01923506457673664,-0.011865154657371188,-0.014460700805696497,-1.0,-1.8369701987210297e-16,0.9749279121818236,-0.22252093395631434,0
2026-04-29T19:00:00+00:00,2026-04-29T20:00:00+00:00,-0.0025497787363636124,-0.02164581800343393,-0.01489325106837135,0.0078076733670591645,-0.0025497787363636124,0.001356493709988002,0.0038948829296681824,17551.9858,-0.6891620964378777,-0.024524799671373353,-0.028378779910760876,-0.034970575498577225,-0.003950874648672933,-0.002574910579498785,-0.001156977400153546,-0.00035133958744742186,0.28558830118036793,-0.011377567225074613,-0.4288233976392641,-11.498743044660841,-1.660067362027112,-9.83867568263373,-1.4556735982071682,0.009212119922897144,-0.01159147663017037,-0.02284419402253808,0.006008034733106203,-0.014792667519230543,-0.9659258262890684,0.2588190451025203,0.9749279121818236,-0.22252093395631434,1
2026-04-29T20:00:00+00:00,2026-04-29T21:00:00+00:00,0.0030084612973990486,0.0004510116503901556,-0.018702477311748757,0.008141330643361618,0.003012951662943389,0.0037091259674525067,0.0014283036216424924,12588.2129,-0.2828040631163226,-0.01957416679231739,-0.02448187185833127,-0.031758377389130725,-0.0050056872226196085,-0.0020562019318677714,-0.0009982625519369777,-0.00031907782909561483,0.3186722107042374,0.033083909523869436,-0.36265557859152525,-13.899210909360136,-4.107896071493717,-9.79131483786642,0.04736084476730973,0.00910997745107358,-0.008112731691222678,-0.0009008044808333698,0.006930337078651718,-0.018686171848719655,-0.8660254037844386,0.5000000000000001,0.9749279121818236,-0.22252093395631434,1
2026-04-29T21:00:00+00:00,2026-04-29T22:00:00+00:00,0.005673043447210807,0.008698571876259253,0.006126613706288824,0.011632706501622203,0.005673043447210807,0.005179461460279732,0.0008122034680643936,15432.4606,0.2259453126980399,-0.012694617078912581,-0.018218204475599114,-0.026010950248727197,-0.005594608813277398,-0.0013344922327391767,-0.0007430476523075652,-0.00026134826464340653,0.3773993439808346,0.05872713327659717,-0.24520131203833087,-14.60762065054223,-6.20784098730342,-8.39977966323881,1.3915351746276095,0.009242453318974858,0.0202973836249013,0.0019566599814117708,0.010150236046788073,0.006131726008246244,-0.7071067811865477,0.7071067811865474,0.9749279121818236,-0.22252093395631434,1
2026-04-29T22:00:00+00:00,2026-04-29T23:00:00+00:00,0.002063795697540795,0.007748547147409917,0.01078031964901302,0.003906492218019543,0.0020593482872792316,0.0005447829283632675,0.0013065932021719645,5462.7196,-0.6460240695511641,-0.009651862345784325,-0.01556691143460288,-0.02376769761720832,-0.005972696735543134,-0.0010149543311887403,-0.0006349806835323277,-0.00023881428694923174,0.3978487353734677,0.02044939139263313,-0.2043025292530646,-14.625233745194237,-7.891319538881584,-6.733914206312653,1.6658654569261575,0.008843637650560787,-0.04117566991644224,-0.003099611444719172,0.008572360280355068,0.01074530044215065,-0.5000000000000004,0.8660254037844384,0.9749279121818236,-0.22252093395631434,0
2026-04-29T23:00:00+00:00,2026-04-30T00:00:00+00:00,-0.002161415195457533,-0.0001020802172977228,0.005570384124405254,0.004416529806027907,-0.002156995619571476,0.0011229970260553952,0.0011318744729016741,5444.7688,-0.0032860555390762736,-0.010681324693914307,-0.017012576228881218,-0.02562684964665755,-0.0063996078240492965,-0.0011230872246954684,-0.0006939090223975505,-0.0002574899597001899,0.3836087080379535,-0.014240027335514185,-0.23278258392409298,-14.861651597184391,-9.285385950542146,-5.576265646642245,1.1576485596704078,0.008545203540543965,-0.03583410529913953,-0.002704724636013177,0.0012043427443904897,0.005575423949294068,-0.2588190451025207,0.9659258262890683,0.9749279121818236,-0.22252093395631434,1
2026-04-30T00:00:00+00:00,2026-04-30T01:00:00+00:00,0.00868214301566867,0.0065019621043679345,0.008579176523325297,0.01123452117969082,0.00868214301566867,0.0011177314452179416,0.0015093775027944566,9779.8174,0.7961859831403677,-0.0018930652926834803,-0.008148371938801167,-0.016999288451670418,-0.006267170809660774,-0.00019923033017481848,-0.00033247603267043006,-0.00017081793636476768,0.4660964411392967,0.08248773310134318,-0.06780711772140663,-13.31717382769284,-10.091743525972285,-3.2254303017205554,2.3508353449216894,0.008668999288825755,0.023295084659555435,0.005379816838472704,0.00982513831181822,0.008584523517751932,0.0,1.0,0.43388373911755823,-0.900968867902419,0
2026-04-30T01:00:00+00:00,2026-04-30T02:00:00+00:00,-0.0013685609427669253,0.007301700031070983,0.0051245028302136205,0.005261418467843239,-0.0013641664283042133,0.002886289025491961,0.001009099521889512,8290.3738,-0.15229769013887728,-0.0029495666299439757,-0.00913641143176188,-0.01816536743212464,-0.00620514729721967,-0.000310384329545641,-0.0003727757387445804,-0.00018253318240994912,0.4556553574477995,-0.010441083691497184,-0.088689285104401,-12.203441400567954,-10.514083100891419,-1.6893582996765346,1.5360720020440208,0.008436632377757783,-0.028136229857932415,-0.0024835164835165235,0.00883763731012199,0.005152166877444212,0.25881904510252074,0.9659258262890683,0.43388373911755823,-0.900968867902419,0
2026-04-30T02:00:00+00:00,2026-04-30T03:00:00+00:00,-0.010672659572124089,-0.012026614329845158,-0.0034488880997824945,0.016382124865820573,-0.010677019071456278,0.001683644154235944,0.00390623260123021,12671.6592,0.5284786314460274,-0.012312326217033907,-0.018953209671721594,-0.028367222887171223,-0.006723667441603561,-0.0012943568077659214,-0.000773002399802518,-0.0002850164599168635,0.38358874906472523,-0.07206660838307428,-0.23282250187054956,-13.123868229452,-11.036040126603535,-2.0878281028484658,-0.39846980317193115,0.009088679304095017,0.06579005950617636,-0.014861781483106578,-0.009673321394228577,-0.0033590774992223443,0.49999999999999994,0.8660254037844387,0.43388373911755823,-0.900968867902419,1
2026-04-30T03:00:00+00:00,2026-04-30T04:00:00+00:00,0.0036122629869983795,-0.007098949038270927,-0.008457794636649382,0.005738403365820015,0.0036167331812998376,0.0015888232056950802,0.000545880598604684,5318.3681,-0.5802942601234099,-0.00791831987254013,-0.014814072052989282,-0.02461618066709069,-0.006950790765094267,-0.0008328131990774065,-0.000604290614215851,-0.0002473376096462348,0.4168478773513848,0.03325912828665956,-0.16630424529723042,-13.04848904149003,-11.438529909580833,-1.6099591319091964,0.4778689709392694,0.008818997955897075,-0.026167147100490895,-0.008754410199107882,0.007547979752812451,-0.008428957527892635,0.7071067811865475,0.7071067811865476,0.43388373911755823,-0.900968867902419,0
2026-04-30T04:00:00+00:00,2026-04-30T05:00:00+00:00,-0.006333102554543672,-0.0027437163994959352,-0.01338709322052575,0.007762497934318061,-0.006333102554543672,0.00046003296158510394,0.0009289986020357251,7758.4871,0.4588097239828136,-0.012866174055208153,-0.020244448040282303,-0.030496328701677757,-0.007474441449731863,-0.0013525023709782594,-0.0008256217870576852,-0.00030640185497485993,0.37818191173100146,-0.03866596562038332,-0.24363617653799707,-13.979078121673865,-11.94663955199944,-2.032438569674426,-0.42247943776522945,0.00879572642790122,-0.008955185827280332,-0.007909359186820553,-0.002192620850398225,-0.01339349913966938,0.8660254037844386,0.5000000000000001,0.43388373911755823,-0.900968867902419,1
2026-04-30T05:00:00+00:00,2026-04-30T06:00:00+00:00,0.001692742645055726,-0.004651080222257534,-0.0010556181601955748,0.007432806006884406,0.0016882687652414047,0.002474629474397495,0.0032727532147889854,8319.8981,0.07236088592581408,-0.010139811178248418,-0.017870137167893766,-0.028576296716683002,-0.0078095129766223795,-0.0010662105268242274,-0.0007288617268922028,-0.0002871165024152704,0.39425289804949415,0.016070986318492686,-0.2114942039010117,-14.246530214448285,-12.406617684489209,-1.8399125299590757,0.1925260397153501,0.008684572924292706,-0.010965865918647184,-0.005105865756985527,0.002624179105812242,-0.0010280969224895657,0.9659258262890683,0.25881904510252074,0.43388373911755823,-0.900968867902419,1
2026-04-30T06:00:00+00:00,2026-04-30T07:00:00+00:00,0.0023497833027162876,0.0040465035261751615,-0.0023122259501871002,0.004728584582945803,0.0023497833027162876,0.0019839592887993403,0.00040035052912998977,6064.2486,-0.2711150392575121,-0.007074942647487099,-0.014961187416771164,-0.02603884554941597,-0.00794243705593609,-0.0007441765937648641,-0.0006102880319651235,-0.0002616284728242739,0.41682310684069984,0.022570208791205672,-0.16635378631860034,-13.873319971300589,-12.699958141851486,-1.173361829449103,0.6665507005099727,0.008383097519413088,-0.03244568786051249,-0.00012453798630960382,0.007344374540696676,-0.002290576606771658,1.0,6.123233995736766e-17,0.43388373911755823,-0.900968867902419,1
2026-04-30T07:00:00+00:00,2026-04-30T08:00:00+00:00,0.0054625605530174174,0.007825179689311262,0.009531168349732309,0.008193566369214835,0.0054625605530174174,0.0008494410058797567,0.0019112422632294526,11236.2376,0.852865596572014,-0.001494023423709837,-0.009208112617364188,-0.020516598890074962,-0.00772563146803054,-0.00015724089496110566,-0.00037570012768479234,-0.00020615446534277918,0.46668832860254456,0.04986522176184472,-0.06662334279491092,-12.44321713155432,-12.648609939792053,0.20539280823773254,1.3787546376868356,0.008327268361904868,-0.0012335476017238001,0.003471713525920277,0.00822977349165417,0.009505086500789432,0.9659258262890683,-0.25881904510252085,0.43388373911755823,-0.900968867902419,0
2026-04-30T08:00:00+00:00,2026-04-30T09:00:00+00:00,-0.0016192469174581604,0.0038344684012223545,0.006193261873762628,0.003518489796822748,-0.0016192469174581604,0.0012850907318370554,0.0006115259344604211,10003.379,-0.1097216562953421,-0.0028154137373648976,-0.010392838452822992,-0.02188751140359464,-0.007598818533545181,-0.000296271537937547,-0.00042401762066076004,-0.00021992661062705975,0.45422215523064047,-0.012466173371904078,-0.09155568953871907,-11.472928956464784,-12.413473743126598,0.940544786661814,0.7351519784240814,0.007996325253433932,-0.04129699182768821,-0.0024665926983551308,0.00576723373341477,0.006193096938275544,0.8660254037844387,-0.4999999999999998,0.43388373911755823,-0.900968867902419,1
2026-04-30T09:00:00+00:00,2026-04-30T10:00:00+00:00,0.002308731969955481,0.000685746645371733,0.0061520531309635215,0.006680342726782439,0.002308731969955481,0.004089554614343947,0.00028737410803502024,6145.3195,-0.385675630204554,-0.0004643300395528478,-0.007792613801914655,-0.0194377918174861,-0.007331688085380482,-4.8874457439430966e-05,-0.00031796473573568755,-0.0001953165356314162,0.4756922433431287,0.021470088112488243,-0.04861551331374258,-10.166373503543582,-11.964053695209994,1.7976801916664122,0.8571354050045983,0.007885223285927194,-0.011617473961103079,-0.0005964978945833171,0.0029220448105992387,0.006152045605514738,0.7071067811865476,-0.7071067811865475,0.43388373911755823,-0.900968867902419,1
2026-04-30T10:00:00+00:00,2026-04-30T11:00:00+00:00,6.631710185426638e-05,0.002375202180222953,0.0007521092239561268,0.003961078863488482,6.631710185426638e-05,0.0016489759108047988,0.0022457902484957744,5283.3923,-0.1402575081734968,-0.000360148456827152,-0.007426051375006851,-0.01918369787786699,-0.007068448609038406,-3.790892673542022e-05,-0.0003030122934753571,-0.00019276381864326042,0.4763309670513482,0.000638723708219473,-0.04733806589730363,-9.01489702614299,-11.374222361396594,2.3593253352536045,0.5616451435871923,0.00760444171459373,-0.03554462018823815,-0.004006851275367511,0.0026640070921986783,0.0007558021543515871,0.49999999999999994,-0.8660254037844387,0.43388373911755823,-0.900968867902419,0
2026-04-30T11:00:00+00:00,2026-04-30T12:00:00+00:00,-0.0016931843802637397,-0.0016269795654904773,0.0006779961447276916,0.00957851012762475,-0.001688770999115899,0.005181163591919076,0.0027057187646687478,9303.8333,0.7609582578223464,-0.0018575887608632197,-0.008752663864253593,-0.02064127489251547,-0.006907907154080881,-0.0001954974323190495,-0.00035712400317948587,-0.00020740697234352816,0.46089200407026354,-0.015438962981084643,-0.07821599185947292,-8.315536287141185,-10.762485146545512,2.4469488594043263,0.08762352415072172,0.0077574229068404586,0.018390100180712323,-0.0033366582220378093,0.0006203528921736439,0.0006818646915460076,0.258819045102521,-0.9659258262890682,0.43388373911755823,-0.900968867902419,1
2026-04-30T12:00:00+00:00,2026-04-30T13:00:00+00:00,0.0032194067789104424,0.0015207713493749363,0.0015871893043776762,0.005884040698316177,0.0032194067789104424,0.002480743340175394,0.00019422189851908212,6154.9815,-0.3384467131413458,0.0012265519042465505,-0.005344505574727418,-0.017317321073341795,-0.0065630076094929605,0.00012912739849500656,-0.0002180955086556689,-0.00017401314202904525,0.4943919140717621,0.033499910001498566,-0.011216171856475797,-7.092897117984194,-10.028567540833247,2.9356704228490536,0.4887215634447273,0.007600493890428494,-0.017075249918532782,-0.00362844702467344,0.005941200761965504,0.001592539500500969,1.2246467991473532e-16,-1.0,0.43388373911755823,-0.900968867902419,0
2026-04-30T13:00:00+00:00,2026-04-30T14:00:00+00:00,-0.000684190778873834,0.0025330133116050336,0.0008355400727670843,0.007871372410442229,-0.0006886018733502006,0.0031361809267193377,0.004046115111091615,10742.9268,0.7454035889466117,0.0004899231456798442,-0.0057901316953504,-0.017813850582183648,-0.00627697960343756,5.1573517130430324e-05,-0.0002362760663596659,-0.00017900162687390235,0.487437370063859,-0.00695454400790311,-0.025125259872282014,-6.177804924280281,-9.258415017522655,3.080610093242374,0.14493967039332034,0.007624674408035631,0.0024950728148240616,-0.0031571021588942976,0.0027283921089232195,0.0008420316197728689,-0.25881904510252035,-0.9659258262890684,0.43388373911755823,-0.900968867902419,0
2026-04-30T14:00:00+00:00,2026-04-30T15:00:00+00:00,-0.0008348425283801725,-0.001518462115694277,0.0016960561159873801,0.011162638538291164,-0.0008348425283801725,0.003169747260180137,0.007157351205343943,14497.1911,0.34946382581700186,-0.00031245024914606037,-0.006362178734007795,-0.01845183136820314,-0.006051619314824388,-3.288841822638812e-05,-0.00025961334806067334,-0.0001854111577164322,0.4785967678206871,-0.008840602243171887,-0.04280646435862579,-5.54121924631545,-8.514975863281213,2.9737566169657637,-0.10685347627661024,0.007883301801134333,0.033056634815176865,-0.004642341676347259,0.0032243185467062444,0.001700373471656436,-0.5000000000000001,-0.8660254037844386,0.43388373911755823,-0.900968867902419,1
2026-04-30T15:00:00+00:00,2026-04-30T16:00:00+00:00,0.0016312925230213835,0.000795088122266764,0.00011035335143128298,0.007715054949905115,0.0016357206012377623,0.004162069117712094,0.0019199364434832101,6476.8828,-0.5532318808986383,0.0011926273517763517,-0.004556179972647111,-0.016685768798531984,-0.005741959306701504,0.00012555548344000714,-0.00018593195237590288,-0.00016766805153966424,0.4977495814204112,0.019152813599724112,-0.004500837159177564,-4.684963011484797,-7.74897329292193,3.064010281437133,0.09025366447136918,0.00785936221519021,-0.0014104073911222125,-0.002364524211054853,0.008852000605569304,0.00011225921576737692,-0.7071067811865475,-0.7071067811865477,0.43388373911755823,-0.900968867902419,0
2026-04-30T16:00:00+00:00,2026-04-30T17:00:00+00:00,-0.0037339453590501995,-0.0021087439931744053,-0.0029418260523876093,0.0050326947954137235,-0.0037339453590501995,0.0006468076057486295,0.0006379472275874962,3880.3064,-0.40089908682615044,-0.002303875396165049,-0.007951256680665778,-0.020158932530548113,-0.0056604221919206,-0.0002424544012036654,-0.00032443579626013127,-0.00020256129759818882,0.45635964346366004,-0.041389937956751194,-0.08728071307267996,-4.635588890047529,-7.12629641234705,2.4907075222995205,-0.5733027591376123,0.007684809787377304,-0.025860506500239924,-0.007863286933054518,-0.0001816047660178988,-0.0029374953644089887,-0.8660254037844384,-0.5000000000000004,0.43388373911755823,-0.900968867902419,1
2026-04-30T17:00:00+00:00,2026-04-30T18:00:00+00:00,0.00039871701724233623,-0.0033367171293639695,-0.001710867768047155,0.00391915470254276,0.00039871701724233623,0.0010318226504999368,0.0024887739466994477,4889.144,0.25998915961894153,-0.0017248589485512238,-0.0072615592302867574,-0.019575404648956928,-0.0055462668096732505,-0.00018153114030934923,-0.00029630235155965034,-0.00019669903704238594,0.46148984702131074,0.005130203557650716,-0.07702030595737852,-4.472283365957992,-6.595493803069238,2.123210437111246,-0.3674970851882744,0.007412990355462397,-0.03498638924715533,-0.003978545845904119,0.0010373260040782385,-0.0017039358187864798,-0.9659258262890683,-0.25881904510252063,0.43388373911755823,-0.900968867902419,1
2026-04-30T18:00:00+00:00,2026-04-30T19:00:00+00:00,0.0007528319767597549,0.0011518491609223494,-0.002586397139956602,0.0047525488530160455,0.0007572637536368749,0.0024116751628433064,0.0015841829510053486,4110.2594,-0.15930899151262476,-0.0008807094737372924,-0.006260334656020999,-0.018653370057255,-0.005384367245526923,-9.269766673933686e-05,-0.0002554585877457411,-0.0001874359170425355,0.4716324663994541,0.010142619378143394,-0.05673506720109174,-4.157758714708962,-6.107946785397183,1.9501880706882213,-0.17302236642302482,0.007217780605728405,-0.025600461432264385,-0.0002787031015672203,0.003650704825858828,-0.0025823963650481083,-1.0,-1.8369701987210297e-16,0.43388373911755823,-0.900968867902419,1
2026-04-30T19:00:00+00:00,2026-04-30T20:00:00+00:00,0.0009513947890114504,0.0017049430061908957,0.0021043398132232286,0.003961113886445137,0.0009513947890114504,0.0022546518773294156,0.0007559715118104132,4771.3788,0.16084615000211436,6.319485793050266e-05,-0.005107533175227389,-0.01754650006806715,-0.005170401290382902,6.652134559010305e-06,-0.00020842729085402567,-0.00017631564166484555,0.4848474404920073,0.013214974092553148,-0.03030511901598544,-3.6924444299447714,-5.6248463143067005,1.932401884361929,-0.017786186326292253,0.006978791153322034,-0.03219131746469214,-0.0014567671247390761,0.0032999933467874297,0.0021029437830135415,-0.9659258262890684,0.2588190451025203,0.43388373911755823,-0.900968867902419,1
2026-04-30T20:00:00+00:00,2026-04-30T21:00:00+00:00,0.0010389082179852096,0.0019912914188615124,0.0027456225034764334,0.0029854173843151728,0.0010433337164785397,0.0013160567759258849,0.0006271143026224298,3286.6466,-0.3111746650674644,0.0009970956155558167,-0.003914794642437919,-0.016364075866495794,-0.0049069975122886895,0.00010496845043543293,-0.0001597620084483747,-0.0001644360303800644,0.4995800241390231,0.014732583647015787,-0.0008399517219538666,-3.098338429859268,-5.119544737417214,2.0212063075579456,0.08880442319601656,0.006686824713720996,-0.040840804115201516,-0.0012130087468958002,0.002750063105312819,0.002743134983756415,-0.8660254037844386,0.5000000000000001,0.43388373911755823,-0.900968867902419,0
2026-04-30T21:00:00+00:00,2026-04-30T22:00:00+00:00,-0.0035551198141622643,-0.0025199050393679098,-0.001570907674879718,0.004720137925532663,-0.0035551198141622643,0.0001373936860952916,0.001014940455349252,3541.8404,0.07764564647747647,-0.0023181755809575195,-0.007165700051214727,-0.019667284036076566,-0.004858787993937803,-0.00024395895171302174,-0.00029239203500395204,-0.00019762208388359763,0.451903810374996,-0.04767621376402708,-0.09619237925000804,-3.239727308084184,-4.743581251550608,1.5038539434664235,-0.5173523640915221,0.006568500273187752,-0.02118737249281746,-0.004864774270945521,-0.0018889124818628933,-0.0015648168071656044,-0.7071067811865477,0.7071067811865474,0.43388373911755823,-0.900968867902419,0
2026-04-30T22:00:00+00:00,2026-04-30T23:00:00+00:00,-0.000904139095594965,-0.004456044586943721,-0.0034217657902995955,0.003956970167461494,-0.000904139095594965,0.0022402129311301683,0.0008117999334589896,2399.1525,-0.3226254633043318,-0.002914425043637861,-0.007749600650007724,-0.020353289858286588,-0.004849308552660062,-0.00030668749746460785,-0.0003162102100879953,-0.00020451384250019458,0.4404329635687866,-0.011470846806209422,-0.11913407286242687,-3.4763171436384255,-4.490128429968172,1.0138112863297462,-0.4900426571366774,0.006387482034191935,-0.028437756482681598,-0.004592321109222215,0.00011091393078970719,-0.00342035069177202,-0.5000000000000004,0.8660254037844384,0.43388373911755823,-0.900968867902419,1
2026-04-30T23:00:00+00:00,2026-05-01T00:00:00+00:00,0.001446157258511797,0.000540710635601033,-0.003016331469655585,0.002219259272384272,0.001446157258511797,0.0006644488839473579,0.00011074148065789298,2268.5533,-0.054435555889006684,-0.0013324329289254235,-0.006068519946451507,-0.018751676366213107,-0.004742405955383369,-0.0001402364287674107,-0.0002476333542245138,-0.0001884235488323157,0.46385392523814206,0.023420961669355478,-0.07229214952371592,-3.3620064205697417,-4.264504028088486,0.9024976075187441,-0.11131367881100207,0.006081186727301426,-0.046575622909300625,-0.0016936860445576193,0.0022597916907149402,-0.0030131016512454324,-0.2588190451025207,0.9659258262890683,0.43388373911755823,-0.900968867902419,1
2026-05-01T00:00:00+00:00,2026-05-01T01:00:00+00:00,0.0011029851473525175,0.002550737495841189,0.0016442921787536337,0.0038893805309734354,0.0011029851473525175,0.002654867256637168,0.0001327433628319389,3813.1405,0.6808688162627697,-0.0002089298934225726,-0.004778170634259326,-0.017496635537473614,-0.004570195591314567,-2.1992136695557545e-05,-0.00019498934456721708,-0.00017581466705853687,0.48169831305817934,0.017844387820037326,-0.036603373883641266,-3.035500795138887,-4.018703381498566,0.9832025863596794,0.0807049788409353,0.005918407649612931,-0.02569418913803566,0.0004382450719562028,0.0026619343389529724,0.0016450033102693492,0.0,1.0,-0.433883739117558,-0.9009688679024191,1
2026-05-01T01:00:00+00:00,2026-05-01T02:00:00+00:00,0.003429203539823009,0.0045359710477472,0.005988688033714096,0.004656597949509402,0.003429203539823009,0.0012391136589129954,0.0,4214.4302,0.10523863466347484,0.002912039786900507,-0.0013118794244283635,-0.013988826493973703,-0.004211654705258471,0.00030662449364469817,-5.354323192511368e-05,-0.0001405714579320153,0.5337165428869295,0.05201822982875015,0.06743308577385904,-2.1268653245579117,-3.6403357701104353,1.5134704455525236,0.5302678591928442,0.005809497039092488,-0.015035913032319588,0.0007722859664607238,0.004669481350871192,0.005978345945687323,0.25881904510252074,0.9659258262890683,-0.433883739117558,-0.9009688679024191,0
2026-05-01T02:00:00+00:00,2026-05-01T03:00:00+00:00,-0.0003571822290816648,0.003070796460177015,0.00417716865041565,0.002205616381553989,-0.0003571822290816648,0.000992527371699295,0.0008557791560429718,3090.6762,-0.2666443496916855,0.0023100348731206147,-0.00160326296055093,-0.014200341865438733,-0.003904278813458071,0.00024322070751973198,-6.543502248987543e-05,-0.00014269663843612205,0.5277548014078817,-0.0059617414790478305,0.05550960281576337,-1.4553490404891818,-3.2033384241861844,1.7479893836970026,0.234518938144479,0.0055540045119105135,-0.044319898463032775,-0.001594320343879876,0.003070796460177015,0.004175006458093862,0.49999999999999994,0.8660254037844387,-0.433883739117558,-0.9009688679024191,1
2026-05-01T03:00:00+00:00,2026-05-01T04:00:00+00:00,0.007027093791630937,0.006667401609524812,0.010119469026548625,0.012593796405401973,0.007027093791630937,0.005313486970348775,0.00030225111372967126,15806.4467,4.114235745562735,0.008455033450676802,0.005199203548875351,-0.007201187837668031,-0.003228532551085426,0.0008907963329968772,0.00021225743340717125,-7.236850953210033e-05,0.6181037847592593,0.09034898335137762,0.2362075695185186,0.3581221113081483,-2.491046317087318,2.8491684283954664,1.1011790446984637,0.006020858920287541,0.09167503332490451,0.005669603524229027,0.007889624724061762,0.01009911510237228,0.7071067811865475,0.7071067811865476,-0.433883739117558,-0.9009688679024191,0
2026-05-01T04:00:00+00:00,2026-05-01T05:00:00+00:00,-0.0012046240039949713,0.005814004781776243,0.005454745893506732,0.0036533164921144184,-0.0012046240039949713,0.0013244916934196367,0.0011227479255477542,5118.5153,-0.676175462003108,0.0065461652613565706,0.003831312657647749,-0.0083142782026744,-0.002697196310915249,0.0006895451724221491,0.00015640456703859014,-8.355360316360895e-05,0.5968742647842634,-0.02122951997499584,0.19374852956852692,1.5554784597384241,-1.6817413617221697,3.237219821460594,0.3880513930651275,0.005858491678496827,-0.02813959332661875,-0.006483660130719002,0.006120242691671215,0.005465287558554301,0.8660254037844386,0.5000000000000001,-0.433883739117558,-0.9009688679024191,1
2026-05-01T05:00:00+00:00,2026-05-01T06:00:00+00:00,0.0013771205024298403,0.00017083758602124845,0.007199131869392293,0.0037096081917958527,0.0013815122954594695,0.00152851624431724,0.0008014855951577688,3488.1717,-0.31851884862002855,0.007171425714862049,0.005008226171648308,-0.00687994277225994,-0.002147796778168486,0.0007554572021123636,0.00020445918977607668,-6.914037276832644e-05,0.613209890326862,0.016335625542598608,0.22641978065372415,2.7263362431549467,-0.8001258407467464,3.526462083901693,0.2892422624410993,0.005697518729412713,-0.026137577320610148,-0.0011505365525023752,0.0025026783048526812,0.007199590290065806,0.9659258262890683,0.25881904510252074,-0.433883739117558,-0.9009688679024191,0
2026-05-01T06:00:00+00:00,2026-05-01T07:00:00+00:00,-0.0025446072720585475,-0.0011709910004736913,-0.0023742044006010298,0.006397505982568096,-0.0025446072720585475,0.0014928977584577649,0.002353509407451173,8129.9831,1.3307290463941326,0.004167829246156809,0.0023545358875656816,-0.009314312713311979,-0.0018057672291218413,0.0004389114267407843,9.611274238638704e-05,-9.36024208150636e-05,0.5673944859395111,-0.0458154043873509,0.13478897187902233,3.149129819983955,-0.010274708600606086,3.159404528584561,-0.36705755531713224,0.005761014542691702,0.008571502104435382,-0.004066907182682927,-0.0003643099180084897,-0.0023721107736236783,1.0,6.123233995736766e-17,-0.433883739117558,-0.9009688679024191,1
2026-05-01T07:00:00+00:00,2026-05-01T08:00:00+00:00,0.0008913477793146723,-0.0016555276227850529,-0.00028068698138688874,0.003492024496815079,0.000886953009053938,0.0007106884026180931,0.0018951690736484477,6175.1967,-0.24044163142233343,0.004578504155298001,0.003120213091946431,-0.008348074366446263,-0.0014516447020512123,0.0004821801915061911,0.00012737185792996281,-8.389320622833126e-05,0.5792237620419669,0.01182927610245578,0.1584475240839339,3.6064281514600225,0.7130658634115197,2.893362288048503,-0.26604224053605785,0.005594179794555019,-0.028093730227610098,-0.00313995084533767,0.003252512004365968,-0.000276138990314035,0.9659258262890683,-0.25881904510252085,-0.433883739117558,-0.9009688679024191,1
2026-05-01T08:00:00+00:00,2026-05-01T09:00:00+00:00,0.00326390229350556,0.004158159344881449,0.0016029711903155375,0.0048361989050775475,0.0032550998025883187,0.0006908855578681926,0.0009007748412712055,5887.1033,-0.0466533155130104,0.0071037153229876115,0.00614200246556434,-0.005060816870373602,-0.0009549293114412162,0.0007483190703824916,0.000250756841416444,-5.0859894248939576e-05,0.620212825320404,0.04098906327843707,0.24042565064080804,4.5171156971869095,1.4738758301665977,3.043239867020312,0.14987757897180876,0.005523138808503501,-0.009476635105417122,0.002551400640042157,0.006062099122799388,0.001610642800761685,0.8660254037844387,-0.4999999999999998,-0.433883739117558,-0.9009688679024191,0
2026-05-01T09:00:00+00:00,2026-05-01T10:00:00+00:00,-0.0021207563010511555,0.0011362240510994373,0.002028584601198861,0.0031681762610261816,-0.0021251197019583777,7.44937710061798e-05,0.0009640370365502692,3605.4989,-0.3875597698447044,0.004492635419720526,0.0038504301271439887,-0.007099995362621269,-0.0006393330024845789,0.00047313274027663396,0.00015718511663066536,-7.13516458921268e-05,0.5805135452380487,-0.03969928008235542,0.1610270904760972,4.792245646719948,2.137549793477268,2.6546958532426803,-0.3885440137776315,0.00536582688559249,-0.030542693192729634,-0.0028097006772994696,0.0020329844035408655,0.0020344937717690767,0.7071067811865476,-0.7071067811865475,-0.433883739117558,-0.9009688679024191,1
2026-05-01T10:00:00+00:00,2026-05-01T11:00:00+00:00,0.00020157138036959267,-0.0019196124044565934,0.0013380244617194194,0.00386413322059301,0.00019718852976244165,0.0014676696472773233,0.0021993139192036824,3877.8737,0.07554427488523156,0.004246060185233644,0.0038932264273604843,-0.006831668893218077,-0.0003513419388551833,0.00044715356064896854,0.00015893245662853043,-6.865527500607576e-05,0.5832383189837761,0.0027247737457275177,0.16647663796755224,4.989885970180694,2.7080170288179533,2.281868941362741,-0.37282691187993944,0.005257558914589539,-0.019979809241148165,-0.001998163613309304,0.0011667331909276887,0.0013447173728239972,0.49999999999999994,-0.8660254037844387,-0.433883739117558,-0.9009688679024191,1
2026-05-01T11:00:00+00:00,2026-05-01T12:00:00+00:00,0.001717392542485583,0.0019193101000406008,-0.000205516589998887,0.004937785650243812,0.001717392542485583,0.002864702923746499,0.00035863456449962335,5323.843,0.3728768422757037,0.005399032391737622,0.005395830062311094,-0.0050752628072949744,-3.1851327914164144e-06,0.0005686423695063897,0.0002202864771716872,-5.1005064755600855e-05,0.6066842131952147,0.023445894211438584,0.2133684263904294,5.400574132776001,3.2465284496095625,2.154045683166438,-0.1278232581963028,0.005226347998648398,-0.0042291917646659965,0.000249356921623055,0.004123738504914176,-0.00020179237819597986,0.258819045102521,-0.9659258262890682,-0.433883739117558,-0.9009688679024191,1
2026-05-01T12:00:00+00:00,2026-05-01T13:00:00+00:00,0.0065210260447419845,0.008249617748726162,0.008452852015932887,0.011879931866374531,0.006516623951435884,0.0044017450550977045,0.0010037543018041268,21967.8914,3.1263221699062127,0.010804367120026435,0.011477955103966491,0.0013985912661418029,0.0006663880824528242,0.001138596730221127,0.00046870754727144746,1.4056391208948278e-05,0.6803450590484461,0.07366084585323136,0.36069011809689216,6.850195067769164,3.967261773241483,2.882933294527681,0.7288876113612428,0.005670162238217677,0.09199339870344404,0.0036458787614479403,0.008611962081070816,0.00843998996759716,1.2246467991473532e-16,-1.0,-0.433883739117558,-0.9009688679024191,1
2026-05-01T13:00:00+00:00,2026-05-01T14:00:00+00:00,0.007326102826154827,0.013894902578232624,0.015636158122784627,0.00976180000172551,0.007321725754659142,0.002493292267343134,0.0,20286.2201,-0.0765513298194838,0.016446851010568975,0.01813400291081782,0.008647273910378651,0.0016598525526164507,0.0017342498905403147,0.0007407116317430378,8.6914829012153e-05,0.7397085949513627,0.0593635359029166,0.47941718990272536,9.252830329456174,5.0243754844844215,4.228454844971752,1.3455215504440714,0.005924437696381587,0.05249911473579287,0.002911541905870248,0.014915833023225142,0.015564521413382394,-0.25881904510252035,-0.9659258262890684,-0.433883739117558,-0.9009688679024191,0
2026-05-01T14:00:00+00:00,2026-05-01T15:00:00+00:00,-0.0043913002217217684,0.0029026314874682083,0.00944258566773826,0.010337775775116605,-0.0043913002217217684,0.0030588724632157156,0.0028682345193323734,20163.371,-0.006055790551143604,0.010829698818025112,0.013120234229160517,0.004175855493164317,0.0022659953638221693,0.0011412693074626828,0.0005358066995331323,4.1970158336394526e-05,0.6600078580638702,-0.07970073688749252,0.32001571612774027,10.217711741553103,6.063042735898158,4.154669005654945,-0.07378583931680716,0.006263940382147825,0.05266252410212957,-0.006867469879518088,0.0028982736370075533,0.009455828649175043,-0.5000000000000001,-0.8660254037844386,-0.433883739117558,-0.9009688679024191,0
2026-05-01T15:00:00+00:00,2026-05-01T16:00:00+00:00,-0.00017330722171196813,-0.0045638463993926065,0.0027288212187574932,0.007787176509334125,-0.00016897527328515113,0.0037744188868279204,0.003843753791752566,12397.242,-0.3851602492460214,0.00963002730281712,0.01243070947418511,0.003961847658226817,0.002773968776314916,0.0010147156886951632,0.000507633457886607,3.981914990593307e-05,0.6570123389550355,-0.002995519108834657,0.314024677910071,10.825322970500565,7.015498782818639,3.809824187681926,-0.34484481797301925,0.006373751181632746,0.01735428113038244,-0.0075861831693388865,0.002702679215440815,0.00276149538272109,-0.7071067811865475,-0.7071067811865477,-0.433883739117558,-0.9009688679024191,0
2026-05-01T16:00:00+00:00,2026-05-01T17:00:00+00:00,-0.002470055987935648,-0.002642935131106874,-0.0070226294312014164,0.006968035656880702,-0.002470055987935648,0.0028541143557174226,0.0016377490290798117,14505.2002,0.17003444798447906,0.006452162852705142,0.009536825442680325,0.0014672377231736095,0.0030648874371057666,0.0006796366293597304,0.0003894097622696967,1.474632522142436e-05,0.6142310097361857,-0.04278132921884982,0.22846201947237132,10.723305295510272,7.757060085356966,2.966245210153306,-0.8435789775286198,0.00643085525681378,0.006467071191165591,-0.006388286989476475,0.0013789983338916346,-0.007034663431369385,-0.8660254037844384,-0.5000000000000004,-0.433883739117558,-0.9009688679024191,1
2026-05-01T17:00:00+00:00,2026-05-01T18:00:00+00:00,0.004265966966993129,0.001785373801806324,0.0016117571619210477,0.0064107000726719736,0.004261604292013468,0.0007656504135377295,0.0014015295705435604,5191.8702,-0.6420683528380393,0.009712319317922009,0.013293378044748425,0.0056820302889168854,0.0035466128899422395,0.0010233956698375208,0.0005428814192933455,5.710909331166831e-05,0.6558122528876221,0.04158124315143645,0.31162450577524425,11.304535831680369,8.466555234621646,2.8379805970587224,-0.1282646130945837,0.006404049553720017,7.988995815897718e-05,-0.00105867661102485,0.005913400662266127,0.0016226037573455131,-0.9659258262890683,-0.25881904510252063,-0.433883739117558,-0.9009688679024191,0
2026-05-01T18:00:00+00:00,2026-05-01T19:00:00+00:00,-0.003027995985742464,0.0012250536503992996,-0.0012480282886410596,0.003926656137732424,-0.003027995985742464,0.0003210746455161412,0.0005683888994951319,3781.9625,-0.27156066035703286,0.006017299317742961,0.009820206522486944,0.0026105235398328898,0.0037801608454675916,0.0006338013779306603,0.0004009854809273378,2.6237105853376733e-05,0.6056941344035652,-0.05011811848405685,0.21138826880713055,11.072684703817231,8.987781128460764,2.084903575356467,-0.7530770217022553,0.006245153903598311,-0.027764611997554166,-0.003790744014557832,0.002631910941354143,-0.0012320850066849828,-1.0,-1.8369701987210297e-16,-0.433883739117558,-0.9009688679024191,1
2026-05-01T19:00:00+00:00,2026-05-01T20:00:00+00:00,3.904961904913777e-05,-0.0029890646087830522,0.0012641511073268003,0.0024470139054603673,3.4710621884147766e-05,0.0012972644640650093,0.001115040024296663,2921.4709,-0.22752515393793574,0.005476607391728866,0.009469325744071179,0.002623241010919266,0.003970970903738557,0.0005768175152416446,0.0003866525339944265,2.6364926356442577e-05,0.6061109253912402,0.0004167909876749576,0.21222185078248046,10.772030005874967,9.344630903943605,1.4273991019313623,-0.6575044734251048,0.005973631746755894,-0.04343990444207561,-0.0033081081081081476,0.0006077839762096382,0.0012770206002998027,-0.9659258262890684,0.2588190451025203,-0.433883739117558,-0.9009688679024191,0
2026-05-01T20:00:00+00:00,2026-05-01T21:00:00+00:00,-0.008529839252011999,-0.008491122719936203,-0.011493407620168252,0.011762698068869594,-0.008529839252011999,0.00044197637833187533,0.002717498326178583,9002.0365,2.0813370415567034,-0.002805541735089222,0.0008250117983679525,-0.005870325616907774,0.0036407678596351526,-0.0002952329943790447,3.3675084926984694e-05,-5.899476681830261e-05,0.48540802155020046,-0.12070290384103977,-0.029183956899599083,8.845397065825182,9.24478413631992,-0.399387070494738,-1.8267861724261003,0.006434858080248228,0.06802194137242831,-0.009814371880199705,-0.00738858483189982,-0.011518785618705325,-0.8660254037844386,0.5000000000000001,-0.433883739117558,-0.9009688679024191,1
2026-05-01T21:00:00+00:00,2026-05-01T22:00:00+00:00,0.00327762680564845,-0.005280170076143816,-0.005241326645724666,0.0046539421114154935,0.0032820171715138417,0.0006847881082402096,0.0006978732313274897,6643.5401,-0.2619958717119176,0.0004187863704686828,0.0039437139404103405,-0.0025860173087848006,0.003523451996268619,4.4084719215697814e-05,0.00016099383077661572,-2.598944823737235e-05,0.5242769682116143,0.0388689466614138,0.04855393642322852,7.832617445377764,8.962350798131489,-1.1297333527537248,-0.7303462822589868,0.006288129219118234,-0.019599300974663496,-0.005715871735491439,0.006011461267760058,-0.005213162827314412,-0.7071067811865477,0.7071067811865474,-0.433883739117558,-0.9009688679024191,1
2026-05-01T22:00:00+00:00,2026-05-01T23:00:00+00:00,0.00035766003105543024,0.0036364591128089764,-0.004924398550881797,0.003640723784608637,0.0003620233177910154,0.002550686723348554,0.000728144756921767,3376.5372,-0.49175633033358224,0.0007025826791752244,0.004133350386347232,-0.00220714923918559,0.003428359001519545,7.396154139724524e-05,0.00016873664628681888,-2.218191236575189e-05,0.528476106546111,0.004199138334496695,0.05695221309222191,7.015281646504263,8.572936967806044,-1.5576553213017803,-0.42792196854805553,0.006096941208855579,-0.030057807575884436,-0.00032690421706440013,0.004344056262535174,-0.0048945524153081186,-0.5000000000000004,0.8660254037844384,-0.433883739117558,-0.9009688679024191,1
2026-05-01T23:00:00+00:00,2026-05-02T00:00:00+00:00,0.0009287115761936382,0.0012867037702602514,0.004568547910677036,0.0031494622391239086,0.0009287115761936382,0.00026136616092310564,0.0019602462069235895,2314.3336,-0.31458371019872083,0.0014762938010925222,0.004866271135284683,-0.0012677624519799367,0.003384980109040363,0.00015542350019384312,0.0001986627707017306,-1.274116883627874e-05,0.5398384207152299,0.011362314169118974,0.07967684143045986,6.464887141443796,8.151327002533595,-1.6864398610897986,-0.1287845397880183,0.005881154025338627,-0.03449685350200752,-0.0016178485224084198,0.0020209515495417324,0.004563998412897518,-0.2588190451025207,0.9659258262890683,-0.433883739117558,-0.9009688679024191,1
2026-05-02T00:00:00+00:00,2026-05-02T01:00:00+00:00,0.0008581522283642398,0.0017876607804664963,0.0021459601863321846,0.002781162952646382,0.0008581522283642398,0.0007399025069639071,0.0011838440111421721,2566.8116,0.10909317481282736,0.0021127940766830435,0.005502712220016628,-0.00040661326961006827,0.0033827710447075516,0.00022244884897836025,0.000224650955492835,-4.086548823810506e-06,0.5506240192424758,0.010785598527245881,0.10124803848495162,6.117143444983867,7.7444902910236495,-1.6273468460397824,0.059093015050016184,0.005655043679039177,-0.03762143569297952,0.0005966301285149531,0.003757099169943167,0.0021445238356133083,0.0,1.0,-0.9749279121818236,-0.2225209339563146,1
2026-05-02T01:00:00+00:00,2026-05-02T02:00:00+00:00,0.00044829387186638237,0.0013068308046157264,0.0022367560497057377,0.002218712885501324,0.0004526482096457434,0.0010223480942996084,0.0007439213792563554,2462.3989,-0.04067797574235673,0.002317466288694626,0.005718668262845403,4.1085384447215684e-05,0.0033933380276655167,0.0002440033429702296,0.00023346952643332893,4.1291860719293033e-07,0.5564773807982292,0.005853361555753409,0.11295476159645844,5.857148885706465,7.367022009960213,-1.5098731242537475,0.11747372178603488,0.005407238493005624,-0.0433915577103217,-0.0002913930326621462,0.002494646540858671,0.00223515767642426,0.25881904510252074,0.9659258262890683,-0.9749279121818236,-0.2225209339563146,1
2026-05-02T02:00:00+00:00,2026-05-02T03:00:00+00:00,0.0020359953537541216,0.0024852019498607402,0.0033454868598161882,0.005604977185007797,0.0020403546475711754,0.002183813728938007,0.0013849633787896786,3153.6124,0.28070736223931864,0.003941479262653459,0.007459473882481311,0.0020564535820820017,0.0035041829553766907,0.0004150647612424576,0.0003045610509260248,2.0668302366739637e-05,0.583052210073542,0.026574829275312836,0.16610442014708413,5.9600346425604585,7.085624536480262,-1.1255898939198037,0.38428323033394385,0.005411160709193914,0.0027628362000214138,0.001012612017488169,0.0032362318588078803,0.0033424414539847437,0.49999999999999994,0.8660254037844387,-0.9749279121818236,-0.2225209339563146,1
2026-05-02T03:00:00+00:00,2026-05-02T04:00:00+00:00,0.0004905983128628405,0.0025275925225025104,0.0029770194986073056,0.00318081616357984,0.0004905983128628405,0.0016923851347833273,0.0009980732846156667,2768.5377,-0.12210590622994764,0.004010031088917721,0.007639437924527873,0.002522642990236717,0.0036149109303955976,0.0004222867865325854,0.00031191105100573485,2.5353838682546923e-05,0.5894486665720291,0.006396456498487027,0.17889733314405817,6.062864968955637,6.881072622975337,-0.8182076540196999,0.3073822399001038,0.005249386508845487,-0.02942046424774119,-0.001689525806423703,0.003925190487185503,0.002974887538483344,0.7071067811865475,0.7071067811865476,-0.9749279121818236,-0.2225209339563146,0
2026-05-02T04:00:00+00:00,2026-05-02T05:00:00+00:00,-0.0013799448022078407,-0.0008900234879368072,0.001144159782131143,0.0023117770264984004,-0.0013756113225394644,0.00020858138584949903,0.0007256894049347195,2155.2825,-0.22150870475774995,0.0023740018691440286,0.006002423277730006,0.001127868801664536,0.003619827930313434,0.00024995739668108027,0.0002450569066534197,1.133549333285587e-05,0.5632607687395831,-0.026187897832446013,0.12652153747916614,5.820662347539383,6.668990567888146,-0.8483282203487637,-0.03012056632906379,0.005046292999852576,-0.040015555043340624,-0.003067139156276773,0.00010864794155609927,0.0011466488644091214,0.8660254037844386,0.5000000000000001,-0.9749279121818236,-0.2225209339563146,0
2026-05-02T05:00:00+00:00,2026-05-02T06:00:00+00:00,-0.0007778347513972424,-0.0021567061845829158,-0.0016671659481355726,0.0021309258220372916,-0.0007778347513972424,0.00011306953341411871,0.001239416039348158,2997.2267,0.3906421547987331,0.0014422614924303025,0.005014190483728011,0.0003456813571890707,0.0035667847549937935,0.00015184005110406552,0.00020470273070245736,3.474196564287794e-06,0.548488977975087,-0.014771790764496018,0.09697795595017411,5.4217781017282505,6.419548074656167,-0.9977699729279168,-0.14944175257915315,0.004841700136333582,-0.04128949828061242,-0.002360178922387449,-5.2183215268959076e-05,-0.0016671812407422425,0.9659258262890683,0.25881904510252074,-0.9749279121818236,-0.2225209339563146,1
2026-05-02T06:00:00+00:00,2026-05-02T07:00:00+00:00,0.002657134035234262,0.0018772324726452937,0.0004946971932442905,0.004016342959255269,0.0026614944378244854,0.0003339723627026526,0.0010279409085782714,2532.1671,-0.15516330479773185,0.0037109940132303647,0.007381064805772271,0.002973757135124981,0.003656501537227886,0.00039078360092992427,0.0003013587409864565,2.9887899643066735e-05,0.5881893086397316,0.039700330664644595,0.1763786172794633,5.534882717098753,6.242615003144684,-0.707732286045931,0.29003768688198583,0.004770831596215471,-0.012018877557233815,0.0017640515833014466,0.003901385514364604,0.0004993544816291788,1.0,6.123233995736766e-17,-0.9749279121818236,-0.2225209339563146,0
2026-05-02T07:00:00+00:00,2026-05-02T08:00:00+00:00,-0.0019778103557456022,0.000674068372277169,-0.00010429069292484832,0.0022381378692925905,-0.0019821390620189034,0.00024771623019343987,4.345898775222958e-06,2421.6891,-0.0436298220603214,0.0015612213065673744,0.005176242413660765,0.0009802041998032843,0.003609386056678077,0.00016436609667570378,0.00021131984720068947,9.851395539490471e-06,0.5493657231000639,-0.03882358553966767,0.09873144620012794,5.19666117396082,6.033424237307911,-0.8367630633470915,-0.12903077730116053,0.004598704079396829,-0.0379855959522109,-0.0023110109046761886,0.0017108602623318355,-9.851107190858273e-05,0.9659258262890683,-0.25881904510252085,-0.9749279121818236,-0.2225209339563146,1
2026-05-02T08:00:00+00:00,2026-05-02T09:00:00+00:00,0.0010125944146508624,-0.0009672186608142065,0.001687345344796892,0.002340069898191709,0.0010169447329649547,0.0004732237827512734,0.0008509345084333846,1949.3397,-0.19504956272049953,0.0023295493557936213,0.005949728013706811,0.0019739132857956934,0.0036117648733791315,0.0002452758671613422,0.00024290502990069742,1.9838718047264743e-05,0.5651594391178657,0.015793716017801742,0.13031887823573143,5.05832052137157,5.838403494120643,-0.7800829727490726,0.05668009059801893,0.0044330534342853995,-0.03504503816326468,-0.0012184757345543873,0.0010169447329649547,0.001691918094139522,0.8660254037844387,-0.4999999999999998,-0.9749279121818236,-0.2225209339563146,1
2026-05-02T09:00:00+00:00,2026-05-02T10:00:00+00:00,0.0007727874617405953,0.0017861643966589284,-0.00019517865352744996,0.0019261386559543516,0.0007771323382566028,0.0011496097833962036,0.0,2145.8369,0.10080192795539936,0.0028076749238903583,0.0064616003597275816,0.0027208062271149975,0.003643695124406126,0.0002956321013398923,0.0002638083666924651,2.7345533960034936e-05,0.5773463460541544,0.01218690693628865,0.15469269210830874,5.034283593885448,5.677579514073604,-0.6432959201881561,0.1367870525609165,0.004250809441865895,-0.04036924499860677,0.0002994219853847592,0.0026445705835018494,-0.00019242847935414462,0.7071067811865476,-0.7071067811865475,-0.9749279121818236,-0.2225209339563146,0
2026-05-02T10:00:00+00:00,2026-05-02T11:00:00+00:00,-0.0006897658700377616,8.24885492869319e-05,0.0010951664913820749,0.0015411062972642898,-0.0006897658700377616,0.0003603149934448402,0.0004905493284249933,2130.6777,-0.007064469811288827,0.001914065508341452,0.005539952851326824,0.002008932393122531,0.0036189604156776703,0.00020152118242999496,0.0002261716665997635,2.0190682963210814e-05,0.5621895291132804,-0.015156816940874052,0.12437905822656063,4.831242883246887,5.508312187908261,-0.6770693046613738,-0.03377338447321776,0.004059983726707232,-0.04555041951757351,-0.0018372635173197775,8.683042885540915e-05,0.001095616006353696,0.49999999999999994,-0.8660254037844387,-0.9749279121818236,-0.2225209339563146,0
2026-05-02T11:00:00+00:00,2026-05-02T12:00:00+00:00,-0.0006251248079043796,-0.001314459488185135,-0.000542687824255975,0.0020589896181746154,-0.0006251248079043796,0.0006298596933234082,0.0008036140914816512,2172.6055,0.01967815216726581,0.0011649589953887903,0.004717853666469258,0.0013687761880039765,0.0035487605106011627,0.00012264230196217763,0.00019260254437106846,1.3756733848115191e-05,0.5481541439050663,-0.014035385208213924,0.09630828781013279,4.5022367095757545,5.30709709224176,-0.8048603826660052,-0.1277910780046314,0.003919413761337447,-0.03522676389159641,-0.0016739232250343142,-0.00013464152779042198,-0.0005421032162015459,0.258819045102521,-0.9659258262890682,-0.9749279121818236,-0.2225209339563146,1
2026-05-02T12:00:00+00:00,2026-05-02T13:00:00+00:00,0.0006168281134616536,-8.682288998663714e-06,-0.0006984421702898002,0.001979579078974763,0.0006211746717112868,0.0010418837257762429,0.0003169062999236031,2299.2395,0.058286697700065664,0.0016124695050360976,0.005127201343805897,0.001966644071363483,0.003509073564655863,0.00016976244650564157,0.00020931732881212454,1.9765657722368588e-05,0.5598243397435033,0.011670195838436896,0.11964867948700658,4.306437152316903,5.106965104256789,-0.8005279519398858,0.004332430726119441,0.0037786106064902573,-0.035329875850624706,-0.0006377468015044751,0.0014215846103684303,-0.0006980625644804876,1.2246467991473532e-16,-1.0,-0.9749279121818236,-0.2225209339563146,1
2026-05-02T13:00:00+00:00,2026-05-02T14:00:00+00:00,0.001979579078974763,0.0025976282524651484,0.00197087960269844,0.0035960625281618174,0.0019752293219535786,0.0016247270458562963,0.0,4502.6289,0.9583122593361846,0.0032517233260882018,0.006835926949266351,0.003910657931217036,0.0035725865601261182,0.0003424038661817068,0.00027909529895267293,3.93046395801623e-05,0.5959170540397207,0.036092714296217424,0.19183410807944143,4.46771741768589,4.979115566942609,-0.5113981492567188,0.289129802683167,0.0037589488837788372,-0.003234148054622325,0.0009367194004995205,0.00292001251433926,0.001971282384532037,-0.25881904510252035,-0.9659258262890684,-0.9749279121818236,-0.2225209339563146,0
2026-05-02T14:00:00+00:00,2026-05-02T15:00:00+00:00,-0.0006022321583306786,0.0013761547544627669,0.001993831718865447,0.0014566326641205047,-0.0006022321583306786,0.00022109602937552003,0.0006329415742904492,2719.9575,-0.39591790476003913,0.0023947830523281346,0.005983818970296267,0.003273066752016069,0.003580461489473628,0.0002521459881333301,0.00024429717552526005,3.2896225362378686e-05,0.5802971417170376,-0.015619912322683121,0.16059428343407517,4.432279250465854,4.869748303647258,-0.4374690531814043,0.0739290960753145,0.003596601054688118,-0.04376590983092973,-0.002223346872391081,0.0013718076170051417,0.0019941750341057377,-0.5000000000000001,-0.8660254037844386,-0.9749279121818236,-0.2225209339563146,1
2026-05-02T15:00:00+00:00,2026-05-02T16:00:00+00:00,0.0010838040655658107,0.00048091920557351883,0.002461450302146312,0.00206998990988171,0.0010838040655658107,0.00039407757698580647,0.0005932816268907672,2150.0351,-0.20953356807964826,0.003148597504328138,0.006794807322161453,0.004316843639101046,0.0036347654045517253,0.0003315411993811155,0.0002774160126740396,4.338724557844372e-05,0.6005757034083838,0.020278561691346297,0.20115140681676777,4.553434199219282,4.806485482761663,-0.2530512835423808,0.18441776963902345,0.0034839417386585366,-0.03027397371946515,0.00025989889932812195,0.0017178329277339078,0.002461150986209895,-0.7071067811865475,-0.7071067811865477,-0.9749279121818236,-0.2225209339563146,1
2026-05-02T16:00:00+00:00,2026-05-02T17:00:00+00:00,5.196627388819926e-05,0.0011358266607129222,0.000532910471040873,0.002606839272336751,5.629704050793318e-05,0.00202224907006858,0.000528296330938592,3799.9258,0.7673784953557269,0.002895013727777023,0.006576845944149709,0.004325373228869888,0.0036712040303074752,0.00030483118086632505,0.0002685147724262883,4.3472977544986994e-05,0.6015708161429534,0.0009951127345695454,0.20314163228590687,4.606037829163597,4.76639595204205,-0.16035812287845275,0.09269316066392808,0.0034211234557201616,-0.01797977825082372,-0.0003419765378122002,0.0017307792410597147,0.0005335381811233314,-0.8660254037844384,-0.5000000000000004,-0.9749279121818236,-0.2225209339563146,0
2026-05-02T17:00:00+00:00,2026-05-02T18:00:00+00:00,-0.0014766315479514897,-0.0014247420091027432,-0.0003424820847187804,0.0019775358862049288,-0.0014766315479514897,0.0004076499414545533,9.107073160155964e-05,1534.3477,-0.5962164050676989,0.0012792581379368543,0.004889899097868441,0.0028139929763171473,0.0036060279193701047,0.0001346768867830817,0.0001996275614897915,2.8282136301928126e-05,0.5589548489649454,-0.042615967178008064,0.11790969792989074,4.322738247733469,4.677664411180333,-0.3549261634468648,-0.19456804056841204,0.00332270789520914,-0.030201183076559064,-0.003491819289708609,-0.0008925631293436392,-0.0003408612084974797,-0.9659258262890683,-0.25881904510252063,-0.9749279121818236,-0.2225209339563146,1
2026-05-02T18:00:00+00:00,2026-05-02T19:00:00+00:00,0.0019081486621276252,0.0004286994816634564,0.0004806880334663355,0.0032420032030473253,0.0019081486621276252,0.000549712158594114,0.0007877764792451905,3982.2935,1.5954309443680859,0.0028851762825756804,0.006538676859040176,0.004680251084784854,0.0036429899083831653,0.0003037950299779622,0.00026695601625158135,4.703991199377716e-05,0.5984801835556721,0.039525334590726754,0.19696036711134426,4.4025150628781375,4.622634541519894,-0.22011947864175685,0.13480668480510793,0.0033110671391568215,-0.001601930680754813,2.1642679363783962e-05,0.001999401480684796,0.0004834833880643348,-1.0,-1.8369701987210297e-16,-0.9749279121818236,-0.2225209339563146,1
2026-05-02T19:00:00+00:00,2026-05-02T20:00:00+00:00,0.00033761849110494103,0.0022464113795046775,0.0007664627096405341,0.0015663672395589468,0.0003332886062909228,0.0007399138065320267,0.0004932758710212856,1676.5247,-0.5790052390663822,0.0029158480165829563,0.006606975515466291,0.0049692567535115735,0.003680396023438153,0.00030702560595659143,0.00026974521287690507,4.994477328550742e-05,0.605234146795487,0.00675396323981488,0.21046829359097402,4.477069376021518,4.593521508420219,-0.11645213239870067,0.10366734624305618,0.0031854080389972887,-0.03762643349345635,-0.00021197714107737878,0.0030380889552446095,0.0007691356052810768,-0.9659258262890684,0.2588190451025203,-0.9749279121818236,-0.2225209339563146,1
2026-05-02T20:00:00+00:00,2026-05-02T21:00:00+00:00,0.00021634906623743013,0.0005540406007876663,0.0024632464547464485,0.0009733602124953495,0.00021634906623743013,0.00011247718011066815,0.0006445807629412703,1484.9442,-0.11427239932701262,0.0028336179084707653,0.006555362122980359,0.005134807147439083,0.0037112280123513764,0.00029836456417300553,0.0002676374115563781,5.160876531144481e-05,0.6097655983981108,0.004531451602623875,0.21953119679622177,4.524346181179226,4.5796864429720205,-0.05534026179279472,0.06111187060590595,0.0030267648269012076,-0.04959753112250976,-0.0005231776339399757,0.0010436650398194392,0.0024621162194699963,-0.8660254037844386,0.5000000000000001,-0.9749279121818236,-0.2225209339563146,1
2026-05-02T21:00:00+00:00,2026-05-02T22:00:00+00:00,0.0060737677259709655,0.006291430846184452,0.006631173440678573,0.014108065806107595,0.006069415424015394,0.0077312716608904375,0.0003439942896948693,17150.5457,10.549623009403316,0.008067777511504124,0.012166079831165778,0.01112667967609447,0.0040655027480182345,0.0008499615591849742,0.0004968213959156162,0.00011183843282921107,0.7103194807823967,0.10055388238428577,0.4206389615647933,5.629826912499993,4.789714536877615,0.8401123756223781,0.8954526374151728,0.003801318649938749,0.26352960840578243,0.005960620112118375,0.0069406258253628325,0.006627735283313336,-0.7071067811865477,0.7071067811865474,-0.9749279121818236,-0.2225209339563146,1
2026-05-02T22:00:00+00:00,2026-05-02T23:00:00+00:00,0.0005933901497235615,0.006670761989634827,0.006888554268999807,0.004503652771809205,0.0005933901497235615,0.0005844434894714772,0.0033261710356681487,8792.7486,-0.4873196017313897,0.0078341601932534,0.01225989676166275,0.01160863444773975,0.004391334153191145,0.0008253290477078837,0.0005006544789341574,0.00011668330634766386,0.7180108274412415,0.007691346658844793,0.4360216548824829,6.5418721930223,5.140146068106552,1.401726124915748,0.5616137492933699,0.0038493920689642454,0.013247405702875083,-0.007083119986345754,0.007014916976445301,0.006883506941931957,-0.5000000000000004,0.8660254037844384,-0.9749279121818236,-0.2225209339563146,0
2026-05-02T23:00:00+00:00,2026-05-03T00:00:00+00:00,-0.004310270734851827,-0.0037194382573249676,0.0023317384645999157,0.005615092124628185,-0.004305991860729949,0.0,0.001290478512885269,6039.0954,-0.313173198196523,0.0031566802682668877,0.007584755975283323,0.007175687165654389,0.00441414167309564,0.0003323925816178541,0.00030967774716031415,7.212266025430862e-05,0.5944678655378387,-0.1235429619034027,0.18893573107567746,6.3817723735678555,5.388471329198813,0.9933010443690424,-0.40842508054670557,0.003991295265498764,0.032394630404857565,-0.004891855211393567,-0.0003926001346058938,0.0023568871408427006,-0.2588190451025207,0.9659258262890683,-0.9749279121818236,-0.2225209339563146,0
2026-05-03T00:00:00+00:00,2026-05-03T01:00:00+00:00,-0.001290478512885269,-0.005595186935969051,-0.005005116915059156,0.003798649945116191,-0.001290478512885269,0.00031115221393454334,0.0021953517316484704,5842.4001,-0.0325703250192074,0.0016844838556957429,0.006036551217766254,0.005817141320915792,0.004344748703023213,0.0001773455359354654,0.0002464505685405762,5.8467150076239895e-05,0.5633492902029037,-0.031118575334935058,0.12669858040580734,5.945092772871703,5.499795617933391,0.445297154938312,-0.5480038894307304,0.0039823238405238305,-0.003535325598297192,-0.005590913583642287,0.0,-0.005007359098013534,0.0,1.0,-0.7818314824680299,0.6234898018587334,0
2026-05-03T01:00:00+00:00,2026-05-03T02:00:00+00:00,-0.004252413590437318,-0.0055374044549562264,-0.009823807477438816,0.004626454989714301,-0.004252413590437318,4.774015467815642e-05,0.0003081409983768505,4580.8688,-0.21592689278503877,-0.0023304174457857946,0.001689391697022499,0.0015246441851630244,0.004029198858119796,-0.00024524693874118176,6.895951823110633e-05,1.5323291936943057e-05,0.4751901500256178,-0.08815914017728588,-0.049619699948764404,4.750257270641214,5.349887948474956,-0.5996306778337424,-1.0449278327720544,0.004044125244325421,0.011200523221467416,-0.005846338380025017,-0.0020615877690676157,-0.009853162838174414,0.25881904510252074,0.9659258262890683,-0.7818314824680299,0.6234898018587334,0
2026-05-03T02:00:00+00:00,2026-05-03T03:00:00+00:00,-0.00031682102650013375,-0.004567887362898627,-0.005852471115292795,0.003234335181318054,-0.00031682102650013375,0.0011678337768786515,0.0017495799705652688,4664.487,0.018253786268665865,-0.002395056182229099,0.0013181592005403813,0.001195312425118368,0.003722130093460885,-0.0002520476330512371,5.380531120437042e-05,1.201333452071191e-05,0.4693223770707962,-0.005867772954821575,-0.061355245858407556,3.7017649851827628,5.0202633558165175,-1.3184983706337547,-0.7188676928000124,0.003987473219083865,-0.014320857317965854,-0.004615205113025116,-8.682703620245379e-06,-0.005859713129822721,0.49999999999999994,0.8660254037844387,-0.7818314824680299,0.6234898018587334,0
2026-05-03T03:00:00+00:00,2026-05-03T04:00:00+00:00,-0.0006555498152737739,-0.0009721631498085107,-0.005220442700455461,0.0017376949476519397,-0.0006555498152737739,0.00025631000477872434,0.0008254051001347108,4381.1239,-0.060749038425876305,-0.002759452847625384,0.0006357779725477522,0.0005336131858974065,0.0034046257243232183,-0.0002903843732252609,2.5950794754764245e-05,5.362975353342729e-06,0.45675828598046486,-0.01256409109033136,-0.08648342803907028,2.717655473952618,4.559741779443738,-1.8420863054911196,-0.5235879348573649,0.0038292036373185363,-0.040321227671933677,-0.00213713190828966,0.0010959476032669597,-0.005224784432211226,0.7071067811865475,0.7071067811865476,-0.7818314824680299,0.6234898018587334,0
2026-05-03T04:00:00+00:00,2026-05-03T05:00:00+00:00,-0.000160736782657757,-0.000816181226963352,-0.001132743670089349,0.0029458664453644945,-0.000160736782657757,0.0010731991327507353,0.0017119046894891895,3019.3837,-0.31081983323959406,-0.0026424098067082446,0.0004563054395633565,0.0003690799034007894,0.003106925015401004,-0.00027807105568678164,1.8625058705247368e-05,3.709359522121017e-06,0.4535542417126336,-0.0032040442678312785,-0.09289151657473284,1.8861434013483631,4.0250221038246625,-2.1388787024762994,-0.2967923969851798,0.0037666797455129454,-0.016486283250632734,-0.0010720486111110243,0.0006652173913044348,-0.0011331076244316647,0.8660254037844386,0.5000000000000001,-0.7818314824680299,0.6234898018587334,1
2026-05-03T05:00:00+00:00,2026-05-03T06:00:00+00:00,0.0011209934261121632,0.0009600764585777124,0.0003038972653588692,0.0018662303449052896,0.0011209934261121632,0.0006293102325843028,0.00011718190537777354,1981.3304,-0.3437964177921474,-0.0013793998591782,0.0015158416715913422,0.0014756344638698147,0.0028992407430422184,-0.0001451789052016864,6.187491690475671e-05,1.483071707132595e-05,0.48089855231477896,0.0273443106021454,-0.03820289537044204,1.4189912829110654,3.5038159396419433,-2.084824656730878,0.0540540457454215,0.003627016928475484,-0.035999066569376625,-0.000112829102965133,0.0028377560835484055,0.0003047068281806322,0.9659258262890683,0.25881904510252074,-0.7818314824680299,0.6234898018587334,1
2026-05-03T06:00:00+00:00,2026-05-03T07:00:00+00:00,0.0001649226816426535,0.0012861009849967548,0.0011251574786044966,0.002903028435792759,0.0001649226816426535,0.000820138078273426,0.0019179948708825264,2420.7056,0.22175766343664827,-0.0010991456685755028,0.0016149857552354213,0.0016244476165223644,0.0027171179322171292,-0.00011568615922470283,6.592213136888356e-05,1.632637324490531e-05,0.48498632982724693,0.004087777512467952,-0.030027340345506134,1.0671314603982864,3.016479043793212,-1.9493475833949256,0.13547707333595227,0.0035747481058996467,-0.01424842137523115,-0.00046409549090032954,0.0014035789089453443,0.0011251793250970595,1.0,6.123233995736766e-17,-0.7818314824680299,0.6234898018587334,1
2026-05-03T07:00:00+00:00,2026-05-03T08:00:00+00:00,0.002078551002608134,0.0022438164844560686,0.003367325214096709,0.004152809533707539,0.0020742026469950966,0.0020482574655303894,3.464283239794535e-05,3800.1125,0.5698367038106578,0.0008839793267294782,0.003551402500055888,0.0036693604383169066,0.0026650673089209814,9.305911463821902e-05,0.00014497621914130238,3.6879354391603605e-05,0.5347236713421011,0.049737341514854094,0.06944734268420205,1.161405030105925,2.6454642410557545,-1.4840592109498294,0.46528837244509624,0.003609152958415639,0.011722968940695931,0.0012573816977254793,0.004170127278024492,0.0033644671103629504,0.9659258262890683,-0.25881904510252085,-0.7818314824680299,0.6234898018587334,0
2026-05-03T08:00:00+00:00,2026-05-03T09:00:00+00:00,-0.0004330354049747107,0.0016446155114582482,0.0018098094275013227,0.002174779489490002,-0.0004330354049747107,0.001468625989914513,0.0002729304937009848,1870.384,-0.5078082556766411,0.00040763305207412883,0.0029942346344127135,0.0032024465664802987,0.0025855476276678353,4.291058356275518e-05,0.00012222859655151413,3.218642856086069e-05,0.5233601320539976,-0.01136353928810351,0.046720264107995034,1.142258624263377,2.344823117697279,-1.202564493433902,0.2814947175159275,0.003508149595293306,-0.028406254122310307,-0.002476220932493817,0.0016750418760469563,0.0018104382792760766,0.8660254037844387,-0.4999999999999998,-0.7818314824680299,0.6234898018587334,1
2026-05-03T09:00:00+00:00,2026-05-03T10:00:00+00:00,0.003548096418112014,0.0031135245617679966,0.005198547183975639,0.0063803977603855005,0.0035437488357181446,0.0025038096759294024,0.00034535305874895076,5985.3931,2.200087842924234,0.003578953092691766,0.0062943587470939465,0.006694172529641417,0.0027057220022741776,0.00037687388491039014,0.0002569786229688269,6.728264252530476e-05,0.598597393767075,0.0752372617130775,0.19719478753415004,1.767574019978838,2.2293732981535905,-0.46179927817475264,0.7407652152591493,0.0037017928794892793,0.058942070922432796,0.0016431224515385796,0.0038220700712845138,0.005193612015745437,0.7071067811865476,-0.7071067811865475,-0.7818314824680299,0.6234898018587334,0
2026-05-03T10:00:00+00:00,2026-05-03T11:00:00+00:00,-0.0021282382245398543,0.0014123069991507804,0.0009786600152427438,0.0023404310546215313,-0.0021325459317585536,0.00010815300622096091,9.517464547435904e-05,2373.362,-0.6034743315355511,0.0013054806757636325,0.0039892230287523565,0.004506193000857797,0.00268024334709275,0.0001374379050833735,0.000162851946183213,4.529042299740156e-05,0.543030683493214,-0.05556671027386102,0.086061366986428,1.8440738426056669,2.152313407044006,-0.3082395644383391,0.15355971373641353,0.0036118839132030945,-0.026364499276450303,-0.004620479100190769,0.0017551538684892165,0.0009868227885974489,0.49999999999999994,-0.8660254037844387,-0.7818314824680299,0.6234898018587334,1
2026-05-03T11:00:00+00:00,2026-05-03T12:00:00+00:00,0.0034998312813103584,0.0013641445820581789,0.00491708111667558,0.00732013295223808,0.0034998312813103584,0.003392782469617952,0.0004397253010178269,7325.9867,2.0867548650395515,0.0043498044467429435,0.00720665954118101,0.007941342470822267,0.0028444821533188795,0.0004580838970647973,0.00029423591833760936,7.98188576854019e-05,0.607430254764282,0.06439957127106802,0.21486050952856403,2.528350639904147,2.227520853616034,0.3008297862881131,0.6090693507264522,0.00386506172565179,0.07384093254088202,0.0012517643402554855,0.003595348112766707,0.004919689474882518,0.258819045102521,-0.9659258262890682,-0.7818314824680299,0.6234898018587334,1
2026-05-03T12:00:00+00:00,2026-05-03T13:00:00+00:00,0.002621107676655297,0.006130112392604096,0.0039888278285495765,0.005581091365647488,0.002621107676655297,0.0029668359339728905,0.0,9087.0596,0.24038712764793854,0.006313133076550649,0.00945686154585157,0.010476855862127215,0.0031240062024131174,0.000664982231354814,0.00038614339797963,0.00010530612200195538,0.6476226312147199,0.040192376450437876,0.29524526242943977,3.5206660720905347,2.486149897310934,1.0345161747796006,0.7336863884914875,0.003978252745513586,0.03198356389816522,-0.0007690655209452046,0.006574277651784037,0.003992700733425801,1.2246467991473532e-16,-1.0,-0.7818314824680299,0.6234898018587334,0
2026-05-03T13:00:00+00:00,2026-05-03T14:00:00+00:00,-0.0015049167781021708,0.0011122463496333152,0.004615970305510643,0.0035009753639850204,-0.0015049167781021708,0.0013047915563190863,0.0006889988416206584,3616.5298,-0.602013196876138,0.004339711691837892,0.007624056878008826,0.00886626601826566,0.0032701536620894575,0.0004570205293865048,0.0003112828618878497,8.911614216773099e-05,0.6089705989665933,-0.038652032248126605,0.21794119793318656,3.9787973528968905,2.7846793884281253,1.1941179644687652,0.1596017896891646,0.003949729183652915,-0.008663998439259614,-0.004458524999892862,0.0011122463496333152,0.004616022179863484,-0.25881904510252035,-0.9659258262890684,-0.7818314824680299,0.6234898018587334,1
2026-05-03T14:00:00+00:00,2026-05-03T15:00:00+00:00,0.0026138893553985915,0.0011050388913493787,0.0037290429939257942,0.0036121085092857617,0.00260957187518857,0.0005669421203634051,0.0004423866545259785,4002.7223,0.10678537751852622,0.006297439250693437,0.00985164206338266,0.011387566376656411,0.0035319605059670454,0.0006633280546126369,0.00040226959507943535,0.00011446100310472449,0.6481869833158609,0.03921638434926763,0.29637396663172183,4.77660622130179,3.1830647550028583,1.593541466298932,0.39942350183016684,0.003916051699059824,-0.005934928105639885,-0.0001975317124280004,0.0033051654521871715,0.0037300802539517175,-0.5000000000000001,-0.8660254037844386,-0.7818314824680299,0.6234898018587334,1
2026-05-03T15:00:00+00:00,2026-05-03T16:00:00+00:00,6.872025701369873e-05,0.002682789239560599,0.001173835086919701,0.0038437752314853797,6.872025701369873e-05,0.002349212348181529,0.0014258473484393688,4767.7814,0.19113469350596718,0.0057567595826456324,0.009528271889029523,0.01134177553148012,0.003749924890337241,0.0006063421208905407,0.0003890603657948971,0.00011400068845921456,0.6491857208568974,0.0009987375410365474,0.2983714417137949,5.359999423370482,3.618451688676383,1.741547734694099,0.14800626839516706,0.003910639221616524,-0.0013135008692907449,-0.000497939560439498,0.003123397912277754,0.0011776928343101196,-0.7071067811865475,-0.7071067811865477,-0.7818314824680299,0.6234898018587334,0
2026-05-03T16:00:00+00:00,2026-05-03T17:00:00+00:00,-1.2884162787188027e-05,5.583520882353256e-05,0.0026698705112801245,0.005420007644701703,-1.7178809937925925e-05,0.002813078452678086,0.0025897500869691103,5781.0315,0.21252025103332134,0.00519393132901321,0.009138707229764058,0.011214757235758472,0.003924392873657004,0.0005470286903648901,0.0003731476455856961,0.00011272383322788255,0.6488138043041926,-0.00037191655270490286,0.2976276086083851,5.75359809253132,4.04548096944737,1.7081171230839498,-0.03343061161014926,0.004018498038801157,0.027567626695355854,-0.0023565604500601993,0.0014838964971439586,0.0026697254496251023,-0.8660254037844384,-0.5000000000000004,-0.7818314824680299,0.6234898018587334,1
2026-05-03T17:00:00+00:00,2026-05-03T18:00:00+00:00,0.0014774030346889314,0.0014644998368005422,0.0015333207346194223,0.004820207131676473,0.0014817041745403788,0.0015009541780131655,0.0018397409781932645,5608.7603,-0.029799387877405638,0.006039070475230255,0.010208508904320245,0.012580683081561336,0.004144410044751483,0.0006360959898675147,0.000416847522284149,0.00012645501479427527,0.6720170973631693,0.023203293058976726,0.34403419472633856,6.270821003212404,4.490548976200377,1.7802720270120274,0.07215490392807755,0.004070258232758932,0.014376915271571391,-0.001349036402569632,0.004077713380239151,0.0015332391289154422,-0.9659258262890683,-0.25881904510252063,-0.7818314824680299,0.6234898018587334,0
2026-05-03T18:00:00+00:00,2026-05-03T19:00:00+00:00,-0.00037309432424894006,0.0011037574997531207,0.0010908591159746284,0.0022780118233532444,-0.00037309432424894006,0.0007507571922539018,0.0011540210555217353,2263.6905,-0.5964009194687817,0.005121558237083507,0.009442412121084084,0.0120800063586977,0.004298837139240222,0.0005394021912440926,0.0003855531703271538,0.00012142184055579127,0.6601377588914921,-0.011879338471677272,0.320275517782984,6.535188571373055,4.899476895234913,1.6357116761381425,-0.14456035087388486,0.003943651277904139,-0.03146687542637338,-0.0018712398569807056,0.002955970242372302,0.0010914245476528034,-1.0,-1.8369701987210297e-16,-0.7818314824680299,0.6234898018587334,1
2026-05-03T19:00:00+00:00,2026-05-03T20:00:00+00:00,0.0019777089464517615,0.001603876750219884,0.003083649357286857,0.004024678989034929,0.0019777089464517615,0.0009761987335104814,0.001074674921540261,5542.6512,1.4485022135313992,0.006427958512367713,0.010985287415728939,0.013939537413777632,0.004528221682252901,0.0006770853461981171,0.0004485802121751089,0.00014011548300305022,0.6912795566235872,0.031141797732095144,0.3825591132471743,7.035588363278293,5.326699188843589,1.7088891744347041,0.07317749829656162,0.0039422109716234725,0.001611765133070246,0.0008527596846075748,0.003135348259881794,0.003082017656891753,-0.9659258262890684,0.2588190451025203,-0.7818314824680299,0.6234898018587334,0
2026-05-03T20:00:00+00:00,2026-05-03T21:00:00+00:00,-0.0025732256089468692,-0.0006006057538031604,-0.0009734759954542453,0.006898239167575146,-0.0025774961466004374,0.003756041861623125,0.0005580405051553186,14443.5923,1.605899555793805,0.0034713812545521063,0.008052370513256444,0.011216436962307985,0.004565141910651332,0.0003655421253298452,0.00032877624250522193,0.00011274071870829571,0.6124852839299886,-0.07879427269359858,0.22497056785997713,6.868031637696731,5.6349656786142175,1.2330659590825137,-0.4758232153521904,0.004162799756724467,0.05323838923710417,-0.0035459627780843094,0.0004767078811408897,-0.0009686109867440478,-0.8660254037844386,0.5000000000000001,-0.7818314824680299,0.6234898018587334,0
2026-05-03T21:00:00+00:00,2026-05-03T22:00:00+00:00,-0.0022793808325964103,-0.0048467410804123,-0.0028786175771564047,0.008252053332874338,-0.0022793808325964103,0.001979116023525627,0.00398834903001802,8154.991,-0.4353903910732789,0.0010711967541478674,0.005527715840080893,0.008822035796513259,0.004451750385369941,0.00011277026876769979,0.00022567197104524992,8.867153829146596e-05,0.5525581311639357,-0.059927152766052885,0.10511626232787137,6.23489709044361,5.754951960980096,0.4799451294635144,-0.7531208296189993,0.00446372027544477,0.06984385924706556,-0.008565273956533764,-0.0017223014414074844,-0.0028748974950915185,-0.7071067811865477,0.7071067811865474,-0.7818314824680299,0.6234898018587334,1
2026-05-03T22:00:00+00:00,2026-05-03T23:00:00+00:00,0.00844136008295073,0.006142738175980197,0.0035537059158498394,0.013934101003033357,0.00844136008295073,0.005559134601026585,4.266411819566418e-06,25346.8292,2.108136992425865,0.00860697525526026,0.013458703205530968,0.01716238899403328,0.004810325596888544,0.000906818970916111,0.0005496367593283564,0.00017251607821176123,0.6779439900260052,0.1253858588620696,0.35588798005201056,7.232926751821651,6.050546919148407,1.1823798326732442,0.7024347032097298,0.00510548046866851,0.15342748873035128,0.004159919115063978,0.012479481641468627,0.0035887536414074502,-0.5000000000000004,0.8660254037844384,-0.7818314824680299,0.6234898018587334,0
2026-05-03T23:00:00+00:00,2026-05-04T00:00:00+00:00,-0.009061858704973263,-0.0006969930343720355,-0.0029747851544054448,0.011844229651475583,-0.009061858704973263,0.0015413428626783747,0.001158159860504189,14213.2573,-0.4392490994494886,-0.00048215276578740854,0.004106552705572244,0.00786533055537993,0.004590918995650912,-5.0750346986128734e-05,0.000167642495441544,7.905479746233912e-05,0.5109993502103234,-0.16694463981568183,0.021998700420646885,6.238073332652675,6.08805220184926,0.15002113080341495,-1.0323587018698293,0.005630173047541029,0.09277731040947165,-0.01454016258506864,-0.0006926935884970387,-0.0028998794546189434,-0.2588190451025207,0.9659258262890683,-0.7818314824680299,0.6234898018587334,0
2026-05-04T00:00:00+00:00,2026-05-04T01:00:00+00:00,-0.001571480851613498,-0.01061909901915187,-0.0022673785747783096,0.005782664941785386,-0.001571480851613498,0.0,0.004208710651142828,12348.5699,-0.13119353014175006,-0.0018577271387766432,0.0024292160910657783,0.006218598427227428,0.004294922023043559,-0.0001955119927201082,9.916150921621715e-05,6.250238295924657e-05,0.48872690261158547,-0.022272447598737984,-0.022546194776829082,5.096372524669732,5.889716266413354,-0.7933437417436222,-0.9433648725470372,0.0056492939867962035,0.0018193369623448093,-0.012127950516939429,-0.0004138002379351525,-0.0021919794736360316,0.0,1.0,0.0,1.0,1
2026-05-04T01:00:00+00:00,2026-05-04T02:00:00+00:00,0.013885295385942138,0.012291994058510634,0.003118747040176777,0.017454916638312338,0.013885295385942138,0.0011993875467846903,0.002560394692072126,17681.8973,0.4318983852535021,0.010846349482509579,0.015697070825857556,0.019985327959119076,0.004798673256159302,0.0011430260149616473,0.0006411075239211119,0.0002008979192956669,0.6384438690504571,0.1497169664388717,0.2768877381009143,6.712460238931726,6.054265060917029,0.6581951780146973,1.4515389197583195,0.006420711181522661,0.15233242739377476,0.012291994058510634,0.018170480331191233,0.003251955829355377,0.25881904510252074,0.9659258262890683,0.0,1.0,1
2026-05-04T02:00:00+00:00,2026-05-04T03:00:00+00:00,0.010007655665192327,0.02403191030616646,0.022422663767679128,0.017930459462759948,0.010003359972099465,0.005583792683799743,0.002442382923532436,52188.8767,1.9515428019141359,0.018928329035295996,0.024822453796803028,0.029883584286339245,0.005784631355855507,0.0019964334931949247,0.0010141889165030506,0.00030042776024764796,0.7061584281433444,0.06771455909288726,0.41231685628668885,9.779167590687393,6.799245566871102,2.9799220238162913,2.321726845801594,0.007183760730992845,0.13003888971830163,0.00879771624710072,0.026697161237883595,0.02232147019952097,0.49999999999999994,0.8660254037844387,0.0,1.0,1
2026-05-04T03:00:00+00:00,2026-05-04T04:00:00+00:00,0.004375234237155328,0.014426675740047667,0.02851228978007757,0.00807506540551428,0.004375234237155328,0.0024652847655464334,0.001253605688602769,32108.6526,-0.3847606112587589,0.02111208254449488,0.02812470295255631,0.03403573495717793,0.006867630427589084,0.002227274204352303,0.001149266356221916,0.0003421847383541345,0.730187992721644,0.024029564578299585,0.460375985443288,12.899246939320165,8.019245841360915,4.88000109795925,1.9000790741429583,0.007218366897659493,0.009213588137489145,-0.0012018475789261644,0.01693094171168369,0.028268185288289793,0.7071067811865475,0.7071067811865476,0.0,1.0,1
2026-05-04T04:00:00+00:00,2026-05-04T05:00:00+00:00,0.0020963305829476086,0.006480736757441845,0.016553249404559406,0.006091744347564117,0.002100532050932562,0.003686007397118114,0.000309607885796628,21582.9297,-0.32781577698467484,0.02099164409590938,0.02905803655040691,0.03583027545293756,0.007900546984045438,0.0022145400982620097,0.0011874506749191608,0.0003602329919625618,0.7411579911330746,0.010969998411430594,0.4823159822661492,15.595613985236923,9.534519470136116,6.061094515100807,1.1810934171415575,0.0071238720325546385,-0.011022004758417386,-0.0003680468423254325,0.007749584693094568,0.016479220485295265,0.8660254037844386,0.5000000000000001,0.0,1.0,0
2026-05-04T05:00:00+00:00,2026-05-04T06:00:00+00:00,-0.005828159255602161,-0.0037440464211443603,0.0006148067359236782,0.006741885118614245,-0.005828159255602161,0.000488176450536493,0.0003913828439644289,17415.0891,-0.19310819513071015,0.013589186093019845,0.022136169721564618,0.02948809921611358,0.008432394253819902,0.0014324897329027386,0.0009043342129464531,0.00029645066314257717,0.6605766807109166,-0.08058131042215805,0.3211533614218331,16.419199403146195,10.911455456738132,5.507743946408063,-0.5533505686927445,0.00713536667918701,-0.004224024039670493,-0.009479226154994011,-0.0034306756082318752,0.0006434055645007752,0.9659258262890683,0.25881904510252074,0.0,1.0,0
2026-05-04T06:00:00+00:00,2026-05-04T07:00:00+00:00,-0.003274148952735345,-0.009083225946814402,-0.0070059368082109235,0.010226269944815406,-0.003274148952735345,0.0009415599495019943,0.005999805776871419,20127.1919,0.1557329270282057,0.009283316612895297,0.01803940655901937,0.02585080921922332,0.00867555204965547,0.0009781470591303375,0.0007368448490947289,0.00025987464511650037,0.6200305178873997,-0.04054616282351688,0.24006103577479934,16.256718469563566,11.980508059303219,4.276210410260347,-1.2315335361477153,0.0073779102659718735,0.03060630510428639,-0.009563915559867662,-0.002883894815725589,-0.007005977625389898,1.0,6.123233995736766e-17,0.0,1.0,0
2026-05-04T07:00:00+00:00,2026-05-04T08:00:00+00:00,-0.002368677720495891,-0.005635071269553307,-0.011430388432379843,0.004807855087184557,-0.002368677720495891,0.0023108176739461807,0.00012273573726086153,10295.3082,-0.48848760169072575,0.006232115850151311,0.015005939999375125,0.02318245296278961,0.008719483319026182,0.000656442829253908,0.0006128627175732787,0.00023304377375999076,0.5918216710250396,-0.028208846862360134,0.18364334205007907,15.496635476362371,12.68373354271505,2.8129019336473213,-1.463308476613026,0.007210601039003223,-0.02499201133572379,-0.006567385070761216,0.0036530456205931374,-0.011470985928833399,0.9659258262890683,-0.25881904510252085,0.0,1.0,0
2026-05-04T08:00:00+00:00,2026-05-04T09:00:00+00:00,-0.0011681056373794728,-0.003534016492076917,-0.006796594548415779,0.003309265944644983,-0.0011638782964207568,0.000983034185861326,0.0011609972712325984,9858.6313,-0.04241513624623694,0.004572934772486526,0.013271140464028207,0.021763727545777562,0.008658610430821166,0.00048159337553476723,0.0005419727779955392,0.00021877878379514116,0.5778917183150123,-0.013929952710027251,0.15578343663002456,14.504358083098396,13.047858450791718,1.4564996323066772,-1.356402301340644,0.006939764512297569,-0.038685111441571995,-0.005825929810815221,-0.0010454982201134617,-0.0068109323106107095,0.8660254037844387,-0.4999999999999998,0.0,1.0,1
2026-05-04T09:00:00+00:00,2026-05-04T10:00:00+00:00,0.0036736665480246408,0.002501269680040568,0.0001266672577806131,0.005509327862000913,0.0036736665480246408,0.0010047663073994321,0.0008443414347894001,8607.635,-0.12689350701247942,0.007470530972362425,0.016316273214201395,0.02525702996404875,0.00878014986036513,0.0007869905483820787,0.0006664141473266965,0.0002539039479766611,0.6090235103061804,0.031131791991168143,0.21804702061236086,14.25326487660277,13.288939735953928,0.9643251406488424,-0.4921744916578348,0.006814003761988472,-0.014514667241528278,0.001522127934852886,0.004840283375047662,0.00013688319014927737,0.7071067811865476,-0.7071067811865475,0.0,1.0,0
2026-05-04T10:00:00+00:00,2026-05-04T11:00:00+00:00,-0.012812881272929108,-0.00918628497822064,-0.010343660064330478,0.02379445423288111,-0.012817048870275792,0.000500350673121364,0.010310645067483247,57424.2763,5.671318695553424,-0.004922707488641075,0.0031647350712354296,0.011998483997813727,0.008127451626863635,-0.0005179113644725694,0.00012918954783375624,0.000120602322038666,0.4765299597326542,-0.13249355057352624,-0.04694008053469162,11.473026439871319,12.925757076737407,-1.4527306368660877,-2.41705577751493,0.008109016119471282,0.1748036159516536,-0.013803778009270006,-0.008345914403487573,-0.01030732036228394,0.49999999999999994,-0.8660254037844387,0.0,1.0,0
2026-05-04T11:00:00+00:00,2026-05-04T12:00:00+00:00,-0.00032929061393454463,-0.01313795272532302,-0.009512550634734928,0.004581641776359428,-0.0003250155023840587,0.002254458651859386,0.002002061952694994,9840.4895,-0.8286353762894527,-0.004752717716353214,0.0027229466430371907,0.011547829951625156,0.007511363750963582,-0.0005000359144004344,0.00011115303293126336,0.00011607206363906386,0.47371421158297716,-0.002815748149677049,-0.052571576834045716,9.102605710923399,12.161126803574605,-3.0585210926512065,-1.6057904557851188,0.007859541118681123,-0.031084298045125518,-0.013629324567806831,0.010085340823160914,-0.009468505338839013,0.258819045102521,-0.9659258262890682,0.0,1.0,0
2026-05-04T12:00:00+00:00,2026-05-04T13:00:00+00:00,-0.0008812494919981456,-0.0012102499187464407,-0.01400762440315608,0.004598527957251774,-0.0008812494919981456,0.0026503620163303636,0.0010661391632735338,7733.1819,-0.2141466234987599,-0.005096341963998925,0.0017670407843405952,0.010549251492333395,0.006898540067576237,-0.0005361694169788497,7.21293159095766e-05,0.00010603387005316858,0.46578463614639354,-0.007929575436583604,-0.06843072770721292,6.97737459039854,11.124376360939392,-4.147001770540852,-1.0884806778896454,0.007633048766753821,-0.029673357356839816,-0.003451924800095447,0.0011230608981916772,-0.014023421378861799,1.2246467991473532e-16,-1.0,0.0,1.0,1
2026-05-04T13:00:00+00:00,2026-05-04T14:00:00+00:00,0.0004281683386640291,-0.0004534584764650539,-0.0007825997707794895,0.008054679374970645,0.0004281683386640291,0.0034238807119959937,0.004202813573975153,17747.9741,1.295041592129108,-0.004227440282586679,0.002109667734630011,0.010871475725840338,0.006364011495772764,-0.00044479578262921794,8.611630250677176e-05,0.00010927300185554486,0.47041892861015905,0.00463429246376549,-0.059162142779681945,5.312565312603965,9.962014151272307,-4.6494488386683415,-0.5024470681274895,0.007660131752788945,0.003977809241034828,-0.0030932937391734716,0.0014959023420088112,-0.0007823717672686612,-0.25881904510252035,-0.9659258262890684,0.0,1.0,1
2026-05-04T14:00:00+00:00,2026-05-04T15:00:00+00:00,0.014919560202522403,0.015354116624491944,0.014459336325018385,0.022910613606366047,0.014919560202522403,0.004389830437001215,0.0038205440690904494,36557.2285,1.0597972644100262,0.00960703294271049,0.01638069660660141,0.02568835864418119,0.006709208080838805,0.0010122903209655123,0.0006690471863500338,0.00025824112999938494,0.6005184856040933,0.13009955699393422,0.2010369712081865,6.728540205355785,9.315319362089003,-2.5867791567332183,2.062669681935123,0.008644889386046394,0.14539378914614884,0.011456453958789041,0.019641313835344835,0.014466479049188286,-0.5000000000000001,-0.8660254037844386,0.0,1.0,0
2026-05-04T15:00:00+00:00,2026-05-04T16:00:00+00:00,-0.008977856868756285,0.00580775765772308,0.006238412694334779,0.01632696481000804,-0.008982035928143789,0.0012680311476107478,0.005995489553635884,41176.8086,0.12636570904164685,0.000491192917887292,0.00696925291270697,0.016313221485485748,0.006474879579825894,5.170719116772604e-05,0.00028454024267849835,0.00016397885938631502,0.5169860490303126,-0.08353243657378066,0.0339720980606252,6.062896144630486,8.6648347185973,-2.601938573966814,-0.015159417233595818,0.009266330768152576,0.06226217210366362,-0.01330926190276273,0.009723003948493476,0.006369871672430147,-0.7071067811865475,-0.7071067811865477,0.0,1.0,1
2026-05-04T16:00:00+00:00,2026-05-04T17:00:00+00:00,0.0022041615250416114,-0.006793483990402116,0.00802472041874061,0.012045276994667254,0.002199897026096682,0.004126897863523572,0.005723311028837343,23191.6495,-0.43677884983053294,0.002439007231357614,0.008825251520232027,0.018365339205894823,0.006370706090650462,0.00025680353442476925,0.00036034414889716615,0.00018461034811625282,0.5339716111433063,0.01698556211299362,0.06794322228661244,5.88550668229982,8.108969111337803,-2.2234624290379834,0.37847614492883075,0.009445903040859552,0.02162588124391608,-0.008044205224100568,0.008249108522651864,0.008145864858807729,-0.8660254037844384,-0.5000000000000004,0.0,1.0,1
2026-05-04T17:00:00+00:00,2026-05-04T18:00:00+00:00,0.006287999728270076,0.008506021020382212,-0.0005482016876176956,0.01083503158107913,0.006292272223566794,0.0039787518617435775,0.0006033526153014596,18853.8244,-0.18704254304981618,0.007903159096674644,0.014565227539751719,0.024516322067127012,0.006609829905730132,0.0008326041368033646,0.0005948527226534297,0.00024645592220989127,0.5795013195138895,0.04552970837058332,0.15900263902777909,6.8608795345217,7.8593511959745825,-0.9984716614528821,1.2249907675851013,0.00949031786866996,0.011019586326425922,0.002152219873150167,0.014319768213195942,-0.0004856956154445976,-0.9659258262890683,-0.25881904510252063,0.0,1.0,0
2026-05-04T18:00:00+00:00,2026-05-04T19:00:00+00:00,-0.0036623081823898207,0.0026026629530245464,0.004812561167609866,0.007554808356024641,-0.0036665119615206343,0.0020157448304192064,0.0018590587826763979,12397.3782,-0.34244756199171994,0.003809245081819935,0.010419670102677876,0.02055337181208529,0.006585339847431998,0.00040113401048182985,0.00042547360805350603,0.00020660922943105552,0.545842477191337,-0.03365884232255254,0.09168495438267399,6.854452230313655,7.658371402842397,-0.803919172528742,0.19455248892414012,0.009384459684366181,-0.014775792521772914,-0.007610778644432544,0.0032160214797945946,0.004829853070921867,-1.0,-1.8369701987210297e-16,0.0,1.0,0
2026-05-04T19:00:00+00:00,2026-05-04T20:00:00+00:00,-0.002070796685031347,-0.005725520971777512,0.0005264766821778225,0.004595759849269231,-0.0020750226558596484,0.0012433588511872745,0.0012730636701576903,7858.5921,-0.36610854543422733,0.0015654869490676884,0.007998123883748298,0.018253181410348523,0.006422582465651322,0.00016481525949524795,0.00032656064311132487,0.00018348271913274066,0.5272624888131303,-0.018579988378206735,0.054524977626260525,6.3812177072982195,7.4029406637335615,-1.021722956435342,-0.21780378390660005,0.00906049235623379,-0.036520990786437425,-0.007722560487776182,-0.00021213226871218742,0.0005548948608489089,-0.9659258262890684,0.2588190451025203,0.0,1.0,0
2026-05-04T20:00:00+00:00,2026-05-04T21:00:00+00:00,-0.002703138526301449,-0.00476833756103335,-0.008413182621757002,0.0048294789694274445,-0.002703138526301449,0.0011063123630406183,0.001012701316937263,5105.1774,-0.350369972758861,-0.0010332448805335397,0.0050655191381447535,0.015344099555194946,0.00610507205312247,-0.00010875079098270486,0.00020679864002501477,0.00015423584085715505,0.5032320522838869,-0.024030436529243318,0.006464104567773887,5.429581340749792,7.008268799136808,-1.5786874583870159,-0.5569645019516738,0.008781081110781883,-0.03345819544745474,-0.006005878994226666,-0.0014318977531526781,-0.008436243393722617,-0.8660254037844386,0.5000000000000001,0.0,1.0,1
2026-05-04T21:00:00+00:00,2026-05-04T22:00:00+00:00,0.004569921068867852,0.0018544294128629891,-0.00022020741844913923,0.0061205731736761445,0.004574195579837797,0.0015672055877233896,0.0,3844.6345,-0.246914612604843,0.003194503180770096,0.009276307454238405,0.019781361296360798,0.00606243779664371,0.00033637660388432047,0.00037876820508411064,0.0001988471835613,0.5411992413204747,0.03796718903658771,0.08239848264094932,5.4788738588013075,6.7023898110697075,-1.2235159522684,0.3551715061186158,0.008553951840273097,-0.02141403585726572,0.0007502797653362194,0.005588281645987423,-0.0002040141424649441,-0.7071067811865477,0.7071067811865474,0.0,1.0,0
2026-05-04T22:00:00+00:00,2026-05-04T23:00:00+00:00,-0.0026727208806848037,0.0018849860647192035,-0.0008232478400353294,0.00507946215460933,-0.0026727208806848037,0.002132015051516611,0.0002675636419234467,5172.5417,0.3453923123251377,0.00046434117947480595,0.006319171392250866,0.016883195967528433,0.005852112835799465,4.8880408069492205e-05,0.0002579919056048107,0.0001697091577938889,0.516235344726977,-0.024963896593497736,0.03247068945395384,4.951694220707395,6.352250692997245,-1.4005564722898498,-0.17704052002144977,0.008327060200071186,-0.029126601660339212,-0.004233292029485119,0.001889249151114425,-0.0008059383381184009,-0.5000000000000004,0.8660254037844384,0.0,1.0,0
2026-05-04T23:00:00+00:00,2026-05-05T00:00:00+00:00,-0.0031513051159867463,-0.005815603437686643,-0.001272259217496856,0.004153956270556758,-0.0031513051159867463,0.0,0.0009926890369637892,3902.2601,-0.24558170309192479,-0.002433009479309012,0.003024130189803886,0.013540737433740638,0.0054704493241746945,-0.00025604068735679835,0.00012344912310295557,0.00013610633581799138,0.48774440825308596,-0.02849093647389097,-0.0245111834938281,3.8903233450419066,5.859865223406177,-1.9695418783642706,-0.5689854060744208,0.008053425120342607,-0.03590869674617872,-0.007925069000934102,-0.0028845132649376426,-0.0012541049278036983,-0.2588190451025207,0.9659258262890683,0.0,1.0,1
2026-05-05T00:00:00+00:00,2026-05-05T01:00:00+00:00,0.004971966120758735,0.0018049928224991294,-0.0008725523001918538,0.005964821542883618,0.004967684488128194,7.206962773920662e-05,0.0009496233302104164,4815.8322,0.23411358458653228,0.0022856564355935856,0.0076945528005488715,0.018391751553767165,0.0053965616790235486,0.00024065331435682197,0.0003141620464082018,0.00018487589693809027,0.5315356416368303,0.04379123338374441,0.06307128327366072,3.945370968437146,5.476966372412371,-1.531595403975225,0.43794647438904555,0.00786724183996254,-0.018261499708549025,0.0018049928224991294,0.005970582089106673,-0.000852059875912815,0.0,1.0,0.7818314824680298,0.6234898018587336,1
2026-05-05T01:00:00+00:00,2026-05-05T02:00:00+00:00,0.001267577570236192,0.006245846043729576,0.0030748583611515585,0.003975747516745507,0.001267577570236192,0.0011304841181798858,0.0015792905471204487,4711.3265,-0.021700444629279173,0.0032163627706769476,0.008617013434634712,0.019482979224080793,0.00538333590277802,0.0003386791669201684,0.00035183858091476024,0.00019584718503239568,0.542330998009788,0.010795356372957627,0.08466199601957598,4.182056474306137,5.2179843927911245,-1.0359279184849877,0.4956674854902374,0.007580029653332259,-0.035286052813308856,0.0011954217888936684,0.007202773643563061,0.003088238575008181,0.25881904510252074,0.9659258262890683,0.7818314824680298,0.6234898018587336,1
2026-05-05T02:00:00+00:00,2026-05-05T03:00:00+00:00,0.002498073519573734,0.0037688175917721385,0.008759522145912484,0.007897893331981938,0.0025023181373606913,0.004257260149004267,0.001144561012281873,10448.2131,1.217679691696171,0.0051746535908192065,0.010695212051065793,0.021805741592487153,0.005492138545799291,0.0005449972381826973,0.0004367299171485756,0.00021920122047893313,0.5636965718284224,0.021365573818634402,0.1273931436568448,4.790490343869351,5.13248558300677,-0.341995239137419,0.6939326793475686,0.007585195078141234,0.0031812276306702712,0.0013660451090933006,0.005358583499639035,0.008737617210568661,0.49999999999999994,0.8660254037844387,0.7818314824680298,0.6234898018587336,1
2026-05-05T03:00:00+00:00,2026-05-05T04:00:00+00:00,0.00621272785633438,0.008726321226850341,0.010004960086144364,0.010354973703319751,0.00621272785633438,0.002917189592139233,0.0012634159240774183,23394.2819,1.2390701334374583,0.010320731298424441,0.01629787525980503,0.02786599750961765,0.005916085631242071,0.0010875743011108713,0.0006656622097741371,0.00028013873220945993,0.6122937655922361,0.04859719376381378,0.22458753118447233,6.386038357414691,5.383196137888354,1.002842219526337,1.344837458663756,0.0077395478918407855,0.02668837339015832,0.001947178063756268,0.009889364588190381,0.009978378946144307,0.7071067811865475,0.7071067811865476,0.7818314824680298,0.6234898018587336,0
2026-05-05T04:00:00+00:00,2026-05-05T05:00:00+00:00,-0.0005540561527514802,0.005655229503488727,0.008167430202132238,0.004182923090491424,-0.0005540561527514802,0.0014993007462906643,0.0021292590430514184,9427.6093,-0.5970122382769099,0.008823139817347718,0.015108415956881319,0.02701755688694724,0.006230305284900167,0.0009296149410473006,0.0006170505556466268,0.0002716069853680956,0.6057732995816493,-0.00652046601058693,0.2115465991632985,7.458037076204619,5.798164325551607,1.6598727506530118,0.6570305311266749,0.007489487318683218,-0.032845609748785455,-0.0034611489172923443,0.006935311306671892,0.008156745223156632,0.8660254037844386,0.5000000000000001,0.7818314824680298,0.6234898018587336,0
2026-05-05T05:00:00+00:00,2026-05-05T06:00:00+00:00,-0.00038637442201329327,-0.0009402165016389912,0.005266670045444671,0.005823064545267257,-0.00038217630506902464,0.004050096841008437,0.0013906452846201124,13610.8116,0.44371824997032927,0.007624056098665708,0.014130942936492415,0.02634888118015361,0.006457653326598982,0.0008031767961702969,0.000577106040367988,0.0002648830206170539,0.6009696653779202,-0.004803634203729103,0.20193933075584028,8.139539923391112,6.266439445119508,1.8731004782716045,0.21322772761859277,0.0073731452093580485,-0.015914427646672533,-0.002435037720033506,0.0017466035925321505,0.005272297281569607,0.9659258262890683,0.25881904510252074,0.7818314824680298,0.6234898018587336,0
2026-05-05T06:00:00+00:00,2026-05-05T07:00:00+00:00,-0.0005629802662813244,-0.0009491371671196283,-0.001502667444583861,0.005952456018664611,-0.0005629802662813244,0.0005548899678416729,0.0048342686592260965,12310.887,-0.09550676610643852,0.006380420887919878,0.013021317957847936,0.025508097482352672,0.006598793986938715,0.0006720746323097056,0.000531764989340903,0.0002564285274998698,0.5935864517336328,-0.007383213644287352,0.18717290346726556,8.473828023911665,6.707917160877939,1.7659108630337261,-0.1071896152378784,0.007275524021096793,-0.013795627486474693,-0.0049733555300868655,0.0008288176096394432,-0.001503410841046098,1.0,6.123233995736766e-17,0.7818314824680298,0.6234898018587336,1
2026-05-05T07:00:00+00:00,2026-05-05T08:00:00+00:00,0.0007314458667003958,0.00016805381083026603,-0.0002183855428770539,0.005355815155066601,0.0007356526710497553,0.0033479095518337046,0.001272793719204147,13689.6326,0.1119940098548545,0.006434407557083426,0.013215458285921897,0.025990134919315594,0.006737697636250439,0.0006777651130577393,0.0005396975770097094,0.0002612756332490577,0.6004506908202518,0.006864239086619008,0.20090138164050358,8.777970233448741,7.121927775392099,1.6560424580566417,-0.10986840497708439,0.007133464037085025,-0.01880857527647291,-0.00038630952630896894,0.0055927513886836495,-0.0002179088215942219,0.9659258262890683,-0.25881904510252085,0.7818314824680298,0.6234898018587336,0
2026-05-05T08:00:00+00:00,2026-05-05T09:00:00+00:00,-0.0015878416695021822,-0.0008575572230279184,-0.001420054701515471,0.004888905718168424,-0.0015878416695021822,0.001695549917746789,0.0016029888800534941,7058.716,-0.48437505912320833,0.0043737298336820815,0.011146397082781832,0.02411278187523528,0.006743174425939298,0.0004606046730613634,0.00045516206121856874,0.00024239825901079597,0.5776263392602433,-0.022824351560008508,0.15525267852048658,8.614685979001024,7.420479416113884,1.1942065628871399,-0.46183589516950185,0.0069836729234494695,-0.022552869079203258,-0.004919281910439763,0.0004209090794297524,-0.0014193760690831107,0.8660254037844387,-0.4999999999999998,0.7818314824680298,0.6234898018587336,0
2026-05-05T09:00:00+00:00,2026-05-05T10:00:00+00:00,-0.0030334776444057524,-0.004616502631700644,-0.003888433486768817,0.004304523970290268,-0.0030376721838423835,5.908170155295099e-05,0.0011985145172179654,6990.9907,-0.009594563657186386,0.0012004533813435856,0.007759820836497599,0.02079279610457673,0.006551502681606996,0.0001263794835812007,0.0003168277290983549,0.00020901650394090338,0.5357908778970226,-0.041835461363220645,0.07158175579404528,7.8134269650718124,7.49906892590547,0.31435803916634253,-0.8798485237207974,0.00681203661062117,-0.027535721633496577,-0.006298697486391954,-0.001432785503582002,-0.003889873447207539,0.7071067811865476,-0.7071067811865475,0.7818314824680298,0.6234898018587336,1
2026-05-05T10:00:00+00:00,2026-05-05T11:00:00+00:00,0.0037179270762997744,0.0006731711832245359,-0.0009157393755330783,0.005062205422950611,0.0037179270762997744,0.0003910175285170728,0.000967032597407397,7091.045,0.01431189144622947,0.0044519141573793825,0.011050372848522184,0.024337417952886357,0.006569213118258783,0.0004688422529309103,0.00045123915140357916,0.00024465700776622675,0.5761833909286804,0.04039251303165777,0.15236678185736083,7.79941005142291,7.559137151008958,0.24027290041395233,-0.0740851387523902,0.006663618172970988,-0.01815075259959519,0.0006100228863757985,0.004922341090773731,-0.0009033922376081602,0.49999999999999994,-0.8660254037844387,0.7818314824680298,0.6234898018587336,1
2026-05-05T11:00:00+00:00,2026-05-05T12:00:00+00:00,0.0006222644539839718,0.004342505064145832,0.0012958545277072745,0.004428776119904687,0.000618057365814196,0.0015126749555651351,0.002298425557483856,8240.2018,0.1620574682574995,0.004591210001413047,0.011216356100267746,0.024720177872429416,0.006594867676420721,0.0004835189408853668,0.000458020139479815,0.00024850573847726506,0.5827516804837392,0.006568289555058726,0.16550336096747828,7.817608651254432,7.610831451058052,0.20677720019637924,-0.03349570021757309,0.00650013864038395,-0.023926149912349412,0.00023115653920823722,0.005318295104126933,0.0013067138858779935,0.258819045102521,-0.9659258262890682,0.7818314824680298,0.6234898018587336,1
2026-05-05T12:00:00+00:00,2026-05-05T13:00:00+00:00,0.0036262180184798917,0.004250738939039159,0.00798446995273467,0.005915797230083756,0.0036262180184798917,0.0008164051379095918,0.0014862760202969734,11730.3656,0.4235531950200538,0.007444041362020117,0.014291249139448346,0.028145127466013543,0.006796613505372571,0.0007841977855548952,0.0005836567478956718,0.00028294563826196324,0.6197573999439924,0.03700571946025327,0.23951479988798483,8.431210304669094,7.774907221780261,0.656303082888833,0.44952588269245375,0.006436591766785149,-0.006185466307855639,0.002110350788130095,0.0065614530436798775,0.007966409548763638,1.2246467991473532e-16,-1.0,0.7818314824680298,0.6234898018587336,1
2026-05-05T13:00:00+00:00,2026-05-05T14:00:00+00:00,8.373386029835132e-05,0.0037102555160112138,0.004334828730117997,0.006698147962088483,8.373386029835132e-05,0.004512877189457199,0.002101543923105254,26443.457,1.2542738991869102,0.006806527988636588,0.013804625252029688,0.02794246113355841,0.006950786540263757,0.0007169903372035851,0.0005637717514199081,0.00028090764205457297,0.6205972053477039,0.0008398054037115088,0.24119441069540784,8.831824588060954,7.986290695036399,0.8455338930245544,0.1892308101357214,0.00645477393058152,0.002908782724352187,-0.0007320736089555611,0.005209692215760225,0.004332216332762214,-0.25881904510252035,-0.9659258262890684,0.7818314824680298,0.6234898018587336,0
2026-05-05T14:00:00+00:00,2026-05-05T15:00:00+00:00,-0.004161224421447302,-0.004077838996533327,-0.0004664081112991242,0.009748694709052562,-0.004157055481829036,0.0015343999865477641,0.004039885991979135,27223.1659,0.029485891349228716,0.0023671538984797076,0.009206575881972658,0.023423973907117666,0.006823270252713858,0.00024923619778077956,0.0003759198700726884,0.00023547225731787181,0.5549910017004259,-0.06560620364727804,0.10998200340085176,8.252114131024882,8.039455382234095,0.21265874879078694,-0.6328751442337675,0.006715099414254455,0.03600164010344467,-0.00863513231923309,-0.0019802810992237464,-0.00045127254266905895,-0.5000000000000001,-0.8660254037844386,0.7818314824680298,0.6234898018587336,1
2026-05-05T15:00:00+00:00,2026-05-05T16:00:00+00:00,0.001063570401634344,-0.003102079774942168,-0.003018605663758326,0.005219815983639188,0.001063570401634344,0.0027799824466364694,0.0013773931155541279,13411.5215,-0.5073489413661473,0.003105251171748203,0.009872823217881535,0.024262634526742852,0.0067466220899830695,0.0003269754223749223,0.0004031348284397769,0.0002439050482993099,0.5675229046747128,0.01253190297428688,0.13504580934942553,7.905707201654877,8.012705746118252,-0.10699854446337476,-0.3196572932541617,0.00660166866137674,-0.01584629011779004,-0.004618870069722024,0.005124157405335992,-0.003013920159514607,-0.7071067811865475,-0.7071067811865477,0.7818314824680298,0.6234898018587336,0
2026-05-05T16:00:00+00:00,2026-05-05T17:00:00+00:00,-0.006454430544532166,-0.00539772488418439,-0.009536488161023371,0.009459242415276849,-0.006450258262293758,0.0008791431735377597,0.0020879650371522754,17932.1444,0.33707010051022174,-0.0030493221762780973,0.0032226896028177154,0.017472895755486117,0.006291195661541856,-0.0003208782857899866,0.0001315556557494174,0.00017563783574956845,0.4792292354569189,-0.08829366921779382,-0.04154152908616211,6.318115365804715,7.673787670055544,-1.3556723042508292,-1.2486737597874544,0.006845604549816493,0.030257715069264318,-0.00920881265363716,-0.004024415912439463,-0.009552084564345123,-0.8660254037844384,-0.5000000000000004,0.7818314824680298,0.6234898018587336,0
2026-05-05T17:00:00+00:00,2026-05-05T18:00:00+00:00,-0.0013271680600521875,-0.0077730324905198244,-0.00671772925617334,0.004321144404943303,-0.0013271680600521875,0.001684442187235491,0.0013077704418487156,9807.3024,-0.4530881426540375,-0.00395766816916461,0.0018169432851537087,0.015959554676453505,0.005797556258180261,-0.00041642316888892327,7.416645066897052e-05,0.00016042326593308873,0.46336885945213135,-0.01586037600478761,-0.07326228109573733,4.751789963177998,7.089388128680035,-2.337598165502037,-0.9819258612512076,0.0066737334993502515,-0.026400621755564842,-0.008634795962037076,0.0007623888182974087,-0.006718028202950008,-0.9659258262890683,-0.25881904510252063,0.7818314824680298,0.6234898018587336,1
2026-05-05T18:00:00+00:00,2026-05-05T19:00:00+00:00,0.004012188928390053,0.0026796960193412114,-0.0037920304370282513,0.00504577874449907,0.004007939698917922,0.001053838501357344,0.0,8710.1909,-0.11186679631699752,3.496154226307662e-05,0.005606259677145034,0.019832461576124016,0.005571103360516368,3.680175887176914e-06,0.00022887929934408755,0.0001993609587404452,0.5155032623989387,0.05213440294680737,0.031006524797877404,4.226699804844429,6.516850463912914,-2.290150659068485,0.047447506433552,0.006532987784489487,-0.0171619279693562,0.0009958142046989464,0.00532692576630186,-0.0037694096761943,-1.0,-1.8369701987210297e-16,0.7818314824680298,0.6234898018587336,0
2026-05-05T19:00:00+00:00,2026-05-05T20:00:00+00:00,-0.00014332203618466012,0.0038682918571186185,0.0025359899236667032,0.003119809101410698,-0.00014332203618466012,0.0018761014190914686,0.0011003651019840836,4461.6351,-0.48776839093159247,-9.804599231178943e-05,0.005246808928071556,0.01948659645406268,0.005345379013372994,-1.0320524255261142e-05,0.00021420133883948286,0.00019588355334500786,0.5135761429357991,-0.0019271194631396327,0.02715228587159814,3.7400143553823,5.961483242206791,-2.221468886824491,0.06868177224399385,0.006290058872786878,-0.03732295601820608,-0.0011959002518128607,0.0038640432366547073,0.002541698832153205,-0.9659258262890684,0.2588190451025203,0.7818314824680298,0.6234898018587336,1
2026-05-05T20:00:00+00:00,2026-05-05T21:00:00+00:00,0.004414108282671484,0.004270153607499812,0.008299475198916401,0.006627742496043907,0.004414108282671484,0.001926620522915932,0.000306412414319961,11866.1153,1.6595889251454021,0.00390301298447332,0.00930077732529137,0.023742380160908023,0.005376778703722779,0.0004110123337840903,0.00037976773307797635,0.00023867383764721175,0.5672284465905608,0.05365230365476179,0.13445689318112172,4.15130052055747,5.599446697876926,-1.4481461773194564,0.7733227095050346,0.006288510648441085,0.004166883509875148,0.002389838138955555,0.0055205480030219205,0.008282975174876878,-0.8660254037844386,0.5000000000000001,0.7818314824680298,0.6234898018587336,0
2026-05-05T21:00:00+00:00,2026-05-05T22:00:00+00:00,-0.0029298063725387395,0.0014713694275570975,0.0013278365117101,0.00826797674526291,-0.0029298063725387395,0.002580585409799535,0.0027489759748760205,9166.3706,-0.22751714708182547,0.0008700945518303958,0.006093432201063903,0.02053237722576672,0.0052187968025684825,9.159728948762762e-05,0.00024877339121870466,0.0002063981414097774,0.5256060319163415,-0.04162241467421943,0.05121206383268287,3.8694158862012955,5.253440535541801,-1.384024649340505,0.06412152797895132,0.006447059464764056,0.022208784913736304,-0.0048470883954755606,0.0017796821032299121,0.0013409798739480846,-0.7071067811865477,0.7071067811865474,0.7818314824680298,0.6234898018587336,0
2026-05-05T22:00:00+00:00,2026-05-05T23:00:00+00:00,-0.003334133188517287,-0.006254171196393416,-0.0018676695026011772,0.011547997685331714,-0.003334133188517287,0.0026399043721040245,0.0055628064928976316,14184.5371,0.5474540272242537,-0.002232517537163432,0.0026312889822088167,0.01695645056851873,0.004874689348831739,-0.0002349466331246128,0.00010741108619657583,0.0001704456353919746,0.4823555463145148,-0.04325048560182658,-0.03528890737097029,2.9726753221193576,4.797287492857312,-1.8246121707379546,-0.4405875213974495,0.00683143893907215,0.056087980728627945,-0.008804541686553185,-0.0005867702309088069,-0.0018498312783845417,-0.5000000000000004,0.8660254037844384,0.7818314824680298,0.6234898018587336,0
2026-05-05T23:00:00+00:00,2026-05-06T00:00:00+00:00,-0.00284687287487708,-0.006171514210058749,-0.009083239240936646,0.006247961470198283,-0.00284687287487708,0.0009488429622537485,0.002444117809019931,9910.3777,-0.3013252649605323,-0.004592107213745602,-0.00021432867999336222,0.01391944383568419,0.0043979745041988405,-0.0004831461636591051,-8.748032858649332e-06,0.0001399134809399494,0.44853023738626624,-0.0338253089282486,-0.1029395252274675,1.698560346589602,4.17754206360377,-2.478981717014168,-0.6543695462762136,0.00680787261403075,-0.006286738900097103,-0.00877951697961097,0.0027311263453875974,-0.009110812435933107,-0.2588190451025207,0.9659258262890683,0.7818314824680298,0.6234898018587336,1
2026-05-06T00:00:00+00:00,2026-05-06T01:00:00+00:00,0.0016350597474553334,-0.0012164679346655808,-0.0045465452570691315,0.005379277096205241,0.0016393025974685653,0.0013067583512006912,0.0024358990624326927,9670.6129,-0.0241933059725866,-0.002682974692363882,0.0013646034161460662,0.01541987502238191,0.004058466872418444,-0.0002823386510430056,5.570120106925998e-05,0.00015499763886031668,0.4713925352345793,0.022862297848313062,-0.057214929530841376,0.9888855327517376,3.5398107574333637,-2.550925224681626,-0.07194350766745794,0.006695510762581692,-0.014896619996016894,-0.002160565460491567,0.0040891719745223395,-0.004545946315939033,0.0,1.0,0.9749279121818236,-0.22252093395631434,1
2026-05-06T01:00:00+00:00,2026-05-06T02:00:00+00:00,0.0036200166622262025,0.0052609953532110594,0.0023991450933680686,0.006000362381435865,0.0036200166622262025,0.0016012202984167837,0.0007921826739536696,8948.2743,-0.07469419027205618,0.0008389383635229199,0.004792953114791547,0.018902113270230798,0.003950700357176208,8.8317100644826e-05,0.0001956690182539929,0.0001900070834738148,0.5190139005286837,0.047621365294104406,0.038027801057367444,1.1044521540156893,3.052739036749829,-1.9482868827341395,0.6026383419474866,0.006623431902352226,-0.007184205669663325,0.0023102393864140418,0.007723991507431021,0.002408203534804456,0.25881904510252074,0.9659258262890683,0.9749279121818236,-0.22252093395631434,0
2026-05-06T02:00:00+00:00,2026-05-06T03:00:00+00:00,-0.0014495257438300576,0.002165243611051154,0.003803843661178352,0.005781200548580997,-0.0014537333558064295,0.00021099272075113408,0.004114358054647114,6539.2128,-0.26922079266166427,-0.0005535687032697784,0.0032052181362366475,0.017248812782428815,0.0037608687387372967,-5.826699457740406e-05,0.00013084234753068751,0.0001733849594687676,0.49953761607589636,-0.019476284452787384,-0.0009247678482073241,0.907993499404256,2.623789929280714,-1.715796429876458,0.23249045285768144,0.006572200522431915,-0.00917318312725634,-0.0030458689350816716,0.002962649455084118,0.0038055506658514785,0.49999999999999994,0.8660254037844387,0.9749279121818236,-0.22252093395631434,1
2026-05-06T03:00:00+00:00,2026-05-06T04:00:00+00:00,0.0029749973625910675,0.0015211592834961075,0.005146682567674466,0.005381184786267234,0.0029749973625910675,0.0017123864018847646,0.0007026253786604142,7896.7032,0.2075923267094167,0.0021888219590875885,0.005945572479913105,0.020069333938667874,0.0037485456218537606,0.0002304554089417776,0.000242735333895333,0.000201742540473169,0.5378163084969123,0.03827869242101599,0.07563261699382466,1.3061185591886897,2.3602556552623093,-1.0541370960736196,0.6616593338028385,0.006469026134912167,-0.012770312096137243,0.0013059780090156144,0.007118644067796687,0.005145488280987213,0.7071067811865475,0.7071067811865476,0.9749279121818236,-0.22252093395631434,0
2026-05-06T04:00:00+00:00,2026-05-06T05:00:00+00:00,-0.004510265903736222,-0.001548686570313355,-0.0029959674530906193,0.007670915607249159,-0.004514454247499808,0.0010946375439546193,0.0020413510954827934,7910.6015,0.0017600129633844963,-0.0021097544366346426,0.001353180800378071,0.015312277278684895,0.0034702566263263663,-0.00022203010606675416,5.523492013103461e-05,0.0001539159204213898,0.47795294097043545,-0.05986336752647688,-0.0440941180591291,0.747998665182422,2.0378042572463317,-1.2898055920639098,-0.23566849599029016,0.006582091087578557,0.01288879808489609,-0.006212014935716761,-0.0008445660619573664,-0.0029847942849752125,0.8660254037844386,0.5000000000000001,0.9749279121818236,-0.22252093395631434,0
2026-05-06T05:00:00+00:00,2026-05-06T06:00:00+00:00,-0.00044377197727875947,-0.004952036351396828,-0.0019917712838906213,0.005069703132729725,-0.00044377197727875947,0.00038477313184181783,0.004240961002608931,11450.5782,0.4474977914132067,-0.0023100479203568484,0.000873137659217155,0.014711656902812294,0.003190555916634006,-0.00024310382514434095,3.5639541936535065e-05,0.0001478777128541582,0.4724064010000897,-0.0055465399703457765,-0.05518719799982066,0.21844035887943392,1.6739314775729521,-1.4554911186935182,-0.16568552662960845,0.00647677688916275,-0.016436784156097825,-0.006039337648146546,0.0016008470089995553,-0.0019790405184239145,0.9659258262890683,0.25881904510252074,0.9749279121818236,-0.22252093395631434,1
2026-05-06T06:00:00+00:00,2026-05-06T07:00:00+00:00,0.0023213236195734435,0.001876521503922122,-0.002642208010770868,0.004340819735754165,0.0023213236195734435,0.00032482324553261807,0.0017000489344110997,6311.3267,-0.4488202613209524,5.35015307820733e-06,0.003070750712606517,0.016894439788721405,0.003065384159253814,5.631743254479758e-07,0.0001253524750534639,0.00016982219939344962,0.5047668434639764,0.032360442463886724,0.009533686927952801,0.23900361908181367,1.3869459058747244,-1.1479422867929108,0.30754883190060744,0.006310280065142294,-0.023445090738450282,0.0014913455485659848,0.006590233545647551,-0.0026327142614415385,1.0,6.123233995736766e-17,0.9749279121818236,-0.22252093395631434,1
2026-05-06T07:00:00+00:00,2026-05-06T08:00:00+00:00,0.0005146550124022576,0.0028371733128119223,0.0023921422775222538,0.0027110897484546523,0.0005104343754348527,0.0013745182861528745,0.0008263974971961668,7842.1661,0.242554295279945,0.00047046005592366215,0.0034458352683146487,0.017241490124100714,0.0029739760754402193,4.952456371088869e-05,0.0001406661216571437,0.00017331133939536099,0.5119310530045618,0.007164209540585347,0.023862106009123495,0.34971268483513995,1.1794992616668076,-0.8297865768316677,0.3181557099612431,0.006050180949136628,-0.04072487392022859,0.00018977012512169246,0.004548919949173986,0.0023922066546969416,0.9659258262890683,-0.25881904510252085,0.9749279121818236,-0.22252093395631434,1
2026-05-06T08:00:00+00:00,2026-05-06T09:00:00+00:00,0.009524652786561828,0.01004420970926208,0.012388849190073582,0.011289170665697795,0.009524652786561828,0.000776835273333303,0.001077545701720284,18454.838,1.3532832338248992,0.009038643661036492,0.012487007229725329,0.026655255671794657,0.003417474236841256,0.0009523422677302595,0.0005099336642888777,0.00026796380216537386,0.6212025116531775,0.10927145864861579,0.24240502330635508,2.2345165091737726,1.3905027111682007,0.844013798005572,1.6738003748372396,0.006371389614391654,0.06312107725546776,0.008138947368421022,0.010875760479951938,0.012360631418537528,0.8660254037844387,-0.4999999999999998,0.9749279121818236,-0.22252093395631434,1
2026-05-06T09:00:00+00:00,2026-05-06T10:00:00+00:00,0.007697351659963452,0.017295319048462494,0.01781887518350414,0.013921815679968039,0.007701560359517547,0.002333427278303542,0.003945688754787041,47718.3765,1.5856838461545963,0.015180741326958038,0.019469678515947126,0.03420216297335131,0.0042248015692091965,0.0016005303752178813,0.0007953127755105408,0.00034385852943531324,0.6834667509825851,0.06226423932940762,0.36693350196517033,5.155949516742112,2.143592072282983,3.012357444459129,2.1683436464535566,0.006865513852557192,0.0858479147750637,0.0069151444584945945,0.018403147106991664,0.01773665945892754,0.7071067811865476,-0.7071067811865475,0.9749279121818236,-0.22252093395631434,0
2026-05-06T10:00:00+00:00,2026-05-06T11:00:00+00:00,-0.0010610255475059268,0.0066281590256981665,0.016215942725593884,0.0038378557796033526,-0.0010651657638316805,0.0006887395236909197,0.0020828147041739202,17192.8972,-0.6397007094321409,0.012743291004693192,0.01765416691164215,0.03276465385869506,0.004849082635814965,0.0013432008214356406,0.0007210978487111279,0.0003294014732055184,0.6670646737870374,-0.016402077195547805,0.3341293475740747,7.181847747552183,3.1512432073368233,4.03060454021536,1.018247095756231,0.00665602391140174,-0.03154201669691485,-0.0033865505563619,0.010650788326064925,0.01616097889901935,0.49999999999999994,-0.8660254037844387,0.9749279121818236,-0.22252093395631434,1
2026-05-06T11:00:00+00:00,2026-05-06T12:00:00+00:00,0.00011202389843165788,-0.0009491205092924362,0.006740925436343308,0.006388795546096669,0.00011202389843165788,0.005505150447837967,0.0007716337477751944,30434.9349,0.7702039712073658,0.011618065034714022,0.01705949067892746,0.03254253367372829,0.005378932852515553,0.0012244516625012198,0.0006967909215165804,0.00032716764359577537,0.667969713511443,0.000905039724405583,0.3359394270228859,8.70878399394087,4.262751364657633,4.446032629283237,0.415428089067877,0.006636243874383294,-0.0028600587020254473,-0.0016401386662690724,0.002199419586060072,0.006748350010889183,0.258819045102521,-0.9659258262890682,0.9749279121818236,-0.22252093395631434,0
2026-05-06T12:00:00+00:00,2026-05-06T13:00:00+00:00,-0.0022236327355244717,-0.0021118579371005274,-0.0031706427493824875,0.005421789439984019,-0.0022236327355244717,0.0012972379641681027,0.001895963178399302,22282.1291,-0.26787656444108254,0.008468794301957266,0.014209367311766313,0.02993656798811354,0.005692365536984772,0.000892247427567125,0.0005803107412344746,0.0003009605800500537,0.6312823007886217,-0.036687412722821264,0.2625646015772433,9.378277816679656,5.285856655062037,4.092421161617619,-0.35361146766561813,0.006563230194832224,-0.013201427602933488,-0.007686468020497106,-0.0013411727579992934,-0.0031726343845987406,1.2246467991473532e-16,-1.0,0.9749279121818236,-0.22252093395631434,0
2026-05-06T13:00:00+00:00,2026-05-06T14:00:00+00:00,-0.015217599195047173,-0.017407393578845447,-0.017297319724504025,0.0169304752777062,-0.015217599195047173,0.0,0.0014777222810965543,42551.5633,0.9096722359444549,-0.006226741126637056,-0.0011765026239900578,0.014119477762382779,0.005081882066712516,-0.0006550171057564001,-4.8018209405832565e-05,0.00014192443880751423,0.4496670370708156,-0.18161526371780604,-0.10066592585836873,6.876276933449844,5.603940710739598,1.272336222710246,-2.8200849389073728,0.007397923391879524,0.11002426283365686,-0.018677571584237558,-0.013346941325946122,-0.017329208032139987,-0.25881904510252035,-0.9659258262890684,0.9749279121818236,-0.22252093395631434,0
2026-05-06T14:00:00+00:00,2026-05-06T15:00:00+00:00,-0.0039180750767360915,-0.01907605057564939,-0.02125726518064933,0.011279103775384396,-0.003922280580277964,0.002021846110807332,0.005319532220258382,51777.3181,0.2168135336169892,-0.009165403970600302,-0.004891337827206276,0.01004411146311889,0.00431360204873913,-0.00096384946325284,-0.00019960659118110753,0.00010095603494263695,0.4169157334360785,-0.03275130363473714,-0.166168533127843,4.097372800623816,5.302627128716442,-1.205254328092626,-2.477590550802872,0.0077021716506689404,0.037046960003536356,-0.01907605057564939,-0.0024439642961341388,-0.021359307007307735,-0.5000000000000001,-0.8660254037844386,0.9749279121818236,-0.22252093395631434,0
2026-05-06T15:00:00+00:00,2026-05-06T16:00:00+00:00,-5.510272419395699e-05,-0.003972961904319724,-0.019130102157489767,0.004671272943071503,-5.510272419395699e-05,0.002869738459582036,0.0017464287228179775,20851.531,-0.5972844526298475,-0.008349237687423149,-0.004753125485996123,0.009888084913110797,0.0036263897917455535,-0.0008780953958158909,-0.0001939674911907102,9.938761473658465e-05,0.41645813035157275,-0.0004576030845057488,-0.1670837392968545,1.863104630453563,4.614722629063866,-2.7516179986103033,-1.5463636705176773,0.007486073003151924,-0.02811040318923564,-0.005979041752166846,0.00529258356486614,-0.01919077699597722,-0.7071067811865475,-0.7071067811865477,0.9749279121818236,-0.22252093395631434,0
2026-05-06T16:00:00+00:00,2026-05-06T17:00:00+00:00,-0.00043236827603746424,-0.0004874471755615565,-0.004403612397667855,0.007171088343058699,-0.00043236827603746424,0.0035494978965937927,0.0031890351472384235,19002.5503,-0.08867361825853459,-0.007948641458442571,-0.0049811790917505955,0.00935651722427342,0.002991238650239364,-0.0008359996207577006,-0.00020327210436703165,9.404419246606875e-05,0.4126312553020234,-0.003826875049549372,-0.17473748939595324,0.010010142366354557,3.693780131724364,-3.6837699893580096,-0.9321519907477063,0.007466580943654038,-0.0030350187900681715,-0.0033474218089603013,0.0013163593746018689,-0.004405546076967513,-0.8660254037844384,-0.5000000000000004,0.9749279121818236,-0.22252093395631434,0
2026-05-06T17:00:00+00:00,2026-05-06T18:00:00+00:00,-0.003553738634821596,-0.003984570387012035,-0.004039453550522925,0.005651785334297887,-0.0035579642846542445,0.001234200110652269,0.0008469166276545014,13561.1973,-0.28634856448715723,-0.010392715050692902,-0.008185941624430896,0.005711791830262387,0.0022299486471292988,-0.0010927745427636462,-0.0003340084673719476,5.740823853431067e-05,0.3816059142347252,-0.0310253410672982,-0.23678817153054965,-2.110448617729162,2.532934381833659,-4.643382999562821,-0.9596130102048113,0.007361679530242524,-0.017553268271564747,-0.007505902925908241,-0.00036587026070388645,-0.004041209635053018,-0.9659258262890683,-0.25881904510252063,0.9749279121818236,-0.22252093395631434,0
2026-05-06T18:00:00+00:00,2026-05-06T19:00:00+00:00,-0.0020002553517469543,-0.005546885601845538,-0.005976855580517955,0.006204690831556581,-0.0020045026833098705,0.001211087420042706,0.0029850746268656717,18017.0774,0.3285757150661025,-0.011207084582843085,-0.009774904808482912,0.003663159540469672,0.0014484122529902623,-0.0011783030779563227,-0.00039881658833863776,3.681702921738466e-05,0.36502839228198236,-0.01657752195274284,-0.26994321543603533,-4.122654784553561,1.201816548556215,-5.324471333109775,-0.6810883335469544,0.007292738321618682,-0.011346398214891817,-0.006772582687770716,-0.001154316333789112,-0.005986362262606015,-1.0,-1.8369701987210297e-16,0.9749279121818236,-0.22252093395631434,1
2026-05-06T19:00:00+00:00,2026-05-06T20:00:00+00:00,0.0014925373134328358,-0.0005107034940629946,-0.0040626272221468,0.003346817117308975,0.0014925373134328358,0.0006387055567383436,0.0012177985948478294,9241.8552,-0.487050258217795,-0.008812653698351934,-0.007974180612179917,0.005109546987868666,0.0008459279563046845,-0.0009267880248881261,-0.00032537085902790237,5.135486822082061e-05,0.38640511458413784,0.0213767223021555,-0.22718977083172434,-5.372985487511869,-0.11314385865740184,-5.259841628854467,0.06462970425530834,0.0070007946632971085,-0.0385993160111689,-0.001721536205394224,0.004491017964071856,-0.0040614566731357144,-0.9659258262890684,0.2588190451025203,0.9749279121818236,-0.22252093395631434,1
2026-05-06T20:00:00+00:00,2026-05-06T21:00:00+00:00,0.0010389610389610622,0.0025330490405117505,0.000527726943865275,0.005023522505891237,0.0010432235180904638,0.0025947067981317725,0.0013866793708047689,13484.2191,0.4590381268903672,-0.007046848271844687,-0.006673027171783885,0.006092211602298181,0.0003764740556089647,-0.0007412236822126783,-0.0002722942916153338,6.123200643862612e-05,0.4015314799206727,0.015126365336534846,-0.19693704015865465,-6.0967148361260115,-1.3098580541511238,-4.786856781974888,0.4729848468795792,0.006852813934237621,-0.02012070474128503,0.0004000000000000232,0.0037572476453159,0.0005312430006469437,-0.8660254037844386,0.5000000000000001,0.9749279121818236,-0.22252093395631434,1
2026-05-06T21:00:00+00:00,2026-05-06T22:00:00+00:00,0.0015227951372642123,0.0025633383010432113,0.004059701492537306,0.004935188488524154,0.0015227951372642123,0.0012444149975365834,0.002170293732905275,10416.7586,-0.22748521640381836,-0.005010302793536196,-0.004959028858568119,0.007547847801760888,5.153212652556549e-05,-0.0005271222896058292,-0.00020236837991564115,7.586352168925407e-05,0.423969086518948,0.022437606598275296,-0.15206182696210405,-6.308676977221239,-2.309621838765147,-3.999055138456092,0.7878016435187956,0.006706165377876097,-0.01990954980591976,-0.00106913756236635,0.0039612319473996,0.0040542934896581105,-0.7071067811865477,0.7071067811865474,0.9749279121818236,-0.22252093395631434,0
2026-05-06T22:00:00+00:00,2026-05-06T23:00:00+00:00,-0.00307493671746249,-0.0015568240788790247,-0.0005194805194804343,0.004285811662861013,-0.00307493671746249,0.00022579325858022904,0.000975597287072875,8076.5331,-0.2246596652436584,-0.007306893362524186,-0.0077066808296600816,0.004405231244423282,-0.00040273017356802786,-0.0007685555378069841,-0.0003144594853377171,4.4275641094147786e-05,0.3919638217361128,-0.03200526478283514,-0.21607235652777435,-6.980400284606731,-3.2437775279334637,-3.736622756673267,0.26243238178282535,0.006552490133617243,-0.025919989586742898,-0.0043139833294447896,0.0006181181074503578,-0.0005131805412372154,-0.5000000000000004,0.8660254037844384,0.9749279121818236,-0.22252093395631434,1
2026-05-06T23:00:00+00:00,2026-05-07T00:00:00+00:00,0.0015166490576326408,-0.0015629512597046685,-4.2536177018515596e-05,0.005555461026696817,0.0015166490576326408,0.00021268993210937366,0.003828418777968726,11034.0613,0.366187838690341,-0.005251720645182577,-0.005959964883883828,0.005869224600818516,-0.0007119833764986361,-0.0005525072664593407,-0.00024320470989194304,5.899066161057194e-05,0.41533550900400706,0.023371687267894216,-0.1693289819919859,-7.143141903958622,-4.023650403138495,-3.1194915008201267,0.6171312558531401,0.006472059760124709,-0.010776747269578283,-0.0017876478206407661,0.0024946801478899117,-3.5492522565636845e-05,-0.2588190451025207,0.9659258262890683,0.9749279121818236,-0.22252093395631434,0
2026-05-07T00:00:00+00:00,2026-05-07T01:00:00+00:00,-0.00901379932279528,-0.007510821035411245,-0.01056266245349366,0.00998003992015968,-0.00901379932279528,0.0006267035820831611,0.0002575494172944043,13622.3234,0.23457021214844984,-0.012881512457385223,-0.014343334862905083,-0.0031657637469234595,-0.0014808986195355323,-0.0013541125725698361,-0.000585099697225274,-3.1815708803006414e-05,0.3332302907351188,-0.0821052182688883,-0.3335394185297625,-8.879613065513695,-4.994842935613535,-3.8847701299001596,-0.7652786290800329,0.00677729335689268,0.037722833772554934,-0.009224527290821427,-0.0036907470448364218,-0.010572086982625128,0.0,1.0,0.43388373911755823,-0.900968867902419,0
2026-05-07T01:00:00+00:00,2026-05-07T02:00:00+00:00,-0.0009615178245660234,-0.009966650218645373,-0.008465117071674595,0.008954159344507476,-0.0009658061691405613,0.002294395916490926,0.005693023575562535,18902.7493,0.3876303435873502,-0.012529944738391365,-0.014700226835122891,-0.004083368012788761,-0.002197820668249588,-0.0013172042360111308,-0.0005996494633465677,-4.1037190380223075e-05,0.3258960933028943,-0.007334197432224414,-0.3482078133942113,-10.317593456299164,-6.0593930397506615,-4.258200416548503,-0.3734302866483432,0.0069388406332577405,0.022852110607968296,-0.010581133358840422,-0.0007041497606321579,-0.008458668089728663,0.25881904510252074,0.9659258262890683,0.43388373911755823,-0.900968867902419,0
2026-05-07T02:00:00+00:00,2026-05-07T03:00:00+00:00,-0.0023760317262535376,-0.0033352649539630337,-0.012319000867774937,0.006055437834857937,-0.002371745295179162,0.00023687701345449685,0.0034411769772771357,19439.1949,0.028379236876405017,-0.013478519613785326,-0.016383992107641864,-0.0063859312564267575,-0.002945169012152751,-0.0014167814208016767,-0.0006682874649424424,-6.417609479686463e-05,0.30788036146440634,-0.018015731838488022,-0.3842392770711874,-11.767776458124445,-7.201069723425418,-4.566706734699027,-0.3085063181505241,0.006891086164698282,-0.009241876460999002,-0.005618843683083465,0.0033359836830643753,-0.01235134887361484,0.49999999999999994,0.8660254037844387,0.43388373911755823,-0.900968867902419,1
2026-05-07T03:00:00+00:00,2026-05-07T04:00:00+00:00,0.00021964959429417692,-0.0021569040263640623,-0.003116347949262858,0.004503980812869517,0.00021534181205828013,0.0016405513285881982,0.002648134034335358,11540.0497,-0.4063514585164224,-0.01201397311419578,-0.01554375965615002,-0.0061066891034850124,-0.003572708971482476,-0.0012630314829386302,-0.0006340369117869733,-6.136999332676237e-05,0.3116596124466301,0.003779250982223772,-0.3766807751067398,-12.729170246357171,-8.306689828011768,-4.422480418345403,0.14422631635362393,0.00671917343995888,-0.024732945858729524,-0.0023883674477544387,0.003673467623785055,-0.003117899956525384,0.7071067811865475,0.7071067811865476,0.43388373911755823,-0.900968867902419,1
2026-05-07T04:00:00+00:00,2026-05-07T05:00:00+00:00,0.002204625407446788,0.0024247592468172813,4.296621566477922e-05,0.004176136729809882,0.002204625407446788,4.296436964723473e-06,0.0019720645668545745,10417.5378,-0.09727097622465175,-0.008907431922338692,-0.012855697396500084,-0.0038767172324356298,-0.003983750460181041,-0.0009367460968686141,-0.0005244471535751607,-3.8960464258691955e-05,0.3500305136291458,0.03837090118251567,-0.2999389727417085,-12.92890418019897,-9.231132698449208,-3.6977714817497613,0.7247089365956416,0.006523803048504292,-0.02693602883121668,0.0005631502020464278,0.005082608583001735,4.824327548742747e-05,0.8660254037844386,0.5000000000000001,0.43388373911755823,-0.900968867902419,1
2026-05-07T05:00:00+00:00,2026-05-07T06:00:00+00:00,0.001533827996442425,0.003741834920060823,0.003962306406877107,0.0029814506580639953,0.001533827996442425,0.0012397686909071644,0.00021020299603627352,10970.9192,0.05312017202375788,-0.006688422848353605,-0.010901668393380276,-0.0023255183072139036,-0.0042416152614553155,-0.0007035491804147766,-0.00044476815014272004,-2.3371497048955868e-05,0.3761440683512029,0.02611355472205716,-0.24771186329759418,-12.653266616340716,-9.91555948202751,-2.7377071343132062,0.9600643474365551,0.006261500458233791,-0.03873484893537074,0.0015295249879700048,0.005729571145051232,0.00395810299818339,0.9659258262890683,0.25881904510252074,0.43388373911755823,-0.900968867902419,1
2026-05-07T06:00:00+00:00,2026-05-07T07:00:00+00:00,0.002595363522487509,0.0041331723601616705,0.006346909864407028,0.007945642732753489,0.002595363522487509,0.0006161403088403531,0.004740857376354729,14009.3816,0.27695604576141625,-0.003720406234645118,-0.008010369822365047,0.0002611839926470223,-0.004305983595936531,-0.0003914684013857488,-0.00032684700640680636,2.6249716405893785e-06,0.4187625941839058,0.0426185258327029,-0.16247481163218835,-11.810493406863316,-10.29454626699467,-1.5159471398686453,1.221759994444561,0.006366745304415955,0.019447234015944188,0.0013539162885556838,0.004344612422755338,0.006333816926376722,1.0,6.123233995736766e-17,0.43388373911755823,-0.900968867902419,1
2026-05-07T07:00:00+00:00,2026-05-07T08:00:00+00:00,0.003191949099964502,0.0057955968907116955,0.007338314335921189,0.00433764538789301,0.0031876567086269,0.0009809817494742053,0.00017913579773012455,16120.1713,0.15066972692070857,-0.0004888974044066018,-0.004654913294972334,0.003419481429826914,-0.0041680536411723285,-5.146023638218929e-05,-0.00018996036922129842,3.4367828643036666e-05,0.4671045546922486,0.048341960508342795,-0.06579089061550278,-10.42050877371912,-10.31973876833956,-0.1007700053795606,1.4151771344890847,0.006202998906693576,-0.022609156494015382,0.002574222708749356,0.010599137931034546,0.007321140618894436,0.9659258262890683,-0.25881904510252085,0.43388373911755823,-0.900968867902419,0
2026-05-07T08:00:00+00:00,2026-05-07T09:00:00+00:00,-0.00463193991273533,-0.0014547757292063732,0.0011368121214201533,0.006256079323657796,-0.00463193991273533,0.0008612821534623815,0.0007413025499950801,15120.5601,-0.06200996139538538,-0.004633348331539245,-0.008905182799194625,-0.0012160903144793388,-0.0042917194990356716,-0.000487483121308753,-0.0003633447815303962,-1.2221863834984223e-05,0.41322401493564825,-0.05388053975660036,-0.1735519701287035,-10.079062023834467,-10.271603419438541,0.19254139560407424,0.29331140098363484,0.006233594156943755,0.0002775458614025916,-0.005607420884660063,-0.0012795713649901494,0.0011553727097166808,0.8660254037844387,-0.4999999999999998,0.43388373911755823,-0.900968867902419,0
2026-05-07T09:00:00+00:00,2026-05-07T10:00:00+00:00,-0.0020053733722409347,-0.006628024516013445,-0.0034572317329373747,0.004413816792254438,-0.0020053733722409347,0.0014512354822782288,0.0009531783345141815,13919.7483,-0.0794158279890704,-0.006001845224987086,-0.0104700057453749,-0.0031870969553973883,-0.004495139652848915,-0.000631374296229713,-0.000427164625685363,-3.203009921969205e-05,0.39222706994488277,-0.020996944990765484,-0.21554586011023447,-10.070018991601955,-10.231286533871224,0.1612675422692682,-0.031273853334806034,0.006115241161923676,-0.02095361576684225,-0.007478905650728598,-0.001265008576329253,-0.0034453641850117627,0.7071067811865476,-0.7071067811865475,0.43388373911755823,-0.900968867902419,0
2026-05-07T10:00:00+00:00,2026-05-07T11:00:00+00:00,-0.0009746463150211381,-0.0029780651574945766,-0.0075962108513641805,0.006137236868118258,-0.0009703568852401692,0.00111312629470777,0.004052811181117377,13596.4665,-0.023224687187770404,-0.006310960871712257,-0.010990966257637059,-0.004117427882689793,-0.004709728296923079,-0.00066387065368338,-0.0004484097061913456,-4.1379472419050295e-05,0.38208571357213467,-0.010141356372748121,-0.2358285728557307,-10.129258564734755,-10.21088094004393,0.08162237530917515,-0.07964516696009305,0.006122352152094881,0.00018705103799117857,-0.004419988789573416,-2.1488462844181633e-05,-0.007611959599997402,0.49999999999999994,-0.8660254037844387,0.43388373911755823,-0.900968867902419,1
2026-05-07T11:00:00+00:00,2026-05-07T12:00:00+00:00,0.0013581000352417738,0.00038213005302585714,-0.0016240096326481485,0.0026352609938454755,0.0013581000352417738,0.0007081727426457724,0.0005708301501327854,11503.0069,-0.15397085706054583,-0.004491036535378116,-0.009272956603557198,-0.0027374833999871287,-0.0048034927295248,-0.0004725173097764538,-0.00037834482564935197,-2.7511639068733426e-05,0.4051434483136248,0.023057734741490137,-0.18971310337275044,-9.80815841759113,-10.130336435553371,0.32217801796224066,0.2405556426530655,0.005865563828923479,-0.04064161853928785,-0.0007248148291109887,0.005432929855222623,-0.001621919652020299,0.258819045102521,-0.9659258262890682,0.43388373911755823,-0.900968867902419,1
2026-05-07T12:00:00+00:00,2026-05-07T13:00:00+00:00,0.0013176304969227377,0.0026775200061888178,0.0017002640561602524,0.00346762337066714,0.0013176304969227377,0.001765958997175276,0.00038576774210144444,12385.8948,0.07675279235032013,-0.0028774021010761577,-0.0076574843158563706,-0.001409316075873464,-0.004793876124011743,-0.0003027927204911606,-0.0003124527230215616,-1.4163780046484389e-05,0.4274948011009606,0.0223513527873358,-0.14501039779807884,-9.199910058232945,-9.944251160089285,0.7443411018563406,0.42216308389409996,0.005687115211627461,-0.029145552898201206,0.0006090264583396192,0.003250983680578125,0.0017010842171433734,1.2246467991473532e-16,-1.0,0.43388373911755823,-0.900968867902419,0
2026-05-07T13:00:00+00:00,2026-05-07T14:00:00+00:00,-0.008011110110972544,-0.0067040352970462284,-0.0053550400123776355,0.011934391095440514,-0.008015362062905512,0.0,0.003854263887448612,39011.6686,2.1496851240816284,-0.009840838571839709,-0.015004383895856666,-0.009316384986976919,-0.005214863958405734,-0.0010348058120937438,-0.000612048999090302,-9.362324378695137e-05,0.34299823517135125,-0.08449656592960934,-0.3140035296572975,-10.109460089410732,-9.977292945953575,-0.1321671434571563,-0.8765082453134969,0.006175996669753863,0.07726322615403136,-0.00975983364211659,-0.006320200597671057,-0.005335379578808032,-0.25881904510252035,-0.9659258262890684,0.43388373911755823,-0.900968867902419,0
2026-05-07T14:00:00+00:00,2026-05-07T15:00:00+00:00,-0.006628296864737869,-0.014586306959678783,-0.013287895825643594,0.01271868393809419,-0.006628296864737869,0.001926941513192736,0.004119218088021557,46781.2234,0.1991597662654195,-0.014864853555665334,-0.02070627217591528,-0.015727376521493235,-0.005929560671277926,-0.0015622768987737978,-0.0008444402843082168,-0.0001580391053364281,0.2919863361216663,-0.05101189904968493,-0.4160273277566674,-11.930566694015852,-10.36794769556603,-1.562618998449821,-1.4304518549926648,0.0066815974278556355,0.0746945264848501,-0.014590530728412085,-0.002784766201093117,-0.013321776478787675,-0.5000000000000001,-0.8660254037844386,0.43388373911755823,-0.900968867902419,0
2026-05-07T15:00:00+00:00,2026-05-07T16:00:00+00:00,-0.001809498125255485,-0.008425801099242973,-0.016369411189836328,0.008092137945459845,-0.001809498125255485,0.002414132698860897,0.0038652269023280016,31328.1654,-0.3303260769362436,-0.015085900239167565,-0.02161585470821268,-0.0173372232653194,-0.006629973589200103,-0.0015854717863124027,-0.000881502052568039,-0.00017421309441205342,0.2798320430599102,-0.012154293061756078,-0.4403359138801795,-13.553250595697591,-11.005008275592342,-2.548242320105249,-0.985623321655428,0.006793597416012406,0.014922627028242832,-0.01032021563342311,0.0023192735563504615,-0.016448905100965895,-0.7071067811865475,-0.7071067811865477,0.43388373911755823,-0.900968867902419,0
2026-05-07T16:00:00+00:00,2026-05-07T17:00:00+00:00,-0.0013116497154461867,-0.00311877441300058,-0.009726399115074932,0.005598195312874945,-0.0013116497154461867,0.001474816847818822,0.0028100060650752263,28001.1937,-0.10619746344929606,-0.014841124621380314,-0.02202092095170471,-0.018444216316328536,-0.007287957820574914,-0.001559786908367363,-0.0008980059605483976,-0.0001853346529035338,0.27104061556873743,-0.008791427491172782,-0.4579187688625251,-14.91024509877343,-11.78605564022856,-3.124189458544871,-0.5759471384396218,0.006716496751749447,-0.01264578250010766,-0.005515248294655736,0.0025634856405433747,-0.00974944470543954,-0.8660254037844384,-0.5000000000000004,0.43388373911755823,-0.900968867902419,1
2026-05-07T17:00:00+00:00,2026-05-07T18:00:00+00:00,0.0033990601315117587,0.00208295203981129,0.0002696848167447698,0.009197251695947161,0.0033990601315117587,0.0007175160897547795,0.005092189946077594,28378.658,0.013480293163358949,-0.01040937889153561,-0.017976687477420688,-0.014959771182982706,-0.00764690815016896,-0.001094524796654837,-0.0007332043629278103,-0.0001503268575636914,0.32973097268610785,0.05869035711737041,-0.3405380546277843,-15.182075605755927,-12.465259633334032,-2.7168159724218945,0.4073734861229763,0.00687256626829976,0.026714787364011883,0.0006091723957880477,0.006226562876033211,0.00027791229081008733,-0.9659258262890683,-0.25881904510252063,0.43388373911755823,-0.900968867902419,0
2026-05-07T18:00:00+00:00,2026-05-07T19:00:00+00:00,-0.001482866585493066,0.0019111531933275923,0.0005969967143392034,0.005543966309408201,-0.0014872087006057863,0.0019118626942891803,0.002142679830501863,23860.3486,-0.15921504815343976,-0.010757853492363925,-0.018685062047582808,-0.01625972345474924,-0.0080134157073722,-0.0011311247387518371,-0.0007620743934798746,-0.0001633876062055029,0.3176737747905105,-0.01205719789559737,-0.36465245041897903,-15.494055910591214,-13.071018888785469,-2.4230370218057455,0.293778950616149,0.00678714348792589,-0.013893966960130223,-0.002198804997284061,0.007056708039121155,0.0006045438305725061,-1.0,-1.8369701987210297e-16,0.43388373911755823,-0.900968867902419,0
2026-05-07T19:00:00+00:00,2026-05-07T20:00:00+00:00,-9.14558464238745e-05,-0.0015741868150982307,0.0018195225607707762,0.004011358983963291,-8.710118544705472e-05,0.0003963449158966146,0.003527905295342254,18517.2817,-0.22393079789286907,-0.009825302861914617,-0.01805183298412338,-0.01618964253717588,-0.008308160313514383,-0.0010331738543038814,-0.0007362670210133061,-0.000162683505019012,0.31690523623535255,-0.0007685385551579316,-0.3661895275292949,-15.578666623375739,-13.572548435703522,-2.0061181876722163,0.41691883413352926,0.006589449605460326,-0.02921649240353652,-0.00348090277777777,0.0020556285378851187,0.0018247376995948184,-0.9659258262890684,0.2588190451025203,0.43388373911755823,-0.900968867902419,0
2026-05-07T20:00:00+00:00,2026-05-07T21:00:00+00:00,-0.002996541781722885,-0.0030877235768817673,-0.004566011480257436,0.006391158097068765,-0.002996541781722885,0.0028788606876065464,0.0005067493774845374,34000.8584,0.8361689880216057,-0.01158819682427478,-0.020187597082535674,-0.018950855496676983,-0.008700220121442687,-0.0012183240679136478,-0.0008233051644733423,-0.00019042459083184264,0.2919825410117436,-0.024922695223608998,-0.4160349179765129,-16.01625431432194,-14.061289611427206,-1.9549647028947348,0.051153484777481495,0.006593676197347757,-0.0023570457721086378,-0.0034783138666748957,0.0005332447505987201,-0.0045708642136398255,-0.8660254037844386,0.5000000000000001,0.43388373911755823,-0.900968867902419,0
2026-05-07T21:00:00+00:00,2026-05-07T22:00:00+00:00,-0.0006203311345070433,-0.0036150140680668743,-0.0037061393003193195,0.0056826129528605406,-0.0006203311345070433,0.0022686739404112703,0.0027932228283675483,12799.0863,-0.6235657891507821,-0.011052150067595402,-0.01999620616274801,-0.019368579159411894,-0.009044011871570317,-0.0011620323275712426,-0.0008155060871389335,-0.00019462120224375816,0.2869662695244304,-0.005016271487313162,-0.4260674609511392,-16.289848609914316,-14.507001411124628,-1.7828471987896872,0.17211750410504756,0.006532400709874937,-0.009907635294937355,-0.00646668722340703,-0.00011363934368917815,-0.0037083287626538024,-0.7071067811865477,0.7071067811865474,0.43388373911755823,-0.900968867902419,0
2026-05-07T22:00:00+00:00,2026-05-07T23:00:00+00:00,-0.000284130647642868,-0.0009042855270629108,-0.0038981175794213442,0.00402268444226784,-0.000284130647642868,0.0011193556708919189,0.0026191173705636724,16424.3429,0.2832433905848419,-0.010264873107162977,-0.019495070983947555,-0.01945551545515443,-0.009325927337510748,-0.0010793467105410786,-0.0007950845206032996,-0.00019549459303605898,0.2845563522766517,-0.002409917247778708,-0.4308872954466966,-16.370415666462122,-14.879684262192127,-1.4907314042699955,0.2921157945196917,0.006354859231891106,-0.02745500409703139,-0.003164377650602044,0.002516120265288603,-0.0039010035638727962,-0.5000000000000004,0.8660254037844384,0.43388373911755823,-0.900968867902419,1
2026-05-07T23:00:00+00:00,2026-05-08T00:00:00+00:00,0.001762110685036814,0.0014774793677437882,0.0008562317067843416,0.003112096584113753,0.001762110685036814,0.0009515246217907154,0.0004015608495631161,8871.107,-0.4598805532731541,-0.007715602000388742,-0.017082457736413374,-0.017554389145604678,-0.009439688616396347,-0.0008115095490198522,-0.000696757363599963,-0.0001763949009132983,0.32254286881356364,0.03798651653691195,-0.3549142623728727,-15.925499079239216,-15.088847225601544,-0.8366518536376724,0.6540795506323231,0.00611285350818444,-0.03638698998451586,0.0003580410786643163,0.004392733139269799,0.0008576489028869027,-0.2588190451025207,0.9659258262890683,0.43388373911755823,-0.900968867902419,0
2026-05-08T00:00:00+00:00,2026-05-08T01:00:00+00:00,-0.0018463069496215806,-8.744966178855233e-05,-0.00037155546230238016,0.004643983155722264,-0.0018463069496215806,0.0014080626893998483,0.0013861983619246174,9997.2781,0.12694820387128683,-0.008646224309991304,-0.018169622489240454,-0.019179262260956904,-0.009606457767935174,-0.0009093012933730554,-0.0007410676559059431,-0.00019271925676163018,0.30428085488160744,-0.018262013931956176,-0.39143829023678506,-15.732866435925189,-15.217651067666273,-0.5152153682589162,0.32143648537875613,0.006018433628959674,-0.017263910368284646,-0.0027951718965306097,0.0003149454750645419,-0.00036832691222763456,0.0,1.0,-0.433883739117558,-0.9009688679024191,0
2026-05-08T01:00:00+00:00,2026-05-08T02:00:00+00:00,-0.0007739971926203443,-0.002618875105846202,-0.0008613791686161767,0.003951756190209336,-0.0007739971926203443,0.0010853106701793468,0.0020918487917165173,10079.1981,0.008194230387569201,-0.008524645315897918,-0.018200731948502212,-0.019743939615133065,-0.009759281042025732,-0.0008965266046922996,-0.0007423355468652791,-0.00019839218665102591,0.2967105767546866,-0.0075702781269208685,-0.4065788464906268,-15.543848080782482,-15.282890470289514,-0.2609576104929676,0.2542577577659486,0.005875142680976174,-0.02456424728411847,-0.004018689959377345,0.0006130509795679265,-0.0008581934572051107,0.25881904510252074,0.9659258262890683,-0.433883739117558,-0.9009688679024191,0
2026-05-08T02:00:00+00:00,2026-05-08T03:00:00+00:00,-0.002586365347080538,-0.0033583607001831514,-0.005198467085104648,0.007770440734484363,-0.002586365347080538,0.00028519404163836995,0.004892174714257548,18687.3591,0.8540521690907139,-0.010043477952672634,-0.01994290954771138,-0.02206244683267229,-0.009999865018885628,-0.0010560916967368072,-0.0008133342569874179,-0.0002216839793131312,0.2723460908772117,-0.02436448587747492,-0.45530781824557665,-15.690071898482529,-15.364326755928117,-0.3257451425544122,-0.06478753206144461,0.006024667590664704,0.022798240907078778,-0.004438018442237991,-0.0004955531776799819,-0.005206669489322463,0.49999999999999994,0.8660254037844387,-0.433883739117558,-0.9009688679024191,0
2026-05-08T03:00:00+00:00,2026-05-08T04:00:00+00:00,-0.00017111642498294217,-0.0027570392024715883,-0.003528902454489275,0.007016974143832514,-0.00017111642498294217,0.0010751461321068553,0.005770682300900529,15605.1908,-0.16493332650732873,-0.009249217233899593,-0.019337212228458106,-0.022013465290787772,-0.010182172116375829,-0.0009726548355822311,-0.0007886515064042881,-0.00022119192050368958,0.2707660068836424,-0.0015800839935693034,-0.45846798623271523,-15.656941591569648,-15.422849723056423,-0.23409186851322517,0.09165327404118706,0.006096504076478459,0.011750569266425473,-0.0030406307011824852,0.004744268077601507,-0.003531478964683825,0.7071067811865475,0.7071067811865476,-0.433883739117558,-0.9009688679024191,1
2026-05-08T04:00:00+00:00,2026-05-08T05:00:00+00:00,0.0012594568976109334,0.001088124958866252,-0.0015010546769011913,0.0035237965840210564,0.0012550630383935753,0.0012754039875001006,0.0009949027668815634,9647.4955,-0.38177651118498335,-0.007244891232783706,-0.017404578338540682,-0.020579205425339704,-0.010233830091665883,-0.0007620389834982753,-0.0007098866555359497,-0.00020678341695398597,0.30282167812483235,0.03205567124119,-0.39435664375033525,-15.223612244654305,-15.383002227376,0.15938998272169513,0.3934818512349203,0.0059056183887680755,-0.03009065746445896,1.3148667601770727e-05,0.007070943366245727,-0.0014980248744525468,0.8660254037844386,0.5000000000000001,-0.433883739117558,-0.9009688679024191,0
2026-05-08T05:00:00+00:00,2026-05-08T06:00:00+00:00,-0.002480682669845816,-0.0012243500851342036,-0.00139525700370765,0.0035281660127331207,-0.002480682669845816,0.0010413142528240228,0.0,11633.258,0.20583191772413875,-0.008791195893269961,-0.019078810385058268,-0.02278511046558307,-0.010378857057327521,-0.0009245334882384698,-0.0007781210106873712,-0.00022894365787979974,0.27696449086258,-0.02585718726225238,-0.44607101827484,-15.162130707958113,-15.338827923492422,0.1766972155343094,0.01730723281261426,0.00574943773100022,-0.028861192357547635,-0.0037513022315215157,-0.0002328135295410499,-0.0013923421972178247,0.9659258262890683,0.25881904510252074,-0.433883739117558,-0.9009688679024191,0
2026-05-08T06:00:00+00:00,2026-05-08T07:00:00+00:00,-0.00032952982684306034,-0.0028093950377582294,-0.0015534764521057144,0.004351227573597319,-0.00033392209070388066,0.0011075852005520267,0.002909608741132678,31348.2699,1.6947111376709774,-0.008256633884093267,-0.01865538256892772,-0.022882471385248335,-0.010485322150991966,-0.0008683646437002258,-0.0007608648303851266,-0.00022992171063594317,0.27363031847624597,-0.003334172386334018,-0.45273936304750806,-15.001002658318612,-15.27126287045766,0.27026021213904805,0.09356299660473866,0.005651325438674047,-0.01738858255310127,-0.0038441330998249565,-0.00032952982684306034,-0.001550755599077943,1.0,6.123233995736766e-17,-0.433883739117558,-0.9009688679024191,1
2026-05-08T07:00:00+00:00,2026-05-08T08:00:00+00:00,0.002694244952136545,0.0023638272912209343,-0.00012271928402072206,0.00681175619698861,0.0026898379504489175,0.0005873715124817085,0.003541762552874363,21264.4415,-0.32167097042889753,-0.005055453233886644,-0.015393167095548768,-0.020052426488394056,-0.01039024124034147,-0.0005318699358209887,-0.0006278980308670179,-0.00020149131757354262,0.34322332122882104,0.06959300275257504,-0.31355335754235797,-14.214808287139022,-15.059971953793932,0.8451636666549103,0.5749034545158622,0.005720112860478586,0.014898948559630273,0.001250822909809045,0.0056202062946310504,-0.00011596754455233142,0.9659258262890683,-0.25881904510252085,-0.433883739117558,-0.9009688679024191,1
2026-05-08T08:00:00+00:00,2026-05-08T09:00:00+00:00,0.0009687246586451164,0.003665579592303226,0.003334841847651835,0.003932456340100553,0.0009599495040261136,0.002439173921421011,0.0005342535339556656,17210.3914,-0.19064926299616194,-0.0037033903908455733,-0.013880965079155917,-0.01891664193468536,-0.0102154063259364,-0.0003896786588047826,-0.0005662491834291167,-0.0001900808667637604,0.36677816517717743,0.02355484394835642,-0.26644366964564514,-13.260555622686297,-14.700088687572405,1.439533064886108,0.5943693982311977,0.005587282675336714,-0.022275372837449868,0.0003811292816807761,0.00723816245065384,0.003333439783938601,0.8660254037844387,-0.4999999999999998,-0.433883739117558,-0.9009688679024191,1
2026-05-08T09:00:00+00:00,2026-05-08T10:00:00+00:00,0.00034157193154556924,0.001310627479343475,0.004008403582950373,0.005152472924345754,0.00034157193154556924,0.0034057977358885913,0.0014052198884579512,15015.7397,-0.1275189883246932,-0.0030437646717027898,-0.013019907392965525,-0.018400042537074262,-0.010006600458221314,-0.0003202936603341785,-0.00053114252924182,-0.00018489085967220056,0.37529396070404614,0.008515795526868715,-0.2494120785919077,-12.299582103554258,-14.219987370768775,1.9204052672145178,0.48087220232840977,0.00555445330064685,-0.00553616688910736,-0.002092498023266465,0.0018375984036138212,0.00400454154232723,0.7071067811865476,-0.7071067811865475,-0.433883739117558,-0.9009688679024191,1
2026-05-08T10:00:00+00:00,2026-05-08T11:00:00+00:00,0.0015759475384574577,0.0019180577694477524,0.0028886404979508386,0.004278958364292754,0.0015759475384574577,0.0013199646843885687,0.001385525844209233,15731.5078,0.04766785481770167,-0.0013325518883833243,-0.011019845535209004,-0.016688198522778645,-0.009700219692895182,-0.00014024894730359455,-0.00044958739394176684,-0.00016769246269011945,0.4144353955302627,0.03914143482621654,-0.17112920893947461,-11.119336957755422,-13.599857288166104,2.480520330410682,0.5601150631961644,0.005455231033980509,-0.01631575671651952,-0.0018236392509990039,0.003328436424233186,0.0028862441286481434,0.49999999999999994,-0.8660254037844387,-0.433883739117558,-0.9009688679024191,1
2026-05-08T11:00:00+00:00,2026-05-08T12:00:00+00:00,0.003251833527103007,0.0048329057846029765,0.00517612850111237,0.004382716587231918,0.003247448589348671,0.0011457797837395591,0.0,17761.4984,0.12903979871528914,0.0017322564414774936,-0.007500108789242857,-0.01335819023110553,-0.00921640006234512,0.00018237603826787917,-0.00030603320436387927,-0.00013423514665819147,0.48609856121889444,0.07166316568863174,-0.027802877562211135,-9.474423103265963,-12.774770451186075,3.3003473479201126,0.8198270175094304,0.005362515039355759,-0.013799230126327128,0.0019293222055383214,0.006229259546636172,0.005169352997106034,0.258819045102521,-0.9659258262890682,-0.433883739117558,-0.9009688679024191,0
2026-05-08T12:00:00+00:00,2026-05-08T13:00:00+00:00,-0.004726886180066006,-0.0014904236999221372,8.31750089741696e-05,0.008553181617225408,-0.004726886180066006,0.002897751397442752,0.0009060944701974426,16435.0408,-0.07468162708614727,-0.0027176124488346768,-0.011719045963305077,-0.017845811201811272,-0.00902596258274799,-0.0002859826588211488,-0.00047809971798908003,-0.0001793227240436343,0.4077309911564618,-0.07836757006243268,-0.18453801768707648,-8.943229364241688,-12.008462233797198,3.06523286955551,-0.23511447836460242,0.005614069008988828,0.04196107661594091,-0.0058659448827463835,-0.001494787910574802,0.00010089488549445882,1.2246467991473532e-16,-1.0,-0.433883739117558,-0.9009688679024191,0
2026-05-08T13:00:00+00:00,2026-05-08T14:00:00+00:00,-0.003532455253378228,-0.008242643919525339,-0.005017614098271815,0.007485306133206805,-0.003532455253378228,0.001085017966491746,0.0028553104381364046,28468.8006,0.7322013949609423,-0.005649495251716601,-0.014622351398553817,-0.02110761186706326,-0.009023836266979788,-0.0005943302721753783,-0.0005964746749492758,-0.00021209181020560755,0.36110063074855064,-0.046630360407911124,-0.27779873850289877,-9.068895473390967,-11.420548881715952,2.351653408324985,-0.7135794612305251,0.005766208999636284,0.023471588105459896,-0.011094700260642904,-0.0026287426723798006,-0.0050075079063412265,-0.25881904510252035,-0.9659258262890684,-0.433883739117558,-0.9009688679024191,1
2026-05-08T14:00:00+00:00,2026-05-08T15:00:00+00:00,0.004067719178021912,0.000520894888664014,-0.004208453502252485,0.008461228846927748,0.004067719178021912,0.0030362424093940007,0.0013737465656335304,25640.1037,-0.09936129518571987,-0.0014521446057632586,-0.01020211868637084,-0.016958236805642093,-0.008762698786382155,-0.00015283396513102312,-0.00041623967998997123,-0.00017040549777744371,0.44021229808585494,0.07911166733730432,-0.11957540382829009,-8.325313131859275,-10.801501731744617,2.476188599885342,0.12453519156035675,0.005937018714048711,0.03381074798158311,-0.0005596851770879756,0.006942853618565861,-0.004191622255422321,-0.5000000000000001,-0.8660254037844386,-0.433883739117558,-0.9009688679024191,1
2026-05-08T15:00:00+00:00,2026-05-08T16:00:00+00:00,0.0032724918187704614,0.007353522574523506,0.0037950913316960678,0.008503401360544218,0.0032724918187704614,0.0005407291121577867,0.0047008547008545905,14657.397,-0.4283409625991489,0.0016423972711820877,-0.00669178112902245,-0.013606372297565656,-0.00832051281266618,0.00017291381730139753,-0.00027305934186419345,-0.00013672876296591218,0.49464726839982626,0.05443497031397129,-0.01070546320034751,-7.051163854227525,-10.051434156241198,3.000270302013673,0.5240817021283313,0.006102349536392704,0.031211070775074366,0.00023553427023630352,0.008744919325039877,0.003807755743414146,-0.7071067811865475,-0.7071067811865477,-0.433883739117558,-0.9009688679024191,0
2026-05-08T16:00:00+00:00,2026-05-08T17:00:00+00:00,-0.001425954997383561,0.0018418703953240279,0.005917081784876431,0.00347172184302569,-0.001425954997383561,0.0005109326485962771,0.0015327979457886328,13453.9968,-0.08210190390558432,0.00019370583570882082,-0.0077927033909109,-0.014865763562428375,-0.007984862512153783,2.0390503733608516e-05,-0.00031796839010455474,-0.00014938234050116057,0.47299315860103824,-0.021654109798788,-0.054013682797923505,-6.2333983078870006,-9.287826986570359,3.054428678683358,0.05415837666968493,0.005922539224191024,-0.030849689202971854,-0.0019656212409129106,0.006589184769708116,0.005914255999408813,-0.8660254037844384,-0.5000000000000004,-0.433883739117558,-0.9009688679024191,1
2026-05-08T17:00:00+00:00,2026-05-08T18:00:00+00:00,0.006519849951745377,0.005084597941740934,0.008373729065677479,0.011384639414107684,0.006519849951745377,0.004672735003427532,0.0002342875489183567,23598.5736,0.754019563911298,0.006071429456760229,-0.001271818451290953,-0.008359530108623177,-0.0072989329515263665,0.0006395065448036565,-5.190826258789953e-05,-8.400831998526814e-05,0.5663384428979583,0.09334528429692007,0.13267688579591663,-4.330665776618389,-8.296394744579965,3.965728967961576,0.911300289278218,0.00627706557923794,0.06677066470840096,0.004572061175834864,0.008065009928184697,0.008366386773132277,-0.9659258262890683,-0.25881904510252063,-0.433883739117558,-0.9009688679024191,1
2026-05-08T18:00:00+00:00,2026-05-08T19:00:00+00:00,0.0037442621243805063,0.010288524103356848,0.008847898133612404,0.00706724472550126,0.003739907239887669,0.003341272276949552,0.0,19654.0122,-0.1671525350159299,0.008893099015100634,0.00237068040688532,-0.004600546450204831,-0.006464925386626803,0.0009369928194758601,9.677182946791831e-05,-4.623451001208865e-05,0.6094048505334502,0.04306640763549183,0.2188097010669003,-2.10213555096243,-7.057542905856458,4.955407354894028,0.9896783869324519,0.006312072910948713,0.009342165777513931,-0.0009241545497339071,0.010526821555086687,0.008838157078742323,-1.0,-1.8369701987210297e-16,-0.433883739117558,-0.9009688679024191,1
2026-05-08T19:00:00+00:00,2026-05-08T20:00:00+00:00,0.0011065533025863092,0.004854958652586298,0.011406462206268465,0.0034023445089700604,0.0011065533025863092,0.0018609270093477882,0.00043608730381458237,19777.938,0.006305369038083595,0.009047583031977125,0.0033429358198897342,-0.0034643877610284466,-0.005653496730992723,0.0009532850481687554,0.0001364649801452226,-3.481675519884147e-05,0.6214154440271621,0.012010593493711995,0.2428308880543243,-0.1279636015055985,-5.671627044986286,5.543663443480687,0.5882560885866592,0.006097756594934099,-0.032884414715185106,-0.002227277035351935,0.004850598949181642,0.011370665378712192,-0.9659258262890684,0.2588190451025203,-0.433883739117558,-0.9009688679024191,0
2026-05-08T20:00:00+00:00,2026-05-08T21:00:00+00:00,-0.004058634312730766,-0.002956572105347199,0.000776619838081256,0.005046279236121593,-0.00406293446629183,0.0004075173953569265,0.0005592525957557339,26417.6209,0.3357115842915477,0.004478474905769246,-0.000700687609255323,-0.007434800855812732,-0.005156071179634217,0.00047164075126716177,-2.859867634772784e-05,-7.471603373854728e-05,0.554046960588299,-0.06736848343886308,0.10809392117659812,0.6703530381141718,-4.403231028366195,5.073584066480366,-0.4700793770003209,0.006045725529666165,-0.012556823670462713,-0.005908565912186055,-0.002521102885214111,0.0007921811142360493,-0.8660254037844386,0.5000000000000001,-0.433883739117558,-0.9009688679024191,1
2026-05-08T21:00:00+00:00,2026-05-08T22:00:00+00:00,0.003459562569093715,-0.0006131128429870135,0.0004927620175580303,0.004635730116692525,0.003463912877605624,0.00013393069302650767,0.0010498438195304805,14078.5061,-0.467078956379452,0.007190605158981782,0.002648068528073291,-0.003961306605484554,-0.004510106237727928,0.0007574791465726376,0.0001080961132240578,-3.9810541745884664e-05,0.5942612952589954,0.04021433467069634,0.1885225905179908,1.9247566385215578,-3.137633494988644,5.062390133510202,-0.011193932970164688,0.005925656933414782,-0.01646922521352854,-0.0010228744065601601,0.004021063955304153,0.0005074815589492584,-0.7071067811865477,0.7071067811865474,-0.433883739117558,-0.9009688679024191,0
2026-05-08T22:00:00+00:00,2026-05-08T23:00:00+00:00,-0.0015769259017640361,0.0018771811935057018,-0.002189071911228239,0.0038468528503058756,-0.00157261235105541,0.0019602073579175067,0.00031155613635764907,12732.9721,-0.09557363476228486,0.005066080956671995,0.0010250820911230456,-0.005477242678054248,-0.00402063002832861,0.0005335562100660652,4.184183601788297e-05,-5.504463502749501e-05,0.5689875736228505,-0.02527372163614494,0.13797514724570092,2.594448842390193,-1.9912170275128764,4.585665869903069,-0.4767242636071325,0.005785861502209576,-0.025131273670654746,-0.0017106274892653961,0.0029381002599589367,-0.002175997645401087,-0.5000000000000004,0.8660254037844384,-0.433883739117558,-0.9009688679024191,0
2026-05-08T23:00:00+00:00,2026-05-09T00:00:00+00:00,-0.0016962500757254813,-0.0032705011168092366,0.00017774694903858603,0.0033765918528343274,-0.0016962500757254813,0.0,0.0016774596239369115,12138.5681,-0.046682266742734825,0.0030401464745307104,-0.0006465353400922792,-0.007093422047415694,-0.003675507732747168,0.0003201178610227939,-2.63885011834361e-05,-7.12855918454791e-05,0.5423117022561784,-0.026675871366672013,0.08462340451235689,2.776863545223023,-1.0376009129656967,3.8144644581887195,-0.7712014117143497,0.005622899546450946,-0.02981402155482245,-0.0052131168747170924,-0.001385125483711908,0.00018638659160419768,-0.2588190451025207,0.9659258262890683,-0.433883739117558,-0.9009688679024191,1
2026-05-09T00:00:00+00:00,2026-05-09T01:00:00+00:00,0.0006458436278207921,-0.001051501960207287,-0.0026267697212945165,0.003396071126897899,0.0006415063262059747,0.0015074397348985372,0.0012475363323298646,11551.954,-0.04832646611753166,0.0033355483321577083,-1.0657721454995513e-06,-0.006388369204476988,-0.003325521666056439,0.0003512336725314019,-4.350090190913048e-08,-6.420059364201292e-05,0.55092986889917,0.008618166642991554,0.10185973779834001,3.006996277696544,-0.2286814748332484,3.235677752529792,-0.5787867056589273,0.005460470430086193,-0.028259887095595494,-0.001051501960207287,0.002327207047616622,-0.0026273323496687254,0.0,1.0,-0.9749279121818236,-0.2225209339563146,1
2026-05-09T01:00:00+00:00,2026-05-09T02:00:00+00:00,0.0024560871542741625,0.003103517030332915,0.001402002613609716,0.004416174780271453,0.0024560871542741625,0.0018278296791143533,0.0001382755312805886,10857.7767,-0.060091764562081824,0.005244566410857058,0.002358516452081896,-0.003908842686135342,-0.002870992846128546,0.0005523645603660417,9.627524566665807e-05,-3.9283307878046574e-05,0.5831003862876102,0.032170517388440206,0.16620077257522042,3.605339629034006,0.5381227459402025,3.0672168830938036,-0.1684608694359886,0.005373454960692745,-0.013518578048458473,0.0009472195429988363,0.0043529396447340475,0.0014056807063694732,0.25881904510252074,0.9659258262890683,-0.9749279121818236,-0.2225209339563146,1
2026-05-09T02:00:00+00:00,2026-05-09T03:00:00+00:00,0.0012315164504672694,0.0036906283164757016,0.0043388555130773445,0.0028052669966811532,0.001227190037291084,0.0013940019075815654,0.0001855792013188364,9468.173,-0.12798234283083015,0.005861537888799468,0.0034515516244188584,-0.002655522949635693,-0.0023959423574729027,0.0006173849172509585,0.00014089950801397786,-2.6687960594481427e-05,0.5986635872259769,0.015563200938366748,0.1973271744519539,4.260391090861958,1.2825764149245535,2.9778146759374047,-0.0894022071563989,0.005183875701663452,-0.03409263354128838,-0.0005952252582542882,0.003829774329248015,0.004333447232562224,0.49999999999999994,0.8660254037844387,-0.9749279121818236,-0.2225209339563146,0
2026-05-09T03:00:00+00:00,2026-05-09T04:00:00+00:00,-0.0007509483960347492,0.00047964324912935135,0.0029369084490263346,0.003528654662618319,-0.0007509483960347492,0.0015980443392517776,0.0011790975800425936,7290.8151,-0.2299660029448132,0.004617638607896251,0.002591932689075347,-0.0033707159744300746,-0.002016394935716971,0.0004863035981227267,0.00010580436436193717,-3.387539487535159e-05,0.5843216285901318,-0.014341958635845132,0.16864325718026366,4.586253163908168,1.9433117647212765,2.6429413991868915,-0.33487327675051315,0.005069263108334864,-0.022843786221739652,-0.0021419644011551327,0.000661249891952522,0.002936655208706683,0.7071067811865475,0.7071067811865476,-0.9749279121818236,-0.2225209339563146,0
2026-05-09T04:00:00+00:00,2026-05-09T05:00:00+00:00,-0.0012870735489109624,-0.002037055419128578,-0.000808047635920479,0.006080394403961314,-0.0012870735489109624,0.004324604839232815,0.0004670573226371126,27184.841,2.728642219989916,0.0030070390483695726,0.001250419187781081,-0.004607361501957181,-0.0017513534723097586,0.0003166306493784709,5.104012282970406e-05,-4.6302996656496256e-05,0.5595957502104091,-0.0247258783797227,0.11919150042081825,4.551572415851297,2.4649638949472807,2.086608520904016,-0.5563328782828756,0.005147553057775869,0.014137098139746377,-0.0036281061888942348,-0.00010810343336504368,-0.0008065054944784422,0.8660254037844386,0.5000000000000001,-0.9749279121818236,-0.2225209339563146,1
2026-05-09T05:00:00+00:00,2026-05-09T06:00:00+00:00,0.0010681773952906156,-0.00022027097649136995,-0.00097105396038963,0.0031924728488607634,0.0010681773952906156,0.001499036642157835,0.0006263985968670644,5918.4334,-0.7822892030157542,0.0036885740109745993,0.002228751750400373,-0.003508964596571908,-0.0014544573868569952,0.000388421761409382,9.097773539533909e-05,-3.526473219977642e-05,0.5756250616784064,0.01602931146799726,0.15125012335681276,4.6695681555120245,2.9058847470602296,1.763683408451795,-0.322925112452221,0.005002804169621466,-0.02708180066580634,-0.004519788589146386,0.0015359520956011985,-0.000969844549655096,0.9659258262890683,0.25881904510252074,-0.9749279121818236,-0.2225209339563146,0
2026-05-09T06:00:00+00:00,2026-05-09T07:00:00+00:00,-0.00020303954519152877,0.000864920967846563,-0.000423265797964013,0.00286905610646632,-0.00020303954519152877,0.002061053859615003,0.00060492146823086,10307.9116,0.7416621770213718,0.003151855150951022,0.0019456832022629288,-0.0036744991006480415,-0.001202382214113129,0.00033188433708509303,7.942194825356151e-05,-3.692827545456069e-05,0.5713635713983531,-0.004261490280053195,0.14272714279670637,4.671307630681895,3.2589693237845627,1.412338306897332,-0.35134510155446286,0.0048513369975217175,-0.030473346584907506,-0.0016995285318057941,0.0014929248344799939,-0.00042193569881187557,1.0,6.123233995736766e-17,-0.9749279121818236,-0.2225209339563146,1
2026-05-09T07:00:00+00:00,2026-05-09T08:00:00+00:00,0.00014690949942754793,-5.6159874201928934e-05,0.0010119575323805417,0.0031192081877053947,0.00014690949942754793,0.0016719301504736664,0.0013003901170350084,8349.905,-0.18995182302494706,0.0029840778935314766,0.002010639852171658,-0.0034931462842443506,-0.0009705418688243133,0.00031421216074682435,8.207366827585834e-05,-3.510576537353627e-05,0.5738215552806575,0.002457983882304262,0.1476431105613149,4.646558699482739,3.536487198924198,1.1100715005585409,-0.3022668063387912,0.004726951808504651,-0.0254962198990192,-0.0021124422850590367,0.0007522860416352436,0.0010120473495266347,0.9659258262890683,-0.25881904510252085,-0.9749279121818236,-0.2225209339563146,1
2026-05-09T08:00:00+00:00,2026-05-09T09:00:00+00:00,0.001067097537899157,0.0012141638040918381,0.0010108777356337385,0.0027188454832640743,0.001067097537899157,0.0014543665521588262,0.00019851887655579953,8698.3308,0.04172811546957708,0.0036668143699716987,0.0029587458593067274,-0.002405657557085117,-0.0007054816404480251,0.0003861294984384777,0.00012077972309434832,-2.4176878349623808e-05,0.592120439742038,0.018298884461380567,0.18424087948407603,4.771253312366753,3.783440421612709,0.9878128907540438,-0.1222586098044971,0.0045788368107375094,-0.030300484981096314,-0.0006038230625906127,0.0025180198499570416,0.0010109674921351761,0.8660254037844387,-0.4999999999999998,-0.9749279121818236,-0.2225209339563146,0
2026-05-09T09:00:00+00:00,2026-05-09T10:00:00+00:00,-0.0016744635674703751,-0.0006091528455213676,-0.00046233283643343015,0.0026585627334348156,-0.0016744635674703751,0.00015562318439623707,0.0008256674505465438,6746.958,-0.2243387662377706,0.0017967080462439641,0.0012290965915582462,-0.004035698480346354,-0.0005665934516721496,0.00018916293861230882,5.0169724693672686e-05,-4.05581386926774e-05,0.5520235921846581,-0.04009684755737986,0.10404718436931631,4.5050595952548065,3.9277642563411286,0.5772953389136779,-0.41051755184036587,0.004448805763640216,-0.03002518236615595,-0.003124286262190103,-0.00041050370965712917,-0.0004604565301436702,0.7071067811865476,-0.7071067811865475,-0.9749279121818236,-0.2225209339563146,0
2026-05-09T10:00:00+00:00,2026-05-09T11:00:00+00:00,-0.0003371835661918142,-0.0020110825320650517,-0.000946131015384373,0.0020713513513515324,-0.0003371835661918142,0.0007567567567567568,0.0009772972972973916,4778.5919,-0.2917412706585693,0.0013197906475469186,0.0008565079208690023,-0.004328211818563535,-0.00046267209637224327,0.0001389446342499834,3.496072918402842e-05,-4.349772413262652e-05,0.5440476015215442,-0.007975990663113918,0.08809520304308847,4.182941331474467,3.9787996713677964,0.20414166010667056,-0.37315367880700734,0.004280380977911281,-0.03818284476253073,-0.0021661085988470357,0.0004888875428858682,-0.0009445495957630325,0.49999999999999994,-0.8660254037844387,-0.9749279121818236,-0.2225209339563146,1
2026-05-09T11:00:00+00:00,2026-05-09T12:00:00+00:00,0.0008951351351352059,0.0005576497440863032,-0.0011177475875639538,0.0013263802779782696,0.0008994633490308638,0.0004277252362208884,0.0,5435.8473,0.13754164694415524,0.0020046262555391313,0.0016835720971419908,-0.003402868873379472,-0.00032041185238526306,0.00021105782606307228,6.872195083681885e-05,-3.419851759098652e-05,0.5621290635699883,0.01808146204844398,0.12425812713997644,4.048028830433395,3.992645503180916,0.0553833272524793,-0.14875833285419127,0.0040658262703673455,-0.049274876391702825,-0.0001987015287059072,0.0018742641457166278,-0.0011165119985269835,0.258819045102521,-0.9659258262890682,-0.9749279121818236,-0.2225209339563146,1
2026-05-09T12:00:00+00:00,2026-05-09T13:00:00+00:00,0.0008511300155103539,0.0017470270270270112,0.0014092543920319906,0.002171341742426291,0.0008554541683948647,0.0007468034223454022,0.0005698153280323948,5219.3063,-0.03983574005104966,0.002584619809318259,0.0024364364559742,-0.0025292801789829344,-0.00014780134306492925,0.0002721392827261682,9.945627652539593e-05,-2.541925514135615e-05,0.5792307370739131,0.017101673503924886,0.15846147414782621,4.053347767447576,4.004785956034248,0.04856181141332794,-0.00682151583915136,0.003927295314744468,-0.03324989994924468,0.00042322375580853796,0.0017513589247954292,0.0014090815844537456,1.2246467991473532e-16,-1.0,-0.9749279121818236,-0.2225209339563146,0
2026-05-09T13:00:00+00:00,2026-05-09T14:00:00+00:00,-0.0009496922133871283,-9.937050942508464e-05,0.0007956756756757386,0.0020999507418962325,-0.0009496922133871283,4.320886300292212e-06,0.0011450348695524817,4773.3348,-0.08544650847565712,0.00147676978458282,0.0014261344023628443,-0.003442096686386208,-5.056071568276841e-05,0.00015547361929755654,5.821295599436943e-05,-3.45927398476029e-05,0.553244080630867,-0.0259866564430461,0.10648816126173401,3.835824452943598,3.9709936554161183,-0.1351692024725204,-0.18373101388584834,0.003800237307687723,-0.03327151445584156,-0.001695229632441362,0.00047552350815322403,0.0007965729372584315,-0.25881904510252035,-0.9659258262890684,-0.9749279121818236,-0.2225209339563146,0
2026-05-09T14:00:00+00:00,2026-05-09T15:00:00+00:00,-0.002622777984220194,-0.003569979365778265,-0.0027218878668608774,0.004379903564141165,-0.002622777984220194,0.00042456038505028364,0.001325668141075327,8247.0832,0.7277403629848046,-0.0010404828668227712,-0.0011533644261410138,-0.005995950932065079,-0.00011299913298007405,-0.00010951251799204138,-4.707388297141161e-05,-6.0257182240732144e-05,0.48816834143676935,-0.06507573919409765,-0.023663317126461293,3.1374705802927565,3.804289040391446,-0.6668184600986895,-0.5316492576261691,0.0038509216159647764,0.010679384616756202,-0.003574280719172994,-0.0014794371217594368,-0.0027213401820969686,-0.5000000000000001,-0.8660254037844386,-0.9749279121818236,-0.2225209339563146,1
2026-05-09T15:00:00+00:00,2026-05-09T16:00:00+00:00,0.004054984902112893,0.0014215715927650922,0.00047052932390554255,0.007611223534386365,0.004054984902112893,4.314752570411813e-06,0.0035683003758149407,12866.0555,0.5600734451181482,0.0027228086722751294,0.0027830218022907587,-0.0019457625497772025,6.004962637217621e-05,0.00028669360885464343,0.00011360563139744249,-1.9555020104095423e-05,0.571808076177017,0.08363973474024768,0.14361615235403405,3.301239248953152,3.703679082103787,-0.4024398331506349,0.2643786269480546,0.004105073128900738,0.07032018552989437,0.0009977022614584357,0.005387795471996075,0.00048251470450557114,-0.7071067811865475,-0.7071067811865477,-0.9749279121818236,-0.2225209339563146,1
2026-05-09T16:00:00+00:00,2026-05-09T17:00:00+00:00,0.0010182816066411258,0.005077395625295048,0.0024413007596116544,0.004306053043332186,0.0010139624790735011,0.0022801822421650176,0.001012935400583584,15466.0099,0.20207859355184646,0.0033860971555435167,0.0036544102818894825,-0.0009202224070495853,0.00026740765803572053,0.00035655836808615735,0.000149181855248863,-9.24838086912535e-06,0.5900004639579776,0.018192387780960502,0.18000092791595507,3.5801891831010835,3.678981102303246,-0.09879191920216268,0.30364791394847224,0.004115551245126829,0.003573360546714498,0.0010139624790735011,0.008691304347825992,0.002450488524533825,-0.8660254037844384,-0.5000000000000004,-0.9749279121818236,-0.2225209339563146,1
2026-05-09T17:00:00+00:00,2026-05-09T18:00:00+00:00,0.004077603782774942,0.005100037538347237,0.009175703015678337,0.0058425808667282525,0.004073275862068887,0.0017858292730044902,0.0,21099.4922,0.3642492366437708,0.006760549989631292,0.0074408541658204045,0.003122151708364733,0.0006757358303283924,0.0007121436286561273,0.00030380060007263504,3.137939376479386e-05,0.6535429809916117,0.06354251703363417,0.3070859619832234,4.512583699221523,3.8457016216869016,0.6668820775346211,0.7656739967367838,0.004223697516929613,0.030462222265744306,0.0017933324158809338,0.006115864535328125,0.009150870291528961,-0.9659258262890683,-0.25881904510252063,-0.9749279121818236,-0.2225209339563146,1
2026-05-09T18:00:00+00:00,2026-05-09T19:00:00+00:00,0.0003305501298589718,0.004409501765093823,0.005432273486276795,0.004106908360583855,0.00032625587045914656,0.003497523838950868,0.0002832350593505568,11248.546,-0.46688072426690913,0.00641344648269862,0.00746673017628651,0.003419250850469962,0.0010465715628790507,0.0006755556971588236,0.0003048574067055269,3.4365511103315405e-05,0.6581865770541426,0.004643596062530975,0.31637315410828537,5.253091269410106,4.127179551231542,1.125911718178564,0.4590296406439429,0.004214059443515194,-0.0019521084275290021,-0.001452684895933908,0.004405172413793017,0.005426435519275039,-1.0,-1.8369701987210297e-16,-0.9749279121818236,-0.2225209339563146,1
2026-05-09T19:00:00+00:00,2026-05-09T20:00:00+00:00,0.0007681678124814046,0.0010989718603105455,0.005181056814900253,0.0028130239578732274,0.0007638730940723448,0.00046740794421966055,0.001582325976303727,9103.6002,-0.19068649405887653,0.006497661221530549,0.007914913784838315,0.004148180283244579,0.0014081031858412128,0.0006844324665081709,0.0003231621055118529,4.169199225268608e-05,0.6692836323099669,0.011097055255824273,0.3385672646199339,5.916188752954895,4.484981391576213,1.4312073613786822,0.30529564320011815,0.004110981904454085,-0.023711012249287483,-0.0027198433096557316,0.0013783923050498265,0.005176321725115319,-0.9659258262890684,0.2588190451025203,-0.9749279121818236,-0.2225209339563146,0
2026-05-09T20:00:00+00:00,2026-05-09T21:00:00+00:00,-0.0012135453964607276,-0.0004463097904918693,-0.00011590718839210193,0.0023828128354183567,-0.0012178283205118933,0.0003391751603568482,0.0008243244403608215,5902.3618,-0.35164531939792354,0.004771334877123332,0.006427654433225455,0.0029003660777499273,0.001648454228946211,0.0005024981541149211,0.0002624220894584747,2.9150257529407552e-05,0.6342261389758923,-0.03505749333407465,0.2684522779517846,6.142533633191306,4.816491839899231,1.3260417932920747,-0.10516556808660749,0.0039921794010607465,-0.030077289854614626,-0.0016801680168017114,0.0011347322633609878,-0.00011482745412035126,-0.8660254037844386,0.5000000000000001,-0.9749279121818236,-0.2225209339563146,1
2026-05-09T21:00:00+00:00,2026-05-09T22:00:00+00:00,0.000704110459475149,-0.0005102894069922747,0.0002574864175916282,0.0012570683278847318,0.0007084068573784184,0.0003131944980736471,0.00023596845745281998,6093.5171,0.032386239013677605,0.0049544287660664215,0.006854517867364728,0.003570504826681934,0.0018907216555394768,0.0005217909412753729,0.00027985453613400883,3.588575836135462e-05,0.6458047247038888,0.01157858572799654,0.29160944940777767,6.380695193112388,5.129332510541863,1.2513626825705249,-0.07467911072154987,0.0037942060067675436,-0.048921111638054474,-0.0008530484694423385,0.001529695865524241,0.0002587328754958259,-0.7071067811865477,0.7071067811865474,-0.9749279121818236,-0.2225209339563146,0
2026-05-09T22:00:00+00:00,2026-05-09T23:00:00+00:00,-0.00039900120987476124,0.00030482830867517173,-0.0009090870107762597,0.002682530076527218,-0.00039900120987476124,0.0011373927524473844,0.001145976848692459,6868.1251,0.12712001743623566,0.004118002937251792,0.006198162987185692,0.003138436910673968,0.0020716290753168484,0.0004336619745828624,0.00025305026261047807,3.154307443840109e-05,0.6335570854780189,-0.012247639225869876,0.2671141709560379,6.42038649854203,5.387543308141896,1.0328431904001336,-0.21851949217039124,0.003716206901889944,-0.02094822362987955,-0.0007119727220090966,0.0005453873968272976,-0.00090843614686034,-0.5000000000000004,0.8660254037844384,-0.9749279121818236,-0.2225209339563146,0
2026-05-09T23:00:00+00:00,2026-05-10T00:00:00+00:00,-0.0014807566022429464,-0.0018791669884418826,-0.001176379670098396,0.003120647856811359,-0.0014807566022429464,0.0008897714963636129,0.0007479238665085867,6954.1871,0.012530639548193421,0.0023799666110924734,0.004522756940181047,0.0016365580389784587,0.0021377026681140185,0.0002505855785687659,0.00018463640839914828,1.6448090022407757e-05,0.5889360030286935,-0.044621082449325444,0.17787200605738704,6.103103202242892,5.530655286962095,0.5724479152807964,-0.4603952751193372,0.003678784288513685,-0.011535955513644952,-0.0030126806858454345,-0.0003351638435557212,-0.0011756473526425585,-0.2588190451025207,0.9659258262890683,-0.9749279121818236,-0.2225209339563146,0
2026-05-10T00:00:00+00:00,2026-05-10T01:00:00+00:00,-0.0010960953216073409,-0.0025752288734661294,-0.0029732025639046733,0.0036791758646064067,-0.0010918016015955623,0.0014114265305157302,0.001174754398874309,7913.8234,0.1379940295250325,0.0011590961691398827,0.003287078690675739,0.0005333061458088861,0.0021255188407900616,0.00012202501135404994,0.00013418448022948574,5.359889490162671e-06,0.5576723835361757,-0.03126361949251787,0.11534476707235129,5.581549586028814,5.540834146775439,0.04071543925337462,-0.5317324760274218,0.003682560643766865,-7.069787723094018e-05,-0.0034606082437092247,-0.00034843205574910545,-0.0029758531337250485,0.0,1.0,-0.7818314824680299,0.6234898018587334,0
2026-05-10T01:00:00+00:00,2026-05-10T02:00:00+00:00,-9.4668852656451e-05,-0.001190660408177293,-0.0026696539321598017,0.002857548619210074,-9.897155643531055e-05,0.00046047846725210935,0.002298088799184112,9455.7255,0.1948365564993528,0.0009628564079706813,0.0030665344448539654,0.0004342208628933066,0.0021016544454331588,0.00010136357963611207,0.0001251803393745741,4.364047817581052e-06,0.5549353461902229,-0.0027370373459527286,0.10987069238044583,5.091767697701016,5.451020856960555,-0.3592531592595387,-0.39996859851291333,0.003623954966182308,-0.016007544463133672,-0.0025925973619033973,0.0010813558737873385,-0.0026715207765067384,0.25881904510252074,0.9659258262890683,-0.7818314824680299,0.6234898018587334,1
2026-05-10T02:00:00+00:00,2026-05-10T03:00:00+00:00,0.0018376103319318068,0.0017427675148136022,0.0006447619538866251,0.0034021495399366277,0.0018332989051849731,2.577386015101138e-05,0.0015464316090620502,7197.4856,-0.23882248908346593,0.002534680012252216,0.004716331400747366,0.0022499650194935275,0.0021761355811336994,0.00026687962807476763,0.00019254038714369693,2.261322511010335e-05,0.5963450172174717,0.04140967102724872,0.19269003443494326,4.990636386929054,5.358943962954255,-0.3683075760252006,-0.009054416765661877,0.0036019393194809584,-0.00424858640257873,0.0012774358378818888,0.004145225226779676,0.0006468461576680149,0.49999999999999994,0.8660254037844387,-0.7818314824680299,0.6234898018587334,0
2026-05-10T03:00:00+00:00,2026-05-10T04:00:00+00:00,-7.732158045303414e-05,0.001760146664543651,0.0016653111808219605,0.003956593463243649,-7.732158045303414e-05,0.002135099838471234,0.0017441660652302642,8711.1021,0.21029795460792586,0.002222626846186809,0.004455926926100328,0.002150806363419651,0.0022283472953921525,0.0002340154710794385,0.0001819076527880359,2.1616611623735366e-05,0.5938367427671153,-0.0025082744503563247,0.18767348553423063,4.840170130490151,5.255189196461434,-0.4150190659712836,-0.046711489946082985,0.0036275303925571165,0.007026933117993621,-0.00010309278350506087,0.0033102306817007566,0.0016656198988223216,0.7071067811865475,0.7071067811865476,-0.7818314824680299,0.6234898018587334,1
2026-05-10T04:00:00+00:00,2026-05-10T05:00:00+00:00,0.0002190947520361908,0.00014175623083066027,0.0019796270554768573,0.002095976841173966,0.00022339168725163004,0.001163954352373237,0.0007086806942494173,7716.1343,-0.1142183604988398,0.0022091034540555315,0.00449180180699335,0.002346731201836843,0.0022776667514500027,0.00023259129181906157,0.00018337246856249193,2.3585794486029288e-05,0.598983363953544,0.005146621186428675,0.19796672790708797,4.707808589058459,5.145713074980839,-0.4379044859223802,-0.02288541995109661,0.003517395868591699,-0.03014830177968069,-0.0019889322777131876,0.0019666910530619975,0.0019793835035149636,0.8660254037844386,0.5000000000000001,-0.7818314824680299,0.6234898018587334,0
2026-05-10T05:00:00+00:00,2026-05-10T06:00:00+00:00,-0.00041661834752833646,-0.0001976148743856911,-0.0002749211749443167,0.0014995918016584805,-0.00042091157420929534,0.0007390538392127357,0.000339449147080292,6244.9276,-0.19066628998409213,0.001620663012903499,0.003912949317666251,0.001909903126970362,0.0022885772921931234,0.00017062521461874697,0.00015973772911436499,1.9195374756471354e-05,0.5838305045217203,-0.0151528594318237,0.16766100904344058,4.473077368973009,5.011185933779273,-0.5381085648062642,-0.10020407888388405,0.003374628313206527,-0.040988700971627316,-0.0015787351242824205,0.0005158849576545603,-0.0002748451759451798,0.9659258262890683,0.25881904510252074,-0.7818314824680299,0.6234898018587334,1
2026-05-10T06:00:00+00:00,2026-05-10T07:00:00+00:00,0.0008593649293172345,0.0004423885545921221,0.0006615802316389848,0.001760185463443914,0.0008593649293172345,0.0006225046151203443,0.00027905379298505596,6968.6838,0.11589505056872074,0.002244564455381915,0.004587536290966589,0.002743262487498565,0.002337724661902099,0.00023632577935012974,0.00018728144699597574,2.757123741341316e-05,0.6059644185668347,0.02213391404511441,0.2119288371336694,4.397740061282093,4.888496759279837,-0.49075669799774424,0.04735186680851999,0.0032566203872785838,-0.03413984886221325,-0.00030042918454927816,0.0011992211509943922,0.0006618413338250889,1.0,6.123233995736766e-17,-0.7818314824680299,0.6234898018587334,0
2026-05-10T07:00:00+00:00,2026-05-10T08:00:00+00:00,-0.0008328682436783817,2.578094787949359e-05,-0.0003908481404647461,0.0020323456620376813,-0.0008371577849233542,0.0011944864567579574,0.0,6034.6059,-0.13403935761872282,0.001275386322481336,0.0036032251798303314,0.001889087437229872,0.002324873745172906,0.0001342692176427087,0.00014709204839188903,1.8986163856776743e-05,0.5740703788130397,-0.031894039753794984,0.14814075762607942,4.1338405745013915,4.737565522324148,-0.6037249478227569,-0.11296824982501263,0.003171692889464706,-0.026889563316095,-0.0014544674461009859,0.0003051597790815277,-0.0003901216618894836,0.9659258262890683,-0.25881904510252085,-0.7818314824680299,0.6234898018587334,1
2026-05-10T08:00:00+00:00,2026-05-10T09:00:00+00:00,0.0011987831706310856,0.00036491649851882926,0.00122459502427702,0.0024333197433641924,0.0011987831706310856,0.0007209836276633848,0.0005149883054740136,7669.5007,0.27091989553120616,0.002239389599245209,0.0046169741684168025,0.0030592935340411267,0.002372272127642371,0.00023578080045441678,0.00018848344455550296,3.0747614070519296e-05,0.6061739949719674,0.03210361615892772,0.21234798994393486,4.102536525604592,4.610559722980237,-0.5080231973756453,0.0957017504471116,0.0031154255894598934,-0.01656294668796904,-0.00083187184028063,0.0011987831706310856,0.0012252798562699383,0.8660254037844387,-0.4999999999999998,-0.7818314824680299,0.6234898018587334,0
2026-05-10T09:00:00+00:00,2026-05-10T10:00:00+00:00,-0.0008282728579706418,0.00036951739309761813,-0.00046365860988296134,0.002864849541710007,-0.0008325608541902937,0.0014732284749724215,0.0005583664773946308,6313.071,-0.17686023550398786,0.0012748753871766774,0.0036359109736020514,0.0022062638271077985,0.0023580293927902667,0.00013421542053818983,0.00014842655670814836,2.217399747534296e-05,0.5739465869987367,-0.032227407973230766,0.14789317399747332,3.877297894410731,4.4639073572663355,-0.5866094628556047,-0.0785862654799594,0.003099925393177121,-0.005799458157114141,-0.0015481403018230864,0.0008855796677786332,-0.0004623579310179379,0.7071067811865476,-0.7071067811865475,-0.7818314824680299,0.6234898018587334,0
2026-05-10T10:00:00+00:00,2026-05-10T11:00:00+00:00,-0.0011854549827764404,-0.0020127459605605025,-0.0008163756359136923,0.002339322112614302,-0.0011897449994201525,0.00025371324383139055,0.0008944466901171928,7346.5157,0.16369920439671912,7.953613616587825e-05,0.002349993068018533,0.0010080519272402068,0.0022702763628427254,8.372294954219733e-06,9.592728557036616e-05,1.013127778988566e-05,0.5305097768844831,-0.04343681011425353,0.06101955376896626,3.4364722102059204,4.258420327854252,-0.8219481176483319,-0.2353386547927272,0.0030490129721104926,-0.01758974225862969,-0.0034839024850124097,-0.0006274388462001429,-0.0008149446701159965,0.49999999999999994,-0.8660254037844387,-0.7818314824680299,0.6234898018587334,0
2026-05-10T11:00:00+00:00,2026-05-10T12:00:00+00:00,-0.001238464647854665,-0.0024224514865433134,-0.0032487178936979008,0.003625278784799694,-0.001238464647854665,0.0008438891233025499,0.0015413893170525567,7550.9118,0.027822182425881147,-0.001048759254945982,0.0010650965143937782,-0.00022935659983409397,0.002116075022603876,-0.00011038352517929837,4.347521713041723e-05,-2.30508614217286e-06,0.4889283175677063,-0.0415814593167768,-0.02214336486458734,2.8221902956843223,3.9711743214202664,-1.148984025735944,-0.3270359080876122,0.0030936855374999518,0.013394874207903593,-0.0026794685720666414,-0.000344325938933873,-0.0032521924886017473,0.258819045102521,-0.9659258262890682,-0.7818314824680299,0.6234898018587334,1
2026-05-10T12:00:00+00:00,2026-05-10T13:00:00+00:00,0.0006630557397376898,-0.0005762300792101974,-0.0017610019671680122,0.0019276113109478075,0.0006587473467119661,0.0005292325697468368,0.0007400650568818541,5841.8952,-0.2263324808005306,-0.0003496118713938885,0.001660947491483511,0.00042923131090083754,0.002011262524132326,-3.679989533827497e-05,6.779837147018013e-05,4.313901131353907e-06,0.510999643646936,0.02207132607922965,0.021999287293871957,2.4316025815069224,3.6632599734375977,-1.2316573919306752,-0.0826733661947312,0.0030084910179191114,-0.026893399906020982,-0.0014178790248430373,0.0022078482104354855,-0.0017608638908934156,1.2246467991473532e-16,-1.0,-0.7818314824680299,0.6234898018587334,1
2026-05-10T13:00:00+00:00,2026-05-10T14:00:00+00:00,0.002443935769237514,0.0031086119746145473,0.0018662974207254244,0.003738518327753275,0.002443935769237514,0.0009399948493431195,0.00036054596961099266,11818.9659,1.0231389806513473,0.001893713859263637,0.003947171481847515,0.002845535548837949,0.0020495763115171393,0.00019937804465574162,0.00016113500038054262,2.859916511339264e-05,0.5825994607504346,0.07159981710349854,0.16519892150086904,2.550981408501684,3.440804260450415,-0.8898228519487308,0.34183453998194446,0.003053825094715663,0.017549472098820042,0.001913690412196131,0.0038476950453925863,0.001868526861120539,-0.25881904510252035,-0.9659258262890684,-0.7818314824680299,0.6234898018587334,1
2026-05-10T14:00:00+00:00,2026-05-10T15:00:00+00:00,0.00047214353163357756,0.002917233189336265,0.0035822232172842976,0.0034578918014500602,0.00047214353163357756,0.0017589772190998794,0.0012269938650307293,11780.7508,-0.0032333708653816693,0.002140864030047335,0.004247062736413953,0.0032858889645471677,0.0021016992540316836,0.00022540490434738196,0.00017337955470450155,3.302510031509761e-05,0.5949680744800903,0.012368613729655777,0.1899361489601806,2.7031901030586596,3.293281428972064,-0.5900913259134044,0.2997315260353264,0.003081348779248087,0.00948925446889455,-0.00046741195288131204,0.003279845735339645,0.003579135040608781,-0.5000000000000001,-0.8660254037844386,-0.7818314824680299,0.6234898018587334,1
2026-05-10T15:00:00+00:00,2026-05-10T16:00:00+00:00,0.007147453773220582,0.007622971928920835,0.010085537751923333,0.008843224454326946,0.007147453773220582,0.0017464942323092527,0.0,22485.3656,0.9086530206546769,0.008410108674598288,0.010971922194097171,0.010351703358203816,0.0025404480751050743,0.0008860590028530422,0.00044803420369461834,0.00010404804454979014,0.7269423659618398,0.13197429148174955,0.4538847319236797,4.120639193061834,3.4587529817900178,0.661886211271816,1.2519775371852204,0.0034726057908193286,0.13503090066787976,0.005379014989293339,0.008861423156591872,0.010063533074091673,-0.7071067811865475,-0.7071067811865477,-0.7818314824680299,0.6234898018587334,1
2026-05-10T16:00:00+00:00,2026-05-10T17:00:00+00:00,0.0010393770553255527,0.00819425972800202,0.0086702721263627,0.004570212765957354,0.0010393770553255527,0.00036170212765953576,0.0031702127659573695,17749.1502,-0.21063546327216492,0.00854974201298954,0.011545781068005866,0.011287108059531476,0.0029706408422022473,0.0009007835241821638,0.0004714785573962617,0.00011345114165659139,0.7402895316162474,0.013347165654407576,0.48057906323249483,5.378861252829665,3.842774635997947,1.5360866168317182,0.8742004055599022,0.0035476582326396805,0.022674556552218516,-0.0007058843540307079,0.00819425972800202,0.008658974360179712,-0.8660254037844384,-0.5000000000000004,-0.7818314824680299,0.6234898018587334,1
2026-05-10T17:00:00+00:00,2026-05-10T18:00:00+00:00,0.005999999999999961,0.007045613317657467,0.014243425286369992,0.009559663296814817,0.00600428086928035,0.001649676409627381,0.0019415422359458953,114535.2366,5.45299833002709,0.013192120545926661,0.01691258626796383,0.01717917924067162,0.003672023939578717,0.001390575282387338,0.0006907865001731119,0.00017268488266553703,0.8008649481247662,0.06057541650851874,0.6017298962495323,7.428136527544211,4.5598470143072,2.868289513237011,1.3322028964052928,0.003957439527187699,0.12220059072279175,0.005636259225386563,0.01025165483673835,0.014186830828546096,-0.9659258262890683,-0.25881904510252063,-0.7818314824680299,0.6234898018587334,0
2026-05-10T18:00:00+00:00,2026-05-10T19:00:00+00:00,-0.002351846368596906,0.003634042553191474,0.004677196748964891,0.004307749709566026,-0.0023560663420907502,0.00113629618323193,0.0008098230261093111,11161.528,-0.9025493958773556,0.009769738634851968,0.013943574359968828,0.014637642759555076,0.004133452969941082,0.0010294522225266032,0.0005694495723439718,0.00014713363265428272,0.7286894488292165,-0.07217549929554963,0.45737889765843304,8.505510186907031,5.348979648827166,3.156530538079865,0.2882410248428542,0.003991124540148856,0.006139955149752393,-0.003994932432432448,0.0056024558710667145,0.004687530686728608,-1.0,-1.8369701987210297e-16,-0.7818314824680299,0.6234898018587334,1
2026-05-10T19:00:00+00:00,2026-05-10T20:00:00+00:00,0.002967937792023879,0.0006091112897085802,0.006612765957446793,0.006569324551687971,0.0029721903049780003,0.0005284205720469745,0.003077521411601664,10978.6451,-0.016385113221057235,0.011536771585596493,0.016277254934063456,0.01747034397876335,0.0046864172234057245,0.0012158735622275429,0.000664819443658546,0.00017561218074338414,0.7582313492231559,0.029541900393939356,0.5164626984463118,9.811082026158147,6.241400124293362,3.5696819018647847,0.41315136378491957,0.0041643149238046176,0.04649060920787253,-0.0005281414912180633,0.0037808226153447314,0.006616091423426934,-0.9659258262890684,0.2588190451025203,-0.7818314824680299,0.6234898018587334,0
2026-05-10T20:00:00+00:00,2026-05-10T21:00:00+00:00,-0.01554824691191007,-0.012626455349495767,-0.01494860623493071,0.024918840928219395,-0.01554824691191007,0.0018550644978444165,0.007269963414005862,30933.2806,1.8175863522539768,-0.003793237137165937,0.00045725297430723375,0.0016340144845691411,0.004266674620094316,-0.0003991287523326603,1.8663735034870213e-05,1.642252582126108e-05,0.4691657485002942,-0.2890656007228617,-0.0616685029994116,7.788141649205045,6.550748429275698,1.2373932199293467,-2.332288681935438,0.005707853591707244,0.34934715014122836,-0.01606817672881825,-0.009565124933545893,-0.014932155488483097,-0.8660254037844386,0.5000000000000001,-0.7818314824680299,0.6234898018587334,1
2026-05-10T21:00:00+00:00,2026-05-10T22:00:00+00:00,0.0008760026795375923,-0.014685864538329423,-0.011761513478677394,0.005504547794748553,0.0008760026795375923,0.0025956753046163235,0.0020336365196500067,15363.9227,-0.50332061772976,-0.0026431442112113336,0.0012812889534738914,0.002486396893302106,0.0039348334970650736,-0.0002781483184310092,5.230024347742258e-05,2.4989537961959644e-05,0.4809846737249164,0.011818925224622205,-0.03803065255016719,6.27719814419379,6.496038372259316,-0.2188402280655266,-1.4562334479948733,0.00568869286734518,-0.002483843346613027,-0.016481986277670387,0.008205620655498135,-0.011704306440348599,-0.7071067811865477,0.7071067811865474,-0.7818314824680299,0.6234898018587334,1
2026-05-10T22:00:00+00:00,2026-05-10T23:00:00+00:00,0.01844002059378755,0.019332176780776027,0.0034833484109337556,0.020945496212791327,0.018444390099494265,0.0016260984589977472,0.001209042118477656,33668.5341,1.1914022061566347,0.014226976261595836,0.018955947501853383,0.020759255400113998,0.004662636028168334,0.001499822547513213,0.0007743112369391924,0.0002086792706170275,0.6551789137187037,0.17419423999378736,0.31035782743740753,8.450479464835553,6.886926590774563,1.5635528740609894,1.782393102126516,0.006682821411952537,0.1964176894629609,0.015803324988767055,0.02141117546320609,0.003767776361415072,-0.5000000000000004,0.8660254037844384,-0.7818314824680299,0.6234898018587334,0
2026-05-10T23:00:00+00:00,2026-05-11T00:00:00+00:00,-0.0010573852673795457,0.017363137120301957,0.01825434995448211,0.0061486039126714305,-0.0010573852673795457,0.00369000577749476,0.001400093620718081,22683.1001,-0.32628192149298235,0.011886841539883798,0.017165365169620295,0.019480284875125688,0.005216515733818289,0.0012528140570589237,0.0007011183723473883,0.00019582009554148995,0.6416353216310806,-0.013543592087623181,0.28327064326216117,9.856663069727347,7.48087388656512,2.375789183162227,0.8122363091012375,0.006651231544592482,-0.005779412500258939,-0.002679127201763047,0.01862177394412175,0.018258638005945595,-0.2588190451025207,0.9659258262890683,-0.7818314824680299,0.6234898018587334,0
2026-05-11T00:00:00+00:00,2026-05-11T01:00:00+00:00,-0.0079788467783087,-0.009027795330654185,0.0092457525313196,0.01289348948923414,-0.007974663259195663,0.0015558909175929835,0.003298828830743624,19323.6984,-0.1481015242709262,0.0034487417553018293,0.008691589411153094,0.011231844261912073,0.005224828571392809,0.00036315728326197314,0.0003548846499110364,0.00011289560088152657,0.5494368301665064,-0.0921984914645742,0.09887366033301276,9.336759477323994,7.852051004716895,1.4847084726070996,-0.8910807105551273,0.007146781963376912,0.06593175077436485,-0.012667206708834847,-0.006587976942080665,0.009403788548099302,0.0,1.0,0.0,1.0,1
2026-05-11T01:00:00+00:00,2026-05-11T02:00:00+00:00,0.002631411142049463,-0.005368431262572385,-0.006420140029825947,0.008585820041211936,0.002627148905779658,0.0029848974365497146,0.0029806575254183523,9293.8315,-0.5190448894607049,0.005506108344957159,0.010896087490221204,0.013752672951459073,0.005360463850523834,0.0005799264718887575,0.0004449361450361058,0.00013823692541398922,0.571148664610303,0.021711834443796575,0.14229732922060592,9.316814959317526,8.14500379563702,1.1718111636805055,-0.31289730892659406,0.007232153401503406,0.014608282119591889,-0.006897074427770244,0.005949867567463743,-0.006404820903638783,0.25881904510252074,0.9659258262890683,0.0,1.0,0
2026-05-11T02:00:00+00:00,2026-05-11T03:00:00+00:00,-0.005575483137873469,-0.002958743384275315,-0.010913982802464549,0.00742307249540582,-0.005575483137873469,0.0009593287257129944,0.0008570003283035075,9280.1867,-0.0014681565939731135,-9.054401228729596e-05,0.005052542457810383,0.008019263538258827,0.005143552187950185,-9.530857823734618e-06,0.00020626876079519245,8.060210962639557e-05,0.5144345982813222,-0.05671406632898077,0.02886919656264439,8.146011533992805,8.145205343308177,0.0008061906846279498,-1.1710049729958776,0.00728344296338665,0.0014768559047708702,-0.00853490475908659,2.5582753812873e-05,-0.010922918774132706,0.49999999999999994,0.8660254037844387,0.0,1.0,0
2026-05-11T03:00:00+00:00,2026-05-11T04:00:00+00:00,-0.00632304222325495,-0.011863271345832599,-0.009263077348183716,0.010894377317039627,-0.0063272789289674026,0.0,0.004526809007277104,22426.555,1.4166060150492445,-0.005805796477219562,-0.0012514347625036321,0.0016291152137798291,0.004580957823509956,-0.0006107632116123232,-5.107636097011942e-05,1.637328530403946e-05,0.4590713125332997,-0.055363285748022475,-0.08185737493340056,5.952863419746791,7.7067369585959,-1.753873538849109,-1.7546797295337369,0.007584402945296602,0.0347367972977193,-0.012805035602489006,-0.005470730312625423,-0.009267114219078956,0.7071067811865475,0.7071067811865476,0.0,1.0,1
2026-05-11T04:00:00+00:00,2026-05-11T05:00:00+00:00,0.0009825964575037604,-0.005346658764640407,-0.01089233169672766,0.003999399875688504,0.0009825964575037604,0.0013459930985703636,0.0016717748676511955,10862.7775,-0.515628793633262,-0.004371019294879411,-0.0002594798080827084,0.0025872420489878927,0.0041295900043858145,-0.00045989569283490754,-1.0590900406401294e-05,2.6003108797137604e-05,0.46858189356096147,0.009510581027661757,-0.06283621287807704,4.349424145967532,7.035274396070227,-2.6858502501026944,-0.9319767112535855,0.007321417997803905,-0.033725917511117656,-0.005350899633324883,0.005534458903194249,-0.01091592890362466,0.8660254037844386,0.5000000000000001,0.0,1.0,1
2026-05-11T05:00:00+00:00,2026-05-11T06:00:00+00:00,0.001050217545063023,0.0020338459426061705,-0.004302056374419475,0.003614096689932599,0.001050217545063023,0.002222412538003511,0.0003425684066285818,9834.6659,-0.09464537039445024,-0.0030096414107141246,0.0007594430486919172,0.0036038255637990974,0.0037804622952815644,-0.0003167040258065622,3.0998636342469966e-05,3.6220664289087295e-05,0.4791332657519115,0.01055137219095002,-0.04173346849617701,3.239043812995078,6.276028279455197,-3.036984466460119,-0.3511342163574245,0.007049476961977919,-0.03613201042698943,-0.0002953779767891129,0.0037134776890479604,-0.004290228220688167,0.9659258262890683,0.25881904510252074,0.0,1.0,0
2026-05-11T06:00:00+00:00,2026-05-11T07:00:00+00:00,-0.0007793431250803595,0.0002700559401590797,0.0012529177536729683,0.005309666249549974,-0.0007750643389043525,0.0030640931141471496,0.0014699076058075648,9215.668,-0.06294040959744249,-0.003427242681816218,-1.9688353317037304e-05,0.0027935190337673122,0.0034192730068891733,-0.0003606322849954461,-8.036056119642866e-07,2.8076356438181146e-05,0.4716416629387934,-0.007491602813118092,-0.05671667412241319,2.186990346273433,5.458220692818844,-3.271230346545411,-0.23424588008529224,0.006930310282771757,-0.01767049804568244,-0.002995099316809627,0.00061319439977695,0.0012534708774864238,1.0,6.123233995736766e-17,0.0,1.0,0
2026-05-11T07:00:00+00:00,2026-05-11T08:00:00+00:00,-0.0012599208049779962,-0.00203828201944085,-0.0009902051139164308,0.0022484059488357983,-0.0012642008322297582,0.0,0.000982604889853838,5396.1646,-0.4144575737754441,-0.004238750573514422,-0.0012294662683436047,0.0015148308904038578,0.0030220942087312913,-0.00044598527927958907,-5.017977853052516e-05,1.522466284613766e-05,0.45915242533496115,-0.01248923760383228,-0.08169514933007775,1.1032790507360914,4.587232364402293,-3.483953313666202,-0.21272296712079086,0.006604006726287497,-0.04828414144555325,-0.005080172811256677,0.00021029591639655016,-0.0009890463849953329,0.9659258262890683,-0.25881904510252085,0.0,1.0,0
2026-05-11T08:00:00+00:00,2026-05-11T09:00:00+00:00,-2.574510628435703e-05,-0.0012856334744673192,-0.0020639746499379794,0.0034327692149256806,-3.003582845258145e-05,0.001763585184167928,0.0016391473001270828,7149.0202,0.3248336049645335,-0.0038598220975466333,-0.0012060163511187633,0.0014742085562775308,0.002664088654687055,-0.00040613205263941677,-4.922273419172891e-05,1.4816385916801914e-05,0.45888536058292345,-0.00026706475203766897,-0.0822292788341531,0.23685818898184152,3.717157529318203,-3.4802993403363613,0.003653973329840632,0.006377647641763157,-0.03430088537600017,-0.0012899133915293248,0.00095780092344036,-0.0020650090363427127,0.8660254037844387,-0.4999999999999998,0.0,1.0,1
2026-05-11T09:00:00+00:00,2026-05-11T10:00:00+00:00,0.0024029384504479375,0.0023771314802577786,0.0011142156778716377,0.0035743638916475077,0.0024029384504479375,0.0010830108557926955,9.417485702535869e-05,4110.1503,-0.42507501937118597,-0.0013267096672392137,0.0011471459266135943,0.0038419272623760855,0.0024771420421472496,-0.00013963414876460865,4.6824475147676085e-05,3.861382526525007e-05,0.48877321568674026,0.029887855103816818,-0.022453568626519455,0.0020628336019399285,2.97413859017495,-2.9720757565730103,0.5082235837633511,0.0061632167559785905,-0.03130010726149078,0.0006082256088681319,0.004048722202642446,0.0011172725391855843,0.7071067811865476,-0.7071067811865475,0.0,1.0,0
2026-05-11T10:00:00+00:00,2026-05-11T11:00:00+00:00,-0.00262833464607371,-0.00023171192200746783,-0.0002574510628437654,0.004279080147986752,-0.0026240652035256257,0.0016438191541412771,4.291956016128432e-06,5470.2846,0.3309208181511026,-0.003576564488052929,-0.0014260827359637669,0.0011915054053106518,0.0021582006960567703,-0.0003763387882217396,-5.82040706997576e-05,1.1975072097192543e-05,0.45884786759808316,-0.02992534808865713,-0.08230426480383372,-0.6717177192863346,2.2449673282826934,-2.916685047569028,0.05539070900398224,0.006043717134070415,-0.02196653767067228,-0.0037073304227725327,-0.00013732373211579983,-0.0002511413019101297,0.49999999999999994,-0.8660254037844387,0.0,1.0,1
2026-05-11T11:00:00+00:00,2026-05-11T12:00:00+00:00,0.0025150862253964165,-0.0001198589089413656,0.002282791527925648,0.0035833547392757708,0.0025193889945192972,0.0,0.0010702971144789792,4609.631,-0.1573325088058489,-0.0009686225120797086,0.0010428070174612046,0.0036725414840994143,0.002013379734477093,-0.00010194986959373976,4.256536346622396e-05,3.6911327060174726e-05,0.4908855549902231,0.03203768739213999,-0.018228890019553745,-0.7244891756026846,1.6510760275056178,-2.3755652031083025,0.5411198444607255,0.005853897651817934,-0.02897164460534352,-0.0017522116329757292,0.0025193889945192972,0.002289690029770644,0.258819045102521,-0.9659258262890682,0.0,1.0,0
2026-05-11T12:00:00+00:00,2026-05-11T13:00:00+00:00,-0.0026971487284871056,-0.0001888460647055523,-0.0028166843601246223,0.004335694355011766,-0.0026971487284871056,0.0013264649066321917,0.00030478643485728113,7140.9535,0.5491377726329937,-0.003315443128525378,-0.0015922713489094635,0.0009558713426626227,0.001728903862045213,-0.0003488722591990915,-6.498644379015511e-05,9.606839453004446e-06,0.4593966725612843,-0.031488882428938825,-0.0812066548774314,-1.2601421493482121,1.0688323921348517,-2.328974541483064,0.04659066162523873,0.00576015526803766,-0.018667627235234175,-0.0026971487284871056,0.0008893930214872902,-0.0028103971491643992,1.2246467991473532e-16,-1.0,0.0,1.0,0
2026-05-11T13:00:00+00:00,2026-05-11T14:00:00+00:00,-0.0030822064820776288,-0.0057710420412706645,-0.0032704704842184307,0.007789624168934576,-0.003086485999201572,0.001442522994247093,0.0032510592855421222,15820.0073,1.2153914459742665,-0.005782621717478253,-0.004487271435902874,-0.002108139118223745,0.0013028843690230554,-0.0006083267362192369,-0.00018312039693789425,-2.1186878927909386e-05,0.42586769786972944,-0.033528974691554865,-0.1482646042605411,-2.238216221093353,0.4074226694892107,-2.6456388905825636,-0.3166643490994998,0.00592165414817998,0.02486862118752883,-0.007084557204485764,-0.0027782668252611014,-0.0032642689851683174,-0.25881904510252035,-0.9659258262890684,0.0,1.0,0
2026-05-11T14:00:00+00:00,2026-05-11T15:00:00+00:00,-0.0025147266526577496,-0.005589182227945903,-0.008271256100693621,0.010705898604779744,-0.002510431423883946,0.0028016645945573614,0.005387484459179453,18307.6063,0.15724385917318762,-0.0074998841269897755,-0.006718410010003614,-0.0045718285198927825,0.0007873793710328901,-0.0007888387292553443,-0.00027414564029338027,-4.5945914201523316e-05,0.4002778849811934,-0.02558981288853609,-0.1994442300376133,-3.444875779058293,-0.36303702022029016,-3.081838758838003,-0.4361998682554393,0.006277248429828801,0.05738408715095545,-0.00702142434608168,0.0007387343018961005,-0.008294081863222485,-0.5000000000000001,-0.8660254037844386,0.0,1.0,1
2026-05-11T15:00:00+00:00,2026-05-11T16:00:00+00:00,0.0073387208177925125,0.004805539288297846,0.001708521141875947,0.009513687711058084,0.0073387208177925125,0.0009085143219568588,0.0013199170337864165,13019.6586,-0.2888388363474912,-0.00019561614380904436,0.0005486015850395702,0.002706069904502857,0.0007443633383344524,-2.059074904491606e-05,2.2392402838759195e-05,2.7197422137033476e-05,0.49534084337162043,0.09506295839042707,-0.009318313256759154,-2.9948811218619085,-0.8894058405486138,-2.1054752813132946,0.9763634775247083,0.006465957826186257,0.03762177939959257,0.002009618687736103,0.012795138888888898,0.0017417876830571346,-0.7071067811865475,-0.7071067811865477,0.0,1.0,0
2026-05-11T16:00:00+00:00,2026-05-11T17:00:00+00:00,-0.0015856146185096156,0.005741469816273045,0.003212304936442883,0.0059361828155447835,-0.0015856146185096156,0.0033179098455648247,0.001030140184910202,15011.5399,0.15299028655021715,-0.0016115824485837215,-0.0009972222020340662,0.0011050461147776426,0.000615351936930915,-0.00016961148480969617,-4.07012903593533e-05,1.1106114447689356e-05,0.47759650196152653,-0.017744341410093865,-0.04480699607694689,-2.903348201017252,-1.2921943126423414,-1.6111538883749106,0.49432139293838406,0.00643765206792175,-0.0059563323064540106,-0.0024918650453843593,0.00708048759401751,0.003238379546625147,-0.8660254037844384,-0.5000000000000004,0.0,1.0,1
2026-05-11T17:00:00+00:00,2026-05-11T18:00:00+00:00,0.002974529783928026,0.0013841987075098215,0.008733077773173097,0.008623235232442234,0.00297022478420805,0.003047019099503101,0.0026147874575793003,10465.5371,-0.3028338751576046,0.001228646747123448,0.0018967693075072054,0.004042073178631284,0.0006673026811152584,0.00012934796527151043,7.742514959822225e-05,4.062550140580367e-05,0.5127995010199676,0.035202999058441126,0.025599002039935356,-2.2457272721389927,-1.4829009045416717,-0.762826367597321,0.8483275207775895,0.00657603668199048,0.024534601959391514,-0.001922083025444108,0.004008799594393665,0.008727635983210923,-0.9659258262890683,-0.25881904510252063,0.0,1.0,0
2026-05-11T18:00:00+00:00,2026-05-11T19:00:00+00:00,-0.000582014884174813,0.0023907836791455454,0.0008013781990845822,0.004196373134647794,-0.000582014884174813,0.0032714582396642356,0.0003425610722160392,10798.4289,0.0318083818173079,0.0005843649414570643,0.0012620697540342686,0.0034231829406684336,0.0006773090169331759,6.151588307194196e-05,5.1515704916276064e-05,3.4405032315454654e-05,0.5055988784613132,-0.00720062255865443,0.011197756922626496,-1.8133948945601333,-1.548999702545364,-0.26439519201476935,0.4984311755825517,0.006409616752987818,-0.025874311471032606,-0.003618009838597517,0.005022206155752975,0.0008069002812435974,-1.0,-1.8369701987210297e-16,0.0,1.0,1
2026-05-11T19:00:00+00:00,2026-05-11T20:00:00+00:00,0.00217526280857256,0.0015919818890661656,0.004571247070538693,0.005161444691787376,0.00217526280857256,0.0015253607243114146,0.001465542656691222,7110.3587,-0.34153766572468713,0.0024972994984214336,0.003304727056220209,0.005549802483067173,0.0008054161923456102,0.00026294275212897033,0.00013490501552955407,5.578002061468399e-05,0.5320319794882763,0.026433101026963043,0.06406395897655258,-1.048765312188607,-1.4489528244740124,0.4001875122854055,0.6645827043001749,0.006307543006235461,-0.013784472058526018,-0.0016721052743831225,0.0025186866847999203,0.004567777708325773,-0.9659258262890684,0.2588190451025203,0.0,1.0,0
2026-05-11T20:00:00+00:00,2026-05-11T21:00:00+00:00,-0.0009741799583836071,0.0011989637527566241,0.0006162510538321206,0.003921904069456653,-0.000978448496863822,0.0021384427859632614,0.000804054487522233,7593.5702,0.06795880776028927,0.0013756601810033999,0.002235855884527405,0.00452453547979563,0.0008590139921800384,0.00014482730675395979,9.126775290070853e-05,4.547478625210989e-05,0.5186296037400822,-0.013402375748194117,0.03725920748016435,-0.6196251515025324,-1.2830872898797163,0.6634621383771839,0.26327462609177843,0.006142851565037305,-0.027058980638168632,-0.0024957337883958655,0.0026716182373323345,0.0006190679660141397,-0.8660254037844386,0.5000000000000001,0.0,1.0,1
2026-05-11T21:00:00+00:00,2026-05-11T22:00:00+00:00,0.0010948827064131666,0.00011963613524019096,0.0022951591838483,0.002618863507226292,0.0010906011564649903,0.0007604530249367694,0.0007689974409472882,5121.3253,-0.3255708230629118,0.002236089379040792,0.00320205484040651,0.005568096508744988,0.0009638102954007627,0.00023543324513892815,0.00013071319964244238,5.5963900715003314e-05,0.5328588526552047,0.014229248915122596,0.06571770531040955,-0.07212644838364213,-1.0408951215805016,0.9687686731968594,0.3053065348196755,0.0058848996680584496,-0.040943301240552364,-0.0020166791732041827,0.0019004652715653818,0.0022959655566021195,-0.7071067811865477,0.7071067811865474,0.0,1.0,1
2026-05-11T22:00:00+00:00,2026-05-11T23:00:00+00:00,0.0003075989763788765,0.0014028184675917907,0.0004272719115718052,0.0038651593257110943,0.0003075989763788765,0.0018151300700853753,0.0017425248672819293,5867.5676,0.14571273181963268,0.0023014969315398,0.0033725023576122856,0.005818586271355801,0.0010685461703402394,0.00024232154040227145,0.0001376721084539807,5.848167388971045e-05,0.537004161570492,0.004145308915287273,0.07400832314098409,0.4150833782578047,-0.7496994216128403,1.164782799870645,0.1960141266737856,0.005738952127737383,-0.02450037428907534,-0.0004525099360082415,0.0021700422880034363,0.000428301724408436,-0.5000000000000004,0.8660254037844384,0.0,1.0,0
2026-05-11T23:00:00+00:00,2026-05-12T00:00:00+00:00,-0.0006662595080783733,-0.00035886547244218443,0.0007356243183712763,0.0030557253180732652,-0.0006662595080783733,0.00034189933628799116,0.0020471222760238663,3732.8681,-0.36381336279789944,0.001477883224197953,0.0025976813776726936,0.005096960606969257,0.0011181456647545902,0.00015559085992829512,0.00010603905442246348,5.12283589537593e-05,0.5261107788455095,-0.01089338272498253,0.05222155769101903,0.6676257395492939,-0.46623438938041345,1.1338601289297074,-0.03092267094093759,0.00555084595193707,-0.03342151588382193,-0.002476893693939474,0.0013866123434175637,0.0007362221747136698,-0.2588190451025207,0.9659258262890683,0.0,1.0,0
2026-05-12T00:00:00+00:00,2026-05-12T01:00:00+00:00,-0.0027052784983780842,-0.003369735588934913,-0.0030631731397738602,0.003736811882376047,-0.002709540660204859,0.000415677468566984,0.0006042321965768122,5083.8958,0.3619275216287444,-0.0011142484759167862,-0.00011012998605925504,0.0023541770783872275,0.0010052385754081123,-0.00011727555808473949,-4.495081266027516e-06,2.3660630951784598e-05,0.4832716867558441,-0.042839092089665416,-0.0334566264883118,0.3529210284295914,-0.30240330581841246,0.6553243342480038,-0.4785357946817036,0.005435253885521161,-0.023473168416818832,-0.0037101394824590474,-0.0006595063124175462,-0.003063939030077581,0.0,1.0,0.7818314824680298,0.6234898018587336,0
2026-05-12T01:00:00+00:00,2026-05-12T02:00:00+00:00,-0.009483445751947732,-0.012163068888442536,-0.012821224636226572,0.017586667878048308,-0.009483445751947732,0.000917189075066687,0.007095236241082126,27250.3484,4.360131181288176,-0.00958849753491308,-0.009219821918584796,-0.007080938121617901,0.0003722448854952393,-0.0010082978393226943,-0.0003761776990688932,-7.116014312616937e-05,0.36987898505256417,-0.11339270170327992,-0.26024202989487166,-1.6630205090959862,-0.5745267464739272,-1.088493762622059,-1.7438180968700627,0.006351533435566766,0.1574986459322761,-0.012576628147895019,-0.008884581905811534,-0.012854983758404189,0.25881904510252074,0.9659258262890683,0.7818314824680298,0.6234898018587336,1
2026-05-12T02:00:00+00:00,2026-05-12T03:00:00+00:00,0.0019382108756127291,-0.007563615794029711,-0.010248432605230213,0.004231634490411972,0.0019425456433329504,0.0004792973759548715,0.0018135576387480722,8716.197,-0.6801436490991799,-0.006943573873706145,-0.00701523498531786,-0.005105405569216599,-7.216217500474791e-05,-0.000730368684714517,-0.0002862541569445099,-5.1307976092320626e-05,0.40054327219767566,0.030664287145111473,-0.1989134556046487,-2.8661311665982794,-1.0328476304987977,-1.8332835360994817,-0.7447897734774227,0.006188702913904253,-0.023747888899428853,-0.008464416909995455,0.00909799957298646,-0.010250513374713086,0.49999999999999994,0.8660254037844387,0.7818314824680298,0.6234898018587336,0
2026-05-12T03:00:00+00:00,2026-05-12T04:00:00+00:00,-0.0028153323344372928,-0.0008825781665736342,-0.01035765403635681,0.004377817326803469,-0.0028153323344372928,0.0006148863109852786,0.0009396502076324161,5742.0484,-0.34122090173042213,-0.0088199809028787,-0.009429707142268508,-0.007828310052287835,-0.0006151518671100897,-0.0009275578800095373,-0.00038473792556338956,-7.867029343554247e-05,0.3721581536263718,-0.02838511857130385,-0.2556836927472564,-4.296190728269721,-1.6855162500529826,-2.6106744782167386,-0.7773909421172569,0.0060755783576925595,-0.02104307319711943,-0.0032930513595166634,0.0009405339805825559,-0.010360567210772295,0.7071067811865475,0.7071067811865476,0.7818314824680298,0.6234898018587336,1
2026-05-12T04:00:00+00:00,2026-05-12T05:00:00+00:00,0.0006711787197374964,-0.0021460432058516598,-0.00021199181452004697,0.00382531632423437,0.0006755118301174115,0.0015448392847868852,0.0016054212175237725,5344.5111,-0.06923266268532323,-0.007383816347844769,-0.00842403304943394,-0.007091623412377649,-0.001047954605940312,-0.0007766401872983044,-0.0003437198996587935,-7.126751768827248e-05,0.38334612944137736,0.011187975815005587,-0.23330774111724523,-5.244001601621676,-2.3972133203667214,-2.8467882812549545,-0.23611380303821594,0.005911061367481279,-0.026425403831239362,-0.0027575076273782416,0.0016123439667130094,-0.00020594273908706735,0.8660254037844386,0.5000000000000001,0.7818314824680298,0.6234898018587336,0
2026-05-12T05:00:00+00:00,2026-05-12T06:00:00+00:00,-0.00034618247278148177,0.00032476389664713755,-0.002491482756089444,0.001878690284487449,-0.00034618247278148177,0.0013678943085207065,0.00016449361937912713,6159.8859,0.15256302863698806,-0.006996644910883971,-0.008426380733624747,-0.007361911959173459,-0.0014398096596687374,-0.0007359469212214635,-0.00034381565763222057,-7.398359093966133e-05,0.3795864147165555,-0.0037597147248218474,-0.24082717056688893,-5.990645430013046,-3.115899742295986,-2.87474568771706,-0.02795740646210554,0.005624935660714535,-0.04873455763592516,-0.0018881049388849774,0.001938715763450567,-0.002490336087481278,0.9659258262890683,0.25881904510252074,0.7818314824680298,0.6234898018587336,0
2026-05-12T06:00:00+00:00,2026-05-12T07:00:00+00:00,-0.002696829601925449,-0.003042078479566666,-0.0023729415381684264,0.004865683691495704,-0.0027011466887145903,0.001610319937149793,0.0005469011107300104,8109.0135,0.31642267919280775,-0.008761287301016945,-0.010669817365054183,-0.009939991208820177,-0.0019253990381798334,-0.0009213910241619028,-0.00043531316951177153,-9.988943023889206e-05,0.35073754444213906,-0.0288488702744165,-0.29852491111572194,-7.004333381829383,-3.8935864702026657,-3.1107469116267175,-0.2360012239096574,0.00558482742513402,-0.009808034585635393,-0.004403477840005555,-0.002532752604189177,-0.0023718333549694348,1.0,6.123233995736766e-17,0.7818314824680298,0.6234898018587336,0
2026-05-12T07:00:00+00:00,2026-05-12T08:00:00+00:00,-0.0037718814700354857,-0.006458538950357589,-0.006802485590154681,0.005746775880097619,-0.003776205564477743,0.0004008365284071422,0.0015554200069709434,15768.3022,0.9445401342592413,-0.01132311443198428,-0.013844509529552813,-0.013540159046747173,-0.002550272120623047,-0.0011904878317930655,-0.0005647628842620489,-0.00013606348467862703,0.31479844862414424,-0.035939095817994794,-0.3704031027517115,-8.411931254257524,-4.797255427013638,-3.614675827243887,-0.5039289156171693,0.005616029873972896,0.0017940482416663503,-0.008055872489022719,-0.003226745069768174,-0.006814893544742417,0.9659258262890683,-0.25881904510252085,0.7818314824680298,0.6234898018587336,0
2026-05-12T08:00:00+00:00,2026-05-12T09:00:00+00:00,-0.003132624607877135,-0.006892690189201592,-0.009570931380187902,0.007110982906543232,-0.003132624607877135,0.00046765529870943027,0.0035008588249178184,25800.4316,0.6362212794222069,-0.01306485184835653,-0.01628050667362645,-0.016467616126538222,-0.0032582230263987245,-0.001373358854566989,-0.000664069195536919,-0.00016547629272837177,0.2884614395531473,-0.026337009070996942,-0.4230771208937054,-9.992448889302068,-5.836294119471324,-4.156154769830744,-0.5414789425868571,0.005739199846393455,0.018730529593463156,-0.007293411199139171,-0.0015796616382225276,-0.00960133567983807,0.8660254037844387,-0.4999999999999998,0.7818314824680298,0.6234898018587336,1
2026-05-12T09:00:00+00:00,2026-05-12T10:00:00+00:00,0.00211100475959455,-0.0010282328337398365,-0.004796235931402857,0.006193192721690249,0.002115384615384679,0.001072905217982954,0.0030093682943424273,11101.2573,-0.5697259072208699,-0.009945978861591985,-0.013654461358946978,-0.014250217425094186,-0.0037457375235856478,-0.0010458501955425306,-0.0005570145153376088,-0.00014319775704445207,0.32906968354595717,0.04060824399280989,-0.3418606329080856,-10.73157297500029,-6.815349890577117,-3.916223084423173,0.23993168540757104,0.005760401520980445,0.005812989703768572,-0.0014937267830001856,0.005631578947368485,-0.00479350131831807,0.7071067811865476,-0.7071067811865475,0.7818314824680298,0.6234898018587336,0
2026-05-12T10:00:00+00:00,2026-05-12T11:00:00+00:00,-0.002895971807889049,-0.0007910804585646041,-0.003921226908330429,0.005450091855480727,-0.002895971807889049,0.00045490333304171274,0.002090805703787834,14416.2819,0.2986170404319879,-0.011607011676651588,-0.015873682325600838,-0.016937605536403656,-0.004316775512731003,-0.0012202997519138957,-0.0006474858914387766,-0.00017019821895589152,0.30343178236785706,-0.02563790117810015,-0.39313643526428593,-11.718048278894912,-7.795889568240677,-3.9221587106542355,-0.005935626231062585,0.005753771926707528,-0.004043529861043644,-0.003964623360780884,0.002235763447459519,-0.003917591656171634,0.49999999999999994,-0.8660254037844387,0.7818314824680298,0.6234898018587336,1
2026-05-12T11:00:00+00:00,2026-05-12T12:00:00+00:00,0.00035429971131152143,-0.0025426981385530288,-0.0004370610268311764,0.003725388170580794,0.00034992411020867806,3.498017061575036e-05,0.003340606293807142,9074.8274,-0.37051540314288667,-0.010195676384485474,-0.014925269724234998,-0.016426950643798302,-0.0047783114570296775,-0.0010720785072596002,-0.0006088237904060716,-0.00016506772949091686,0.3104890628456137,0.007057280477756649,-0.3790218743087726,-12.292773394152391,-8.69526633342302,-3.597507060729372,0.3246516499248635,0.00560699509480887,-0.02516440988617614,-0.0029949256281932317,0.0024502283665437078,-0.00043066733698297714,0.258819045102521,-0.9659258262890682,0.7818314824680298,0.6234898018587336,1
2026-05-12T12:00:00+00:00,2026-05-12T13:00:00+00:00,0.0008570141800864804,0.0012116175312745963,-0.001687863086826968,0.005622616285927883,0.0008526379305820754,0.0022018637203634903,0.0025688410070905734,10709.2451,0.18010454942647172,-0.008464706992100083,-0.013536323531238292,-0.015431342629920217,-0.005114912777086394,-0.0008902285755843034,-0.0005521979102722292,-0.00015506482182434133,0.32822496638697957,0.017735903541365873,-0.34355006722604087,-12.446614742070324,-9.44553601515248,-3.001078726917843,0.596428333811529,0.005603652674506912,0.00026038715491758175,0.0008220052555866426,0.004564266184492746,-0.0016846579164910471,1.2246467991473532e-16,-1.0,0.7818314824680298,0.6234898018587336,0
2026-05-12T13:00:00+00:00,2026-05-12T14:00:00+00:00,-0.007418183724557342,-0.006567527033113294,-0.006215554194733635,0.010400573946188192,-0.007418183724557342,0.0015581054494079722,0.0013688440530106526,17980.8557,0.6790030979868039,-0.014335020199193162,-0.020052684015115188,-0.022513927466825887,-0.005800818668709837,-0.0015066759966681975,-0.0008178075419954854,-0.00022621944099241972,0.26470142095607857,-0.06352354543090101,-0.4705971580878429,-13.77983386374899,-10.312395584871783,-3.467438278877207,-0.4663595519593642,0.005985178104115123,0.06016187982909771,-0.009598911948945486,-0.004011152318577594,-0.00620686983315934,-0.25881904510252035,-0.9659258262890684,0.7818314824680298,0.6234898018587336,0
2026-05-12T14:00:00+00:00,2026-05-12T15:00:00+00:00,-0.0012368012183151976,-0.00864581012420432,-0.007796205525992619,0.008602226354894712,-0.0012368012183151976,0.0043628094730255385,0.0030010840920508494,18461.4051,0.02672561350903894,-0.014093627249502956,-0.020447826501199688,-0.023492380184105943,-0.006445033146473824,-0.0014813420806724696,-0.0008339091784081622,-0.00023604859136538848,0.2558757926081928,-0.008825628347885726,-0.48824841478361436,-14.891503160064076,-11.228217099910243,-3.6632860601538333,-0.19584778127662616,0.006178992361305806,0.031105519112665438,-0.010176618640704023,0.00013222382849675926,-0.0077979707627860596,-0.5000000000000001,-0.8660254037844386,0.7818314824680298,0.6234898018587336,0
2026-05-12T15:00:00+00:00,2026-05-12T16:00:00+00:00,-0.003230241761341069,-0.004463047812710388,-0.01184812382862156,0.007829873775891432,-0.003230241761341069,0.002299003028494495,0.002290160709153939,16513.7723,-0.10549753875451222,-0.015658553728258102,-0.022707081276547084,-0.02638859094193395,-0.007160653018305534,-0.0016455564940507823,-0.0009259614446842324,-0.00026514165052647507,0.23396202405534366,-0.02191376855284915,-0.5320759518893127,-16.17749473797403,-12.218072627523,-3.9594221104510297,-0.29613605029719636,0.006315506476164039,0.018791656520250152,-0.008782193707847427,-0.00022984746084857112,-0.01188522670421361,-0.7071067811865475,-0.7071067811865477,0.7818314824680298,0.6234898018587336,1
2026-05-12T16:00:00+00:00,2026-05-12T17:00:00+00:00,0.0008753896146959429,-0.0023576798667359618,-0.003591565103719583,0.006612687348431552,0.0008709646043520818,0.0032732139780813287,0.0024692666852193608,11372.9998,-0.3113021305253192,-0.013406538437158217,-0.021012651173463757,-0.025288634725977286,-0.007709470042763977,-0.0014092258522739657,-0.0008569242825481853,-0.00025409255348953787,0.25258276159141063,0.01862073753606694,-0.4948344768171788,-16.842730364678573,-13.143004174954115,-3.6997261897244584,0.2596959207265712,0.006331604537457413,0.0034265948790492165,-0.004638626790597957,0.003172816583727286,-0.003591653364960324,-0.8660254037844384,-0.5000000000000004,0.7818314824680298,0.6234898018587336,1
2026-05-12T17:00:00+00:00,2026-05-12T18:00:00+00:00,0.00563646563567062,0.006516789353847619,0.0032654967873858884,0.006224221313455683,0.00563646563567062,0.0006193473572315852,0.0,6397.2953,-0.43750150246199776,-0.007103742589940781,-0.014896041679747526,-0.01960160612286288,-0.007848049614098384,-0.0007472036471125089,-0.0006076322597666184,-0.00019696226478516847,0.36047161361790997,0.10788885202649937,-0.27905677276418006,-16.15409468343978,-13.745222276651248,-2.4088724067885323,1.2908537829359261,0.006290981307896548,-0.0008156431081107405,0.0023555414663357305,0.009006014351119397,0.0032816134890254938,-0.9659258262890683,-0.25881904510252063,0.7818314824680298,0.6234898018587336,1
2026-05-12T18:00:00+00:00,2026-05-12T19:00:00+00:00,0.0011903768355303486,0.006833551989327933,0.007714923624466819,0.004356600710744455,0.001185979091627986,0.002325275303821229,0.0008467511955424193,6729.2104,0.05188366089650421,-0.0053608622837549484,-0.01319232407070585,-0.01825448249380525,-0.007873671455290243,-0.000563983036670082,-0.0005381724214577824,-0.000183428483434854,0.3809110909239962,0.020439477306086216,-0.23817781815200761,-15.214290720264671,-14.039035965373932,-1.175254754890739,1.2336176518977933,0.006145865797289722,-0.021904311518854153,0.0005706760316067524,0.006833551989327933,0.007702232085896911,-1.0,-1.8369701987210297e-16,0.7818314824680298,0.6234898018587336,1
2026-05-12T19:00:00+00:00,2026-05-12T20:00:00+00:00,0.0025402535866274572,0.0037336542811837,0.009391164530905686,0.0036234896656148095,0.0025358551491461013,0.0010240296881084293,7.00191239731715e-05,5237.4283,-0.22168754004184507,-0.002564992658558905,-0.010270843807694113,-0.015606225429799543,-0.00772566742937402,-0.000269926347311516,-0.0004190424444162341,-0.00015682188976923422,0.42331833586803796,0.042407244944041765,-0.15336332826392407,-13.842714501591217,-13.999771672617388,0.157057171026171,1.33231192591691,0.005951235895457439,-0.029208619163656985,0.00021447955878501116,0.004580884260134469,0.009367096057828424,-0.9659258262890684,0.2588190451025203,0.7818314824680298,0.6234898018587336,0
2026-05-12T20:00:00+00:00,2026-05-12T21:00:00+00:00,-2.1880976241715597e-05,0.002518317027157365,0.003711691608941363,0.0026564086405488348,-2.6257056583933058e-05,0.001002170640338884,0.001627980254174894,3679.2957,-0.2974995571777087,-0.002341030682533745,-0.009892865627144276,-0.015474671091723144,-0.0075695555063039315,-0.00024636357240551365,-0.00040362745285675214,-0.00015550014852337498,0.4230488390346621,-0.0002694968333758396,-0.15390232193067577,-12.61435462084637,-13.722688262263185,1.1083336414168148,0.9512764703906438,0.005716012011685968,-0.039546232048058814,-0.0010448407164371687,0.0025842967773072735,0.0037087494459160904,-0.8660254037844386,0.5000000000000001,0.7818314824680298,0.6234898018587336,1
2026-05-12T21:00:00+00:00,2026-05-12T22:00:00+00:00,0.00015754647621053783,0.0001356620526981193,0.002676260255341512,0.002113415594644232,0.00015316951489022517,0.0009801347685305774,0.0009801347685307765,3407.4166,-0.07389433254848206,-0.001976278063017235,-0.009358612871651678,-0.01516944146718151,-0.007396953245065831,-0.00020798600261508928,-0.00038183834262946447,-0.00015243345866091103,0.4258828679231445,0.002834028888482365,-0.14823426415371102,-11.479493123159045,-13.274049234442357,1.7945561112833115,0.6862224698664967,0.00545784761446504,-0.045014694167110576,-0.000869987190640766,0.001788438272579001,0.0026759190865962793,-0.7071067811865477,0.7071067811865474,0.7818314824680298,0.6234898018587336,0
2026-05-12T22:00:00+00:00,2026-05-12T23:00:00+00:00,-0.001338934103439199,-0.001181598571578536,-0.0012034536932899798,0.004000280413961158,-0.001343303827321885,0.0026113550128377175,4.3814681423610766e-05,4370.6133,0.2826765297791881,-0.0029980294041782258,-0.010270299621345352,-0.01632668290418729,-0.007294138258143182,-0.000315482481939112,-0.0004190202513394525,-0.0001640603451553875,0.40755729740794,-0.018325570515204462,-0.18488540518411994,-10.703638751772814,-12.759967137908449,2.0563283861356343,0.2617722748523228,0.005360530489237216,-0.019145738337480345,-0.0023167980976026505,-0.00020588660466696744,-0.001203268603470377,-0.5000000000000004,0.8660254037844384,0.7818314824680298,0.6234898018587336,0
2026-05-12T23:00:00+00:00,2026-05-13T00:00:00+00:00,-0.0032335234890507585,-0.004568128117616196,-0.004411301333893467,0.004527552132784632,-0.0032335234890507585,0.000808805429545878,0.0004747336216900197,5554.5701,0.2708903118928412,-0.0056326383885776255,-0.012949195022019066,-0.019317059573023005,-0.007358001595692554,-0.0005925579709265823,-0.0005282593668757177,-0.0001941036187120726,0.36658743308628344,-0.04096986432165657,-0.2668251338274331,-10.562514799811652,-12.32047667028909,1.7579618704774376,-0.2983665156581967,0.005317179549733792,-0.011294435241912674,-0.007161654381439861,-0.0031898485698260244,-0.00441491111627942,-0.2588190451025207,0.9659258262890683,0.7818314824680298,0.6234898018587336,1
2026-05-13T00:00:00+00:00,2026-05-13T01:00:00+00:00,0.002901149910328054,-0.0003417545151030083,-0.0016802310317669314,0.005895089324847832,0.0028967414954923125,0.002292291239327486,0.0007144234646468445,4782.3535,-0.13902364829278144,-0.002486782334940613,-0.009693932533593097,-0.01631072466291772,-0.00722511749320245,-0.00026169805777204744,-0.0003955142222615468,-0.00016390001341639243,0.42249890448337346,0.05591147139709001,-0.15500219103325308,-9.805081335456634,-11.817397603322599,2.0123162678659643,0.2543543973885267,0.005344176173007281,0.00799312475741276,-0.0011470199371327527,0.0033774869386246575,-0.0016713076821619037,0.0,1.0,0.9749279121818236,-0.22252093395631434,1
2026-05-13T01:00:00+00:00,2026-05-13T02:00:00+00:00,0.0036904574063360476,0.006602313886837563,0.003347441660751629,0.006244596022672766,0.0036904574063360476,0.0023187975440833305,0.0002489104708338779,8336.9621,0.7432760041682407,0.0010806130883509533,-0.005803791363573066,-0.012555871768378015,-0.006876973104778758,0.00011376168639128701,-0.0002368333400929411,-0.0001261737441912299,0.4849598008730415,0.06246089638966808,-0.03008039825391691,-8.428230828221785,-11.139564248302436,2.711333420080651,0.6990171522146866,0.005390245506221657,0.012342745173324378,0.001394968492953028,0.007319626628660857,0.003358083827613343,0.25881904510252074,0.9659258262890683,0.9749279121818236,-0.22252093395631434,1
2026-05-13T02:00:00+00:00,2026-05-13T03:00:00+00:00,0.0017511069965675523,0.00544802678868837,0.008364982241445891,0.00563646746498452,0.0017467325184826136,0.0025719379770618406,0.0013208427238129833,6723.5922,-0.19352011927702065,0.0025630528252763847,-0.003904142113220671,-0.010720177449199541,-0.0064506615521808365,0.00026986784324363797,-0.00015932735006539227,-0.00010772887011658489,0.5120284667865037,0.027068665913462128,0.024056933573007342,-6.933567543884237,-10.298364907418797,3.36479736353456,0.6534639434539091,0.0053990834203532755,0.003393590674661729,-0.0005663772333779967,0.005699279698727308,0.008342714313231653,0.49999999999999994,0.8660254037844387,0.9749279121818236,-0.22252093395631434,1
2026-05-13T03:00:00+00:00,2026-05-13T04:00:00+00:00,0.003391470756193445,0.005148516580930822,0.008857974368414609,0.004922298926478288,0.003391470756193445,0.0008688965448328895,0.0006733948222453708,5786.8043,-0.13932848277145665,0.005392228374151468,-0.0005052985565896142,-0.007292314055330118,-0.005865896676243601,0.0005679253428736224,-2.0624005522844434e-05,-7.328421752563834e-05,0.5603111187333725,0.04828265194686885,0.12062223746674505,-5.062893260783312,-9.2512705780917,4.1883773173083885,0.8235799537738284,0.005348081938214338,-0.006086888474415689,0.0008174303988452096,0.006475845664113035,0.008833035159097044,0.7071067811865475,0.7071067811865476,0.9749279121818236,-0.22252093395631434,1
2026-05-13T04:00:00+00:00,2026-05-13T05:00:00+00:00,0.002128796534840619,0.005527487042227862,0.007288273260028496,0.004565022304881149,0.0021331502849992415,0.0010101141472338598,0.001426298516909839,5667.6991,-0.020582206313768028,0.006810237008673256,0.0015586987252187614,-0.005127772871634888,-0.00521601597840056,0.0007173813205780622,6.362440393860315e-05,-5.153274998393704e-05,0.5879635565777238,0.027652437844351282,0.17592711315544762,-3.1486852810235177,-8.030753518678065,4.882068237654547,0.6936909203461585,0.005281599799030242,-0.010328691383503641,0.0012588062176346125,0.0062073598436600385,0.007271374287601616,0.8660254037844386,0.5000000000000001,0.9749279121818236,-0.22252093395631434,0
2026-05-13T05:00:00+00:00,2026-05-13T06:00:00+00:00,-0.0038627111810531434,-0.0017421375723898408,0.0016434247751735784,0.005157196574054691,-0.003867029670348561,0.0003481651695565167,0.0009269897639440624,6007.4738,0.05994931876323497,0.0026422733241941976,-0.0022196447958663136,-0.008882209310099951,-0.004849105458062468,0.000278211414188694,-9.058953956191255e-05,-8.926046713512654e-05,0.5234925099021861,-0.06447104667553774,0.04698501980437214,-2.323836461769588,-6.88937010729637,4.565533645526782,-0.31653459212776536,0.0052917313728394495,-0.001951843480015489,-0.004867908185361534,-0.0003089011385833105,0.0016575561099809203,0.9659258262890683,0.25881904510252074,0.9749279121818236,-0.22252093395631434,1
2026-05-13T06:00:00+00:00,2026-05-13T07:00:00+00:00,0.0017756423647377999,-0.002093927609931168,3.0411379069222254e-05,0.0034190039272929008,0.0017712825913821504,0.0014292913495290566,0.00022156188092993583,4402.6754,-0.26713364942182516,0.003999722028841454,-0.0004303848661386901,-0.007051969298281155,-0.0044124582883628355,0.00042120070679865253,-1.756642064563186e-05,-7.086904052244119e-05,0.5479369698520491,0.02444445994986303,0.0958739397040982,-1.3256348345848892,-5.776623052754074,4.450988218169185,-0.11454542735759699,0.005149255528196149,-0.025196405294668416,-0.002444224868687864,0.0027051397655545695,4.1727718525275386e-05,1.0,6.123233995736766e-17,0.9749279121818236,-0.22252093395631434,0
2026-05-13T07:00:00+00:00,2026-05-13T08:00:00+00:00,-0.0003345149966982856,0.0014405333890397365,-0.002427742156441931,0.002642249040663857,-0.0003345149966982856,0.0005171507168404501,0.0017904713893972567,4164.7597,-0.05403889189741321,0.003313772846574033,-0.0007347875020734509,-0.007311188603276808,-0.004035188650068085,0.00034893991096581937,-2.999042716251026e-05,-7.347388363678441e-05,0.5422830198126615,-0.00565395003938761,0.08456603962532298,-0.5898855844015998,-4.739275559083579,4.149389974681979,-0.30159824348720576,0.004971783638707822,-0.03478852907860404,-0.0017612889511654203,0.0016584975144302103,-0.0024215838130136292,0.9659258262890683,-0.25881904510252085,0.9749279121818236,-0.22252093395631434,1
2026-05-13T08:00:00+00:00,2026-05-13T09:00:00+00:00,0.006766417362357385,0.006429638897577471,0.008216698001531776,0.00700583603840045,0.006766417362357385,0.00013813108640106523,0.00014676427930111952,11302.729,1.7138970346836577,0.009131672928307915,0.005788950294906738,-0.000588332419471737,-0.00331247420240139,0.0009621535789576274,0.00023633952868126515,-5.9128536758773605e-06,0.6262620938548332,0.08397907404217171,0.25252418770966645,1.2353297607205604,-3.544354495122751,4.7796842558433115,0.6302942811613326,0.0050860448231607085,0.029903852873350352,0.0059096060407374945,0.008572237097019986,0.0082075447303969,0.8660254037844387,-0.4999999999999998,0.9749279121818236,-0.22252093395631434,1
2026-05-13T09:00:00+00:00,2026-05-13T10:00:00+00:00,0.0019640513847642197,0.008743758338512035,0.008406318423522012,0.0038385483308132073,0.0019597263289663795,0.0009348653061576487,0.0009477897113119877,12175.5618,0.07722319096565088,0.010044584009521908,0.007457615586367008,0.001360867589004767,-0.0025612418145796547,0.0010584437512316846,0.0003044851559025176,1.3677248260685875e-05,0.6466639408474841,0.020401846992650973,0.2933278816949684,3.0142269141842917,-2.2326382132613425,5.246865127445634,0.4671808716023227,0.004987680377880423,-0.01741400003476727,0.0018256681168427674,0.008892829667105674,0.008395953750423318,0.7071067811865476,-0.7071067811865475,0.9749279121818236,-0.22252093395631434,0
2026-05-13T10:00:00+00:00,2026-05-13T11:00:00+00:00,-0.005484255920454602,-0.0035309758961253527,0.0032115494096224243,0.006952687072767008,-0.0054799713938599335,0.00018193947480141424,0.0012605806468380888,7214.562,-0.40745551470158853,0.00407442223175273,0.0018565367473296513,-0.004089916783671564,-0.0022088855520225213,0.00042907057330897005,7.578275268557157e-05,-4.1103001767011284e-05,0.5553258520417625,-0.09133808880572161,0.11065170408352515,3.3581010154543947,-1.114490367518195,4.47259138297259,-0.7742737444730441,0.005153577945356245,0.027594796917593836,-0.0064131258177811835,-0.0025880878826502114,0.0032462128266670027,0.49999999999999994,-0.8660254037844387,0.9749279121818236,-0.22252093395631434,0
2026-05-13T11:00:00+00:00,2026-05-13T12:00:00+00:00,-0.0028763764587646625,-0.008344857594595828,-0.0063971959389459345,0.004305288858381565,-0.0028763764587646625,0.00019549747591028754,0.0012251175157050348,8961.8603,0.2421904891800778,0.0010732214968377635,-0.000985016280962192,-0.006885806300471742,-0.002056031200916962,0.00011298344769497063,-4.020312980507326e-05,-6.91992945480128e-05,0.5145045498788202,-0.040821302162942386,0.02900909975764037,3.0595624792363196,-0.27967979816729194,3.3392422774036117,-1.1333491055689784,0.005106790374218843,-0.011928920722940786,-0.008519986216402372,-0.001617835223699342,-0.006396580994455043,0.258819045102521,-0.9659258262890682,0.9749279121818236,-0.22252093395631434,0
2026-05-13T12:00:00+00:00,2026-05-13T13:00:00+00:00,-0.0075896464536758974,-0.01044419223205086,-0.015871169529422472,0.016429181167509247,-0.007593957850927314,0.002499616958872343,0.006277496880950683,21804.2465,1.4330045068879282,-0.005906853123809521,-0.008233985055543614,-0.014281727204088103,-0.0023409596364755204,-0.0006213876503396014,-0.00033596811016912916,-0.00014351434745062277,0.425815510942867,-0.08868903893595316,-0.14836897811426597,1.3971797231765777,0.05569210610148201,1.3414876170750958,-1.997754660328516,0.005951798068515807,0.15662198613656705,-0.010637053847919558,-0.0063723357981731584,-0.01595027883289516,1.2246467991473532e-16,-1.0,0.9749279121818236,-0.22252093395631434,0
2026-05-13T13:00:00+00:00,2026-05-13T14:00:00+00:00,-0.009433755772976877,-0.016951803355605557,-0.019779420046264547,0.013169524482941368,-0.009433755772976877,0.0017500441930351936,0.0018958812091214262,25468.6809,0.1680605839784465,-0.013849342279242897,-0.016911922968514334,-0.023351597382856828,-0.0031055910831615046,-0.0014557033416217943,-0.0006898064088026764,-0.0002346343547324031,0.3464754916603212,-0.0793400192825458,-0.3070490166793576,-1.6402675041999828,-0.28349981595881096,-1.3567676882411719,-2.698255305316268,0.006519983741116657,0.08513019637269463,-0.019388612981790038,-0.0031761974616852065,-0.019899778685417435,-0.25881904510252035,-0.9659258262890684,0.9749279121818236,-0.22252093395631434,1
2026-05-13T14:00:00+00:00,2026-05-13T15:00:00+00:00,0.0020284603146542737,-0.007424431457526227,-0.01495772910131995,0.008785431707822483,0.0020284603146542737,0.0015789079073295408,0.005182169807576112,23727.9378,-0.06834838077538596,-0.010732612486659337,-0.014341147037399445,-0.021162363021204778,-0.003647683726652159,-0.0011284737910272412,-0.0005850105026841523,-0.00021264183937094933,0.3732614581842221,0.02678596652390084,-0.2534770836315559,-3.635187497111019,-0.9538373521892527,-2.6813501449217663,-1.3245824566805944,0.006669545466126997,0.025013963190838946,-0.009142117982266421,0.00393179574144,-0.0149949419119985,-0.5000000000000001,-0.8660254037844386,0.9749279121818236,-0.22252093395631434,0
2026-05-13T15:00:00+00:00,2026-05-13T16:00:00+00:00,-0.013628004004604453,-0.01162718755524147,-0.0209512552804956,0.016150306954200506,-0.013628004004604453,0.0012787895318110644,0.0010552249283473983,30418.8782,0.28198575267674547,-0.0219588635725204,-0.026713640305754648,-0.03417039391472532,-0.004861530416401669,-0.0023061288005063072,-0.0010891650914803407,-0.0003433031468438635,0.28775501807052023,-0.08550644011370181,-0.42448996385895954,-7.6216896283417555,-2.2874078074197532,-5.334281820922002,-2.652931676000236,0.007432309078311547,0.09917858385722668,-0.015182939448781808,-0.006468092667866284,-0.021033299462927056,-0.7071067811865475,-0.7071067811865477,0.9749279121818236,-0.22252093395631434,1
2026-05-13T16:00:00+00:00,2026-05-13T17:00:00+00:00,0.006376062490778058,-0.0073388345189843275,-0.005325260738907628,0.007939575696989843,0.006380562312204885,0.0011551704987226076,0.0004442963456625569,23968.6256,-0.21204768162686552,-0.01424673469816069,-0.019719533132181433,-0.027741207855384607,-0.005551894806399615,-0.0014974106826768005,-0.0008042315943107734,-0.00027872839791931914,0.36055550134338227,0.07280048327286202,-0.27888899731323546,-9.520610789524198,-3.7340484038406423,-5.786562385683556,-0.452280564761554,0.007424817254476722,0.005361627798635488,-0.008589362405021473,0.007439137382336699,-0.005223481199172122,-0.8660254037844384,-0.5000000000000004,0.9749279121818236,-0.22252093395631434,1
2026-05-13T17:00:00+00:00,2026-05-13T18:00:00+00:00,0.003358880373208906,0.009756359295145593,-0.004004604413003466,0.004879755215183027,0.003358880373208906,0.0015321191510465951,0.0,9344.9691,-0.610116605935052,-0.009904526984087626,-0.015792870249187938,-0.02423787232684122,-0.005947247942831143,-0.0010414959430963381,-0.0006441916985011471,-0.00024353738189830735,0.39581389717986193,0.03525839583647965,-0.20837220564027617,-10.296795621909496,-5.046597847454413,-5.250197774455083,0.536364611228473,0.0072199469218029435,-0.024326443126074477,0.002201167151130555,0.010212571796661088,-0.0038930611406174896,-0.9659258262890683,-0.25881904510252063,0.9749279121818236,-0.22252093395631434,1
2026-05-13T18:00:00+00:00,2026-05-13T19:00:00+00:00,0.0006066483343738862,0.00396756636676656,0.010368926308635432,0.004500637258372698,0.0006022175776682102,0.0038987821284429416,0.0,14360.4409,0.5367028768452535,-0.00842526821743851,-0.01460859426783386,-0.023416154412971017,-0.006235864884615946,-0.0008860844966202281,-0.0005959138287547142,-0.00023528286425221687,0.4022461855308196,0.006432288350957691,-0.1955076289383608,-10.67828749204682,-6.172935776372894,-4.5053517156739264,0.7448460587811567,0.007021961969605631,-0.026831927265199056,-0.0009240550542275056,0.00396756636676656,0.01034159119836085,-1.0,-1.8369701987210297e-16,0.9749279121818236,-0.22252093395631434,0
2026-05-13T19:00:00+00:00,2026-05-13T20:00:00+00:00,-0.0013940026906463024,-0.0007882000256828095,0.002568032877929668,0.004498056750852012,-0.0013895834347492655,0.0004608846325995947,0.00264565505444211,7585.2544,-0.47179515915837933,-0.008881771980439443,-0.015365108468087915,-0.024537021901509682,-0.006541436030899552,-0.0009340501010970941,-0.0006267542172065381,-0.0002465424370283831,0.3919147411419871,-0.01033144438883248,-0.21617051771602575,-11.106769299225107,-7.159702480943336,-3.9470668182817708,0.5582848973921557,0.006850785159553447,-0.02573736852747321,-0.005272229544763073,-0.0007926246059017161,0.0025715260169364897,-0.9659258262890684,0.2588190451025203,0.9749279121818236,-0.22252093395631434,1
2026-05-13T20:00:00+00:00,2026-05-13T21:00:00+00:00,0.0031996029301625943,0.0018011399844226456,0.0024088809773680562,0.0035472114853672887,0.0031996029301625943,0.00031363887355054064,4.417448923262896e-05,4878.8697,-0.35679550840114205,-0.005169533277416357,-0.0117412853571783,-0.02120735304619214,-0.006605901507431947,-0.0005438654470410569,-0.0004790065797647641,-0.0002130938079455424,0.4281681442909816,0.036253403148994466,-0.14366371141803683,-10.739947133347869,-7.875751411424242,-2.8641957219236263,1.0828710963581445,0.006594526435880194,-0.03432582573955724,0.0013447102901300758,0.005860763543295915,0.002412248573890178,-0.8660254037844386,0.5000000000000001,0.9749279121818236,-0.22252093395631434,0
2026-05-13T21:00:00+00:00,2026-05-13T22:00:00+00:00,-0.003516289342904489,-0.000327937142426751,-0.0017214826878141475,0.004597059123411464,-0.003520691239354107,0.00013742413965836599,0.0009265046835034048,3683.1732,-0.24507653893687711,-0.007848634010134753,-0.014628300688863354,-0.024409793662697264,-0.0068332987396177765,-0.0008254900043379979,-0.0005967172134708612,-0.00024526439004564495,0.39986356571594817,-0.028304578575033403,-0.20027286856810364,-10.965144044602312,-8.493629938059856,-2.4715141065424557,0.3926816153811705,0.006473458137564401,-0.021810641230290397,-0.0038287273787128377,-0.00028363388183984115,-0.001710689103388197,-0.7071067811865477,0.7071067811865474,0.9749279121818236,-0.22252093395631434,1
2026-05-13T22:00:00+00:00,2026-05-13T23:00:00+00:00,0.001688987006769223,-0.0018332413031474726,0.001360495982769876,0.004226411754292876,0.001684546502349378,0.00042042839440621036,0.002124269782262428,4213.4589,0.14397522766510124,-0.005588293029747887,-0.01246196329809137,-0.02254065175998668,-0.006912298216285088,-0.0005878955470695556,-0.0005083929683094439,-0.000226487905276258,0.41963948977051146,0.019775924054563278,-0.16072102045897707,-10.712689840661369,-8.93744191858016,-1.7752479220812099,0.6962661844612459,0.006302819326991294,-0.024715295476368266,-0.0019743205819609173,0.0026179172028220664,0.0013723005940273285,-0.5000000000000004,0.8660254037844384,0.9749279121818236,-0.22252093395631434,0
2026-05-13T23:00:00+00:00,2026-05-14T00:00:00+00:00,-0.0004204283944060091,0.0012678485142677853,-0.0022528989508558404,0.003081486728798192,-0.0004160046734142276,0.0009740331614016417,0.0016912757620703356,3474.1615,-0.17546092593901877,-0.0054374469358166085,-0.012378416895185726,-0.022728419844805833,-0.00697891745268755,-0.0005720354235321836,-0.0005049863658540162,-0.0002283741634266061,0.41595887386339514,-0.0036806159071163334,-0.16808225227320975,-10.468599625713978,-9.243673460006923,-1.2249261657070551,0.5503217563741547,0.00607518578311646,-0.03652139027587045,-0.0008405034173099868,0.003398489560195509,-0.002247730730541275,-0.2588190451025207,0.9659258262890683,0.9749279121818236,-0.22252093395631434,1
2026-05-14T00:00:00+00:00,2026-05-14T01:00:00+00:00,0.0035109468045070443,0.0030890423083731714,0.004783246667464597,0.004954601205340212,0.0035065038562687935,0.0012309294178894914,0.00022942053666757045,6486.757,0.8671431941203652,-0.0017606225975612144,-0.008564474657086249,-0.019108927819307692,-0.006815852202935161,-0.00018529435411939488,-0.0003494482374086898,-0.00019201264988373486,0.45864261519138155,0.04268374132798641,-0.08271476961723692,-9.52546798009189,-9.300032364023917,-0.2254356160679727,0.9994905496390825,0.005975407215070027,-0.012970670197122933,0.0021177916605873946,0.0052110358652315255,0.004779505416870259,0.0,1.0,0.43388373911755823,-0.900968867902419,0
2026-05-14T01:00:00+00:00,2026-05-14T02:00:00+00:00,-0.0007367928773747553,0.0027715670865338868,0.0023499734466276975,0.004181181592204459,-0.0007367928773747553,0.001231837026636804,0.0022120084241756908,4348.5964,-0.32961934599985776,-0.002258929717410192,-0.0089337055697973,-0.01963818680863435,-0.0066898878388323875,-0.00023772554864256594,-0.00036450812904055346,-0.00019732976492302512,0.45116467300645746,-0.007477942184924089,-0.0976706539870851,-8.811214206682962,-9.202268732555726,0.39105452587276446,0.6164901419407371,0.005851339419728892,-0.02148456430298527,-0.001965303145807002,0.002998042636860417,0.00235372553272628,0.25881904510252074,0.9659258262890683,0.43388373911755823,-0.900968867902419,0
2026-05-14T02:00:00+00:00,2026-05-14T03:00:00+00:00,-0.005907519504086103,-0.006639959763167295,-0.0031523255041727982,0.008456471821383664,-0.005903130381032227,0.0008216634910482689,0.001696624073407933,8195.2617,0.8845762968483344,-0.007382350695552777,-0.014216754709219757,-0.025183033674283845,-0.006885233219917079,-0.0007764861476316127,-0.0005799391778034023,-0.00025303177453858303,0.3955225970956495,-0.05564207591080795,-0.208954805808701,-9.218551401799687,-9.205525266404518,-0.013026135395168836,-0.4040806612679333,0.006069708888330414,0.031191583989164964,-0.00786121258322781,-0.0037037037037036553,-0.0031333655769538137,0.49999999999999994,0.8660254037844387,0.43388373911755823,-0.900968867902419,0
2026-05-14T03:00:00+00:00,2026-05-14T04:00:00+00:00,-0.004170497395104807,-0.010053379604487588,-0.010782765223376213,0.007296600569099221,-0.004174920276788372,0.0015431685800173212,0.0015610086792082565,9365.1462,0.14275132910032637,-0.010436172987282359,-0.01762188320604793,-0.02896590533426759,-0.007261492409699026,-0.0010973390491725362,-0.000718743575131048,-0.0002910299034133349,0.3617992933233323,-0.03372330377231719,-0.2764014133533354,-10.181695342112562,-9.400759281546126,-0.7809360605664359,-0.7679099251712671,0.006180948032219654,0.014080002483463059,-0.010856953788463715,-0.002478077687958039,-0.010814809776565664,0.7071067811865475,0.7071067811865476,0.43388373911755823,-0.900968867902419,1
2026-05-14T04:00:00+00:00,2026-05-14T05:00:00+00:00,0.006493796105506323,0.0022962163506591595,-0.0036248680963040635,0.008290867195462417,0.006493796105506323,0.0006868436212169017,0.0011521247839765627,5139.3202,-0.45122904755080057,-0.003629614692528841,-0.01080640123924016,-0.022439792812099166,-0.007202930408752187,-0.00038191878678828,-0.0004408831379245971,-0.00022547470559208886,0.4413395850520889,0.07954029172875664,-0.1173208298958221,-9.658783097718242,-9.452364044780548,-0.2064190529376937,0.5745170076287422,0.006294626182114615,0.025004929353287655,0.0007538802660753074,0.00806739806310972,-0.0035842207936845867,0.8660254037844386,0.5000000000000001,0.43388373911755823,-0.900968867902419,1
2026-05-14T05:00:00+00:00,2026-05-14T06:00:00+00:00,0.0052022865245713815,0.011729865218050695,0.007510448450609076,0.008014318209871028,0.005206740846106466,0.002323182451376268,0.0005113646382535374,10348.163,1.0135275867808353,0.0014056015797272604,-0.0054395663198207635,-0.017184532878156307,-0.006835559825858477,0.00014797995585123916,-0.0002219738317732188,-0.00017267904994314995,0.4958955039328002,0.05455591888071126,-0.00820899213439958,-8.202498198575086,-9.202390875539455,0.9998926769643699,1.2063117299020636,0.006387211279473196,0.019987398280275463,0.004512343628916221,0.012904435732337932,0.007525585234972898,0.9659258262890683,0.25881904510252074,0.43388373911755823,-0.900968867902419,0
2026-05-14T06:00:00+00:00,2026-05-14T07:00:00+00:00,-0.0003218070568320159,0.004878805335224097,0.01140428340781582,0.003677718932314842,-0.0003218070568320159,0.0029809808132432117,0.00037482746912079104,8095.9777,-0.21764107310640546,0.0009800656249754622,-0.005535005499884789,-0.0173296901671692,-0.006508692179391683,0.0001031754467036759,-0.00022586756414998263,-0.00017413741125411826,0.49267374647723877,-0.003221757455561445,-0.01465250704552247,-7.026292101541458,-8.767171120739857,1.740879019198399,0.740986342234029,0.006195585358058065,-0.030313652708937506,-0.002638858957386826,0.005400061182959143,0.011374275573245688,1.0,6.123233995736766e-17,0.43388373911755823,-0.900968867902419,0
2026-05-14T07:00:00+00:00,2026-05-14T08:00:00+00:00,-0.0009833708895758356,-0.0013048614907161028,0.0038906367705056947,0.0030501262425622184,-0.000987776268675049,0.001355121210516166,0.0007062520966858719,5020.0728,-0.3799300114178922,-3.862459642316445e-06,-0.006259122909497568,-0.018117267845826478,-0.006255284610639612,-4.0657453390941523e-07,-0.00025540915396772155,-0.00018204994571055082,0.4823640869309025,-0.010309659546336291,-0.03527182613819505,-6.20258314117018,-8.254253524825922,2.0516703836557415,0.31079136445734257,0.005976572651276171,-0.036298409488314,-0.00427215189873409,-0.0006087716047749349,0.00389710857816353,0.9659258262890683,-0.25881904510252085,0.43388373911755823,-0.900968867902419,1
2026-05-14T08:00:00+00:00,2026-05-14T09:00:00+00:00,0.0003884386531772998,-0.0005953142156624564,-0.0009169296961788398,0.003944651335180465,0.0003840228824670803,0.0020429234543495535,0.0015178524153266028,7411.1537,0.47630402889774826,0.0003479357883963583,-0.00564409722369242,-0.01756248971773781,-0.005989948894497718,3.6626161257710525e-05,-0.00023031825653314903,-0.00017647628497291496,0.48692683715241747,0.004562750221515017,-0.026146325695165017,-5.416342979726323,-7.686671415806002,2.2703284360796783,0.21865805242393677,0.005829280543318374,-0.02426604653481297,-0.0019508629155491422,0.0010954644239094026,-0.0009167392932305517,0.8660254037844387,-0.4999999999999998,0.43388373911755823,-0.900968867902419,0
2026-05-14T09:00:00+00:00,2026-05-14T10:00:00+00:00,-0.003776981591627078,-0.0033900100640923054,-0.004370047316455744,0.006625919036229773,-0.0037725858759678457,0.0006067853662857165,0.002232261493489221,8310.4377,0.12134197135865642,-0.003104673302361144,-0.009034473349405232,-0.021065924180694372,-0.005948267474266746,-0.00032670094764743424,-0.00036861808486282995,-0.0002116730160098416,0.445765929512819,-0.04116090763959846,-0.10846814097436194,-5.421467149766613,-7.233630562598124,1.8121634128315112,-0.4581650232481671,0.005906705240183711,0.009454885469386179,-0.005808039665520148,-0.0018788267279679935,-0.004371913828025614,0.7071067811865476,-0.7071067811865475,0.43388373911755823,-0.900968867902419,1
2026-05-14T10:00:00+00:00,2026-05-14T11:00:00+00:00,0.0019222251749489285,-0.0018620166257788942,-0.0014743012518319055,0.0042747133245511215,0.0019222251749489285,0.0014897398039026523,0.0008664362064240217,7115.7591,-0.1437563992568045,-0.0010753552429551441,-0.006851937494261609,-0.018996931244887647,-0.005782800816483436,-0.00011318247700892428,-0.0002795927241792523,-0.00019088748711981895,0.47021818508413765,0.02445225557131863,-0.05956362983172468,-5.017487885270839,-6.790402027132667,1.7729141418618282,-0.039249270969683,0.005779611599974495,-0.019635976500278325,-0.002460621240717517,0.00416378131713971,-0.0014663177635008498,0.49999999999999994,-0.8660254037844387,0.43388373911755823,-0.900968867902419,0
2026-05-14T11:00:00+00:00,2026-05-14T12:00:00+00:00,-0.0036823538773019917,-0.0017672070156790841,-0.005537513898939348,0.005089160133285326,-0.0036779495431297775,0.0008297061420438684,0.0005679271988320867,8187.7599,0.1506516430552012,-0.004302959368213268,-0.010101102975137383,-0.022389400133344076,-0.00582320060250967,-0.00045273802682938686,-0.0004121200044300538,-0.00022496847461464837,0.43092084422320676,-0.03929734086093092,-0.13815831155358652,-5.308301989893607,-6.4939820196848554,1.1856800297912482,-0.58723411207058,0.00575012907039197,-0.008764696170949266,-0.005164400068858787,-0.000899886516774328,-0.005537110293980141,0.258819045102521,-0.9659258262890682,0.43388373911755823,-0.900968867902419,1
2026-05-14T12:00:00+00:00,2026-05-14T13:00:00+00:00,0.003403126261752354,-0.0002917591307345498,0.0016299052174682594,0.00673894971434626,0.003403126261752354,0.0007782514105805771,0.002569114031519158,8236.3744,0.005937460379120373,-0.0008274556746214959,-0.006470046418193268,-0.01887637193070722,-0.005647263603886892,-8.709301147520302e-05,-0.00026401380557623854,-0.00018967629678777093,0.4744715336423216,0.04355068941911483,-0.05105693271535685,-4.863802476536421,-6.167946111055168,1.3041436345187476,0.1184636047274994,0.005802650072450071,0.012568092302402613,-0.0011130742049469883,0.003973310011409312,0.0016429975593992908,1.2246467991473532e-16,-1.0,0.43388373911755823,-0.900968867902419,0
2026-05-14T13:00:00+00:00,2026-05-14T14:00:00+00:00,-0.00533279091568351,-0.0019478128147447534,-0.0056229941559761114,0.007508602217460646,-0.00533279091568351,0.0017071067208436598,0.0004401134514675945,15476.0602,0.8789894009674936,-0.0055728312261446545,-0.011312051186630465,-0.023874340648089697,-0.0057713829033476235,-0.0005862698992571288,-0.0004615032913377329,-0.0002398855632002965,0.4200401040916015,-0.054431429550720126,-0.1599197918167971,-5.422171205655104,-6.018791129975155,0.5966199243200512,-0.7075237101986964,0.0059533918621554925,0.0205067674561965,-0.0061062900973823855,0.0006316725978648011,-0.005612018531233148,-0.25881904510252035,-0.9659258262890684,0.43388373911755823,-0.900968867902419,1
2026-05-14T14:00:00+00:00,2026-05-14T15:00:00+00:00,0.01670208320367015,0.011280223570405116,0.014721737857228355,0.01874516285598096,0.01670208320367015,0.0008788844726038236,0.0014385720969483748,22674.6006,0.465140372095477,0.009974625915776568,0.004996113570673002,-0.007496239966161818,-0.00492934398286431,0.0010510641987340114,0.00020396459595760412,-7.533341958557408e-05,0.58121818065844,0.16117807656683858,0.16243636131688008,-2.800811421281651,-5.375195188236455,2.5743837669548038,1.9777638426347526,0.0067762749725749135,0.15723154808146678,0.009565977433651588,0.01714974448837631,0.014772418549738993,-0.5000000000000001,-0.8660254037844386,0.43388373911755823,-0.900968867902419,1
2026-05-14T15:00:00+00:00,2026-05-14T16:00:00+00:00,0.00502407094040649,0.02181006659494445,0.01636096715425297,0.008296787442135545,0.005019676432007004,0.0005307855626326093,0.0027713967491559163,22364.7492,-0.013665131548116582,0.01359610386825558,0.009647552094841319,-0.0024849192846391316,-0.0038955869683645525,0.0014332200080370227,0.00039393275843469726,-2.4973439473856293e-05,0.616335632007489,0.03511745134904892,0.2326712640149779,0.20145976500862162,-4.259864197587439,4.461323962596061,1.886940195641257,0.006853428299630252,0.01646707630213972,0.004141546526867636,0.023306754284035166,0.016393363228393132,-0.7071067811865475,-0.7071067811865477,0.43388373911755823,-0.900968867902419,1
2026-05-14T16:00:00+00:00,2026-05-14T17:00:00+00:00,0.007779053983502188,0.012842207442971045,0.029758782263872487,0.010663282045968597,0.007779053983502188,0.000992937194563767,0.0019513374432298873,28595.7539,0.27860829756141425,0.01939544128226681,0.016803782400717292,0.005222044679675425,-0.0025423489026883874,0.002045802159782231,0.0006863394081136559,5.248561569756493e-05,0.6636085383125563,0.047272906305067294,0.3272170766251125,3.977695483440584,-2.612352261381834,6.590047744822418,2.1287237822263574,0.007076437736539339,0.04057201971275006,0.0072444231856330435,0.015666723668460038,0.029505208127578827,-0.8660254037844384,-0.5000000000000004,0.43388373911755823,-0.900968867902419,0
2026-05-14T17:00:00+00:00,2026-05-14T18:00:00+00:00,-0.0035314027180577677,0.004220180293063163,0.009265453718643306,0.0098605827968355,-0.003527100826731743,0.0012910604892166202,0.005029937006645787,20630.7928,-0.2785364962873037,0.014269741278996233,0.012688305825052197,0.0016555344585941038,-0.0015591862692757071,0.001504337661918849,0.0005181583827377916,1.6638814117806625e-05,0.6256291237190816,-0.03797941459347463,0.2512582474381632,6.238419245933528,-0.8421979599187617,7.08061720585229,0.49056946102987187,0.007298592245849023,0.027751285056983495,-0.004519851983473221,0.006198887513295698,0.009271722205850909,-0.9659258262890683,-0.25881904510252063,0.43388373911755823,-0.900968867902419,1
2026-05-14T18:00:00+00:00,2026-05-14T19:00:00+00:00,0.0006282005736122282,-0.002905420573658679,0.00485103198635624,0.005966323610275325,0.000632535731770206,0.0030957339487277576,0.002238453778310843,11885.1714,-0.4239110675378408,0.013468080063000744,0.012795262792328545,0.0022619895356527507,-0.000663876133750926,0.0014197053440252786,0.0005225285176337371,2.273407999904419e-05,0.6296750563631461,0.004045932644064507,0.25935011272629227,8.054217985824835,0.9370852292299576,7.117132756594877,0.036515550742587166,0.007199175392048248,-0.013001730264343144,-0.004182242285487541,0.005686741531936734,0.0048758518390566484,-1.0,-1.8369701987210297e-16,0.43388373911755823,-0.900968867902419,0
2026-05-14T19:00:00+00:00,2026-05-14T20:00:00+00:00,-0.004888228850508507,-0.004263099065064116,-0.007779447063496167,0.006404622466649756,-0.004892537365130379,0.0011225493182035412,0.00036548117336866845,10168.4499,-0.14444230059652313,0.00769691636208954,0.007534542969117898,-0.0026111232022247334,-0.00016113316448146894,0.0008108586814253733,0.0003076269713368446,-2.624175559565163e-05,0.577354785308162,-0.05232027105498418,0.1547095706163239,8.484439585616656,2.4465561005072973,6.037883485109358,-1.0792492714855193,0.007175259690210355,-0.008193995847167053,-0.007959322853270511,-0.0020234476769430544,-0.0077914309949540465,-0.9659258262890684,0.2588190451025203,0.43388373911755823,-0.900968867902419,0
2026-05-14T20:00:00+00:00,2026-05-14T21:00:00+00:00,-0.00011312512509037752,-0.005000800994098701,-0.004375741926539486,0.0055394068091624395,-0.00011312512509037752,0.0013446007101579104,0.004081668175172365,8543.8195,-0.1597716875214186,0.006855786483668385,0.0071274888118145205,-0.002696922031686489,0.0002698522785423181,0.0007221829068926942,0.0002910025685456014,-2.7104009389814247e-05,0.5761674693113431,-0.0011873159968187963,0.15233493862268632,8.70407827963436,3.6980605363327097,5.0060177433016495,-1.0318657418077084,0.007059166864549502,-0.016290893966516735,-0.00611533504597308,0.0002524483133840815,-0.004373153401986657,-0.8660254037844386,0.5000000000000001,0.43388373911755823,-0.900968867902419,0
2026-05-14T21:00:00+00:00,2026-05-14T22:00:00+00:00,-0.00038727981619433296,-0.0005003611302070585,-0.005386144101003214,0.004470679395261159,-0.00038727981619433296,0.0009533386441696397,0.003129910891132233,6869.1293,-0.196011889062029,0.005846455952498662,0.0064715251245784245,-0.0030525728488709023,0.0006214359740302965,0.0006157953866423704,0.0002642136730613223,-3.067818292946087e-05,0.5718324237299227,-0.004335045581420402,0.1436648474598455,8.705970951247764,4.69964261931572,4.0063283319320435,-0.999689411369606,0.006876814482199399,-0.02620927332485985,-0.0018423328104699174,0.0037095294271858423,-0.005388633791793217,-0.7071067811865477,0.7071067811865474,0.43388373911755823,-0.900968867902419,1
2026-05-14T22:00:00+00:00,2026-05-14T23:00:00+00:00,0.000422255015910656,3.4811668871374035e-05,-7.831739429339916e-05,0.0028152957148328468,0.0004179000522375224,0.001527308803564686,0.0008702614265325304,4426.4912,-0.3555964654792565,0.005670537699525913,0.0066242697495164996,-0.002605489880020076,0.0009483543707785773,0.0005972552060723776,0.0002704514813504047,-2.6185142260204997e-05,0.5755804850693834,0.0037480613394606623,0.15116097013876684,8.685619386827966,5.496837972818169,3.1887814140097968,-0.8175469179222468,0.006584010779577935,-0.04217411590725654,-0.000917283623226894,0.0035633187772925127,-7.814992537405448e-05,-0.5000000000000004,0.8660254037844384,0.43388373911755823,-0.900968867902419,0
2026-05-14T23:00:00+00:00,2026-05-15T00:00:00+00:00,-0.006487798934799951,-0.006068283424531734,-0.0064532131170368,0.007874739954012928,-0.006487798934799951,0.0,0.0013445746195117328,8785.0381,0.9846505286173389,-0.0007727752528068674,8.982712830431576e-05,-0.008986884258664457,0.0008632694944129686,-8.13381470210253e-05,3.666426842898026e-06,-9.031228776461991e-05,0.5027320716462171,-0.07284841342316625,0.005464143292434329,7.381291302034242,5.873728638661384,1.507562663372858,-1.6812187506369387,0.006716129351067018,0.01344859199105502,-0.008002884861861202,-0.005206517950505324,-0.0064528237350836275,-0.2588190451025207,0.9659258262890683,0.43388373911755823,-0.900968867902419,1
2026-05-15T00:00:00+00:00,2026-05-15T01:00:00+00:00,0.003565093616555293,-0.0029458349288126076,-0.0025248238064766873,0.008078066151986247,0.003560698299799258,0.0038841052810739732,0.0006458961590999429,9357.0866,0.06511622300192424,0.002523220297105154,0.003511394870062514,-0.005399855797138247,0.0009856874663356997,0.0002656726997740014,0.0001433427838030992,-5.4266962445958845e-05,0.5371722116210191,0.03444013997480198,0.07434442324203829,6.924609283440077,6.083904767617122,0.8407045158229547,-0.6668581475499034,0.0067912561629999,0.014791000997055333,-0.0029458349288126076,0.004916278539413572,-0.0025004503023340024,0.0,1.0,-0.433883739117558,-0.9009688679024191,0
2026-05-15T01:00:00+00:00,2026-05-15T02:00:00+00:00,-0.0069564762000358105,-0.0034161830723749838,-0.0098818184982769,0.009088312201981955,-0.0069564762000358105,0.0014722362609593308,0.0006108681799203994,14053.4348,0.5019028251806498,-0.004028629771089762,-0.0033339027251389967,-0.012197688351866997,0.0006975371649398835,-0.0004238865357024487,-0.00013605914763991395,-0.00012257480625715872,0.4687132532157473,-0.06845895840527184,-0.0625734935685054,5.216330103248765,5.910389834743451,-0.6940597314946855,-1.5347642473176402,0.006999507600423535,0.02349484772178546,-0.010798638432545525,-0.0027741500056974737,-0.009879181518280468,0.25881904510252074,0.9659258262890683,-0.433883739117558,-0.9009688679024191,1
2026-05-15T02:00:00+00:00,2026-05-15T03:00:00+00:00,0.0004043156298754413,-0.0065549731822169,-0.0030132486587102197,0.008263155813861719,0.0003999191372293314,0.0012695651409921618,0.0065938314070209236,21187.1974,0.507617013315492,-0.0032817483556941886,-0.0028163201190316237,-0.011682279827651524,0.0004669606841198488,-0.00034532790278069106,-0.0001149386291860202,-0.00011739606406005602,0.47288870301575964,0.004175449800012316,-0.05422259396848077,3.8918796902416943,5.506687805843099,-1.614808115601405,-0.9207483841067194,0.007087141382426185,0.012929370064435033,-0.00800526421293911,0.0010158043323394922,-0.002987066953605076,0.49999999999999994,0.8660254037844387,-0.433883739117558,-0.9009688679024191,0
2026-05-15T03:00:00+00:00,2026-05-15T04:00:00+00:00,-0.0013310665665070905,-0.0009272891076488926,-0.007877314643076791,0.0051290172169582435,-0.0013310665665070905,0.0014384122040697748,0.002357764346732177,12349.3,-0.41713385839318234,-0.004171377827702933,-0.003981789392370072,-0.012870129704296244,0.00019038259306033398,-0.00043889968539864976,-0.00016249560690148585,-0.00012933130847814353,0.4600644394602622,-0.012824263555497381,-0.07987112107947553,2.5681435582246195,4.918978956319403,-2.350835398094784,-0.7360272824933789,0.006956046684402536,-0.019803987479119756,-0.0025973342225108467,0.005702404388506859,-0.00788322713666746,0.7071067811865475,0.7071067811865476,-0.433883739117558,-0.9009688679024191,0
2026-05-15T04:00:00+00:00,2026-05-15T05:00:00+00:00,-0.004403212893803926,-0.005728418490842861,-0.005326418950097735,0.00493520609014155,-0.004407592319704393,0.00024742304480563835,0.0002606778507774587,5390.7915,-0.5634739215987951,-0.0077476582508559195,-0.008041972417432262,-0.017048283045517497,-0.00029661221666408443,-0.0008148784054162373,-0.00032813606352083923,-0.00017131017589095313,0.4195820168628821,-0.04048242259738011,-0.16083596627423574,0.7032432433024951,4.075831813716022,-3.3725885704135266,-1.0217531723187427,0.006840267886059027,-0.020974263215286046,-0.00715463845168533,-0.0020502826303583324,-0.005329963830435575,0.8660254037844386,0.5000000000000001,-0.433883739117558,-0.9009688679024191,0
2026-05-15T05:00:00+00:00,2026-05-15T06:00:00+00:00,-0.00791753743378123,-0.012285887724669556,-0.013600600956786479,0.012937503618492918,-0.00791753743378123,0.0016344453796857024,0.003322333115110397,25297.9003,3.692798877493222,-0.014138783423947313,-0.015281997347630945,-0.02458984251171021,-0.0011596093897009894,-0.001486081267658348,-0.0006233661660218407,-0.00024707303542389727,0.35872650666284756,-0.060855510200034574,-0.2825469866743049,-2.195390829565895,2.821587285059638,-5.016978114625533,-1.6443895442120064,0.007326475714877457,0.06259991424618071,-0.01253347757826827,-0.007658856077145376,-0.013651816894092245,0.9659258262890683,0.25881904510252074,-0.433883739117558,-0.9009688679024191,1
2026-05-15T06:00:00+00:00,2026-05-15T07:00:00+00:00,0.004426808467050586,-0.003525778388480698,-0.007913466529423771,0.005817278914580838,0.004431281731539956,0.0006961225530406207,0.0007094242578756775,8254.6943,-0.6737004177378311,-0.00885189404950299,-0.010498989921498184,-0.020074227412803337,-0.0016618060026615828,-0.0009309109183877574,-0.00042834664140513335,-0.000201710334006935,0.40985628287403325,0.05112977621118567,-0.18028743425193355,-3.6484472589686447,1.5275803762539815,-5.176027635222626,-0.15904952059709299,0.0071886924061282465,-0.014462662330753832,-0.0051389501543891,0.0077749726312027045,-0.00789394186053457,1.0,6.123233995736766e-17,-0.433883739117558,-0.9009688679024191,1
2026-05-15T07:00:00+00:00,2026-05-15T08:00:00+00:00,0.004327487973041975,0.008773453400492683,0.0007864518209895155,0.00795104873493992,0.0043230349035187285,0.0028828622009526004,0.0007637598174040193,11363.6377,0.3766273210141774,-0.004129963140843649,-0.005974591395284775,-0.015678532182165136,-0.0018522780946988247,-0.00043454405157129333,-0.00024380141964980322,-0.00015754836236279548,0.4557425863504717,0.045886303476438496,-0.08851482729905655,-3.9667285383134185,0.42871859334050155,-4.3954471316539205,0.7805805035687055,0.007214383988797048,0.007916842090045674,0.0036288393031210916,0.009497281397628997,0.0008367590063113311,0.9659258262890683,-0.25881904510252085,-0.433883739117558,-0.9009688679024191,0
2026-05-15T08:00:00+00:00,2026-05-15T09:00:00+00:00,-0.0033331714574568925,0.0009798922561908513,0.00541103851857794,0.006830383245628056,-0.0033331714574568925,0.00013731639469158978,0.0033487482060277226,10928.0066,-0.03833553229174129,-0.006744690147876689,-0.008926870589998434,-0.01877433501616808,-0.002196998516370005,-0.0007094636879085554,-0.0003642293535386209,-0.0001886511880960475,0.4280177565408632,-0.027724829809608522,-0.1439644869182736,-4.773168531665306,-0.6116588316606599,-4.161509700004646,0.2339374316492746,0.007209359191821294,-0.0040273469371196885,-0.006198165202232716,0.0017438532500897823,0.005421124982635668,0.8660254037844387,-0.4999999999999998,-0.433883739117558,-0.9009688679024191,0
2026-05-15T09:00:00+00:00,2026-05-15T10:00:00+00:00,-0.001355445702439778,-0.004684099226969165,-0.00037688163699643474,0.004071856287425077,-0.001355445702439778,0.0010822798846751185,0.0016322909736082663,5542.7633,-0.49279283012146063,-0.007326068206499854,-0.009871438576858464,-0.019908272524067364,-0.0025641555488012027,-0.0007705708370515658,-0.0004027535844730337,-0.00020004311569039542,0.4169467023191676,-0.011071054221695605,-0.1661065953616648,-5.594702218403199,-1.6082675090091678,-3.9864347093940316,0.17507499061061438,0.006994338059821464,-0.031140295758756667,-0.004820298222846127,0.002,-0.00036112918685469574,0.7071067811865476,-0.7071067811865475,-0.433883739117558,-0.9009688679024191,1
2026-05-15T10:00:00+00:00,2026-05-15T11:00:00+00:00,0.0035218451984919295,0.0021616258261131973,-0.0011787507008489974,0.005365888156149941,0.0035218451984919295,0.0009061013772739728,0.0009503014444582358,7868.504,0.4195994983224343,-0.0034665245325261234,-0.006135528168995787,-0.016295462829082254,-0.0026782879874834454,-0.00036476421772802957,-0.00025036702183995116,-0.0001637466784036466,0.4562484158698094,0.03930171355064182,-0.08750316826038115,-5.541206363643596,-2.3948552799360536,-3.1463510837075424,0.8400836256864892,0.006855227006060374,-0.016437296061746074,0.001079646017699139,0.005162562977048315,-0.001166771961404741,0.49999999999999994,-0.8660254037844387,-0.433883739117558,-0.9009688679024191,0
2026-05-15T11:00:00+00:00,2026-05-15T12:00:00+00:00,-0.002152543271865725,0.0013617210024396379,4.429561119181009e-06,0.002963363262268545,-0.002152543271865725,0.0006688607662219836,0.00013731578644292112,6432.378,-0.18251576157297503,-0.005079882182885141,-0.007952940727669208,-0.018233056721270374,-0.002887727862099769,-0.0005344386628889146,-0.0003245044882738939,-0.00018321322798078559,0.43680022425421816,-0.01944819161559124,-0.12639955149156365,-5.824636034545165,-3.080811430857876,-2.743824603687289,0.40252648002025326,0.0065909684571934055,-0.04061804130314274,-0.0030558757159447024,0.0023175794170534132,1.3856224186426392e-05,0.258819045102521,-0.9659258262890682,-0.433883739117558,-0.9009688679024191,0
2026-05-15T12:00:00+00:00,2026-05-15T13:00:00+00:00,-0.0014528896113964128,-0.003602305475504363,-9.314703925483982e-05,0.004249675063989073,-0.001448466485940565,0.0014017717330067803,0.001397335746510028,7355.9121,0.14357584395693163,-0.00590759681904749,-0.009029199013310988,-0.019467647431769135,-0.0031401529518531876,-0.0006214658367839643,-0.00036840296447468776,-0.00019561647476590686,0.42370037583645437,-0.013099848417763838,-0.15259924832709132,-6.2419711210404785,-3.7130433688943962,-2.5289277521460822,0.21489685154120686,0.006432638105845788,-0.02544030752301214,-0.0042668786854832726,-0.0013157544988172626,-8.35876847702084e-05,1.2246467991473532e-16,-1.0,-0.433883739117558,-0.9009688679024191,0
2026-05-15T13:00:00+00:00,2026-05-15T14:00:00+00:00,-0.018014541163736755,-0.0194412576354223,-0.02155195275896829,0.019867370170937093,-0.018014541163736755,0.0,0.0015223519207834425,42412.9939,4.765837509124124,-0.021596536444090004,-0.0258541776135638,-0.03677560771194082,-0.004351621113441097,-0.002268163365400776,-0.0010541601294017718,-0.00036946754089043314,0.30266955373592425,-0.12103082210053011,-0.3946608925281515,-9.73735364041977,-4.917905423199471,-4.819448217220298,-2.290520465074216,0.0075018396265543715,0.145206260103988,-0.02080753034431507,-0.01664045772364226,-0.02161997404699889,-0.25881904510252035,-0.9659258262890684,-0.433883739117558,-0.9009688679024191,0
2026-05-15T14:00:00+00:00,2026-05-15T15:00:00+00:00,-0.00014907303675324674,-0.018160928718133008,-0.019587432504861533,0.008439695484220678,-0.00015358970768271325,0.004563218650461928,0.003722863532654023,36623.717,-0.13649771845038283,-0.019712504967352325,-0.025005307329157088,-0.03656527573275312,-0.005399234804712562,-0.00207070381138775,-0.0010195841760606875,-0.0003673552089271645,0.3019148313779698,-0.0007547223579544493,-0.3961703372440604,-12.391258991609448,-6.412576136881467,-5.978682854727981,-1.1592346375076827,0.007569867927370639,0.008917790961527219,-0.018160928718133008,0.001375372685279424,-0.019616503811886413,-0.5000000000000001,-0.8660254037844386,-0.433883739117558,-0.9009688679024191,1
2026-05-15T15:00:00+00:00,2026-05-15T16:00:00+00:00,0.004292136354394922,0.004142423475841166,-0.013946741546118758,0.006374699147490867,0.004292136354394922,0.000499358931102021,0.0016015475628134808,11937.2392,-0.6740571362540836,-0.014049058606795863,-0.020020353498689903,-0.032117759135119016,-0.006056381348402857,-0.0014766645116346348,-0.000816490084839214,-0.0003226873883346802,0.35200842491031353,0.05009359353234373,-0.29598315017937293,-13.571483879389234,-7.84435768538302,-5.727126194006214,0.25155666072176697,0.007454457543295303,-0.011019325125853132,-0.0004227017838914891,0.008044950138541743,-0.01387147784609508,-0.7071067811865475,-0.7071067811865477,-0.433883739117558,-0.9009688679024191,1
2026-05-15T16:00:00+00:00,2026-05-15T17:00:00+00:00,0.0007827788649707522,0.005078275012989467,0.004928444942358566,0.005488651841462937,0.0007782766346058763,0.0029308771503962446,0.0017801032999339367,11576.2953,-0.03023679880687992,-0.012027983888588716,-0.01851219413103074,-0.031057771662898324,-0.0065631517256565875,-0.0012645025759977096,-0.0007550292605218144,-0.0003120410086884385,0.36105219442590014,0.009043769515586603,-0.2778956111481998,-14.202697294266272,-9.11602560715967,-5.086671687106602,0.6404545068996121,0.007308628695993467,-0.018795171400863203,0.000283278476231636,0.006697468990266126,0.0049258421826124275,-0.8660254037844384,-0.5000000000000004,-0.433883739117558,-0.9009688679024191,1
2026-05-15T17:00:00+00:00,2026-05-15T18:00:00+00:00,0.002193662652443666,0.002978158670175626,0.007283077687667966,0.00386638976976586,0.002193662652443666,0.0015295114982486016,0.00014801724176594764,8834.4347,-0.23685130077841052,-0.008929977938708483,-0.015727695913246905,-0.028652604903492883,-0.006858968411132132,-0.0009391149119225381,-0.000641534940685016,-0.00028788297795251345,0.3868967461867474,0.02584455176084731,-0.22620650762650513,-14.146095869520195,-10.122039659631776,-4.024056209888419,1.0626154772181824,0.007047899598196026,-0.03355874184785989,-0.0007350601270221224,0.004763621614313267,0.00726857787180934,-0.9659258262890683,-0.25881904510252063,-0.433883739117558,-0.9009688679024191,0
2026-05-15T18:00:00+00:00,2026-05-15T19:00:00+00:00,-0.0004978761768490594,0.0016946943032199108,0.00247879973907381,0.0035407205298965726,-0.0004978761768490594,0.0015212981744423374,0.0015212981744423374,6715.7959,-0.2398160009038269,-0.00853359928240132,-0.01559166791938192,-0.02885466836934994,-0.007118817775238925,-0.0008974674373601877,-0.0006359898684307779,-0.0002899125933428933,0.3831009343761108,-0.0037958118106366356,-0.2337981312477784,-14.0290879627305,-10.903449320251521,-3.125638642478979,0.8984175674094406,0.006800646770445899,-0.03556218477182204,-0.0020242914979757003,0.0018433096850187967,0.0024785653405653583,-1.0,-1.8369701987210297e-16,-0.433883739117558,-0.9009688679024191,0
2026-05-15T19:00:00+00:00,2026-05-15T20:00:00+00:00,-0.0022482902224058134,-0.0027450470291144943,-0.0005574060838177985,0.002766096206175407,-0.0022438126865169297,3.1484021858980235e-05,0.00048575348010881204,5728.0131,-0.1470835050243263,-0.009747675672795098,-0.01711862479886733,-0.030738741507530955,-0.007443506008511705,-0.0010250193806645303,-0.0006982315116570625,-0.000308836665900386,0.36566319143202763,-0.017437742944083182,-0.2686736171359448,-14.177197574644651,-11.558198971130148,-2.6189986035145036,0.5066400389644752,0.006526694276849954,-0.04244102160658091,-0.004259111632614771,-0.0007280997047150708,-0.0005525037468112068,-0.9659258262890684,0.2588190451025203,-0.433883739117558,-0.9009688679024191,0
